{"type":"FeatureCollection","features":[{"type":"Feature","geometry":{"type":"Point","coordinates":[106.5,-6.65]},"properties":{"lst_celsius":24.41,"thermal_weight":0.185,"elevation_m":830,"land_cover":"Evergreen Broadleaf Forest"}},{"type":"Feature","geometry":{"type":"Point","coordinates":[106.5125,-6.65]},"properties":{"lst_celsius":24.41,"thermal_weight":0.185,"elevation_m":830,"land_cover":"Evergreen Broadleaf Forest"}},{"type":"Feature","geometry":{"type":"Point","coordinates":[106.525,-6.65]},"properties":{"lst_celsius":24.41,"thermal_weight":0.185,"elevation_m":830,"land_cover":"Evergreen Broadleaf Forest"}},{"type":"Feature","geometry":{"type":"Point","coordinates":[106.5375,-6.65]},"properties":{"lst_celsius":24.41,"thermal_weight":0.185,"elevation_m":830,"land_cover":"Evergreen Broadleaf Forest"}},{"type":"Feature","geometry":{"type":"Point","coordinates":[106.55,-6.65]},"properties":{"lst_celsius":24.41,"thermal_weight":0.185,"elevation_m":830,"land_cover":"Evergreen Broadleaf Forest"}},{"type":"Feature","geometry":{"type":"Point","coordinates":[106.5625,-6.65]},"properties":{"lst_celsius":24.41,"thermal_weight":0.185,"elevation_m":830,"land_cover":"Evergreen Broadleaf Forest"}},{"type":"Feature","geometry":{"type":"Point","coordinates":[106.575,-6.65]},"properties":{"lst_celsius":24.41,"thermal_weight":0.185,"elevation_m":830,"land_cover":"Evergreen Broadleaf Forest"}},{"type":"Feature","geometry":{"type":"Point","coordinates":[106.5875,-6.65]},"properties":{"lst_celsius":24.41,"thermal_weight":0.185,"elevation_m":830,"land_cover":"Evergreen Broadleaf Forest"}},{"type":"Feature","geometry":{"type":"Point","coordinates":[106.6,-6.65]},"properties":{"lst_celsius":24.41,"thermal_weight":0.185,"elevation_m":830,"land_cover":"Evergreen Broadleaf Forest"}},{"type":"Feature","geometry":{"type":"Point","coordinates":[106.6125,-6.65]},"properties":{"lst_celsius":24.41,"thermal_weight":0.185,"elevation_m":830,"land_cover":"Evergreen Broadleaf Forest"}},{"type":"Feature","geometry":{"type":"Point","coordinates":[106.625,-6.65]},"properties":{"lst_celsius":24.41,"thermal_weight":0.185,"elevation_m":830,"land_cover":"Evergreen Broadleaf Forest"}},{"type":"Feature","geometry":{"type":"Point","coordinates":[106.6375,-6.65]},"properties":{"lst_celsius":24.41,"thermal_weight":0.185,"elevation_m":830,"land_cover":"Evergreen Broadleaf Forest"}},{"type":"Feature","geometry":{"type":"Point","coordinates":[106.65,-6.65]},"properties":{"lst_celsius":24.41,"thermal_weight":0.185,"elevation_m":830,"land_cover":"Evergreen Broadleaf Forest"}},{"type":"Feature","geometry":{"type":"Point","coordinates":[106.6625,-6.65]},"properties":{"lst_celsius":24.41,"thermal_weight":0.185,"elevation_m":830,"land_cover":"Evergreen Broadleaf Forest"}},{"type":"Feature","geometry":{"type":"Point","coordinates":[106.675,-6.65]},"properties":{"lst_celsius":24.41,"thermal_weight":0.185,"elevation_m":830,"land_cover":"Evergreen Broadleaf Forest"}},{"type":"Feature","geometry":{"type":"Point","coordinates":[106.6875,-6.65]},"properties":{"lst_celsius":24.41,"thermal_weight":0.185,"elevation_m":830,"land_cover":"Evergreen Broadleaf Forest"}},{"type":"Feature","geometry":{"type":"Point","coordinates":[106.7,-6.65]},"properties":{"lst_celsius":24.41,"thermal_weight":0.185,"elevation_m":830,"land_cover":"Evergreen Broadleaf Forest"}},{"type":"Feature","geometry":{"type":"Point","coordinates":[106.7125,-6.65]},"properties":{"lst_celsius":24.41,"thermal_weight":0.185,"elevation_m":830,"land_cover":"Evergreen Broadleaf Forest"}},{"type":"Feature","geometry":{"type":"Point","coordinates":[106.725,-6.65]},"properties":{"lst_celsius":24.41,"thermal_weight":0.185,"elevation_m":830,"land_cover":"Evergreen Broadleaf Forest"}},{"type":"Feature","geometry":{"type":"Point","coordinates":[106.7375,-6.65]},"properties":{"lst_celsius":24.41,"thermal_weight":0.185,"elevation_m":830,"land_cover":"Evergreen Broadleaf Forest"}},{"type":"Feature","geometry":{"type":"Point","coordinates":[106.75,-6.65]},"properties":{"lst_celsius":24.41,"thermal_weight":0.185,"elevation_m":830,"land_cover":"Evergreen Broadleaf Forest"}},{"type":"Feature","geometry":{"type":"Point","coordinates":[106.7625,-6.65]},"properties":{"lst_celsius":24.41,"thermal_weight":0.185,"elevation_m":830,"land_cover":"Evergreen Broadleaf Forest"}},{"type":"Feature","geometry":{"type":"Point","coordinates":[106.775,-6.65]},"properties":{"lst_celsius":24.41,"thermal_weight":0.185,"elevation_m":830,"land_cover":"Evergreen Broadleaf Forest"}},{"type":"Feature","geometry":{"type":"Point","coordinates":[106.7875,-6.65]},"properties":{"lst_celsius":24.41,"thermal_weight":0.185,"elevation_m":830,"land_cover":"Evergreen Broadleaf Forest"}},{"type":"Feature","geometry":{"type":"Point","coordinates":[106.8,-6.65]},"properties":{"lst_celsius":24.41,"thermal_weight":0.185,"elevation_m":830,"land_cover":"Evergreen Broadleaf Forest"}},{"type":"Feature","geometry":{"type":"Point","coordinates":[106.8125,-6.65]},"properties":{"lst_celsius":24.41,"thermal_weight":0.185,"elevation_m":830,"land_cover":"Evergreen Broadleaf Forest"}},{"type":"Feature","geometry":{"type":"Point","coordinates":[106.825,-6.65]},"properties":{"lst_celsius":24.41,"thermal_weight":0.185,"elevation_m":830,"land_cover":"Evergreen Broadleaf Forest"}},{"type":"Feature","geometry":{"type":"Point","coordinates":[106.8375,-6.65]},"properties":{"lst_celsius":24.41,"thermal_weight":0.185,"elevation_m":830,"land_cover":"Evergreen Broadleaf Forest"}},{"type":"Feature","geometry":{"type":"Point","coordinates":[106.85,-6.65]},"properties":{"lst_celsius":24.41,"thermal_weight":0.185,"elevation_m":830,"land_cover":"Evergreen Broadleaf Forest"}},{"type":"Feature","geometry":{"type":"Point","coordinates":[106.8625,-6.65]},"properties":{"lst_celsius":24.41,"thermal_weight":0.185,"elevation_m":830,"land_cover":"Evergreen Broadleaf Forest"}},{"type":"Feature","geometry":{"type":"Point","coordinates":[106.875,-6.65]},"properties":{"lst_celsius":24.41,"thermal_weight":0.185,"elevation_m":830,"land_cover":"Evergreen Broadleaf Forest"}},{"type":"Feature","geometry":{"type":"Point","coordinates":[106.8875,-6.65]},"properties":{"lst_celsius":24.41,"thermal_weight":0.185,"elevation_m":830,"land_cover":"Evergreen Broadleaf Forest"}},{"type":"Feature","geometry":{"type":"Point","coordinates":[106.9,-6.65]},"properties":{"lst_celsius":24.41,"thermal_weight":0.185,"elevation_m":830,"land_cover":"Evergreen Broadleaf Forest"}},{"type":"Feature","geometry":{"type":"Point","coordinates":[106.9125,-6.65]},"properties":{"lst_celsius":24.41,"thermal_weight":0.185,"elevation_m":830,"land_cover":"Evergreen Broadleaf Forest"}},{"type":"Feature","geometry":{"type":"Point","coordinates":[106.925,-6.65]},"properties":{"lst_celsius":24.41,"thermal_weight":0.185,"elevation_m":830,"land_cover":"Evergreen Broadleaf Forest"}},{"type":"Feature","geometry":{"type":"Point","coordinates":[106.9375,-6.65]},"properties":{"lst_celsius":24.41,"thermal_weight":0.185,"elevation_m":830,"land_cover":"Evergreen Broadleaf Forest"}},{"type":"Feature","geometry":{"type":"Point","coordinates":[106.95,-6.65]},"properties":{"lst_celsius":24.41,"thermal_weight":0.185,"elevation_m":830,"land_cover":"Evergreen Broadleaf Forest"}},{"type":"Feature","geometry":{"type":"Point","coordinates":[106.9625,-6.65]},"properties":{"lst_celsius":24.41,"thermal_weight":0.185,"elevation_m":830,"land_cover":"Evergreen Broadleaf Forest"}},{"type":"Feature","geometry":{"type":"Point","coordinates":[106.975,-6.65]},"properties":{"lst_celsius":24.41,"thermal_weight":0.185,"elevation_m":830,"land_cover":"Evergreen Broadleaf Forest"}},{"type":"Feature","geometry":{"type":"Point","coordinates":[106.9875,-6.65]},"properties":{"lst_celsius":24.41,"thermal_weight":0.185,"elevation_m":830,"land_cover":"Evergreen Broadleaf Forest"}},{"type":"Feature","geometry":{"type":"Point","coordinates":[107,-6.65]},"properties":{"lst_celsius":24.41,"thermal_weight":0.185,"elevation_m":830,"land_cover":"Evergreen Broadleaf Forest"}},{"type":"Feature","geometry":{"type":"Point","coordinates":[107.0125,-6.65]},"properties":{"lst_celsius":24.41,"thermal_weight":0.185,"elevation_m":830,"land_cover":"Evergreen Broadleaf Forest"}},{"type":"Feature","geometry":{"type":"Point","coordinates":[107.025,-6.65]},"properties":{"lst_celsius":24.41,"thermal_weight":0.185,"elevation_m":830,"land_cover":"Evergreen Broadleaf Forest"}},{"type":"Feature","geometry":{"type":"Point","coordinates":[107.0375,-6.65]},"properties":{"lst_celsius":24.41,"thermal_weight":0.185,"elevation_m":830,"land_cover":"Evergreen Broadleaf Forest"}},{"type":"Feature","geometry":{"type":"Point","coordinates":[107.05,-6.65]},"properties":{"lst_celsius":24.41,"thermal_weight":0.185,"elevation_m":830,"land_cover":"Evergreen Broadleaf Forest"}},{"type":"Feature","geometry":{"type":"Point","coordinates":[107.0625,-6.65]},"properties":{"lst_celsius":24.41,"thermal_weight":0.185,"elevation_m":830,"land_cover":"Evergreen Broadleaf Forest"}},{"type":"Feature","geometry":{"type":"Point","coordinates":[107.075,-6.65]},"properties":{"lst_celsius":24.41,"thermal_weight":0.185,"elevation_m":830,"land_cover":"Evergreen Broadleaf Forest"}},{"type":"Feature","geometry":{"type":"Point","coordinates":[107.0875,-6.65]},"properties":{"lst_celsius":24.41,"thermal_weight":0.185,"elevation_m":830,"land_cover":"Evergreen Broadleaf Forest"}},{"type":"Feature","geometry":{"type":"Point","coordinates":[107.1,-6.65]},"properties":{"lst_celsius":24.41,"thermal_weight":0.185,"elevation_m":830,"land_cover":"Evergreen Broadleaf Forest"}},{"type":"Feature","geometry":{"type":"Point","coordinates":[107.1125,-6.65]},"properties":{"lst_celsius":24.41,"thermal_weight":0.185,"elevation_m":830,"land_cover":"Evergreen Broadleaf Forest"}},{"type":"Feature","geometry":{"type":"Point","coordinates":[107.125,-6.65]},"properties":{"lst_celsius":24.41,"thermal_weight":0.185,"elevation_m":830,"land_cover":"Evergreen Broadleaf Forest"}},{"type":"Feature","geometry":{"type":"Point","coordinates":[107.1375,-6.65]},"properties":{"lst_celsius":24.41,"thermal_weight":0.185,"elevation_m":830,"land_cover":"Evergreen Broadleaf Forest"}},{"type":"Feature","geometry":{"type":"Point","coordinates":[107.15,-6.65]},"properties":{"lst_celsius":24.41,"thermal_weight":0.185,"elevation_m":830,"land_cover":"Evergreen Broadleaf Forest"}},{"type":"Feature","geometry":{"type":"Point","coordinates":[107.1625,-6.65]},"properties":{"lst_celsius":24.41,"thermal_weight":0.185,"elevation_m":830,"land_cover":"Evergreen Broadleaf Forest"}},{"type":"Feature","geometry":{"type":"Point","coordinates":[107.175,-6.65]},"properties":{"lst_celsius":24.41,"thermal_weight":0.185,"elevation_m":830,"land_cover":"Evergreen Broadleaf Forest"}},{"type":"Feature","geometry":{"type":"Point","coordinates":[107.1875,-6.65]},"properties":{"lst_celsius":24.41,"thermal_weight":0.185,"elevation_m":830,"land_cover":"Evergreen Broadleaf Forest"}},{"type":"Feature","geometry":{"type":"Point","coordinates":[107.2,-6.65]},"properties":{"lst_celsius":24.41,"thermal_weight":0.185,"elevation_m":830,"land_cover":"Evergreen Broadleaf Forest"}},{"type":"Feature","geometry":{"type":"Point","coordinates":[107.2125,-6.65]},"properties":{"lst_celsius":24.41,"thermal_weight":0.185,"elevation_m":830,"land_cover":"Evergreen Broadleaf Forest"}},{"type":"Feature","geometry":{"type":"Point","coordinates":[107.225,-6.65]},"properties":{"lst_celsius":24.41,"thermal_weight":0.185,"elevation_m":830,"land_cover":"Evergreen Broadleaf Forest"}},{"type":"Feature","geometry":{"type":"Point","coordinates":[107.2375,-6.65]},"properties":{"lst_celsius":24.41,"thermal_weight":0.185,"elevation_m":830,"land_cover":"Evergreen Broadleaf Forest"}},{"type":"Feature","geometry":{"type":"Point","coordinates":[107.25,-6.65]},"properties":{"lst_celsius":24.41,"thermal_weight":0.185,"elevation_m":830,"land_cover":"Evergreen Broadleaf Forest"}},{"type":"Feature","geometry":{"type":"Point","coordinates":[107.2625,-6.65]},"properties":{"lst_celsius":24.41,"thermal_weight":0.185,"elevation_m":830,"land_cover":"Evergreen Broadleaf Forest"}},{"type":"Feature","geometry":{"type":"Point","coordinates":[107.275,-6.65]},"properties":{"lst_celsius":24.41,"thermal_weight":0.185,"elevation_m":830,"land_cover":"Evergreen Broadleaf Forest"}},{"type":"Feature","geometry":{"type":"Point","coordinates":[107.2875,-6.65]},"properties":{"lst_celsius":24.41,"thermal_weight":0.185,"elevation_m":830,"land_cover":"Evergreen Broadleaf Forest"}},{"type":"Feature","geometry":{"type":"Point","coordinates":[107.3,-6.65]},"properties":{"lst_celsius":24.41,"thermal_weight":0.185,"elevation_m":830,"land_cover":"Evergreen Broadleaf Forest"}},{"type":"Feature","geometry":{"type":"Point","coordinates":[106.5,-6.638]},"properties":{"lst_celsius":24.62,"thermal_weight":0.202,"elevation_m":796.3,"land_cover":"Evergreen Broadleaf Forest"}},{"type":"Feature","geometry":{"type":"Point","coordinates":[106.5125,-6.638]},"properties":{"lst_celsius":24.62,"thermal_weight":0.202,"elevation_m":796.3,"land_cover":"Evergreen Broadleaf Forest"}},{"type":"Feature","geometry":{"type":"Point","coordinates":[106.525,-6.638]},"properties":{"lst_celsius":24.62,"thermal_weight":0.202,"elevation_m":796.3,"land_cover":"Evergreen Broadleaf Forest"}},{"type":"Feature","geometry":{"type":"Point","coordinates":[106.5375,-6.638]},"properties":{"lst_celsius":24.62,"thermal_weight":0.202,"elevation_m":796.3,"land_cover":"Evergreen Broadleaf Forest"}},{"type":"Feature","geometry":{"type":"Point","coordinates":[106.55,-6.638]},"properties":{"lst_celsius":24.62,"thermal_weight":0.202,"elevation_m":796.3,"land_cover":"Evergreen Broadleaf Forest"}},{"type":"Feature","geometry":{"type":"Point","coordinates":[106.5625,-6.638]},"properties":{"lst_celsius":24.62,"thermal_weight":0.202,"elevation_m":796.3,"land_cover":"Evergreen Broadleaf Forest"}},{"type":"Feature","geometry":{"type":"Point","coordinates":[106.575,-6.638]},"properties":{"lst_celsius":24.62,"thermal_weight":0.202,"elevation_m":796.3,"land_cover":"Evergreen Broadleaf Forest"}},{"type":"Feature","geometry":{"type":"Point","coordinates":[106.5875,-6.638]},"properties":{"lst_celsius":24.62,"thermal_weight":0.202,"elevation_m":796.3,"land_cover":"Evergreen Broadleaf Forest"}},{"type":"Feature","geometry":{"type":"Point","coordinates":[106.6,-6.638]},"properties":{"lst_celsius":24.62,"thermal_weight":0.202,"elevation_m":796.3,"land_cover":"Evergreen Broadleaf Forest"}},{"type":"Feature","geometry":{"type":"Point","coordinates":[106.6125,-6.638]},"properties":{"lst_celsius":24.62,"thermal_weight":0.202,"elevation_m":796.3,"land_cover":"Evergreen Broadleaf Forest"}},{"type":"Feature","geometry":{"type":"Point","coordinates":[106.625,-6.638]},"properties":{"lst_celsius":24.62,"thermal_weight":0.202,"elevation_m":796.3,"land_cover":"Evergreen Broadleaf Forest"}},{"type":"Feature","geometry":{"type":"Point","coordinates":[106.6375,-6.638]},"properties":{"lst_celsius":24.62,"thermal_weight":0.202,"elevation_m":796.3,"land_cover":"Evergreen Broadleaf Forest"}},{"type":"Feature","geometry":{"type":"Point","coordinates":[106.65,-6.638]},"properties":{"lst_celsius":24.62,"thermal_weight":0.202,"elevation_m":796.3,"land_cover":"Evergreen Broadleaf Forest"}},{"type":"Feature","geometry":{"type":"Point","coordinates":[106.6625,-6.638]},"properties":{"lst_celsius":24.62,"thermal_weight":0.202,"elevation_m":796.3,"land_cover":"Evergreen Broadleaf Forest"}},{"type":"Feature","geometry":{"type":"Point","coordinates":[106.675,-6.638]},"properties":{"lst_celsius":24.62,"thermal_weight":0.202,"elevation_m":796.3,"land_cover":"Evergreen Broadleaf Forest"}},{"type":"Feature","geometry":{"type":"Point","coordinates":[106.6875,-6.638]},"properties":{"lst_celsius":24.62,"thermal_weight":0.202,"elevation_m":796.3,"land_cover":"Evergreen Broadleaf Forest"}},{"type":"Feature","geometry":{"type":"Point","coordinates":[106.7,-6.638]},"properties":{"lst_celsius":24.62,"thermal_weight":0.202,"elevation_m":796.3,"land_cover":"Evergreen Broadleaf Forest"}},{"type":"Feature","geometry":{"type":"Point","coordinates":[106.7125,-6.638]},"properties":{"lst_celsius":24.62,"thermal_weight":0.202,"elevation_m":796.3,"land_cover":"Evergreen Broadleaf Forest"}},{"type":"Feature","geometry":{"type":"Point","coordinates":[106.725,-6.638]},"properties":{"lst_celsius":24.62,"thermal_weight":0.202,"elevation_m":796.3,"land_cover":"Evergreen Broadleaf Forest"}},{"type":"Feature","geometry":{"type":"Point","coordinates":[106.7375,-6.638]},"properties":{"lst_celsius":24.62,"thermal_weight":0.202,"elevation_m":796.3,"land_cover":"Evergreen Broadleaf Forest"}},{"type":"Feature","geometry":{"type":"Point","coordinates":[106.75,-6.638]},"properties":{"lst_celsius":24.62,"thermal_weight":0.202,"elevation_m":796.3,"land_cover":"Evergreen Broadleaf Forest"}},{"type":"Feature","geometry":{"type":"Point","coordinates":[106.7625,-6.638]},"properties":{"lst_celsius":24.62,"thermal_weight":0.202,"elevation_m":796.3,"land_cover":"Evergreen Broadleaf Forest"}},{"type":"Feature","geometry":{"type":"Point","coordinates":[106.775,-6.638]},"properties":{"lst_celsius":24.62,"thermal_weight":0.202,"elevation_m":796.3,"land_cover":"Evergreen Broadleaf Forest"}},{"type":"Feature","geometry":{"type":"Point","coordinates":[106.7875,-6.638]},"properties":{"lst_celsius":24.62,"thermal_weight":0.202,"elevation_m":796.3,"land_cover":"Evergreen Broadleaf Forest"}},{"type":"Feature","geometry":{"type":"Point","coordinates":[106.8,-6.638]},"properties":{"lst_celsius":24.62,"thermal_weight":0.202,"elevation_m":796.3,"land_cover":"Evergreen Broadleaf Forest"}},{"type":"Feature","geometry":{"type":"Point","coordinates":[106.8125,-6.638]},"properties":{"lst_celsius":24.62,"thermal_weight":0.202,"elevation_m":796.3,"land_cover":"Evergreen Broadleaf Forest"}},{"type":"Feature","geometry":{"type":"Point","coordinates":[106.825,-6.638]},"properties":{"lst_celsius":24.62,"thermal_weight":0.202,"elevation_m":796.3,"land_cover":"Evergreen Broadleaf Forest"}},{"type":"Feature","geometry":{"type":"Point","coordinates":[106.8375,-6.638]},"properties":{"lst_celsius":24.62,"thermal_weight":0.202,"elevation_m":796.3,"land_cover":"Evergreen Broadleaf Forest"}},{"type":"Feature","geometry":{"type":"Point","coordinates":[106.85,-6.638]},"properties":{"lst_celsius":24.62,"thermal_weight":0.202,"elevation_m":796.3,"land_cover":"Evergreen Broadleaf Forest"}},{"type":"Feature","geometry":{"type":"Point","coordinates":[106.8625,-6.638]},"properties":{"lst_celsius":24.62,"thermal_weight":0.202,"elevation_m":796.3,"land_cover":"Evergreen Broadleaf Forest"}},{"type":"Feature","geometry":{"type":"Point","coordinates":[106.875,-6.638]},"properties":{"lst_celsius":24.62,"thermal_weight":0.202,"elevation_m":796.3,"land_cover":"Evergreen Broadleaf Forest"}},{"type":"Feature","geometry":{"type":"Point","coordinates":[106.8875,-6.638]},"properties":{"lst_celsius":24.62,"thermal_weight":0.202,"elevation_m":796.3,"land_cover":"Evergreen Broadleaf Forest"}},{"type":"Feature","geometry":{"type":"Point","coordinates":[106.9,-6.638]},"properties":{"lst_celsius":24.62,"thermal_weight":0.202,"elevation_m":796.3,"land_cover":"Evergreen Broadleaf Forest"}},{"type":"Feature","geometry":{"type":"Point","coordinates":[106.9125,-6.638]},"properties":{"lst_celsius":24.62,"thermal_weight":0.202,"elevation_m":796.3,"land_cover":"Evergreen Broadleaf Forest"}},{"type":"Feature","geometry":{"type":"Point","coordinates":[106.925,-6.638]},"properties":{"lst_celsius":24.62,"thermal_weight":0.202,"elevation_m":796.3,"land_cover":"Evergreen Broadleaf Forest"}},{"type":"Feature","geometry":{"type":"Point","coordinates":[106.9375,-6.638]},"properties":{"lst_celsius":24.62,"thermal_weight":0.202,"elevation_m":796.3,"land_cover":"Evergreen Broadleaf Forest"}},{"type":"Feature","geometry":{"type":"Point","coordinates":[106.95,-6.638]},"properties":{"lst_celsius":24.62,"thermal_weight":0.202,"elevation_m":796.3,"land_cover":"Evergreen Broadleaf Forest"}},{"type":"Feature","geometry":{"type":"Point","coordinates":[106.9625,-6.638]},"properties":{"lst_celsius":24.62,"thermal_weight":0.202,"elevation_m":796.3,"land_cover":"Evergreen Broadleaf Forest"}},{"type":"Feature","geometry":{"type":"Point","coordinates":[106.975,-6.638]},"properties":{"lst_celsius":24.62,"thermal_weight":0.202,"elevation_m":796.3,"land_cover":"Evergreen Broadleaf Forest"}},{"type":"Feature","geometry":{"type":"Point","coordinates":[106.9875,-6.638]},"properties":{"lst_celsius":24.62,"thermal_weight":0.202,"elevation_m":796.3,"land_cover":"Evergreen Broadleaf Forest"}},{"type":"Feature","geometry":{"type":"Point","coordinates":[107,-6.638]},"properties":{"lst_celsius":24.62,"thermal_weight":0.202,"elevation_m":796.3,"land_cover":"Evergreen Broadleaf Forest"}},{"type":"Feature","geometry":{"type":"Point","coordinates":[107.0125,-6.638]},"properties":{"lst_celsius":24.62,"thermal_weight":0.202,"elevation_m":796.3,"land_cover":"Evergreen Broadleaf Forest"}},{"type":"Feature","geometry":{"type":"Point","coordinates":[107.025,-6.638]},"properties":{"lst_celsius":24.62,"thermal_weight":0.202,"elevation_m":796.3,"land_cover":"Evergreen Broadleaf Forest"}},{"type":"Feature","geometry":{"type":"Point","coordinates":[107.0375,-6.638]},"properties":{"lst_celsius":24.62,"thermal_weight":0.202,"elevation_m":796.3,"land_cover":"Evergreen Broadleaf Forest"}},{"type":"Feature","geometry":{"type":"Point","coordinates":[107.05,-6.638]},"properties":{"lst_celsius":24.62,"thermal_weight":0.202,"elevation_m":796.3,"land_cover":"Evergreen Broadleaf Forest"}},{"type":"Feature","geometry":{"type":"Point","coordinates":[107.0625,-6.638]},"properties":{"lst_celsius":24.62,"thermal_weight":0.202,"elevation_m":796.3,"land_cover":"Evergreen Broadleaf Forest"}},{"type":"Feature","geometry":{"type":"Point","coordinates":[107.075,-6.638]},"properties":{"lst_celsius":24.62,"thermal_weight":0.202,"elevation_m":796.3,"land_cover":"Evergreen Broadleaf Forest"}},{"type":"Feature","geometry":{"type":"Point","coordinates":[107.0875,-6.638]},"properties":{"lst_celsius":24.62,"thermal_weight":0.202,"elevation_m":796.3,"land_cover":"Evergreen Broadleaf Forest"}},{"type":"Feature","geometry":{"type":"Point","coordinates":[107.1,-6.638]},"properties":{"lst_celsius":24.62,"thermal_weight":0.202,"elevation_m":796.3,"land_cover":"Evergreen Broadleaf Forest"}},{"type":"Feature","geometry":{"type":"Point","coordinates":[107.1125,-6.638]},"properties":{"lst_celsius":24.62,"thermal_weight":0.202,"elevation_m":796.3,"land_cover":"Evergreen Broadleaf Forest"}},{"type":"Feature","geometry":{"type":"Point","coordinates":[107.125,-6.638]},"properties":{"lst_celsius":24.62,"thermal_weight":0.202,"elevation_m":796.3,"land_cover":"Evergreen Broadleaf Forest"}},{"type":"Feature","geometry":{"type":"Point","coordinates":[107.1375,-6.638]},"properties":{"lst_celsius":24.62,"thermal_weight":0.202,"elevation_m":796.3,"land_cover":"Evergreen Broadleaf Forest"}},{"type":"Feature","geometry":{"type":"Point","coordinates":[107.15,-6.638]},"properties":{"lst_celsius":24.62,"thermal_weight":0.202,"elevation_m":796.3,"land_cover":"Evergreen Broadleaf Forest"}},{"type":"Feature","geometry":{"type":"Point","coordinates":[107.1625,-6.638]},"properties":{"lst_celsius":24.62,"thermal_weight":0.202,"elevation_m":796.3,"land_cover":"Evergreen Broadleaf Forest"}},{"type":"Feature","geometry":{"type":"Point","coordinates":[107.175,-6.638]},"properties":{"lst_celsius":24.62,"thermal_weight":0.202,"elevation_m":796.3,"land_cover":"Evergreen Broadleaf Forest"}},{"type":"Feature","geometry":{"type":"Point","coordinates":[107.1875,-6.638]},"properties":{"lst_celsius":24.62,"thermal_weight":0.202,"elevation_m":796.3,"land_cover":"Evergreen Broadleaf Forest"}},{"type":"Feature","geometry":{"type":"Point","coordinates":[107.2,-6.638]},"properties":{"lst_celsius":24.62,"thermal_weight":0.202,"elevation_m":796.3,"land_cover":"Evergreen Broadleaf Forest"}},{"type":"Feature","geometry":{"type":"Point","coordinates":[107.2125,-6.638]},"properties":{"lst_celsius":24.62,"thermal_weight":0.202,"elevation_m":796.3,"land_cover":"Evergreen Broadleaf Forest"}},{"type":"Feature","geometry":{"type":"Point","coordinates":[107.225,-6.638]},"properties":{"lst_celsius":24.62,"thermal_weight":0.202,"elevation_m":796.3,"land_cover":"Evergreen Broadleaf Forest"}},{"type":"Feature","geometry":{"type":"Point","coordinates":[107.2375,-6.638]},"properties":{"lst_celsius":24.62,"thermal_weight":0.202,"elevation_m":796.3,"land_cover":"Evergreen Broadleaf Forest"}},{"type":"Feature","geometry":{"type":"Point","coordinates":[107.25,-6.638]},"properties":{"lst_celsius":24.62,"thermal_weight":0.202,"elevation_m":796.3,"land_cover":"Evergreen Broadleaf Forest"}},{"type":"Feature","geometry":{"type":"Point","coordinates":[107.2625,-6.638]},"properties":{"lst_celsius":24.62,"thermal_weight":0.202,"elevation_m":796.3,"land_cover":"Evergreen Broadleaf Forest"}},{"type":"Feature","geometry":{"type":"Point","coordinates":[107.275,-6.638]},"properties":{"lst_celsius":24.62,"thermal_weight":0.202,"elevation_m":796.3,"land_cover":"Evergreen Broadleaf Forest"}},{"type":"Feature","geometry":{"type":"Point","coordinates":[107.2875,-6.638]},"properties":{"lst_celsius":24.62,"thermal_weight":0.202,"elevation_m":796.3,"land_cover":"Evergreen Broadleaf Forest"}},{"type":"Feature","geometry":{"type":"Point","coordinates":[107.3,-6.638]},"properties":{"lst_celsius":24.62,"thermal_weight":0.202,"elevation_m":796.3,"land_cover":"Evergreen Broadleaf Forest"}},{"type":"Feature","geometry":{"type":"Point","coordinates":[106.5,-6.6259]},"properties":{"lst_celsius":24.84,"thermal_weight":0.218,"elevation_m":762.6,"land_cover":"Evergreen Broadleaf Forest"}},{"type":"Feature","geometry":{"type":"Point","coordinates":[106.5125,-6.6259]},"properties":{"lst_celsius":24.84,"thermal_weight":0.218,"elevation_m":762.6,"land_cover":"Evergreen Broadleaf Forest"}},{"type":"Feature","geometry":{"type":"Point","coordinates":[106.525,-6.6259]},"properties":{"lst_celsius":24.84,"thermal_weight":0.218,"elevation_m":762.6,"land_cover":"Evergreen Broadleaf Forest"}},{"type":"Feature","geometry":{"type":"Point","coordinates":[106.5375,-6.6259]},"properties":{"lst_celsius":24.84,"thermal_weight":0.218,"elevation_m":762.6,"land_cover":"Evergreen Broadleaf Forest"}},{"type":"Feature","geometry":{"type":"Point","coordinates":[106.55,-6.6259]},"properties":{"lst_celsius":24.84,"thermal_weight":0.218,"elevation_m":762.6,"land_cover":"Evergreen Broadleaf Forest"}},{"type":"Feature","geometry":{"type":"Point","coordinates":[106.5625,-6.6259]},"properties":{"lst_celsius":24.84,"thermal_weight":0.218,"elevation_m":762.6,"land_cover":"Evergreen Broadleaf Forest"}},{"type":"Feature","geometry":{"type":"Point","coordinates":[106.575,-6.6259]},"properties":{"lst_celsius":24.84,"thermal_weight":0.218,"elevation_m":762.6,"land_cover":"Evergreen Broadleaf Forest"}},{"type":"Feature","geometry":{"type":"Point","coordinates":[106.5875,-6.6259]},"properties":{"lst_celsius":24.84,"thermal_weight":0.218,"elevation_m":762.6,"land_cover":"Evergreen Broadleaf Forest"}},{"type":"Feature","geometry":{"type":"Point","coordinates":[106.6,-6.6259]},"properties":{"lst_celsius":24.84,"thermal_weight":0.218,"elevation_m":762.6,"land_cover":"Evergreen Broadleaf Forest"}},{"type":"Feature","geometry":{"type":"Point","coordinates":[106.6125,-6.6259]},"properties":{"lst_celsius":24.84,"thermal_weight":0.218,"elevation_m":762.6,"land_cover":"Evergreen Broadleaf Forest"}},{"type":"Feature","geometry":{"type":"Point","coordinates":[106.625,-6.6259]},"properties":{"lst_celsius":24.84,"thermal_weight":0.218,"elevation_m":762.6,"land_cover":"Evergreen Broadleaf Forest"}},{"type":"Feature","geometry":{"type":"Point","coordinates":[106.6375,-6.6259]},"properties":{"lst_celsius":24.84,"thermal_weight":0.218,"elevation_m":762.6,"land_cover":"Evergreen Broadleaf Forest"}},{"type":"Feature","geometry":{"type":"Point","coordinates":[106.65,-6.6259]},"properties":{"lst_celsius":24.84,"thermal_weight":0.218,"elevation_m":762.6,"land_cover":"Evergreen Broadleaf Forest"}},{"type":"Feature","geometry":{"type":"Point","coordinates":[106.6625,-6.6259]},"properties":{"lst_celsius":24.84,"thermal_weight":0.218,"elevation_m":762.6,"land_cover":"Evergreen Broadleaf Forest"}},{"type":"Feature","geometry":{"type":"Point","coordinates":[106.675,-6.6259]},"properties":{"lst_celsius":24.84,"thermal_weight":0.218,"elevation_m":762.6,"land_cover":"Evergreen Broadleaf Forest"}},{"type":"Feature","geometry":{"type":"Point","coordinates":[106.6875,-6.6259]},"properties":{"lst_celsius":24.84,"thermal_weight":0.218,"elevation_m":762.6,"land_cover":"Evergreen Broadleaf Forest"}},{"type":"Feature","geometry":{"type":"Point","coordinates":[106.7,-6.6259]},"properties":{"lst_celsius":24.84,"thermal_weight":0.218,"elevation_m":762.6,"land_cover":"Evergreen Broadleaf Forest"}},{"type":"Feature","geometry":{"type":"Point","coordinates":[106.7125,-6.6259]},"properties":{"lst_celsius":24.84,"thermal_weight":0.218,"elevation_m":762.6,"land_cover":"Evergreen Broadleaf Forest"}},{"type":"Feature","geometry":{"type":"Point","coordinates":[106.725,-6.6259]},"properties":{"lst_celsius":24.84,"thermal_weight":0.218,"elevation_m":762.6,"land_cover":"Evergreen Broadleaf Forest"}},{"type":"Feature","geometry":{"type":"Point","coordinates":[106.7375,-6.6259]},"properties":{"lst_celsius":24.84,"thermal_weight":0.218,"elevation_m":762.6,"land_cover":"Evergreen Broadleaf Forest"}},{"type":"Feature","geometry":{"type":"Point","coordinates":[106.75,-6.6259]},"properties":{"lst_celsius":24.84,"thermal_weight":0.218,"elevation_m":762.6,"land_cover":"Evergreen Broadleaf Forest"}},{"type":"Feature","geometry":{"type":"Point","coordinates":[106.7625,-6.6259]},"properties":{"lst_celsius":24.84,"thermal_weight":0.218,"elevation_m":762.6,"land_cover":"Evergreen Broadleaf Forest"}},{"type":"Feature","geometry":{"type":"Point","coordinates":[106.775,-6.6259]},"properties":{"lst_celsius":24.84,"thermal_weight":0.218,"elevation_m":762.6,"land_cover":"Evergreen Broadleaf Forest"}},{"type":"Feature","geometry":{"type":"Point","coordinates":[106.7875,-6.6259]},"properties":{"lst_celsius":24.84,"thermal_weight":0.218,"elevation_m":762.6,"land_cover":"Evergreen Broadleaf Forest"}},{"type":"Feature","geometry":{"type":"Point","coordinates":[106.8,-6.6259]},"properties":{"lst_celsius":24.84,"thermal_weight":0.218,"elevation_m":762.6,"land_cover":"Evergreen Broadleaf Forest"}},{"type":"Feature","geometry":{"type":"Point","coordinates":[106.8125,-6.6259]},"properties":{"lst_celsius":24.84,"thermal_weight":0.218,"elevation_m":762.6,"land_cover":"Evergreen Broadleaf Forest"}},{"type":"Feature","geometry":{"type":"Point","coordinates":[106.825,-6.6259]},"properties":{"lst_celsius":24.84,"thermal_weight":0.218,"elevation_m":762.6,"land_cover":"Evergreen Broadleaf Forest"}},{"type":"Feature","geometry":{"type":"Point","coordinates":[106.8375,-6.6259]},"properties":{"lst_celsius":24.84,"thermal_weight":0.218,"elevation_m":762.6,"land_cover":"Evergreen Broadleaf Forest"}},{"type":"Feature","geometry":{"type":"Point","coordinates":[106.85,-6.6259]},"properties":{"lst_celsius":24.84,"thermal_weight":0.218,"elevation_m":762.6,"land_cover":"Evergreen Broadleaf Forest"}},{"type":"Feature","geometry":{"type":"Point","coordinates":[106.8625,-6.6259]},"properties":{"lst_celsius":24.84,"thermal_weight":0.218,"elevation_m":762.6,"land_cover":"Evergreen Broadleaf Forest"}},{"type":"Feature","geometry":{"type":"Point","coordinates":[106.875,-6.6259]},"properties":{"lst_celsius":24.84,"thermal_weight":0.218,"elevation_m":762.6,"land_cover":"Evergreen Broadleaf Forest"}},{"type":"Feature","geometry":{"type":"Point","coordinates":[106.8875,-6.6259]},"properties":{"lst_celsius":24.84,"thermal_weight":0.218,"elevation_m":762.6,"land_cover":"Evergreen Broadleaf Forest"}},{"type":"Feature","geometry":{"type":"Point","coordinates":[106.9,-6.6259]},"properties":{"lst_celsius":24.84,"thermal_weight":0.218,"elevation_m":762.6,"land_cover":"Evergreen Broadleaf Forest"}},{"type":"Feature","geometry":{"type":"Point","coordinates":[106.9125,-6.6259]},"properties":{"lst_celsius":24.84,"thermal_weight":0.218,"elevation_m":762.6,"land_cover":"Evergreen Broadleaf Forest"}},{"type":"Feature","geometry":{"type":"Point","coordinates":[106.925,-6.6259]},"properties":{"lst_celsius":24.84,"thermal_weight":0.218,"elevation_m":762.6,"land_cover":"Evergreen Broadleaf Forest"}},{"type":"Feature","geometry":{"type":"Point","coordinates":[106.9375,-6.6259]},"properties":{"lst_celsius":24.84,"thermal_weight":0.218,"elevation_m":762.6,"land_cover":"Evergreen Broadleaf Forest"}},{"type":"Feature","geometry":{"type":"Point","coordinates":[106.95,-6.6259]},"properties":{"lst_celsius":24.84,"thermal_weight":0.218,"elevation_m":762.6,"land_cover":"Evergreen Broadleaf Forest"}},{"type":"Feature","geometry":{"type":"Point","coordinates":[106.9625,-6.6259]},"properties":{"lst_celsius":24.84,"thermal_weight":0.218,"elevation_m":762.6,"land_cover":"Evergreen Broadleaf Forest"}},{"type":"Feature","geometry":{"type":"Point","coordinates":[106.975,-6.6259]},"properties":{"lst_celsius":24.84,"thermal_weight":0.218,"elevation_m":762.6,"land_cover":"Evergreen Broadleaf Forest"}},{"type":"Feature","geometry":{"type":"Point","coordinates":[106.9875,-6.6259]},"properties":{"lst_celsius":24.84,"thermal_weight":0.218,"elevation_m":762.6,"land_cover":"Evergreen Broadleaf Forest"}},{"type":"Feature","geometry":{"type":"Point","coordinates":[107,-6.6259]},"properties":{"lst_celsius":24.84,"thermal_weight":0.218,"elevation_m":762.6,"land_cover":"Evergreen Broadleaf Forest"}},{"type":"Feature","geometry":{"type":"Point","coordinates":[107.0125,-6.6259]},"properties":{"lst_celsius":24.84,"thermal_weight":0.218,"elevation_m":762.6,"land_cover":"Evergreen Broadleaf Forest"}},{"type":"Feature","geometry":{"type":"Point","coordinates":[107.025,-6.6259]},"properties":{"lst_celsius":24.84,"thermal_weight":0.218,"elevation_m":762.6,"land_cover":"Evergreen Broadleaf Forest"}},{"type":"Feature","geometry":{"type":"Point","coordinates":[107.0375,-6.6259]},"properties":{"lst_celsius":24.84,"thermal_weight":0.218,"elevation_m":762.6,"land_cover":"Evergreen Broadleaf Forest"}},{"type":"Feature","geometry":{"type":"Point","coordinates":[107.05,-6.6259]},"properties":{"lst_celsius":24.84,"thermal_weight":0.218,"elevation_m":762.6,"land_cover":"Evergreen Broadleaf Forest"}},{"type":"Feature","geometry":{"type":"Point","coordinates":[107.0625,-6.6259]},"properties":{"lst_celsius":24.84,"thermal_weight":0.218,"elevation_m":762.6,"land_cover":"Evergreen Broadleaf Forest"}},{"type":"Feature","geometry":{"type":"Point","coordinates":[107.075,-6.6259]},"properties":{"lst_celsius":24.84,"thermal_weight":0.218,"elevation_m":762.6,"land_cover":"Evergreen Broadleaf Forest"}},{"type":"Feature","geometry":{"type":"Point","coordinates":[107.0875,-6.6259]},"properties":{"lst_celsius":24.84,"thermal_weight":0.218,"elevation_m":762.6,"land_cover":"Evergreen Broadleaf Forest"}},{"type":"Feature","geometry":{"type":"Point","coordinates":[107.1,-6.6259]},"properties":{"lst_celsius":24.84,"thermal_weight":0.218,"elevation_m":762.6,"land_cover":"Evergreen Broadleaf Forest"}},{"type":"Feature","geometry":{"type":"Point","coordinates":[107.1125,-6.6259]},"properties":{"lst_celsius":24.84,"thermal_weight":0.218,"elevation_m":762.6,"land_cover":"Evergreen Broadleaf Forest"}},{"type":"Feature","geometry":{"type":"Point","coordinates":[107.125,-6.6259]},"properties":{"lst_celsius":24.84,"thermal_weight":0.218,"elevation_m":762.6,"land_cover":"Evergreen Broadleaf Forest"}},{"type":"Feature","geometry":{"type":"Point","coordinates":[107.1375,-6.6259]},"properties":{"lst_celsius":24.84,"thermal_weight":0.218,"elevation_m":762.6,"land_cover":"Evergreen Broadleaf Forest"}},{"type":"Feature","geometry":{"type":"Point","coordinates":[107.15,-6.6259]},"properties":{"lst_celsius":24.84,"thermal_weight":0.218,"elevation_m":762.6,"land_cover":"Evergreen Broadleaf Forest"}},{"type":"Feature","geometry":{"type":"Point","coordinates":[107.1625,-6.6259]},"properties":{"lst_celsius":24.84,"thermal_weight":0.218,"elevation_m":762.6,"land_cover":"Evergreen Broadleaf Forest"}},{"type":"Feature","geometry":{"type":"Point","coordinates":[107.175,-6.6259]},"properties":{"lst_celsius":24.84,"thermal_weight":0.218,"elevation_m":762.6,"land_cover":"Evergreen Broadleaf Forest"}},{"type":"Feature","geometry":{"type":"Point","coordinates":[107.1875,-6.6259]},"properties":{"lst_celsius":24.84,"thermal_weight":0.218,"elevation_m":762.6,"land_cover":"Evergreen Broadleaf Forest"}},{"type":"Feature","geometry":{"type":"Point","coordinates":[107.2,-6.6259]},"properties":{"lst_celsius":24.84,"thermal_weight":0.218,"elevation_m":762.6,"land_cover":"Evergreen Broadleaf Forest"}},{"type":"Feature","geometry":{"type":"Point","coordinates":[107.2125,-6.6259]},"properties":{"lst_celsius":24.84,"thermal_weight":0.218,"elevation_m":762.6,"land_cover":"Evergreen Broadleaf Forest"}},{"type":"Feature","geometry":{"type":"Point","coordinates":[107.225,-6.6259]},"properties":{"lst_celsius":24.84,"thermal_weight":0.218,"elevation_m":762.6,"land_cover":"Evergreen Broadleaf Forest"}},{"type":"Feature","geometry":{"type":"Point","coordinates":[107.2375,-6.6259]},"properties":{"lst_celsius":24.84,"thermal_weight":0.218,"elevation_m":762.6,"land_cover":"Evergreen Broadleaf Forest"}},{"type":"Feature","geometry":{"type":"Point","coordinates":[107.25,-6.6259]},"properties":{"lst_celsius":24.84,"thermal_weight":0.218,"elevation_m":762.6,"land_cover":"Evergreen Broadleaf Forest"}},{"type":"Feature","geometry":{"type":"Point","coordinates":[107.2625,-6.6259]},"properties":{"lst_celsius":24.84,"thermal_weight":0.218,"elevation_m":762.6,"land_cover":"Evergreen Broadleaf Forest"}},{"type":"Feature","geometry":{"type":"Point","coordinates":[107.275,-6.6259]},"properties":{"lst_celsius":24.84,"thermal_weight":0.218,"elevation_m":762.6,"land_cover":"Evergreen Broadleaf Forest"}},{"type":"Feature","geometry":{"type":"Point","coordinates":[107.2875,-6.6259]},"properties":{"lst_celsius":24.84,"thermal_weight":0.218,"elevation_m":762.6,"land_cover":"Evergreen Broadleaf Forest"}},{"type":"Feature","geometry":{"type":"Point","coordinates":[107.3,-6.6259]},"properties":{"lst_celsius":24.84,"thermal_weight":0.218,"elevation_m":762.6,"land_cover":"Evergreen Broadleaf Forest"}},{"type":"Feature","geometry":{"type":"Point","coordinates":[106.5,-6.6139]},"properties":{"lst_celsius":25.06,"thermal_weight":0.235,"elevation_m":728.9,"land_cover":"Evergreen Broadleaf Forest"}},{"type":"Feature","geometry":{"type":"Point","coordinates":[106.5125,-6.6139]},"properties":{"lst_celsius":25.06,"thermal_weight":0.235,"elevation_m":728.9,"land_cover":"Evergreen Broadleaf Forest"}},{"type":"Feature","geometry":{"type":"Point","coordinates":[106.525,-6.6139]},"properties":{"lst_celsius":25.06,"thermal_weight":0.235,"elevation_m":728.9,"land_cover":"Evergreen Broadleaf Forest"}},{"type":"Feature","geometry":{"type":"Point","coordinates":[106.5375,-6.6139]},"properties":{"lst_celsius":25.06,"thermal_weight":0.235,"elevation_m":728.9,"land_cover":"Evergreen Broadleaf Forest"}},{"type":"Feature","geometry":{"type":"Point","coordinates":[106.55,-6.6139]},"properties":{"lst_celsius":25.06,"thermal_weight":0.235,"elevation_m":728.9,"land_cover":"Evergreen Broadleaf Forest"}},{"type":"Feature","geometry":{"type":"Point","coordinates":[106.5625,-6.6139]},"properties":{"lst_celsius":25.06,"thermal_weight":0.235,"elevation_m":728.9,"land_cover":"Evergreen Broadleaf Forest"}},{"type":"Feature","geometry":{"type":"Point","coordinates":[106.575,-6.6139]},"properties":{"lst_celsius":25.06,"thermal_weight":0.235,"elevation_m":728.9,"land_cover":"Evergreen Broadleaf Forest"}},{"type":"Feature","geometry":{"type":"Point","coordinates":[106.5875,-6.6139]},"properties":{"lst_celsius":25.06,"thermal_weight":0.235,"elevation_m":728.9,"land_cover":"Evergreen Broadleaf Forest"}},{"type":"Feature","geometry":{"type":"Point","coordinates":[106.6,-6.6139]},"properties":{"lst_celsius":25.06,"thermal_weight":0.235,"elevation_m":728.9,"land_cover":"Evergreen Broadleaf Forest"}},{"type":"Feature","geometry":{"type":"Point","coordinates":[106.6125,-6.6139]},"properties":{"lst_celsius":25.06,"thermal_weight":0.235,"elevation_m":728.9,"land_cover":"Evergreen Broadleaf Forest"}},{"type":"Feature","geometry":{"type":"Point","coordinates":[106.625,-6.6139]},"properties":{"lst_celsius":25.06,"thermal_weight":0.235,"elevation_m":728.9,"land_cover":"Evergreen Broadleaf Forest"}},{"type":"Feature","geometry":{"type":"Point","coordinates":[106.6375,-6.6139]},"properties":{"lst_celsius":25.06,"thermal_weight":0.235,"elevation_m":728.9,"land_cover":"Evergreen Broadleaf Forest"}},{"type":"Feature","geometry":{"type":"Point","coordinates":[106.65,-6.6139]},"properties":{"lst_celsius":25.06,"thermal_weight":0.235,"elevation_m":728.9,"land_cover":"Evergreen Broadleaf Forest"}},{"type":"Feature","geometry":{"type":"Point","coordinates":[106.6625,-6.6139]},"properties":{"lst_celsius":25.06,"thermal_weight":0.235,"elevation_m":728.9,"land_cover":"Evergreen Broadleaf Forest"}},{"type":"Feature","geometry":{"type":"Point","coordinates":[106.675,-6.6139]},"properties":{"lst_celsius":25.06,"thermal_weight":0.235,"elevation_m":728.9,"land_cover":"Evergreen Broadleaf Forest"}},{"type":"Feature","geometry":{"type":"Point","coordinates":[106.6875,-6.6139]},"properties":{"lst_celsius":25.06,"thermal_weight":0.235,"elevation_m":728.9,"land_cover":"Evergreen Broadleaf Forest"}},{"type":"Feature","geometry":{"type":"Point","coordinates":[106.7,-6.6139]},"properties":{"lst_celsius":25.06,"thermal_weight":0.235,"elevation_m":728.9,"land_cover":"Evergreen Broadleaf Forest"}},{"type":"Feature","geometry":{"type":"Point","coordinates":[106.7125,-6.6139]},"properties":{"lst_celsius":25.06,"thermal_weight":0.235,"elevation_m":728.9,"land_cover":"Evergreen Broadleaf Forest"}},{"type":"Feature","geometry":{"type":"Point","coordinates":[106.725,-6.6139]},"properties":{"lst_celsius":25.06,"thermal_weight":0.235,"elevation_m":728.9,"land_cover":"Evergreen Broadleaf Forest"}},{"type":"Feature","geometry":{"type":"Point","coordinates":[106.7375,-6.6139]},"properties":{"lst_celsius":25.06,"thermal_weight":0.235,"elevation_m":728.9,"land_cover":"Evergreen Broadleaf Forest"}},{"type":"Feature","geometry":{"type":"Point","coordinates":[106.75,-6.6139]},"properties":{"lst_celsius":25.06,"thermal_weight":0.235,"elevation_m":728.9,"land_cover":"Evergreen Broadleaf Forest"}},{"type":"Feature","geometry":{"type":"Point","coordinates":[106.7625,-6.6139]},"properties":{"lst_celsius":25.06,"thermal_weight":0.235,"elevation_m":728.9,"land_cover":"Evergreen Broadleaf Forest"}},{"type":"Feature","geometry":{"type":"Point","coordinates":[106.775,-6.6139]},"properties":{"lst_celsius":25.06,"thermal_weight":0.235,"elevation_m":728.9,"land_cover":"Evergreen Broadleaf Forest"}},{"type":"Feature","geometry":{"type":"Point","coordinates":[106.7875,-6.6139]},"properties":{"lst_celsius":25.06,"thermal_weight":0.235,"elevation_m":728.9,"land_cover":"Evergreen Broadleaf Forest"}},{"type":"Feature","geometry":{"type":"Point","coordinates":[106.8,-6.6139]},"properties":{"lst_celsius":25.06,"thermal_weight":0.235,"elevation_m":728.9,"land_cover":"Evergreen Broadleaf Forest"}},{"type":"Feature","geometry":{"type":"Point","coordinates":[106.8125,-6.6139]},"properties":{"lst_celsius":25.06,"thermal_weight":0.235,"elevation_m":728.9,"land_cover":"Evergreen Broadleaf Forest"}},{"type":"Feature","geometry":{"type":"Point","coordinates":[106.825,-6.6139]},"properties":{"lst_celsius":25.06,"thermal_weight":0.235,"elevation_m":728.9,"land_cover":"Evergreen Broadleaf Forest"}},{"type":"Feature","geometry":{"type":"Point","coordinates":[106.8375,-6.6139]},"properties":{"lst_celsius":25.06,"thermal_weight":0.235,"elevation_m":728.9,"land_cover":"Evergreen Broadleaf Forest"}},{"type":"Feature","geometry":{"type":"Point","coordinates":[106.85,-6.6139]},"properties":{"lst_celsius":25.06,"thermal_weight":0.235,"elevation_m":728.9,"land_cover":"Evergreen Broadleaf Forest"}},{"type":"Feature","geometry":{"type":"Point","coordinates":[106.8625,-6.6139]},"properties":{"lst_celsius":25.06,"thermal_weight":0.235,"elevation_m":728.9,"land_cover":"Evergreen Broadleaf Forest"}},{"type":"Feature","geometry":{"type":"Point","coordinates":[106.875,-6.6139]},"properties":{"lst_celsius":25.06,"thermal_weight":0.235,"elevation_m":728.9,"land_cover":"Evergreen Broadleaf Forest"}},{"type":"Feature","geometry":{"type":"Point","coordinates":[106.8875,-6.6139]},"properties":{"lst_celsius":25.06,"thermal_weight":0.235,"elevation_m":728.9,"land_cover":"Evergreen Broadleaf Forest"}},{"type":"Feature","geometry":{"type":"Point","coordinates":[106.9,-6.6139]},"properties":{"lst_celsius":25.06,"thermal_weight":0.235,"elevation_m":728.9,"land_cover":"Evergreen Broadleaf Forest"}},{"type":"Feature","geometry":{"type":"Point","coordinates":[106.9125,-6.6139]},"properties":{"lst_celsius":25.06,"thermal_weight":0.235,"elevation_m":728.9,"land_cover":"Evergreen Broadleaf Forest"}},{"type":"Feature","geometry":{"type":"Point","coordinates":[106.925,-6.6139]},"properties":{"lst_celsius":25.06,"thermal_weight":0.235,"elevation_m":728.9,"land_cover":"Evergreen Broadleaf Forest"}},{"type":"Feature","geometry":{"type":"Point","coordinates":[106.9375,-6.6139]},"properties":{"lst_celsius":25.06,"thermal_weight":0.235,"elevation_m":728.9,"land_cover":"Evergreen Broadleaf Forest"}},{"type":"Feature","geometry":{"type":"Point","coordinates":[106.95,-6.6139]},"properties":{"lst_celsius":25.06,"thermal_weight":0.235,"elevation_m":728.9,"land_cover":"Evergreen Broadleaf Forest"}},{"type":"Feature","geometry":{"type":"Point","coordinates":[106.9625,-6.6139]},"properties":{"lst_celsius":25.06,"thermal_weight":0.235,"elevation_m":728.9,"land_cover":"Evergreen Broadleaf Forest"}},{"type":"Feature","geometry":{"type":"Point","coordinates":[106.975,-6.6139]},"properties":{"lst_celsius":25.06,"thermal_weight":0.235,"elevation_m":728.9,"land_cover":"Evergreen Broadleaf Forest"}},{"type":"Feature","geometry":{"type":"Point","coordinates":[106.9875,-6.6139]},"properties":{"lst_celsius":25.06,"thermal_weight":0.235,"elevation_m":728.9,"land_cover":"Evergreen Broadleaf Forest"}},{"type":"Feature","geometry":{"type":"Point","coordinates":[107,-6.6139]},"properties":{"lst_celsius":25.06,"thermal_weight":0.235,"elevation_m":728.9,"land_cover":"Evergreen Broadleaf Forest"}},{"type":"Feature","geometry":{"type":"Point","coordinates":[107.0125,-6.6139]},"properties":{"lst_celsius":25.06,"thermal_weight":0.235,"elevation_m":728.9,"land_cover":"Evergreen Broadleaf Forest"}},{"type":"Feature","geometry":{"type":"Point","coordinates":[107.025,-6.6139]},"properties":{"lst_celsius":25.06,"thermal_weight":0.235,"elevation_m":728.9,"land_cover":"Evergreen Broadleaf Forest"}},{"type":"Feature","geometry":{"type":"Point","coordinates":[107.0375,-6.6139]},"properties":{"lst_celsius":25.06,"thermal_weight":0.235,"elevation_m":728.9,"land_cover":"Evergreen Broadleaf Forest"}},{"type":"Feature","geometry":{"type":"Point","coordinates":[107.05,-6.6139]},"properties":{"lst_celsius":25.06,"thermal_weight":0.235,"elevation_m":728.9,"land_cover":"Evergreen Broadleaf Forest"}},{"type":"Feature","geometry":{"type":"Point","coordinates":[107.0625,-6.6139]},"properties":{"lst_celsius":25.06,"thermal_weight":0.235,"elevation_m":728.9,"land_cover":"Evergreen Broadleaf Forest"}},{"type":"Feature","geometry":{"type":"Point","coordinates":[107.075,-6.6139]},"properties":{"lst_celsius":25.06,"thermal_weight":0.235,"elevation_m":728.9,"land_cover":"Evergreen Broadleaf Forest"}},{"type":"Feature","geometry":{"type":"Point","coordinates":[107.0875,-6.6139]},"properties":{"lst_celsius":25.06,"thermal_weight":0.235,"elevation_m":728.9,"land_cover":"Evergreen Broadleaf Forest"}},{"type":"Feature","geometry":{"type":"Point","coordinates":[107.1,-6.6139]},"properties":{"lst_celsius":25.06,"thermal_weight":0.235,"elevation_m":728.9,"land_cover":"Evergreen Broadleaf Forest"}},{"type":"Feature","geometry":{"type":"Point","coordinates":[107.1125,-6.6139]},"properties":{"lst_celsius":25.06,"thermal_weight":0.235,"elevation_m":728.9,"land_cover":"Evergreen Broadleaf Forest"}},{"type":"Feature","geometry":{"type":"Point","coordinates":[107.125,-6.6139]},"properties":{"lst_celsius":25.06,"thermal_weight":0.235,"elevation_m":728.9,"land_cover":"Evergreen Broadleaf Forest"}},{"type":"Feature","geometry":{"type":"Point","coordinates":[107.1375,-6.6139]},"properties":{"lst_celsius":25.06,"thermal_weight":0.235,"elevation_m":728.9,"land_cover":"Evergreen Broadleaf Forest"}},{"type":"Feature","geometry":{"type":"Point","coordinates":[107.15,-6.6139]},"properties":{"lst_celsius":25.06,"thermal_weight":0.235,"elevation_m":728.9,"land_cover":"Evergreen Broadleaf Forest"}},{"type":"Feature","geometry":{"type":"Point","coordinates":[107.1625,-6.6139]},"properties":{"lst_celsius":25.06,"thermal_weight":0.235,"elevation_m":728.9,"land_cover":"Evergreen Broadleaf Forest"}},{"type":"Feature","geometry":{"type":"Point","coordinates":[107.175,-6.6139]},"properties":{"lst_celsius":25.06,"thermal_weight":0.235,"elevation_m":728.9,"land_cover":"Evergreen Broadleaf Forest"}},{"type":"Feature","geometry":{"type":"Point","coordinates":[107.1875,-6.6139]},"properties":{"lst_celsius":25.06,"thermal_weight":0.235,"elevation_m":728.9,"land_cover":"Evergreen Broadleaf Forest"}},{"type":"Feature","geometry":{"type":"Point","coordinates":[107.2,-6.6139]},"properties":{"lst_celsius":25.06,"thermal_weight":0.235,"elevation_m":728.9,"land_cover":"Evergreen Broadleaf Forest"}},{"type":"Feature","geometry":{"type":"Point","coordinates":[107.2125,-6.6139]},"properties":{"lst_celsius":25.06,"thermal_weight":0.235,"elevation_m":728.9,"land_cover":"Evergreen Broadleaf Forest"}},{"type":"Feature","geometry":{"type":"Point","coordinates":[107.225,-6.6139]},"properties":{"lst_celsius":25.06,"thermal_weight":0.235,"elevation_m":728.9,"land_cover":"Evergreen Broadleaf Forest"}},{"type":"Feature","geometry":{"type":"Point","coordinates":[107.2375,-6.6139]},"properties":{"lst_celsius":25.06,"thermal_weight":0.235,"elevation_m":728.9,"land_cover":"Evergreen Broadleaf Forest"}},{"type":"Feature","geometry":{"type":"Point","coordinates":[107.25,-6.6139]},"properties":{"lst_celsius":25.06,"thermal_weight":0.235,"elevation_m":728.9,"land_cover":"Evergreen Broadleaf Forest"}},{"type":"Feature","geometry":{"type":"Point","coordinates":[107.2625,-6.6139]},"properties":{"lst_celsius":25.06,"thermal_weight":0.235,"elevation_m":728.9,"land_cover":"Evergreen Broadleaf Forest"}},{"type":"Feature","geometry":{"type":"Point","coordinates":[107.275,-6.6139]},"properties":{"lst_celsius":25.06,"thermal_weight":0.235,"elevation_m":728.9,"land_cover":"Evergreen Broadleaf Forest"}},{"type":"Feature","geometry":{"type":"Point","coordinates":[107.2875,-6.6139]},"properties":{"lst_celsius":25.06,"thermal_weight":0.235,"elevation_m":728.9,"land_cover":"Evergreen Broadleaf Forest"}},{"type":"Feature","geometry":{"type":"Point","coordinates":[107.3,-6.6139]},"properties":{"lst_celsius":25.06,"thermal_weight":0.235,"elevation_m":728.9,"land_cover":"Evergreen Broadleaf Forest"}},{"type":"Feature","geometry":{"type":"Point","coordinates":[106.5,-6.6019]},"properties":{"lst_celsius":25.28,"thermal_weight":0.252,"elevation_m":695.2,"land_cover":"Evergreen Broadleaf Forest"}},{"type":"Feature","geometry":{"type":"Point","coordinates":[106.5125,-6.6019]},"properties":{"lst_celsius":25.28,"thermal_weight":0.252,"elevation_m":695.2,"land_cover":"Evergreen Broadleaf Forest"}},{"type":"Feature","geometry":{"type":"Point","coordinates":[106.525,-6.6019]},"properties":{"lst_celsius":25.28,"thermal_weight":0.252,"elevation_m":695.2,"land_cover":"Evergreen Broadleaf Forest"}},{"type":"Feature","geometry":{"type":"Point","coordinates":[106.5375,-6.6019]},"properties":{"lst_celsius":25.28,"thermal_weight":0.252,"elevation_m":695.2,"land_cover":"Evergreen Broadleaf Forest"}},{"type":"Feature","geometry":{"type":"Point","coordinates":[106.55,-6.6019]},"properties":{"lst_celsius":25.28,"thermal_weight":0.252,"elevation_m":695.2,"land_cover":"Evergreen Broadleaf Forest"}},{"type":"Feature","geometry":{"type":"Point","coordinates":[106.5625,-6.6019]},"properties":{"lst_celsius":25.28,"thermal_weight":0.252,"elevation_m":695.2,"land_cover":"Evergreen Broadleaf Forest"}},{"type":"Feature","geometry":{"type":"Point","coordinates":[106.575,-6.6019]},"properties":{"lst_celsius":25.28,"thermal_weight":0.252,"elevation_m":695.2,"land_cover":"Evergreen Broadleaf Forest"}},{"type":"Feature","geometry":{"type":"Point","coordinates":[106.5875,-6.6019]},"properties":{"lst_celsius":25.28,"thermal_weight":0.252,"elevation_m":695.2,"land_cover":"Evergreen Broadleaf Forest"}},{"type":"Feature","geometry":{"type":"Point","coordinates":[106.6,-6.6019]},"properties":{"lst_celsius":25.28,"thermal_weight":0.252,"elevation_m":695.2,"land_cover":"Evergreen Broadleaf Forest"}},{"type":"Feature","geometry":{"type":"Point","coordinates":[106.6125,-6.6019]},"properties":{"lst_celsius":25.28,"thermal_weight":0.252,"elevation_m":695.2,"land_cover":"Evergreen Broadleaf Forest"}},{"type":"Feature","geometry":{"type":"Point","coordinates":[106.625,-6.6019]},"properties":{"lst_celsius":25.28,"thermal_weight":0.252,"elevation_m":695.2,"land_cover":"Evergreen Broadleaf Forest"}},{"type":"Feature","geometry":{"type":"Point","coordinates":[106.6375,-6.6019]},"properties":{"lst_celsius":25.28,"thermal_weight":0.252,"elevation_m":695.2,"land_cover":"Evergreen Broadleaf Forest"}},{"type":"Feature","geometry":{"type":"Point","coordinates":[106.65,-6.6019]},"properties":{"lst_celsius":25.28,"thermal_weight":0.252,"elevation_m":695.2,"land_cover":"Evergreen Broadleaf Forest"}},{"type":"Feature","geometry":{"type":"Point","coordinates":[106.6625,-6.6019]},"properties":{"lst_celsius":25.28,"thermal_weight":0.252,"elevation_m":695.2,"land_cover":"Evergreen Broadleaf Forest"}},{"type":"Feature","geometry":{"type":"Point","coordinates":[106.675,-6.6019]},"properties":{"lst_celsius":25.28,"thermal_weight":0.252,"elevation_m":695.2,"land_cover":"Evergreen Broadleaf Forest"}},{"type":"Feature","geometry":{"type":"Point","coordinates":[106.6875,-6.6019]},"properties":{"lst_celsius":25.28,"thermal_weight":0.252,"elevation_m":695.2,"land_cover":"Evergreen Broadleaf Forest"}},{"type":"Feature","geometry":{"type":"Point","coordinates":[106.7,-6.6019]},"properties":{"lst_celsius":25.28,"thermal_weight":0.252,"elevation_m":695.2,"land_cover":"Evergreen Broadleaf Forest"}},{"type":"Feature","geometry":{"type":"Point","coordinates":[106.7125,-6.6019]},"properties":{"lst_celsius":25.28,"thermal_weight":0.252,"elevation_m":695.2,"land_cover":"Evergreen Broadleaf Forest"}},{"type":"Feature","geometry":{"type":"Point","coordinates":[106.725,-6.6019]},"properties":{"lst_celsius":25.28,"thermal_weight":0.252,"elevation_m":695.2,"land_cover":"Evergreen Broadleaf Forest"}},{"type":"Feature","geometry":{"type":"Point","coordinates":[106.7375,-6.6019]},"properties":{"lst_celsius":25.28,"thermal_weight":0.252,"elevation_m":695.2,"land_cover":"Evergreen Broadleaf Forest"}},{"type":"Feature","geometry":{"type":"Point","coordinates":[106.75,-6.6019]},"properties":{"lst_celsius":25.28,"thermal_weight":0.252,"elevation_m":695.2,"land_cover":"Evergreen Broadleaf Forest"}},{"type":"Feature","geometry":{"type":"Point","coordinates":[106.7625,-6.6019]},"properties":{"lst_celsius":25.28,"thermal_weight":0.252,"elevation_m":695.2,"land_cover":"Evergreen Broadleaf Forest"}},{"type":"Feature","geometry":{"type":"Point","coordinates":[106.775,-6.6019]},"properties":{"lst_celsius":25.28,"thermal_weight":0.252,"elevation_m":695.2,"land_cover":"Evergreen Broadleaf Forest"}},{"type":"Feature","geometry":{"type":"Point","coordinates":[106.7875,-6.6019]},"properties":{"lst_celsius":25.28,"thermal_weight":0.252,"elevation_m":695.2,"land_cover":"Evergreen Broadleaf Forest"}},{"type":"Feature","geometry":{"type":"Point","coordinates":[106.8,-6.6019]},"properties":{"lst_celsius":25.28,"thermal_weight":0.252,"elevation_m":695.2,"land_cover":"Evergreen Broadleaf Forest"}},{"type":"Feature","geometry":{"type":"Point","coordinates":[106.8125,-6.6019]},"properties":{"lst_celsius":25.28,"thermal_weight":0.252,"elevation_m":695.2,"land_cover":"Evergreen Broadleaf Forest"}},{"type":"Feature","geometry":{"type":"Point","coordinates":[106.825,-6.6019]},"properties":{"lst_celsius":25.28,"thermal_weight":0.252,"elevation_m":695.2,"land_cover":"Evergreen Broadleaf Forest"}},{"type":"Feature","geometry":{"type":"Point","coordinates":[106.8375,-6.6019]},"properties":{"lst_celsius":25.28,"thermal_weight":0.252,"elevation_m":695.2,"land_cover":"Evergreen Broadleaf Forest"}},{"type":"Feature","geometry":{"type":"Point","coordinates":[106.85,-6.6019]},"properties":{"lst_celsius":25.28,"thermal_weight":0.252,"elevation_m":695.2,"land_cover":"Evergreen Broadleaf Forest"}},{"type":"Feature","geometry":{"type":"Point","coordinates":[106.8625,-6.6019]},"properties":{"lst_celsius":25.28,"thermal_weight":0.252,"elevation_m":695.2,"land_cover":"Evergreen Broadleaf Forest"}},{"type":"Feature","geometry":{"type":"Point","coordinates":[106.875,-6.6019]},"properties":{"lst_celsius":25.28,"thermal_weight":0.252,"elevation_m":695.2,"land_cover":"Evergreen Broadleaf Forest"}},{"type":"Feature","geometry":{"type":"Point","coordinates":[106.8875,-6.6019]},"properties":{"lst_celsius":25.28,"thermal_weight":0.252,"elevation_m":695.2,"land_cover":"Evergreen Broadleaf Forest"}},{"type":"Feature","geometry":{"type":"Point","coordinates":[106.9,-6.6019]},"properties":{"lst_celsius":25.28,"thermal_weight":0.252,"elevation_m":695.2,"land_cover":"Evergreen Broadleaf Forest"}},{"type":"Feature","geometry":{"type":"Point","coordinates":[106.9125,-6.6019]},"properties":{"lst_celsius":25.28,"thermal_weight":0.252,"elevation_m":695.2,"land_cover":"Evergreen Broadleaf Forest"}},{"type":"Feature","geometry":{"type":"Point","coordinates":[106.925,-6.6019]},"properties":{"lst_celsius":25.28,"thermal_weight":0.252,"elevation_m":695.2,"land_cover":"Evergreen Broadleaf Forest"}},{"type":"Feature","geometry":{"type":"Point","coordinates":[106.9375,-6.6019]},"properties":{"lst_celsius":25.28,"thermal_weight":0.252,"elevation_m":695.2,"land_cover":"Evergreen Broadleaf Forest"}},{"type":"Feature","geometry":{"type":"Point","coordinates":[106.95,-6.6019]},"properties":{"lst_celsius":25.28,"thermal_weight":0.252,"elevation_m":695.2,"land_cover":"Evergreen Broadleaf Forest"}},{"type":"Feature","geometry":{"type":"Point","coordinates":[106.9625,-6.6019]},"properties":{"lst_celsius":25.28,"thermal_weight":0.252,"elevation_m":695.2,"land_cover":"Evergreen Broadleaf Forest"}},{"type":"Feature","geometry":{"type":"Point","coordinates":[106.975,-6.6019]},"properties":{"lst_celsius":25.28,"thermal_weight":0.252,"elevation_m":695.2,"land_cover":"Evergreen Broadleaf Forest"}},{"type":"Feature","geometry":{"type":"Point","coordinates":[106.9875,-6.6019]},"properties":{"lst_celsius":25.28,"thermal_weight":0.252,"elevation_m":695.2,"land_cover":"Evergreen Broadleaf Forest"}},{"type":"Feature","geometry":{"type":"Point","coordinates":[107,-6.6019]},"properties":{"lst_celsius":25.28,"thermal_weight":0.252,"elevation_m":695.2,"land_cover":"Evergreen Broadleaf Forest"}},{"type":"Feature","geometry":{"type":"Point","coordinates":[107.0125,-6.6019]},"properties":{"lst_celsius":25.28,"thermal_weight":0.252,"elevation_m":695.2,"land_cover":"Evergreen Broadleaf Forest"}},{"type":"Feature","geometry":{"type":"Point","coordinates":[107.025,-6.6019]},"properties":{"lst_celsius":25.28,"thermal_weight":0.252,"elevation_m":695.2,"land_cover":"Evergreen Broadleaf Forest"}},{"type":"Feature","geometry":{"type":"Point","coordinates":[107.0375,-6.6019]},"properties":{"lst_celsius":25.28,"thermal_weight":0.252,"elevation_m":695.2,"land_cover":"Evergreen Broadleaf Forest"}},{"type":"Feature","geometry":{"type":"Point","coordinates":[107.05,-6.6019]},"properties":{"lst_celsius":25.28,"thermal_weight":0.252,"elevation_m":695.2,"land_cover":"Evergreen Broadleaf Forest"}},{"type":"Feature","geometry":{"type":"Point","coordinates":[107.0625,-6.6019]},"properties":{"lst_celsius":25.28,"thermal_weight":0.252,"elevation_m":695.2,"land_cover":"Evergreen Broadleaf Forest"}},{"type":"Feature","geometry":{"type":"Point","coordinates":[107.075,-6.6019]},"properties":{"lst_celsius":25.28,"thermal_weight":0.252,"elevation_m":695.2,"land_cover":"Evergreen Broadleaf Forest"}},{"type":"Feature","geometry":{"type":"Point","coordinates":[107.0875,-6.6019]},"properties":{"lst_celsius":25.28,"thermal_weight":0.252,"elevation_m":695.2,"land_cover":"Evergreen Broadleaf Forest"}},{"type":"Feature","geometry":{"type":"Point","coordinates":[107.1,-6.6019]},"properties":{"lst_celsius":25.28,"thermal_weight":0.252,"elevation_m":695.2,"land_cover":"Evergreen Broadleaf Forest"}},{"type":"Feature","geometry":{"type":"Point","coordinates":[107.1125,-6.6019]},"properties":{"lst_celsius":25.28,"thermal_weight":0.252,"elevation_m":695.2,"land_cover":"Evergreen Broadleaf Forest"}},{"type":"Feature","geometry":{"type":"Point","coordinates":[107.125,-6.6019]},"properties":{"lst_celsius":25.28,"thermal_weight":0.252,"elevation_m":695.2,"land_cover":"Evergreen Broadleaf Forest"}},{"type":"Feature","geometry":{"type":"Point","coordinates":[107.1375,-6.6019]},"properties":{"lst_celsius":25.28,"thermal_weight":0.252,"elevation_m":695.2,"land_cover":"Evergreen Broadleaf Forest"}},{"type":"Feature","geometry":{"type":"Point","coordinates":[107.15,-6.6019]},"properties":{"lst_celsius":25.28,"thermal_weight":0.252,"elevation_m":695.2,"land_cover":"Evergreen Broadleaf Forest"}},{"type":"Feature","geometry":{"type":"Point","coordinates":[107.1625,-6.6019]},"properties":{"lst_celsius":25.28,"thermal_weight":0.252,"elevation_m":695.2,"land_cover":"Evergreen Broadleaf Forest"}},{"type":"Feature","geometry":{"type":"Point","coordinates":[107.175,-6.6019]},"properties":{"lst_celsius":25.28,"thermal_weight":0.252,"elevation_m":695.2,"land_cover":"Evergreen Broadleaf Forest"}},{"type":"Feature","geometry":{"type":"Point","coordinates":[107.1875,-6.6019]},"properties":{"lst_celsius":25.28,"thermal_weight":0.252,"elevation_m":695.2,"land_cover":"Evergreen Broadleaf Forest"}},{"type":"Feature","geometry":{"type":"Point","coordinates":[107.2,-6.6019]},"properties":{"lst_celsius":25.28,"thermal_weight":0.252,"elevation_m":695.2,"land_cover":"Evergreen Broadleaf Forest"}},{"type":"Feature","geometry":{"type":"Point","coordinates":[107.2125,-6.6019]},"properties":{"lst_celsius":25.28,"thermal_weight":0.252,"elevation_m":695.2,"land_cover":"Evergreen Broadleaf Forest"}},{"type":"Feature","geometry":{"type":"Point","coordinates":[107.225,-6.6019]},"properties":{"lst_celsius":25.28,"thermal_weight":0.252,"elevation_m":695.2,"land_cover":"Evergreen Broadleaf Forest"}},{"type":"Feature","geometry":{"type":"Point","coordinates":[107.2375,-6.6019]},"properties":{"lst_celsius":25.28,"thermal_weight":0.252,"elevation_m":695.2,"land_cover":"Evergreen Broadleaf Forest"}},{"type":"Feature","geometry":{"type":"Point","coordinates":[107.25,-6.6019]},"properties":{"lst_celsius":25.28,"thermal_weight":0.252,"elevation_m":695.2,"land_cover":"Evergreen Broadleaf Forest"}},{"type":"Feature","geometry":{"type":"Point","coordinates":[107.2625,-6.6019]},"properties":{"lst_celsius":25.28,"thermal_weight":0.252,"elevation_m":695.2,"land_cover":"Evergreen Broadleaf Forest"}},{"type":"Feature","geometry":{"type":"Point","coordinates":[107.275,-6.6019]},"properties":{"lst_celsius":25.28,"thermal_weight":0.252,"elevation_m":695.2,"land_cover":"Evergreen Broadleaf Forest"}},{"type":"Feature","geometry":{"type":"Point","coordinates":[107.2875,-6.6019]},"properties":{"lst_celsius":25.28,"thermal_weight":0.252,"elevation_m":695.2,"land_cover":"Evergreen Broadleaf Forest"}},{"type":"Feature","geometry":{"type":"Point","coordinates":[107.3,-6.6019]},"properties":{"lst_celsius":25.28,"thermal_weight":0.252,"elevation_m":695.2,"land_cover":"Evergreen Broadleaf Forest"}},{"type":"Feature","geometry":{"type":"Point","coordinates":[106.5,-6.5898]},"properties":{"lst_celsius":25.5,"thermal_weight":0.269,"elevation_m":661.5,"land_cover":"Evergreen Broadleaf Forest"}},{"type":"Feature","geometry":{"type":"Point","coordinates":[106.5125,-6.5898]},"properties":{"lst_celsius":25.5,"thermal_weight":0.269,"elevation_m":661.5,"land_cover":"Evergreen Broadleaf Forest"}},{"type":"Feature","geometry":{"type":"Point","coordinates":[106.525,-6.5898]},"properties":{"lst_celsius":25.5,"thermal_weight":0.269,"elevation_m":661.5,"land_cover":"Evergreen Broadleaf Forest"}},{"type":"Feature","geometry":{"type":"Point","coordinates":[106.5375,-6.5898]},"properties":{"lst_celsius":25.5,"thermal_weight":0.269,"elevation_m":661.5,"land_cover":"Evergreen Broadleaf Forest"}},{"type":"Feature","geometry":{"type":"Point","coordinates":[106.55,-6.5898]},"properties":{"lst_celsius":25.5,"thermal_weight":0.269,"elevation_m":661.5,"land_cover":"Evergreen Broadleaf Forest"}},{"type":"Feature","geometry":{"type":"Point","coordinates":[106.5625,-6.5898]},"properties":{"lst_celsius":25.5,"thermal_weight":0.269,"elevation_m":661.5,"land_cover":"Evergreen Broadleaf Forest"}},{"type":"Feature","geometry":{"type":"Point","coordinates":[106.575,-6.5898]},"properties":{"lst_celsius":25.5,"thermal_weight":0.269,"elevation_m":661.5,"land_cover":"Evergreen Broadleaf Forest"}},{"type":"Feature","geometry":{"type":"Point","coordinates":[106.5875,-6.5898]},"properties":{"lst_celsius":25.5,"thermal_weight":0.269,"elevation_m":661.5,"land_cover":"Evergreen Broadleaf Forest"}},{"type":"Feature","geometry":{"type":"Point","coordinates":[106.6,-6.5898]},"properties":{"lst_celsius":25.5,"thermal_weight":0.269,"elevation_m":661.5,"land_cover":"Evergreen Broadleaf Forest"}},{"type":"Feature","geometry":{"type":"Point","coordinates":[106.6125,-6.5898]},"properties":{"lst_celsius":25.5,"thermal_weight":0.269,"elevation_m":661.5,"land_cover":"Evergreen Broadleaf Forest"}},{"type":"Feature","geometry":{"type":"Point","coordinates":[106.625,-6.5898]},"properties":{"lst_celsius":25.5,"thermal_weight":0.269,"elevation_m":661.5,"land_cover":"Evergreen Broadleaf Forest"}},{"type":"Feature","geometry":{"type":"Point","coordinates":[106.6375,-6.5898]},"properties":{"lst_celsius":25.5,"thermal_weight":0.269,"elevation_m":661.5,"land_cover":"Evergreen Broadleaf Forest"}},{"type":"Feature","geometry":{"type":"Point","coordinates":[106.65,-6.5898]},"properties":{"lst_celsius":25.5,"thermal_weight":0.269,"elevation_m":661.5,"land_cover":"Evergreen Broadleaf Forest"}},{"type":"Feature","geometry":{"type":"Point","coordinates":[106.6625,-6.5898]},"properties":{"lst_celsius":25.5,"thermal_weight":0.269,"elevation_m":661.5,"land_cover":"Evergreen Broadleaf Forest"}},{"type":"Feature","geometry":{"type":"Point","coordinates":[106.675,-6.5898]},"properties":{"lst_celsius":25.5,"thermal_weight":0.269,"elevation_m":661.5,"land_cover":"Evergreen Broadleaf Forest"}},{"type":"Feature","geometry":{"type":"Point","coordinates":[106.6875,-6.5898]},"properties":{"lst_celsius":25.5,"thermal_weight":0.269,"elevation_m":661.5,"land_cover":"Evergreen Broadleaf Forest"}},{"type":"Feature","geometry":{"type":"Point","coordinates":[106.7,-6.5898]},"properties":{"lst_celsius":25.5,"thermal_weight":0.269,"elevation_m":661.5,"land_cover":"Evergreen Broadleaf Forest"}},{"type":"Feature","geometry":{"type":"Point","coordinates":[106.7125,-6.5898]},"properties":{"lst_celsius":25.5,"thermal_weight":0.269,"elevation_m":661.5,"land_cover":"Evergreen Broadleaf Forest"}},{"type":"Feature","geometry":{"type":"Point","coordinates":[106.725,-6.5898]},"properties":{"lst_celsius":25.5,"thermal_weight":0.269,"elevation_m":661.5,"land_cover":"Evergreen Broadleaf Forest"}},{"type":"Feature","geometry":{"type":"Point","coordinates":[106.7375,-6.5898]},"properties":{"lst_celsius":25.5,"thermal_weight":0.269,"elevation_m":661.5,"land_cover":"Evergreen Broadleaf Forest"}},{"type":"Feature","geometry":{"type":"Point","coordinates":[106.75,-6.5898]},"properties":{"lst_celsius":25.5,"thermal_weight":0.269,"elevation_m":661.5,"land_cover":"Evergreen Broadleaf Forest"}},{"type":"Feature","geometry":{"type":"Point","coordinates":[106.7625,-6.5898]},"properties":{"lst_celsius":25.5,"thermal_weight":0.269,"elevation_m":661.5,"land_cover":"Evergreen Broadleaf Forest"}},{"type":"Feature","geometry":{"type":"Point","coordinates":[106.775,-6.5898]},"properties":{"lst_celsius":25.5,"thermal_weight":0.269,"elevation_m":661.5,"land_cover":"Evergreen Broadleaf Forest"}},{"type":"Feature","geometry":{"type":"Point","coordinates":[106.7875,-6.5898]},"properties":{"lst_celsius":25.5,"thermal_weight":0.269,"elevation_m":661.5,"land_cover":"Evergreen Broadleaf Forest"}},{"type":"Feature","geometry":{"type":"Point","coordinates":[106.8,-6.5898]},"properties":{"lst_celsius":25.5,"thermal_weight":0.269,"elevation_m":661.5,"land_cover":"Evergreen Broadleaf Forest"}},{"type":"Feature","geometry":{"type":"Point","coordinates":[106.8125,-6.5898]},"properties":{"lst_celsius":25.5,"thermal_weight":0.269,"elevation_m":661.5,"land_cover":"Evergreen Broadleaf Forest"}},{"type":"Feature","geometry":{"type":"Point","coordinates":[106.825,-6.5898]},"properties":{"lst_celsius":25.5,"thermal_weight":0.269,"elevation_m":661.5,"land_cover":"Evergreen Broadleaf Forest"}},{"type":"Feature","geometry":{"type":"Point","coordinates":[106.8375,-6.5898]},"properties":{"lst_celsius":25.5,"thermal_weight":0.269,"elevation_m":661.5,"land_cover":"Evergreen Broadleaf Forest"}},{"type":"Feature","geometry":{"type":"Point","coordinates":[106.85,-6.5898]},"properties":{"lst_celsius":25.5,"thermal_weight":0.269,"elevation_m":661.5,"land_cover":"Evergreen Broadleaf Forest"}},{"type":"Feature","geometry":{"type":"Point","coordinates":[106.8625,-6.5898]},"properties":{"lst_celsius":25.5,"thermal_weight":0.269,"elevation_m":661.5,"land_cover":"Evergreen Broadleaf Forest"}},{"type":"Feature","geometry":{"type":"Point","coordinates":[106.875,-6.5898]},"properties":{"lst_celsius":25.5,"thermal_weight":0.269,"elevation_m":661.5,"land_cover":"Evergreen Broadleaf Forest"}},{"type":"Feature","geometry":{"type":"Point","coordinates":[106.8875,-6.5898]},"properties":{"lst_celsius":25.5,"thermal_weight":0.269,"elevation_m":661.5,"land_cover":"Evergreen Broadleaf Forest"}},{"type":"Feature","geometry":{"type":"Point","coordinates":[106.9,-6.5898]},"properties":{"lst_celsius":25.5,"thermal_weight":0.269,"elevation_m":661.5,"land_cover":"Evergreen Broadleaf Forest"}},{"type":"Feature","geometry":{"type":"Point","coordinates":[106.9125,-6.5898]},"properties":{"lst_celsius":25.5,"thermal_weight":0.269,"elevation_m":661.5,"land_cover":"Evergreen Broadleaf Forest"}},{"type":"Feature","geometry":{"type":"Point","coordinates":[106.925,-6.5898]},"properties":{"lst_celsius":25.5,"thermal_weight":0.269,"elevation_m":661.5,"land_cover":"Evergreen Broadleaf Forest"}},{"type":"Feature","geometry":{"type":"Point","coordinates":[106.9375,-6.5898]},"properties":{"lst_celsius":25.5,"thermal_weight":0.269,"elevation_m":661.5,"land_cover":"Evergreen Broadleaf Forest"}},{"type":"Feature","geometry":{"type":"Point","coordinates":[106.95,-6.5898]},"properties":{"lst_celsius":25.5,"thermal_weight":0.269,"elevation_m":661.5,"land_cover":"Evergreen Broadleaf Forest"}},{"type":"Feature","geometry":{"type":"Point","coordinates":[106.9625,-6.5898]},"properties":{"lst_celsius":25.5,"thermal_weight":0.269,"elevation_m":661.5,"land_cover":"Evergreen Broadleaf Forest"}},{"type":"Feature","geometry":{"type":"Point","coordinates":[106.975,-6.5898]},"properties":{"lst_celsius":25.5,"thermal_weight":0.269,"elevation_m":661.5,"land_cover":"Evergreen Broadleaf Forest"}},{"type":"Feature","geometry":{"type":"Point","coordinates":[106.9875,-6.5898]},"properties":{"lst_celsius":25.5,"thermal_weight":0.269,"elevation_m":661.5,"land_cover":"Evergreen Broadleaf Forest"}},{"type":"Feature","geometry":{"type":"Point","coordinates":[107,-6.5898]},"properties":{"lst_celsius":25.5,"thermal_weight":0.269,"elevation_m":661.5,"land_cover":"Evergreen Broadleaf Forest"}},{"type":"Feature","geometry":{"type":"Point","coordinates":[107.0125,-6.5898]},"properties":{"lst_celsius":25.5,"thermal_weight":0.269,"elevation_m":661.5,"land_cover":"Evergreen Broadleaf Forest"}},{"type":"Feature","geometry":{"type":"Point","coordinates":[107.025,-6.5898]},"properties":{"lst_celsius":25.5,"thermal_weight":0.269,"elevation_m":661.5,"land_cover":"Evergreen Broadleaf Forest"}},{"type":"Feature","geometry":{"type":"Point","coordinates":[107.0375,-6.5898]},"properties":{"lst_celsius":25.5,"thermal_weight":0.269,"elevation_m":661.5,"land_cover":"Evergreen Broadleaf Forest"}},{"type":"Feature","geometry":{"type":"Point","coordinates":[107.05,-6.5898]},"properties":{"lst_celsius":25.5,"thermal_weight":0.269,"elevation_m":661.5,"land_cover":"Evergreen Broadleaf Forest"}},{"type":"Feature","geometry":{"type":"Point","coordinates":[107.0625,-6.5898]},"properties":{"lst_celsius":25.5,"thermal_weight":0.269,"elevation_m":661.5,"land_cover":"Evergreen Broadleaf Forest"}},{"type":"Feature","geometry":{"type":"Point","coordinates":[107.075,-6.5898]},"properties":{"lst_celsius":25.5,"thermal_weight":0.269,"elevation_m":661.5,"land_cover":"Evergreen Broadleaf Forest"}},{"type":"Feature","geometry":{"type":"Point","coordinates":[107.0875,-6.5898]},"properties":{"lst_celsius":25.5,"thermal_weight":0.269,"elevation_m":661.5,"land_cover":"Evergreen Broadleaf Forest"}},{"type":"Feature","geometry":{"type":"Point","coordinates":[107.1,-6.5898]},"properties":{"lst_celsius":25.5,"thermal_weight":0.269,"elevation_m":661.5,"land_cover":"Evergreen Broadleaf Forest"}},{"type":"Feature","geometry":{"type":"Point","coordinates":[107.1125,-6.5898]},"properties":{"lst_celsius":25.5,"thermal_weight":0.269,"elevation_m":661.5,"land_cover":"Evergreen Broadleaf Forest"}},{"type":"Feature","geometry":{"type":"Point","coordinates":[107.125,-6.5898]},"properties":{"lst_celsius":25.5,"thermal_weight":0.269,"elevation_m":661.5,"land_cover":"Evergreen Broadleaf Forest"}},{"type":"Feature","geometry":{"type":"Point","coordinates":[107.1375,-6.5898]},"properties":{"lst_celsius":25.5,"thermal_weight":0.269,"elevation_m":661.5,"land_cover":"Evergreen Broadleaf Forest"}},{"type":"Feature","geometry":{"type":"Point","coordinates":[107.15,-6.5898]},"properties":{"lst_celsius":25.5,"thermal_weight":0.269,"elevation_m":661.5,"land_cover":"Evergreen Broadleaf Forest"}},{"type":"Feature","geometry":{"type":"Point","coordinates":[107.1625,-6.5898]},"properties":{"lst_celsius":25.5,"thermal_weight":0.269,"elevation_m":661.5,"land_cover":"Evergreen Broadleaf Forest"}},{"type":"Feature","geometry":{"type":"Point","coordinates":[107.175,-6.5898]},"properties":{"lst_celsius":25.5,"thermal_weight":0.269,"elevation_m":661.5,"land_cover":"Evergreen Broadleaf Forest"}},{"type":"Feature","geometry":{"type":"Point","coordinates":[107.1875,-6.5898]},"properties":{"lst_celsius":25.5,"thermal_weight":0.269,"elevation_m":661.5,"land_cover":"Evergreen Broadleaf Forest"}},{"type":"Feature","geometry":{"type":"Point","coordinates":[107.2,-6.5898]},"properties":{"lst_celsius":25.5,"thermal_weight":0.269,"elevation_m":661.5,"land_cover":"Evergreen Broadleaf Forest"}},{"type":"Feature","geometry":{"type":"Point","coordinates":[107.2125,-6.5898]},"properties":{"lst_celsius":25.5,"thermal_weight":0.269,"elevation_m":661.5,"land_cover":"Evergreen Broadleaf Forest"}},{"type":"Feature","geometry":{"type":"Point","coordinates":[107.225,-6.5898]},"properties":{"lst_celsius":25.5,"thermal_weight":0.269,"elevation_m":661.5,"land_cover":"Evergreen Broadleaf Forest"}},{"type":"Feature","geometry":{"type":"Point","coordinates":[107.2375,-6.5898]},"properties":{"lst_celsius":25.5,"thermal_weight":0.269,"elevation_m":661.5,"land_cover":"Evergreen Broadleaf Forest"}},{"type":"Feature","geometry":{"type":"Point","coordinates":[107.25,-6.5898]},"properties":{"lst_celsius":25.5,"thermal_weight":0.269,"elevation_m":661.5,"land_cover":"Evergreen Broadleaf Forest"}},{"type":"Feature","geometry":{"type":"Point","coordinates":[107.2625,-6.5898]},"properties":{"lst_celsius":25.5,"thermal_weight":0.269,"elevation_m":661.5,"land_cover":"Evergreen Broadleaf Forest"}},{"type":"Feature","geometry":{"type":"Point","coordinates":[107.275,-6.5898]},"properties":{"lst_celsius":25.5,"thermal_weight":0.269,"elevation_m":661.5,"land_cover":"Evergreen Broadleaf Forest"}},{"type":"Feature","geometry":{"type":"Point","coordinates":[107.2875,-6.5898]},"properties":{"lst_celsius":25.5,"thermal_weight":0.269,"elevation_m":661.5,"land_cover":"Evergreen Broadleaf Forest"}},{"type":"Feature","geometry":{"type":"Point","coordinates":[107.3,-6.5898]},"properties":{"lst_celsius":25.5,"thermal_weight":0.269,"elevation_m":661.5,"land_cover":"Evergreen Broadleaf Forest"}},{"type":"Feature","geometry":{"type":"Point","coordinates":[106.5,-6.5778]},"properties":{"lst_celsius":25.72,"thermal_weight":0.286,"elevation_m":627.8,"land_cover":"Evergreen Broadleaf Forest"}},{"type":"Feature","geometry":{"type":"Point","coordinates":[106.5125,-6.5778]},"properties":{"lst_celsius":25.72,"thermal_weight":0.286,"elevation_m":627.8,"land_cover":"Evergreen Broadleaf Forest"}},{"type":"Feature","geometry":{"type":"Point","coordinates":[106.525,-6.5778]},"properties":{"lst_celsius":25.72,"thermal_weight":0.286,"elevation_m":627.8,"land_cover":"Evergreen Broadleaf Forest"}},{"type":"Feature","geometry":{"type":"Point","coordinates":[106.5375,-6.5778]},"properties":{"lst_celsius":25.72,"thermal_weight":0.286,"elevation_m":627.8,"land_cover":"Evergreen Broadleaf Forest"}},{"type":"Feature","geometry":{"type":"Point","coordinates":[106.55,-6.5778]},"properties":{"lst_celsius":25.72,"thermal_weight":0.286,"elevation_m":627.8,"land_cover":"Evergreen Broadleaf Forest"}},{"type":"Feature","geometry":{"type":"Point","coordinates":[106.5625,-6.5778]},"properties":{"lst_celsius":25.72,"thermal_weight":0.286,"elevation_m":627.8,"land_cover":"Evergreen Broadleaf Forest"}},{"type":"Feature","geometry":{"type":"Point","coordinates":[106.575,-6.5778]},"properties":{"lst_celsius":25.72,"thermal_weight":0.286,"elevation_m":627.8,"land_cover":"Evergreen Broadleaf Forest"}},{"type":"Feature","geometry":{"type":"Point","coordinates":[106.5875,-6.5778]},"properties":{"lst_celsius":25.72,"thermal_weight":0.286,"elevation_m":627.8,"land_cover":"Evergreen Broadleaf Forest"}},{"type":"Feature","geometry":{"type":"Point","coordinates":[106.6,-6.5778]},"properties":{"lst_celsius":25.72,"thermal_weight":0.286,"elevation_m":627.8,"land_cover":"Evergreen Broadleaf Forest"}},{"type":"Feature","geometry":{"type":"Point","coordinates":[106.6125,-6.5778]},"properties":{"lst_celsius":25.72,"thermal_weight":0.286,"elevation_m":627.8,"land_cover":"Evergreen Broadleaf Forest"}},{"type":"Feature","geometry":{"type":"Point","coordinates":[106.625,-6.5778]},"properties":{"lst_celsius":25.72,"thermal_weight":0.286,"elevation_m":627.8,"land_cover":"Evergreen Broadleaf Forest"}},{"type":"Feature","geometry":{"type":"Point","coordinates":[106.6375,-6.5778]},"properties":{"lst_celsius":25.72,"thermal_weight":0.286,"elevation_m":627.8,"land_cover":"Evergreen Broadleaf Forest"}},{"type":"Feature","geometry":{"type":"Point","coordinates":[106.65,-6.5778]},"properties":{"lst_celsius":25.72,"thermal_weight":0.286,"elevation_m":627.8,"land_cover":"Evergreen Broadleaf Forest"}},{"type":"Feature","geometry":{"type":"Point","coordinates":[106.6625,-6.5778]},"properties":{"lst_celsius":25.72,"thermal_weight":0.286,"elevation_m":627.8,"land_cover":"Evergreen Broadleaf Forest"}},{"type":"Feature","geometry":{"type":"Point","coordinates":[106.675,-6.5778]},"properties":{"lst_celsius":25.72,"thermal_weight":0.286,"elevation_m":627.8,"land_cover":"Evergreen Broadleaf Forest"}},{"type":"Feature","geometry":{"type":"Point","coordinates":[106.6875,-6.5778]},"properties":{"lst_celsius":25.72,"thermal_weight":0.286,"elevation_m":627.8,"land_cover":"Evergreen Broadleaf Forest"}},{"type":"Feature","geometry":{"type":"Point","coordinates":[106.7,-6.5778]},"properties":{"lst_celsius":25.72,"thermal_weight":0.286,"elevation_m":627.8,"land_cover":"Evergreen Broadleaf Forest"}},{"type":"Feature","geometry":{"type":"Point","coordinates":[106.7125,-6.5778]},"properties":{"lst_celsius":25.72,"thermal_weight":0.286,"elevation_m":627.8,"land_cover":"Evergreen Broadleaf Forest"}},{"type":"Feature","geometry":{"type":"Point","coordinates":[106.725,-6.5778]},"properties":{"lst_celsius":25.72,"thermal_weight":0.286,"elevation_m":627.8,"land_cover":"Evergreen Broadleaf Forest"}},{"type":"Feature","geometry":{"type":"Point","coordinates":[106.7375,-6.5778]},"properties":{"lst_celsius":25.72,"thermal_weight":0.286,"elevation_m":627.8,"land_cover":"Evergreen Broadleaf Forest"}},{"type":"Feature","geometry":{"type":"Point","coordinates":[106.75,-6.5778]},"properties":{"lst_celsius":25.72,"thermal_weight":0.286,"elevation_m":627.8,"land_cover":"Evergreen Broadleaf Forest"}},{"type":"Feature","geometry":{"type":"Point","coordinates":[106.7625,-6.5778]},"properties":{"lst_celsius":25.72,"thermal_weight":0.286,"elevation_m":627.8,"land_cover":"Evergreen Broadleaf Forest"}},{"type":"Feature","geometry":{"type":"Point","coordinates":[106.775,-6.5778]},"properties":{"lst_celsius":25.72,"thermal_weight":0.286,"elevation_m":627.8,"land_cover":"Evergreen Broadleaf Forest"}},{"type":"Feature","geometry":{"type":"Point","coordinates":[106.7875,-6.5778]},"properties":{"lst_celsius":25.72,"thermal_weight":0.286,"elevation_m":627.8,"land_cover":"Evergreen Broadleaf Forest"}},{"type":"Feature","geometry":{"type":"Point","coordinates":[106.8,-6.5778]},"properties":{"lst_celsius":25.72,"thermal_weight":0.286,"elevation_m":627.8,"land_cover":"Evergreen Broadleaf Forest"}},{"type":"Feature","geometry":{"type":"Point","coordinates":[106.8125,-6.5778]},"properties":{"lst_celsius":25.72,"thermal_weight":0.286,"elevation_m":627.8,"land_cover":"Evergreen Broadleaf Forest"}},{"type":"Feature","geometry":{"type":"Point","coordinates":[106.825,-6.5778]},"properties":{"lst_celsius":25.72,"thermal_weight":0.286,"elevation_m":627.8,"land_cover":"Evergreen Broadleaf Forest"}},{"type":"Feature","geometry":{"type":"Point","coordinates":[106.8375,-6.5778]},"properties":{"lst_celsius":25.72,"thermal_weight":0.286,"elevation_m":627.8,"land_cover":"Evergreen Broadleaf Forest"}},{"type":"Feature","geometry":{"type":"Point","coordinates":[106.85,-6.5778]},"properties":{"lst_celsius":25.72,"thermal_weight":0.286,"elevation_m":627.8,"land_cover":"Evergreen Broadleaf Forest"}},{"type":"Feature","geometry":{"type":"Point","coordinates":[106.8625,-6.5778]},"properties":{"lst_celsius":25.72,"thermal_weight":0.286,"elevation_m":627.8,"land_cover":"Evergreen Broadleaf Forest"}},{"type":"Feature","geometry":{"type":"Point","coordinates":[106.875,-6.5778]},"properties":{"lst_celsius":25.72,"thermal_weight":0.286,"elevation_m":627.8,"land_cover":"Evergreen Broadleaf Forest"}},{"type":"Feature","geometry":{"type":"Point","coordinates":[106.8875,-6.5778]},"properties":{"lst_celsius":25.72,"thermal_weight":0.286,"elevation_m":627.8,"land_cover":"Evergreen Broadleaf Forest"}},{"type":"Feature","geometry":{"type":"Point","coordinates":[106.9,-6.5778]},"properties":{"lst_celsius":25.72,"thermal_weight":0.286,"elevation_m":627.8,"land_cover":"Evergreen Broadleaf Forest"}},{"type":"Feature","geometry":{"type":"Point","coordinates":[106.9125,-6.5778]},"properties":{"lst_celsius":25.72,"thermal_weight":0.286,"elevation_m":627.8,"land_cover":"Evergreen Broadleaf Forest"}},{"type":"Feature","geometry":{"type":"Point","coordinates":[106.925,-6.5778]},"properties":{"lst_celsius":25.72,"thermal_weight":0.286,"elevation_m":627.8,"land_cover":"Evergreen Broadleaf Forest"}},{"type":"Feature","geometry":{"type":"Point","coordinates":[106.9375,-6.5778]},"properties":{"lst_celsius":25.72,"thermal_weight":0.286,"elevation_m":627.8,"land_cover":"Evergreen Broadleaf Forest"}},{"type":"Feature","geometry":{"type":"Point","coordinates":[106.95,-6.5778]},"properties":{"lst_celsius":25.72,"thermal_weight":0.286,"elevation_m":627.8,"land_cover":"Evergreen Broadleaf Forest"}},{"type":"Feature","geometry":{"type":"Point","coordinates":[106.9625,-6.5778]},"properties":{"lst_celsius":25.72,"thermal_weight":0.286,"elevation_m":627.8,"land_cover":"Evergreen Broadleaf Forest"}},{"type":"Feature","geometry":{"type":"Point","coordinates":[106.975,-6.5778]},"properties":{"lst_celsius":25.72,"thermal_weight":0.286,"elevation_m":627.8,"land_cover":"Evergreen Broadleaf Forest"}},{"type":"Feature","geometry":{"type":"Point","coordinates":[106.9875,-6.5778]},"properties":{"lst_celsius":25.72,"thermal_weight":0.286,"elevation_m":627.8,"land_cover":"Evergreen Broadleaf Forest"}},{"type":"Feature","geometry":{"type":"Point","coordinates":[107,-6.5778]},"properties":{"lst_celsius":25.72,"thermal_weight":0.286,"elevation_m":627.8,"land_cover":"Evergreen Broadleaf Forest"}},{"type":"Feature","geometry":{"type":"Point","coordinates":[107.0125,-6.5778]},"properties":{"lst_celsius":25.72,"thermal_weight":0.286,"elevation_m":627.8,"land_cover":"Evergreen Broadleaf Forest"}},{"type":"Feature","geometry":{"type":"Point","coordinates":[107.025,-6.5778]},"properties":{"lst_celsius":25.72,"thermal_weight":0.286,"elevation_m":627.8,"land_cover":"Evergreen Broadleaf Forest"}},{"type":"Feature","geometry":{"type":"Point","coordinates":[107.0375,-6.5778]},"properties":{"lst_celsius":25.72,"thermal_weight":0.286,"elevation_m":627.8,"land_cover":"Evergreen Broadleaf Forest"}},{"type":"Feature","geometry":{"type":"Point","coordinates":[107.05,-6.5778]},"properties":{"lst_celsius":25.72,"thermal_weight":0.286,"elevation_m":627.8,"land_cover":"Evergreen Broadleaf Forest"}},{"type":"Feature","geometry":{"type":"Point","coordinates":[107.0625,-6.5778]},"properties":{"lst_celsius":25.72,"thermal_weight":0.286,"elevation_m":627.8,"land_cover":"Evergreen Broadleaf Forest"}},{"type":"Feature","geometry":{"type":"Point","coordinates":[107.075,-6.5778]},"properties":{"lst_celsius":25.72,"thermal_weight":0.286,"elevation_m":627.8,"land_cover":"Evergreen Broadleaf Forest"}},{"type":"Feature","geometry":{"type":"Point","coordinates":[107.0875,-6.5778]},"properties":{"lst_celsius":25.72,"thermal_weight":0.286,"elevation_m":627.8,"land_cover":"Evergreen Broadleaf Forest"}},{"type":"Feature","geometry":{"type":"Point","coordinates":[107.1,-6.5778]},"properties":{"lst_celsius":25.72,"thermal_weight":0.286,"elevation_m":627.8,"land_cover":"Evergreen Broadleaf Forest"}},{"type":"Feature","geometry":{"type":"Point","coordinates":[107.1125,-6.5778]},"properties":{"lst_celsius":25.72,"thermal_weight":0.286,"elevation_m":627.8,"land_cover":"Evergreen Broadleaf Forest"}},{"type":"Feature","geometry":{"type":"Point","coordinates":[107.125,-6.5778]},"properties":{"lst_celsius":25.72,"thermal_weight":0.286,"elevation_m":627.8,"land_cover":"Evergreen Broadleaf Forest"}},{"type":"Feature","geometry":{"type":"Point","coordinates":[107.1375,-6.5778]},"properties":{"lst_celsius":25.72,"thermal_weight":0.286,"elevation_m":627.8,"land_cover":"Evergreen Broadleaf Forest"}},{"type":"Feature","geometry":{"type":"Point","coordinates":[107.15,-6.5778]},"properties":{"lst_celsius":25.72,"thermal_weight":0.286,"elevation_m":627.8,"land_cover":"Evergreen Broadleaf Forest"}},{"type":"Feature","geometry":{"type":"Point","coordinates":[107.1625,-6.5778]},"properties":{"lst_celsius":25.72,"thermal_weight":0.286,"elevation_m":627.8,"land_cover":"Evergreen Broadleaf Forest"}},{"type":"Feature","geometry":{"type":"Point","coordinates":[107.175,-6.5778]},"properties":{"lst_celsius":25.72,"thermal_weight":0.286,"elevation_m":627.8,"land_cover":"Evergreen Broadleaf Forest"}},{"type":"Feature","geometry":{"type":"Point","coordinates":[107.1875,-6.5778]},"properties":{"lst_celsius":25.72,"thermal_weight":0.286,"elevation_m":627.8,"land_cover":"Evergreen Broadleaf Forest"}},{"type":"Feature","geometry":{"type":"Point","coordinates":[107.2,-6.5778]},"properties":{"lst_celsius":25.72,"thermal_weight":0.286,"elevation_m":627.8,"land_cover":"Evergreen Broadleaf Forest"}},{"type":"Feature","geometry":{"type":"Point","coordinates":[107.2125,-6.5778]},"properties":{"lst_celsius":25.72,"thermal_weight":0.286,"elevation_m":627.8,"land_cover":"Evergreen Broadleaf Forest"}},{"type":"Feature","geometry":{"type":"Point","coordinates":[107.225,-6.5778]},"properties":{"lst_celsius":25.72,"thermal_weight":0.286,"elevation_m":627.8,"land_cover":"Evergreen Broadleaf Forest"}},{"type":"Feature","geometry":{"type":"Point","coordinates":[107.2375,-6.5778]},"properties":{"lst_celsius":25.72,"thermal_weight":0.286,"elevation_m":627.8,"land_cover":"Evergreen Broadleaf Forest"}},{"type":"Feature","geometry":{"type":"Point","coordinates":[107.25,-6.5778]},"properties":{"lst_celsius":25.72,"thermal_weight":0.286,"elevation_m":627.8,"land_cover":"Evergreen Broadleaf Forest"}},{"type":"Feature","geometry":{"type":"Point","coordinates":[107.2625,-6.5778]},"properties":{"lst_celsius":25.72,"thermal_weight":0.286,"elevation_m":627.8,"land_cover":"Evergreen Broadleaf Forest"}},{"type":"Feature","geometry":{"type":"Point","coordinates":[107.275,-6.5778]},"properties":{"lst_celsius":25.72,"thermal_weight":0.286,"elevation_m":627.8,"land_cover":"Evergreen Broadleaf Forest"}},{"type":"Feature","geometry":{"type":"Point","coordinates":[107.2875,-6.5778]},"properties":{"lst_celsius":25.72,"thermal_weight":0.286,"elevation_m":627.8,"land_cover":"Evergreen Broadleaf Forest"}},{"type":"Feature","geometry":{"type":"Point","coordinates":[107.3,-6.5778]},"properties":{"lst_celsius":25.72,"thermal_weight":0.286,"elevation_m":627.8,"land_cover":"Evergreen Broadleaf Forest"}},{"type":"Feature","geometry":{"type":"Point","coordinates":[106.5,-6.5657]},"properties":{"lst_celsius":25.94,"thermal_weight":0.303,"elevation_m":594.1,"land_cover":"Evergreen Broadleaf Forest"}},{"type":"Feature","geometry":{"type":"Point","coordinates":[106.5125,-6.5657]},"properties":{"lst_celsius":25.94,"thermal_weight":0.303,"elevation_m":594.1,"land_cover":"Evergreen Broadleaf Forest"}},{"type":"Feature","geometry":{"type":"Point","coordinates":[106.525,-6.5657]},"properties":{"lst_celsius":25.94,"thermal_weight":0.303,"elevation_m":594.1,"land_cover":"Evergreen Broadleaf Forest"}},{"type":"Feature","geometry":{"type":"Point","coordinates":[106.5375,-6.5657]},"properties":{"lst_celsius":25.94,"thermal_weight":0.303,"elevation_m":594.1,"land_cover":"Evergreen Broadleaf Forest"}},{"type":"Feature","geometry":{"type":"Point","coordinates":[106.55,-6.5657]},"properties":{"lst_celsius":25.94,"thermal_weight":0.303,"elevation_m":594.1,"land_cover":"Evergreen Broadleaf Forest"}},{"type":"Feature","geometry":{"type":"Point","coordinates":[106.5625,-6.5657]},"properties":{"lst_celsius":25.94,"thermal_weight":0.303,"elevation_m":594.1,"land_cover":"Evergreen Broadleaf Forest"}},{"type":"Feature","geometry":{"type":"Point","coordinates":[106.575,-6.5657]},"properties":{"lst_celsius":25.94,"thermal_weight":0.303,"elevation_m":594.1,"land_cover":"Evergreen Broadleaf Forest"}},{"type":"Feature","geometry":{"type":"Point","coordinates":[106.5875,-6.5657]},"properties":{"lst_celsius":25.94,"thermal_weight":0.303,"elevation_m":594.1,"land_cover":"Evergreen Broadleaf Forest"}},{"type":"Feature","geometry":{"type":"Point","coordinates":[106.6,-6.5657]},"properties":{"lst_celsius":25.94,"thermal_weight":0.303,"elevation_m":594.1,"land_cover":"Evergreen Broadleaf Forest"}},{"type":"Feature","geometry":{"type":"Point","coordinates":[106.6125,-6.5657]},"properties":{"lst_celsius":25.94,"thermal_weight":0.303,"elevation_m":594.1,"land_cover":"Evergreen Broadleaf Forest"}},{"type":"Feature","geometry":{"type":"Point","coordinates":[106.625,-6.5657]},"properties":{"lst_celsius":25.94,"thermal_weight":0.303,"elevation_m":594.1,"land_cover":"Evergreen Broadleaf Forest"}},{"type":"Feature","geometry":{"type":"Point","coordinates":[106.6375,-6.5657]},"properties":{"lst_celsius":25.94,"thermal_weight":0.303,"elevation_m":594.1,"land_cover":"Evergreen Broadleaf Forest"}},{"type":"Feature","geometry":{"type":"Point","coordinates":[106.65,-6.5657]},"properties":{"lst_celsius":25.94,"thermal_weight":0.303,"elevation_m":594.1,"land_cover":"Evergreen Broadleaf Forest"}},{"type":"Feature","geometry":{"type":"Point","coordinates":[106.6625,-6.5657]},"properties":{"lst_celsius":25.94,"thermal_weight":0.303,"elevation_m":594.1,"land_cover":"Evergreen Broadleaf Forest"}},{"type":"Feature","geometry":{"type":"Point","coordinates":[106.675,-6.5657]},"properties":{"lst_celsius":25.94,"thermal_weight":0.303,"elevation_m":594.1,"land_cover":"Evergreen Broadleaf Forest"}},{"type":"Feature","geometry":{"type":"Point","coordinates":[106.6875,-6.5657]},"properties":{"lst_celsius":25.94,"thermal_weight":0.303,"elevation_m":594.1,"land_cover":"Evergreen Broadleaf Forest"}},{"type":"Feature","geometry":{"type":"Point","coordinates":[106.7,-6.5657]},"properties":{"lst_celsius":25.94,"thermal_weight":0.303,"elevation_m":594.1,"land_cover":"Evergreen Broadleaf Forest"}},{"type":"Feature","geometry":{"type":"Point","coordinates":[106.7125,-6.5657]},"properties":{"lst_celsius":25.94,"thermal_weight":0.303,"elevation_m":594.1,"land_cover":"Evergreen Broadleaf Forest"}},{"type":"Feature","geometry":{"type":"Point","coordinates":[106.725,-6.5657]},"properties":{"lst_celsius":25.94,"thermal_weight":0.303,"elevation_m":594.1,"land_cover":"Evergreen Broadleaf Forest"}},{"type":"Feature","geometry":{"type":"Point","coordinates":[106.7375,-6.5657]},"properties":{"lst_celsius":25.94,"thermal_weight":0.303,"elevation_m":594.1,"land_cover":"Evergreen Broadleaf Forest"}},{"type":"Feature","geometry":{"type":"Point","coordinates":[106.75,-6.5657]},"properties":{"lst_celsius":25.94,"thermal_weight":0.303,"elevation_m":594.1,"land_cover":"Evergreen Broadleaf Forest"}},{"type":"Feature","geometry":{"type":"Point","coordinates":[106.7625,-6.5657]},"properties":{"lst_celsius":25.94,"thermal_weight":0.303,"elevation_m":594.1,"land_cover":"Evergreen Broadleaf Forest"}},{"type":"Feature","geometry":{"type":"Point","coordinates":[106.775,-6.5657]},"properties":{"lst_celsius":25.94,"thermal_weight":0.303,"elevation_m":594.1,"land_cover":"Evergreen Broadleaf Forest"}},{"type":"Feature","geometry":{"type":"Point","coordinates":[106.7875,-6.5657]},"properties":{"lst_celsius":25.94,"thermal_weight":0.303,"elevation_m":594.1,"land_cover":"Evergreen Broadleaf Forest"}},{"type":"Feature","geometry":{"type":"Point","coordinates":[106.8,-6.5657]},"properties":{"lst_celsius":25.94,"thermal_weight":0.303,"elevation_m":594.1,"land_cover":"Evergreen Broadleaf Forest"}},{"type":"Feature","geometry":{"type":"Point","coordinates":[106.8125,-6.5657]},"properties":{"lst_celsius":25.94,"thermal_weight":0.303,"elevation_m":594.1,"land_cover":"Evergreen Broadleaf Forest"}},{"type":"Feature","geometry":{"type":"Point","coordinates":[106.825,-6.5657]},"properties":{"lst_celsius":25.94,"thermal_weight":0.303,"elevation_m":594.1,"land_cover":"Evergreen Broadleaf Forest"}},{"type":"Feature","geometry":{"type":"Point","coordinates":[106.8375,-6.5657]},"properties":{"lst_celsius":25.94,"thermal_weight":0.303,"elevation_m":594.1,"land_cover":"Evergreen Broadleaf Forest"}},{"type":"Feature","geometry":{"type":"Point","coordinates":[106.85,-6.5657]},"properties":{"lst_celsius":25.94,"thermal_weight":0.303,"elevation_m":594.1,"land_cover":"Evergreen Broadleaf Forest"}},{"type":"Feature","geometry":{"type":"Point","coordinates":[106.8625,-6.5657]},"properties":{"lst_celsius":25.94,"thermal_weight":0.303,"elevation_m":594.1,"land_cover":"Evergreen Broadleaf Forest"}},{"type":"Feature","geometry":{"type":"Point","coordinates":[106.875,-6.5657]},"properties":{"lst_celsius":25.94,"thermal_weight":0.303,"elevation_m":594.1,"land_cover":"Evergreen Broadleaf Forest"}},{"type":"Feature","geometry":{"type":"Point","coordinates":[106.8875,-6.5657]},"properties":{"lst_celsius":25.94,"thermal_weight":0.303,"elevation_m":594.1,"land_cover":"Evergreen Broadleaf Forest"}},{"type":"Feature","geometry":{"type":"Point","coordinates":[106.9,-6.5657]},"properties":{"lst_celsius":25.94,"thermal_weight":0.303,"elevation_m":594.1,"land_cover":"Evergreen Broadleaf Forest"}},{"type":"Feature","geometry":{"type":"Point","coordinates":[106.9125,-6.5657]},"properties":{"lst_celsius":25.94,"thermal_weight":0.303,"elevation_m":594.1,"land_cover":"Evergreen Broadleaf Forest"}},{"type":"Feature","geometry":{"type":"Point","coordinates":[106.925,-6.5657]},"properties":{"lst_celsius":25.94,"thermal_weight":0.303,"elevation_m":594.1,"land_cover":"Evergreen Broadleaf Forest"}},{"type":"Feature","geometry":{"type":"Point","coordinates":[106.9375,-6.5657]},"properties":{"lst_celsius":25.94,"thermal_weight":0.303,"elevation_m":594.1,"land_cover":"Evergreen Broadleaf Forest"}},{"type":"Feature","geometry":{"type":"Point","coordinates":[106.95,-6.5657]},"properties":{"lst_celsius":25.94,"thermal_weight":0.303,"elevation_m":594.1,"land_cover":"Evergreen Broadleaf Forest"}},{"type":"Feature","geometry":{"type":"Point","coordinates":[106.9625,-6.5657]},"properties":{"lst_celsius":25.94,"thermal_weight":0.303,"elevation_m":594.1,"land_cover":"Evergreen Broadleaf Forest"}},{"type":"Feature","geometry":{"type":"Point","coordinates":[106.975,-6.5657]},"properties":{"lst_celsius":25.94,"thermal_weight":0.303,"elevation_m":594.1,"land_cover":"Evergreen Broadleaf Forest"}},{"type":"Feature","geometry":{"type":"Point","coordinates":[106.9875,-6.5657]},"properties":{"lst_celsius":25.94,"thermal_weight":0.303,"elevation_m":594.1,"land_cover":"Evergreen Broadleaf Forest"}},{"type":"Feature","geometry":{"type":"Point","coordinates":[107,-6.5657]},"properties":{"lst_celsius":25.94,"thermal_weight":0.303,"elevation_m":594.1,"land_cover":"Evergreen Broadleaf Forest"}},{"type":"Feature","geometry":{"type":"Point","coordinates":[107.0125,-6.5657]},"properties":{"lst_celsius":25.94,"thermal_weight":0.303,"elevation_m":594.1,"land_cover":"Evergreen Broadleaf Forest"}},{"type":"Feature","geometry":{"type":"Point","coordinates":[107.025,-6.5657]},"properties":{"lst_celsius":25.94,"thermal_weight":0.303,"elevation_m":594.1,"land_cover":"Evergreen Broadleaf Forest"}},{"type":"Feature","geometry":{"type":"Point","coordinates":[107.0375,-6.5657]},"properties":{"lst_celsius":25.94,"thermal_weight":0.303,"elevation_m":594.1,"land_cover":"Evergreen Broadleaf Forest"}},{"type":"Feature","geometry":{"type":"Point","coordinates":[107.05,-6.5657]},"properties":{"lst_celsius":25.94,"thermal_weight":0.303,"elevation_m":594.1,"land_cover":"Evergreen Broadleaf Forest"}},{"type":"Feature","geometry":{"type":"Point","coordinates":[107.0625,-6.5657]},"properties":{"lst_celsius":25.94,"thermal_weight":0.303,"elevation_m":594.1,"land_cover":"Evergreen Broadleaf Forest"}},{"type":"Feature","geometry":{"type":"Point","coordinates":[107.075,-6.5657]},"properties":{"lst_celsius":25.94,"thermal_weight":0.303,"elevation_m":594.1,"land_cover":"Evergreen Broadleaf Forest"}},{"type":"Feature","geometry":{"type":"Point","coordinates":[107.0875,-6.5657]},"properties":{"lst_celsius":25.94,"thermal_weight":0.303,"elevation_m":594.1,"land_cover":"Evergreen Broadleaf Forest"}},{"type":"Feature","geometry":{"type":"Point","coordinates":[107.1,-6.5657]},"properties":{"lst_celsius":25.94,"thermal_weight":0.303,"elevation_m":594.1,"land_cover":"Evergreen Broadleaf Forest"}},{"type":"Feature","geometry":{"type":"Point","coordinates":[107.1125,-6.5657]},"properties":{"lst_celsius":25.94,"thermal_weight":0.303,"elevation_m":594.1,"land_cover":"Evergreen Broadleaf Forest"}},{"type":"Feature","geometry":{"type":"Point","coordinates":[107.125,-6.5657]},"properties":{"lst_celsius":25.94,"thermal_weight":0.303,"elevation_m":594.1,"land_cover":"Evergreen Broadleaf Forest"}},{"type":"Feature","geometry":{"type":"Point","coordinates":[107.1375,-6.5657]},"properties":{"lst_celsius":25.94,"thermal_weight":0.303,"elevation_m":594.1,"land_cover":"Evergreen Broadleaf Forest"}},{"type":"Feature","geometry":{"type":"Point","coordinates":[107.15,-6.5657]},"properties":{"lst_celsius":25.94,"thermal_weight":0.303,"elevation_m":594.1,"land_cover":"Evergreen Broadleaf Forest"}},{"type":"Feature","geometry":{"type":"Point","coordinates":[107.1625,-6.5657]},"properties":{"lst_celsius":25.94,"thermal_weight":0.303,"elevation_m":594.1,"land_cover":"Evergreen Broadleaf Forest"}},{"type":"Feature","geometry":{"type":"Point","coordinates":[107.175,-6.5657]},"properties":{"lst_celsius":25.94,"thermal_weight":0.303,"elevation_m":594.1,"land_cover":"Evergreen Broadleaf Forest"}},{"type":"Feature","geometry":{"type":"Point","coordinates":[107.1875,-6.5657]},"properties":{"lst_celsius":25.94,"thermal_weight":0.303,"elevation_m":594.1,"land_cover":"Evergreen Broadleaf Forest"}},{"type":"Feature","geometry":{"type":"Point","coordinates":[107.2,-6.5657]},"properties":{"lst_celsius":25.94,"thermal_weight":0.303,"elevation_m":594.1,"land_cover":"Evergreen Broadleaf Forest"}},{"type":"Feature","geometry":{"type":"Point","coordinates":[107.2125,-6.5657]},"properties":{"lst_celsius":25.94,"thermal_weight":0.303,"elevation_m":594.1,"land_cover":"Evergreen Broadleaf Forest"}},{"type":"Feature","geometry":{"type":"Point","coordinates":[107.225,-6.5657]},"properties":{"lst_celsius":25.94,"thermal_weight":0.303,"elevation_m":594.1,"land_cover":"Evergreen Broadleaf Forest"}},{"type":"Feature","geometry":{"type":"Point","coordinates":[107.2375,-6.5657]},"properties":{"lst_celsius":25.94,"thermal_weight":0.303,"elevation_m":594.1,"land_cover":"Evergreen Broadleaf Forest"}},{"type":"Feature","geometry":{"type":"Point","coordinates":[107.25,-6.5657]},"properties":{"lst_celsius":25.94,"thermal_weight":0.303,"elevation_m":594.1,"land_cover":"Evergreen Broadleaf Forest"}},{"type":"Feature","geometry":{"type":"Point","coordinates":[107.2625,-6.5657]},"properties":{"lst_celsius":25.94,"thermal_weight":0.303,"elevation_m":594.1,"land_cover":"Evergreen Broadleaf Forest"}},{"type":"Feature","geometry":{"type":"Point","coordinates":[107.275,-6.5657]},"properties":{"lst_celsius":25.94,"thermal_weight":0.303,"elevation_m":594.1,"land_cover":"Evergreen Broadleaf Forest"}},{"type":"Feature","geometry":{"type":"Point","coordinates":[107.2875,-6.5657]},"properties":{"lst_celsius":25.94,"thermal_weight":0.303,"elevation_m":594.1,"land_cover":"Evergreen Broadleaf Forest"}},{"type":"Feature","geometry":{"type":"Point","coordinates":[107.3,-6.5657]},"properties":{"lst_celsius":25.94,"thermal_weight":0.303,"elevation_m":594.1,"land_cover":"Evergreen Broadleaf Forest"}},{"type":"Feature","geometry":{"type":"Point","coordinates":[106.5,-6.5537]},"properties":{"lst_celsius":26.16,"thermal_weight":0.32,"elevation_m":560.4,"land_cover":"Evergreen Broadleaf Forest"}},{"type":"Feature","geometry":{"type":"Point","coordinates":[106.5125,-6.5537]},"properties":{"lst_celsius":26.16,"thermal_weight":0.32,"elevation_m":560.4,"land_cover":"Evergreen Broadleaf Forest"}},{"type":"Feature","geometry":{"type":"Point","coordinates":[106.525,-6.5537]},"properties":{"lst_celsius":26.16,"thermal_weight":0.32,"elevation_m":560.4,"land_cover":"Evergreen Broadleaf Forest"}},{"type":"Feature","geometry":{"type":"Point","coordinates":[106.5375,-6.5537]},"properties":{"lst_celsius":26.16,"thermal_weight":0.32,"elevation_m":560.4,"land_cover":"Evergreen Broadleaf Forest"}},{"type":"Feature","geometry":{"type":"Point","coordinates":[106.55,-6.5537]},"properties":{"lst_celsius":26.16,"thermal_weight":0.32,"elevation_m":560.4,"land_cover":"Evergreen Broadleaf Forest"}},{"type":"Feature","geometry":{"type":"Point","coordinates":[106.5625,-6.5537]},"properties":{"lst_celsius":26.16,"thermal_weight":0.32,"elevation_m":560.4,"land_cover":"Evergreen Broadleaf Forest"}},{"type":"Feature","geometry":{"type":"Point","coordinates":[106.575,-6.5537]},"properties":{"lst_celsius":26.16,"thermal_weight":0.32,"elevation_m":560.4,"land_cover":"Evergreen Broadleaf Forest"}},{"type":"Feature","geometry":{"type":"Point","coordinates":[106.5875,-6.5537]},"properties":{"lst_celsius":26.16,"thermal_weight":0.32,"elevation_m":560.4,"land_cover":"Evergreen Broadleaf Forest"}},{"type":"Feature","geometry":{"type":"Point","coordinates":[106.6,-6.5537]},"properties":{"lst_celsius":26.16,"thermal_weight":0.32,"elevation_m":560.4,"land_cover":"Evergreen Broadleaf Forest"}},{"type":"Feature","geometry":{"type":"Point","coordinates":[106.6125,-6.5537]},"properties":{"lst_celsius":26.16,"thermal_weight":0.32,"elevation_m":560.4,"land_cover":"Evergreen Broadleaf Forest"}},{"type":"Feature","geometry":{"type":"Point","coordinates":[106.625,-6.5537]},"properties":{"lst_celsius":26.16,"thermal_weight":0.32,"elevation_m":560.4,"land_cover":"Evergreen Broadleaf Forest"}},{"type":"Feature","geometry":{"type":"Point","coordinates":[106.6375,-6.5537]},"properties":{"lst_celsius":26.16,"thermal_weight":0.32,"elevation_m":560.4,"land_cover":"Evergreen Broadleaf Forest"}},{"type":"Feature","geometry":{"type":"Point","coordinates":[106.65,-6.5537]},"properties":{"lst_celsius":26.16,"thermal_weight":0.32,"elevation_m":560.4,"land_cover":"Evergreen Broadleaf Forest"}},{"type":"Feature","geometry":{"type":"Point","coordinates":[106.6625,-6.5537]},"properties":{"lst_celsius":26.16,"thermal_weight":0.32,"elevation_m":560.4,"land_cover":"Evergreen Broadleaf Forest"}},{"type":"Feature","geometry":{"type":"Point","coordinates":[106.675,-6.5537]},"properties":{"lst_celsius":26.16,"thermal_weight":0.32,"elevation_m":560.4,"land_cover":"Evergreen Broadleaf Forest"}},{"type":"Feature","geometry":{"type":"Point","coordinates":[106.6875,-6.5537]},"properties":{"lst_celsius":26.16,"thermal_weight":0.32,"elevation_m":560.4,"land_cover":"Evergreen Broadleaf Forest"}},{"type":"Feature","geometry":{"type":"Point","coordinates":[106.7,-6.5537]},"properties":{"lst_celsius":26.16,"thermal_weight":0.32,"elevation_m":560.4,"land_cover":"Evergreen Broadleaf Forest"}},{"type":"Feature","geometry":{"type":"Point","coordinates":[106.7125,-6.5537]},"properties":{"lst_celsius":26.16,"thermal_weight":0.32,"elevation_m":560.4,"land_cover":"Evergreen Broadleaf Forest"}},{"type":"Feature","geometry":{"type":"Point","coordinates":[106.725,-6.5537]},"properties":{"lst_celsius":26.16,"thermal_weight":0.32,"elevation_m":560.4,"land_cover":"Evergreen Broadleaf Forest"}},{"type":"Feature","geometry":{"type":"Point","coordinates":[106.7375,-6.5537]},"properties":{"lst_celsius":26.16,"thermal_weight":0.32,"elevation_m":560.4,"land_cover":"Evergreen Broadleaf Forest"}},{"type":"Feature","geometry":{"type":"Point","coordinates":[106.75,-6.5537]},"properties":{"lst_celsius":26.16,"thermal_weight":0.32,"elevation_m":560.4,"land_cover":"Evergreen Broadleaf Forest"}},{"type":"Feature","geometry":{"type":"Point","coordinates":[106.7625,-6.5537]},"properties":{"lst_celsius":26.16,"thermal_weight":0.32,"elevation_m":560.4,"land_cover":"Evergreen Broadleaf Forest"}},{"type":"Feature","geometry":{"type":"Point","coordinates":[106.775,-6.5537]},"properties":{"lst_celsius":26.16,"thermal_weight":0.32,"elevation_m":560.4,"land_cover":"Evergreen Broadleaf Forest"}},{"type":"Feature","geometry":{"type":"Point","coordinates":[106.7875,-6.5537]},"properties":{"lst_celsius":26.16,"thermal_weight":0.32,"elevation_m":560.4,"land_cover":"Evergreen Broadleaf Forest"}},{"type":"Feature","geometry":{"type":"Point","coordinates":[106.8,-6.5537]},"properties":{"lst_celsius":26.16,"thermal_weight":0.32,"elevation_m":560.4,"land_cover":"Evergreen Broadleaf Forest"}},{"type":"Feature","geometry":{"type":"Point","coordinates":[106.8125,-6.5537]},"properties":{"lst_celsius":26.16,"thermal_weight":0.32,"elevation_m":560.4,"land_cover":"Evergreen Broadleaf Forest"}},{"type":"Feature","geometry":{"type":"Point","coordinates":[106.825,-6.5537]},"properties":{"lst_celsius":26.16,"thermal_weight":0.32,"elevation_m":560.4,"land_cover":"Evergreen Broadleaf Forest"}},{"type":"Feature","geometry":{"type":"Point","coordinates":[106.8375,-6.5537]},"properties":{"lst_celsius":26.16,"thermal_weight":0.32,"elevation_m":560.4,"land_cover":"Evergreen Broadleaf Forest"}},{"type":"Feature","geometry":{"type":"Point","coordinates":[106.85,-6.5537]},"properties":{"lst_celsius":26.16,"thermal_weight":0.32,"elevation_m":560.4,"land_cover":"Evergreen Broadleaf Forest"}},{"type":"Feature","geometry":{"type":"Point","coordinates":[106.8625,-6.5537]},"properties":{"lst_celsius":26.16,"thermal_weight":0.32,"elevation_m":560.4,"land_cover":"Evergreen Broadleaf Forest"}},{"type":"Feature","geometry":{"type":"Point","coordinates":[106.875,-6.5537]},"properties":{"lst_celsius":26.16,"thermal_weight":0.32,"elevation_m":560.4,"land_cover":"Evergreen Broadleaf Forest"}},{"type":"Feature","geometry":{"type":"Point","coordinates":[106.8875,-6.5537]},"properties":{"lst_celsius":26.16,"thermal_weight":0.32,"elevation_m":560.4,"land_cover":"Evergreen Broadleaf Forest"}},{"type":"Feature","geometry":{"type":"Point","coordinates":[106.9,-6.5537]},"properties":{"lst_celsius":26.16,"thermal_weight":0.32,"elevation_m":560.4,"land_cover":"Evergreen Broadleaf Forest"}},{"type":"Feature","geometry":{"type":"Point","coordinates":[106.9125,-6.5537]},"properties":{"lst_celsius":26.16,"thermal_weight":0.32,"elevation_m":560.4,"land_cover":"Evergreen Broadleaf Forest"}},{"type":"Feature","geometry":{"type":"Point","coordinates":[106.925,-6.5537]},"properties":{"lst_celsius":26.16,"thermal_weight":0.32,"elevation_m":560.4,"land_cover":"Evergreen Broadleaf Forest"}},{"type":"Feature","geometry":{"type":"Point","coordinates":[106.9375,-6.5537]},"properties":{"lst_celsius":26.16,"thermal_weight":0.32,"elevation_m":560.4,"land_cover":"Evergreen Broadleaf Forest"}},{"type":"Feature","geometry":{"type":"Point","coordinates":[106.95,-6.5537]},"properties":{"lst_celsius":26.16,"thermal_weight":0.32,"elevation_m":560.4,"land_cover":"Evergreen Broadleaf Forest"}},{"type":"Feature","geometry":{"type":"Point","coordinates":[106.9625,-6.5537]},"properties":{"lst_celsius":26.16,"thermal_weight":0.32,"elevation_m":560.4,"land_cover":"Evergreen Broadleaf Forest"}},{"type":"Feature","geometry":{"type":"Point","coordinates":[106.975,-6.5537]},"properties":{"lst_celsius":26.16,"thermal_weight":0.32,"elevation_m":560.4,"land_cover":"Evergreen Broadleaf Forest"}},{"type":"Feature","geometry":{"type":"Point","coordinates":[106.9875,-6.5537]},"properties":{"lst_celsius":26.16,"thermal_weight":0.32,"elevation_m":560.4,"land_cover":"Evergreen Broadleaf Forest"}},{"type":"Feature","geometry":{"type":"Point","coordinates":[107,-6.5537]},"properties":{"lst_celsius":26.16,"thermal_weight":0.32,"elevation_m":560.4,"land_cover":"Evergreen Broadleaf Forest"}},{"type":"Feature","geometry":{"type":"Point","coordinates":[107.0125,-6.5537]},"properties":{"lst_celsius":26.16,"thermal_weight":0.32,"elevation_m":560.4,"land_cover":"Evergreen Broadleaf Forest"}},{"type":"Feature","geometry":{"type":"Point","coordinates":[107.025,-6.5537]},"properties":{"lst_celsius":26.16,"thermal_weight":0.32,"elevation_m":560.4,"land_cover":"Evergreen Broadleaf Forest"}},{"type":"Feature","geometry":{"type":"Point","coordinates":[107.0375,-6.5537]},"properties":{"lst_celsius":26.16,"thermal_weight":0.32,"elevation_m":560.4,"land_cover":"Evergreen Broadleaf Forest"}},{"type":"Feature","geometry":{"type":"Point","coordinates":[107.05,-6.5537]},"properties":{"lst_celsius":26.16,"thermal_weight":0.32,"elevation_m":560.4,"land_cover":"Evergreen Broadleaf Forest"}},{"type":"Feature","geometry":{"type":"Point","coordinates":[107.0625,-6.5537]},"properties":{"lst_celsius":26.16,"thermal_weight":0.32,"elevation_m":560.4,"land_cover":"Evergreen Broadleaf Forest"}},{"type":"Feature","geometry":{"type":"Point","coordinates":[107.075,-6.5537]},"properties":{"lst_celsius":26.16,"thermal_weight":0.32,"elevation_m":560.4,"land_cover":"Evergreen Broadleaf Forest"}},{"type":"Feature","geometry":{"type":"Point","coordinates":[107.0875,-6.5537]},"properties":{"lst_celsius":26.16,"thermal_weight":0.32,"elevation_m":560.4,"land_cover":"Evergreen Broadleaf Forest"}},{"type":"Feature","geometry":{"type":"Point","coordinates":[107.1,-6.5537]},"properties":{"lst_celsius":26.16,"thermal_weight":0.32,"elevation_m":560.4,"land_cover":"Evergreen Broadleaf Forest"}},{"type":"Feature","geometry":{"type":"Point","coordinates":[107.1125,-6.5537]},"properties":{"lst_celsius":26.16,"thermal_weight":0.32,"elevation_m":560.4,"land_cover":"Evergreen Broadleaf Forest"}},{"type":"Feature","geometry":{"type":"Point","coordinates":[107.125,-6.5537]},"properties":{"lst_celsius":26.16,"thermal_weight":0.32,"elevation_m":560.4,"land_cover":"Evergreen Broadleaf Forest"}},{"type":"Feature","geometry":{"type":"Point","coordinates":[107.1375,-6.5537]},"properties":{"lst_celsius":26.16,"thermal_weight":0.32,"elevation_m":560.4,"land_cover":"Evergreen Broadleaf Forest"}},{"type":"Feature","geometry":{"type":"Point","coordinates":[107.15,-6.5537]},"properties":{"lst_celsius":26.16,"thermal_weight":0.32,"elevation_m":560.4,"land_cover":"Evergreen Broadleaf Forest"}},{"type":"Feature","geometry":{"type":"Point","coordinates":[107.1625,-6.5537]},"properties":{"lst_celsius":26.16,"thermal_weight":0.32,"elevation_m":560.4,"land_cover":"Evergreen Broadleaf Forest"}},{"type":"Feature","geometry":{"type":"Point","coordinates":[107.175,-6.5537]},"properties":{"lst_celsius":26.16,"thermal_weight":0.32,"elevation_m":560.4,"land_cover":"Evergreen Broadleaf Forest"}},{"type":"Feature","geometry":{"type":"Point","coordinates":[107.1875,-6.5537]},"properties":{"lst_celsius":26.16,"thermal_weight":0.32,"elevation_m":560.4,"land_cover":"Evergreen Broadleaf Forest"}},{"type":"Feature","geometry":{"type":"Point","coordinates":[107.2,-6.5537]},"properties":{"lst_celsius":26.16,"thermal_weight":0.32,"elevation_m":560.4,"land_cover":"Evergreen Broadleaf Forest"}},{"type":"Feature","geometry":{"type":"Point","coordinates":[107.2125,-6.5537]},"properties":{"lst_celsius":26.16,"thermal_weight":0.32,"elevation_m":560.4,"land_cover":"Evergreen Broadleaf Forest"}},{"type":"Feature","geometry":{"type":"Point","coordinates":[107.225,-6.5537]},"properties":{"lst_celsius":26.16,"thermal_weight":0.32,"elevation_m":560.4,"land_cover":"Evergreen Broadleaf Forest"}},{"type":"Feature","geometry":{"type":"Point","coordinates":[107.2375,-6.5537]},"properties":{"lst_celsius":26.16,"thermal_weight":0.32,"elevation_m":560.4,"land_cover":"Evergreen Broadleaf Forest"}},{"type":"Feature","geometry":{"type":"Point","coordinates":[107.25,-6.5537]},"properties":{"lst_celsius":26.16,"thermal_weight":0.32,"elevation_m":560.4,"land_cover":"Evergreen Broadleaf Forest"}},{"type":"Feature","geometry":{"type":"Point","coordinates":[107.2625,-6.5537]},"properties":{"lst_celsius":26.16,"thermal_weight":0.32,"elevation_m":560.4,"land_cover":"Evergreen Broadleaf Forest"}},{"type":"Feature","geometry":{"type":"Point","coordinates":[107.275,-6.5537]},"properties":{"lst_celsius":26.16,"thermal_weight":0.32,"elevation_m":560.4,"land_cover":"Evergreen Broadleaf Forest"}},{"type":"Feature","geometry":{"type":"Point","coordinates":[107.2875,-6.5537]},"properties":{"lst_celsius":26.16,"thermal_weight":0.32,"elevation_m":560.4,"land_cover":"Evergreen Broadleaf Forest"}},{"type":"Feature","geometry":{"type":"Point","coordinates":[107.3,-6.5537]},"properties":{"lst_celsius":26.16,"thermal_weight":0.32,"elevation_m":560.4,"land_cover":"Evergreen Broadleaf Forest"}},{"type":"Feature","geometry":{"type":"Point","coordinates":[106.5,-6.5417]},"properties":{"lst_celsius":26.38,"thermal_weight":0.337,"elevation_m":526.7,"land_cover":"Evergreen Broadleaf Forest"}},{"type":"Feature","geometry":{"type":"Point","coordinates":[106.5125,-6.5417]},"properties":{"lst_celsius":26.38,"thermal_weight":0.337,"elevation_m":526.7,"land_cover":"Evergreen Broadleaf Forest"}},{"type":"Feature","geometry":{"type":"Point","coordinates":[106.525,-6.5417]},"properties":{"lst_celsius":26.38,"thermal_weight":0.337,"elevation_m":526.7,"land_cover":"Evergreen Broadleaf Forest"}},{"type":"Feature","geometry":{"type":"Point","coordinates":[106.5375,-6.5417]},"properties":{"lst_celsius":26.38,"thermal_weight":0.337,"elevation_m":526.7,"land_cover":"Evergreen Broadleaf Forest"}},{"type":"Feature","geometry":{"type":"Point","coordinates":[106.55,-6.5417]},"properties":{"lst_celsius":26.38,"thermal_weight":0.337,"elevation_m":526.7,"land_cover":"Evergreen Broadleaf Forest"}},{"type":"Feature","geometry":{"type":"Point","coordinates":[106.5625,-6.5417]},"properties":{"lst_celsius":26.38,"thermal_weight":0.337,"elevation_m":526.7,"land_cover":"Evergreen Broadleaf Forest"}},{"type":"Feature","geometry":{"type":"Point","coordinates":[106.575,-6.5417]},"properties":{"lst_celsius":26.38,"thermal_weight":0.337,"elevation_m":526.7,"land_cover":"Evergreen Broadleaf Forest"}},{"type":"Feature","geometry":{"type":"Point","coordinates":[106.5875,-6.5417]},"properties":{"lst_celsius":26.38,"thermal_weight":0.337,"elevation_m":526.7,"land_cover":"Evergreen Broadleaf Forest"}},{"type":"Feature","geometry":{"type":"Point","coordinates":[106.6,-6.5417]},"properties":{"lst_celsius":26.38,"thermal_weight":0.337,"elevation_m":526.7,"land_cover":"Evergreen Broadleaf Forest"}},{"type":"Feature","geometry":{"type":"Point","coordinates":[106.6125,-6.5417]},"properties":{"lst_celsius":26.38,"thermal_weight":0.337,"elevation_m":526.7,"land_cover":"Evergreen Broadleaf Forest"}},{"type":"Feature","geometry":{"type":"Point","coordinates":[106.625,-6.5417]},"properties":{"lst_celsius":26.38,"thermal_weight":0.337,"elevation_m":526.7,"land_cover":"Evergreen Broadleaf Forest"}},{"type":"Feature","geometry":{"type":"Point","coordinates":[106.6375,-6.5417]},"properties":{"lst_celsius":26.38,"thermal_weight":0.337,"elevation_m":526.7,"land_cover":"Evergreen Broadleaf Forest"}},{"type":"Feature","geometry":{"type":"Point","coordinates":[106.65,-6.5417]},"properties":{"lst_celsius":26.38,"thermal_weight":0.337,"elevation_m":526.7,"land_cover":"Evergreen Broadleaf Forest"}},{"type":"Feature","geometry":{"type":"Point","coordinates":[106.6625,-6.5417]},"properties":{"lst_celsius":26.38,"thermal_weight":0.337,"elevation_m":526.7,"land_cover":"Evergreen Broadleaf Forest"}},{"type":"Feature","geometry":{"type":"Point","coordinates":[106.675,-6.5417]},"properties":{"lst_celsius":26.38,"thermal_weight":0.337,"elevation_m":526.7,"land_cover":"Evergreen Broadleaf Forest"}},{"type":"Feature","geometry":{"type":"Point","coordinates":[106.6875,-6.5417]},"properties":{"lst_celsius":26.38,"thermal_weight":0.337,"elevation_m":526.7,"land_cover":"Evergreen Broadleaf Forest"}},{"type":"Feature","geometry":{"type":"Point","coordinates":[106.7,-6.5417]},"properties":{"lst_celsius":26.38,"thermal_weight":0.337,"elevation_m":526.7,"land_cover":"Evergreen Broadleaf Forest"}},{"type":"Feature","geometry":{"type":"Point","coordinates":[106.7125,-6.5417]},"properties":{"lst_celsius":26.38,"thermal_weight":0.337,"elevation_m":526.7,"land_cover":"Evergreen Broadleaf Forest"}},{"type":"Feature","geometry":{"type":"Point","coordinates":[106.725,-6.5417]},"properties":{"lst_celsius":26.38,"thermal_weight":0.337,"elevation_m":526.7,"land_cover":"Evergreen Broadleaf Forest"}},{"type":"Feature","geometry":{"type":"Point","coordinates":[106.7375,-6.5417]},"properties":{"lst_celsius":26.38,"thermal_weight":0.337,"elevation_m":526.7,"land_cover":"Evergreen Broadleaf Forest"}},{"type":"Feature","geometry":{"type":"Point","coordinates":[106.75,-6.5417]},"properties":{"lst_celsius":26.38,"thermal_weight":0.337,"elevation_m":526.7,"land_cover":"Evergreen Broadleaf Forest"}},{"type":"Feature","geometry":{"type":"Point","coordinates":[106.7625,-6.5417]},"properties":{"lst_celsius":26.38,"thermal_weight":0.337,"elevation_m":526.7,"land_cover":"Evergreen Broadleaf Forest"}},{"type":"Feature","geometry":{"type":"Point","coordinates":[106.775,-6.5417]},"properties":{"lst_celsius":26.38,"thermal_weight":0.337,"elevation_m":526.7,"land_cover":"Evergreen Broadleaf Forest"}},{"type":"Feature","geometry":{"type":"Point","coordinates":[106.7875,-6.5417]},"properties":{"lst_celsius":26.38,"thermal_weight":0.337,"elevation_m":526.7,"land_cover":"Evergreen Broadleaf Forest"}},{"type":"Feature","geometry":{"type":"Point","coordinates":[106.8,-6.5417]},"properties":{"lst_celsius":26.38,"thermal_weight":0.337,"elevation_m":526.7,"land_cover":"Evergreen Broadleaf Forest"}},{"type":"Feature","geometry":{"type":"Point","coordinates":[106.8125,-6.5417]},"properties":{"lst_celsius":26.38,"thermal_weight":0.337,"elevation_m":526.7,"land_cover":"Evergreen Broadleaf Forest"}},{"type":"Feature","geometry":{"type":"Point","coordinates":[106.825,-6.5417]},"properties":{"lst_celsius":26.38,"thermal_weight":0.337,"elevation_m":526.7,"land_cover":"Evergreen Broadleaf Forest"}},{"type":"Feature","geometry":{"type":"Point","coordinates":[106.8375,-6.5417]},"properties":{"lst_celsius":26.38,"thermal_weight":0.337,"elevation_m":526.7,"land_cover":"Evergreen Broadleaf Forest"}},{"type":"Feature","geometry":{"type":"Point","coordinates":[106.85,-6.5417]},"properties":{"lst_celsius":26.38,"thermal_weight":0.337,"elevation_m":526.7,"land_cover":"Evergreen Broadleaf Forest"}},{"type":"Feature","geometry":{"type":"Point","coordinates":[106.8625,-6.5417]},"properties":{"lst_celsius":26.38,"thermal_weight":0.337,"elevation_m":526.7,"land_cover":"Evergreen Broadleaf Forest"}},{"type":"Feature","geometry":{"type":"Point","coordinates":[106.875,-6.5417]},"properties":{"lst_celsius":26.38,"thermal_weight":0.337,"elevation_m":526.7,"land_cover":"Evergreen Broadleaf Forest"}},{"type":"Feature","geometry":{"type":"Point","coordinates":[106.8875,-6.5417]},"properties":{"lst_celsius":26.38,"thermal_weight":0.337,"elevation_m":526.7,"land_cover":"Evergreen Broadleaf Forest"}},{"type":"Feature","geometry":{"type":"Point","coordinates":[106.9,-6.5417]},"properties":{"lst_celsius":26.38,"thermal_weight":0.337,"elevation_m":526.7,"land_cover":"Evergreen Broadleaf Forest"}},{"type":"Feature","geometry":{"type":"Point","coordinates":[106.9125,-6.5417]},"properties":{"lst_celsius":26.38,"thermal_weight":0.337,"elevation_m":526.7,"land_cover":"Evergreen Broadleaf Forest"}},{"type":"Feature","geometry":{"type":"Point","coordinates":[106.925,-6.5417]},"properties":{"lst_celsius":26.38,"thermal_weight":0.337,"elevation_m":526.7,"land_cover":"Evergreen Broadleaf Forest"}},{"type":"Feature","geometry":{"type":"Point","coordinates":[106.9375,-6.5417]},"properties":{"lst_celsius":26.38,"thermal_weight":0.337,"elevation_m":526.7,"land_cover":"Evergreen Broadleaf Forest"}},{"type":"Feature","geometry":{"type":"Point","coordinates":[106.95,-6.5417]},"properties":{"lst_celsius":26.38,"thermal_weight":0.337,"elevation_m":526.7,"land_cover":"Evergreen Broadleaf Forest"}},{"type":"Feature","geometry":{"type":"Point","coordinates":[106.9625,-6.5417]},"properties":{"lst_celsius":26.38,"thermal_weight":0.337,"elevation_m":526.7,"land_cover":"Evergreen Broadleaf Forest"}},{"type":"Feature","geometry":{"type":"Point","coordinates":[106.975,-6.5417]},"properties":{"lst_celsius":26.38,"thermal_weight":0.337,"elevation_m":526.7,"land_cover":"Evergreen Broadleaf Forest"}},{"type":"Feature","geometry":{"type":"Point","coordinates":[106.9875,-6.5417]},"properties":{"lst_celsius":26.38,"thermal_weight":0.337,"elevation_m":526.7,"land_cover":"Evergreen Broadleaf Forest"}},{"type":"Feature","geometry":{"type":"Point","coordinates":[107,-6.5417]},"properties":{"lst_celsius":26.38,"thermal_weight":0.337,"elevation_m":526.7,"land_cover":"Evergreen Broadleaf Forest"}},{"type":"Feature","geometry":{"type":"Point","coordinates":[107.0125,-6.5417]},"properties":{"lst_celsius":26.38,"thermal_weight":0.337,"elevation_m":526.7,"land_cover":"Evergreen Broadleaf Forest"}},{"type":"Feature","geometry":{"type":"Point","coordinates":[107.025,-6.5417]},"properties":{"lst_celsius":26.38,"thermal_weight":0.337,"elevation_m":526.7,"land_cover":"Evergreen Broadleaf Forest"}},{"type":"Feature","geometry":{"type":"Point","coordinates":[107.0375,-6.5417]},"properties":{"lst_celsius":26.38,"thermal_weight":0.337,"elevation_m":526.7,"land_cover":"Evergreen Broadleaf Forest"}},{"type":"Feature","geometry":{"type":"Point","coordinates":[107.05,-6.5417]},"properties":{"lst_celsius":26.38,"thermal_weight":0.337,"elevation_m":526.7,"land_cover":"Evergreen Broadleaf Forest"}},{"type":"Feature","geometry":{"type":"Point","coordinates":[107.0625,-6.5417]},"properties":{"lst_celsius":26.38,"thermal_weight":0.337,"elevation_m":526.7,"land_cover":"Evergreen Broadleaf Forest"}},{"type":"Feature","geometry":{"type":"Point","coordinates":[107.075,-6.5417]},"properties":{"lst_celsius":26.38,"thermal_weight":0.337,"elevation_m":526.7,"land_cover":"Evergreen Broadleaf Forest"}},{"type":"Feature","geometry":{"type":"Point","coordinates":[107.0875,-6.5417]},"properties":{"lst_celsius":26.38,"thermal_weight":0.337,"elevation_m":526.7,"land_cover":"Evergreen Broadleaf Forest"}},{"type":"Feature","geometry":{"type":"Point","coordinates":[107.1,-6.5417]},"properties":{"lst_celsius":26.38,"thermal_weight":0.337,"elevation_m":526.7,"land_cover":"Evergreen Broadleaf Forest"}},{"type":"Feature","geometry":{"type":"Point","coordinates":[107.1125,-6.5417]},"properties":{"lst_celsius":26.38,"thermal_weight":0.337,"elevation_m":526.7,"land_cover":"Evergreen Broadleaf Forest"}},{"type":"Feature","geometry":{"type":"Point","coordinates":[107.125,-6.5417]},"properties":{"lst_celsius":26.38,"thermal_weight":0.337,"elevation_m":526.7,"land_cover":"Evergreen Broadleaf Forest"}},{"type":"Feature","geometry":{"type":"Point","coordinates":[107.1375,-6.5417]},"properties":{"lst_celsius":26.38,"thermal_weight":0.337,"elevation_m":526.7,"land_cover":"Evergreen Broadleaf Forest"}},{"type":"Feature","geometry":{"type":"Point","coordinates":[107.15,-6.5417]},"properties":{"lst_celsius":26.38,"thermal_weight":0.337,"elevation_m":526.7,"land_cover":"Evergreen Broadleaf Forest"}},{"type":"Feature","geometry":{"type":"Point","coordinates":[107.1625,-6.5417]},"properties":{"lst_celsius":26.38,"thermal_weight":0.337,"elevation_m":526.7,"land_cover":"Evergreen Broadleaf Forest"}},{"type":"Feature","geometry":{"type":"Point","coordinates":[107.175,-6.5417]},"properties":{"lst_celsius":26.38,"thermal_weight":0.337,"elevation_m":526.7,"land_cover":"Evergreen Broadleaf Forest"}},{"type":"Feature","geometry":{"type":"Point","coordinates":[107.1875,-6.5417]},"properties":{"lst_celsius":26.38,"thermal_weight":0.337,"elevation_m":526.7,"land_cover":"Evergreen Broadleaf Forest"}},{"type":"Feature","geometry":{"type":"Point","coordinates":[107.2,-6.5417]},"properties":{"lst_celsius":26.38,"thermal_weight":0.337,"elevation_m":526.7,"land_cover":"Evergreen Broadleaf Forest"}},{"type":"Feature","geometry":{"type":"Point","coordinates":[107.2125,-6.5417]},"properties":{"lst_celsius":26.38,"thermal_weight":0.337,"elevation_m":526.7,"land_cover":"Evergreen Broadleaf Forest"}},{"type":"Feature","geometry":{"type":"Point","coordinates":[107.225,-6.5417]},"properties":{"lst_celsius":26.38,"thermal_weight":0.337,"elevation_m":526.7,"land_cover":"Evergreen Broadleaf Forest"}},{"type":"Feature","geometry":{"type":"Point","coordinates":[107.2375,-6.5417]},"properties":{"lst_celsius":26.38,"thermal_weight":0.337,"elevation_m":526.7,"land_cover":"Evergreen Broadleaf Forest"}},{"type":"Feature","geometry":{"type":"Point","coordinates":[107.25,-6.5417]},"properties":{"lst_celsius":26.38,"thermal_weight":0.337,"elevation_m":526.7,"land_cover":"Evergreen Broadleaf Forest"}},{"type":"Feature","geometry":{"type":"Point","coordinates":[107.2625,-6.5417]},"properties":{"lst_celsius":26.38,"thermal_weight":0.337,"elevation_m":526.7,"land_cover":"Evergreen Broadleaf Forest"}},{"type":"Feature","geometry":{"type":"Point","coordinates":[107.275,-6.5417]},"properties":{"lst_celsius":26.38,"thermal_weight":0.337,"elevation_m":526.7,"land_cover":"Evergreen Broadleaf Forest"}},{"type":"Feature","geometry":{"type":"Point","coordinates":[107.2875,-6.5417]},"properties":{"lst_celsius":26.38,"thermal_weight":0.337,"elevation_m":526.7,"land_cover":"Evergreen Broadleaf Forest"}},{"type":"Feature","geometry":{"type":"Point","coordinates":[107.3,-6.5417]},"properties":{"lst_celsius":26.38,"thermal_weight":0.337,"elevation_m":526.7,"land_cover":"Evergreen Broadleaf Forest"}},{"type":"Feature","geometry":{"type":"Point","coordinates":[106.5,-6.5296]},"properties":{"lst_celsius":26.6,"thermal_weight":0.354,"elevation_m":493,"land_cover":"Evergreen Broadleaf Forest"}},{"type":"Feature","geometry":{"type":"Point","coordinates":[106.5125,-6.5296]},"properties":{"lst_celsius":26.6,"thermal_weight":0.354,"elevation_m":493,"land_cover":"Evergreen Broadleaf Forest"}},{"type":"Feature","geometry":{"type":"Point","coordinates":[106.525,-6.5296]},"properties":{"lst_celsius":26.6,"thermal_weight":0.354,"elevation_m":493,"land_cover":"Evergreen Broadleaf Forest"}},{"type":"Feature","geometry":{"type":"Point","coordinates":[106.5375,-6.5296]},"properties":{"lst_celsius":26.6,"thermal_weight":0.354,"elevation_m":493,"land_cover":"Evergreen Broadleaf Forest"}},{"type":"Feature","geometry":{"type":"Point","coordinates":[106.55,-6.5296]},"properties":{"lst_celsius":26.6,"thermal_weight":0.354,"elevation_m":493,"land_cover":"Evergreen Broadleaf Forest"}},{"type":"Feature","geometry":{"type":"Point","coordinates":[106.5625,-6.5296]},"properties":{"lst_celsius":26.6,"thermal_weight":0.354,"elevation_m":493,"land_cover":"Evergreen Broadleaf Forest"}},{"type":"Feature","geometry":{"type":"Point","coordinates":[106.575,-6.5296]},"properties":{"lst_celsius":26.6,"thermal_weight":0.354,"elevation_m":493,"land_cover":"Evergreen Broadleaf Forest"}},{"type":"Feature","geometry":{"type":"Point","coordinates":[106.5875,-6.5296]},"properties":{"lst_celsius":26.6,"thermal_weight":0.354,"elevation_m":493,"land_cover":"Evergreen Broadleaf Forest"}},{"type":"Feature","geometry":{"type":"Point","coordinates":[106.6,-6.5296]},"properties":{"lst_celsius":26.6,"thermal_weight":0.354,"elevation_m":493,"land_cover":"Evergreen Broadleaf Forest"}},{"type":"Feature","geometry":{"type":"Point","coordinates":[106.6125,-6.5296]},"properties":{"lst_celsius":26.6,"thermal_weight":0.354,"elevation_m":493,"land_cover":"Evergreen Broadleaf Forest"}},{"type":"Feature","geometry":{"type":"Point","coordinates":[106.625,-6.5296]},"properties":{"lst_celsius":26.6,"thermal_weight":0.354,"elevation_m":493,"land_cover":"Evergreen Broadleaf Forest"}},{"type":"Feature","geometry":{"type":"Point","coordinates":[106.6375,-6.5296]},"properties":{"lst_celsius":26.6,"thermal_weight":0.354,"elevation_m":493,"land_cover":"Evergreen Broadleaf Forest"}},{"type":"Feature","geometry":{"type":"Point","coordinates":[106.65,-6.5296]},"properties":{"lst_celsius":26.6,"thermal_weight":0.354,"elevation_m":493,"land_cover":"Evergreen Broadleaf Forest"}},{"type":"Feature","geometry":{"type":"Point","coordinates":[106.6625,-6.5296]},"properties":{"lst_celsius":26.6,"thermal_weight":0.354,"elevation_m":493,"land_cover":"Evergreen Broadleaf Forest"}},{"type":"Feature","geometry":{"type":"Point","coordinates":[106.675,-6.5296]},"properties":{"lst_celsius":26.6,"thermal_weight":0.354,"elevation_m":493,"land_cover":"Evergreen Broadleaf Forest"}},{"type":"Feature","geometry":{"type":"Point","coordinates":[106.6875,-6.5296]},"properties":{"lst_celsius":26.6,"thermal_weight":0.354,"elevation_m":493,"land_cover":"Evergreen Broadleaf Forest"}},{"type":"Feature","geometry":{"type":"Point","coordinates":[106.7,-6.5296]},"properties":{"lst_celsius":26.6,"thermal_weight":0.354,"elevation_m":493,"land_cover":"Evergreen Broadleaf Forest"}},{"type":"Feature","geometry":{"type":"Point","coordinates":[106.7125,-6.5296]},"properties":{"lst_celsius":26.6,"thermal_weight":0.354,"elevation_m":493,"land_cover":"Evergreen Broadleaf Forest"}},{"type":"Feature","geometry":{"type":"Point","coordinates":[106.725,-6.5296]},"properties":{"lst_celsius":26.6,"thermal_weight":0.354,"elevation_m":493,"land_cover":"Evergreen Broadleaf Forest"}},{"type":"Feature","geometry":{"type":"Point","coordinates":[106.7375,-6.5296]},"properties":{"lst_celsius":26.6,"thermal_weight":0.354,"elevation_m":493,"land_cover":"Evergreen Broadleaf Forest"}},{"type":"Feature","geometry":{"type":"Point","coordinates":[106.75,-6.5296]},"properties":{"lst_celsius":26.6,"thermal_weight":0.354,"elevation_m":493,"land_cover":"Evergreen Broadleaf Forest"}},{"type":"Feature","geometry":{"type":"Point","coordinates":[106.7625,-6.5296]},"properties":{"lst_celsius":26.6,"thermal_weight":0.354,"elevation_m":493,"land_cover":"Evergreen Broadleaf Forest"}},{"type":"Feature","geometry":{"type":"Point","coordinates":[106.775,-6.5296]},"properties":{"lst_celsius":26.6,"thermal_weight":0.354,"elevation_m":493,"land_cover":"Evergreen Broadleaf Forest"}},{"type":"Feature","geometry":{"type":"Point","coordinates":[106.7875,-6.5296]},"properties":{"lst_celsius":26.6,"thermal_weight":0.354,"elevation_m":493,"land_cover":"Evergreen Broadleaf Forest"}},{"type":"Feature","geometry":{"type":"Point","coordinates":[106.8,-6.5296]},"properties":{"lst_celsius":26.6,"thermal_weight":0.354,"elevation_m":493,"land_cover":"Evergreen Broadleaf Forest"}},{"type":"Feature","geometry":{"type":"Point","coordinates":[106.8125,-6.5296]},"properties":{"lst_celsius":26.6,"thermal_weight":0.354,"elevation_m":493,"land_cover":"Evergreen Broadleaf Forest"}},{"type":"Feature","geometry":{"type":"Point","coordinates":[106.825,-6.5296]},"properties":{"lst_celsius":26.6,"thermal_weight":0.354,"elevation_m":493,"land_cover":"Evergreen Broadleaf Forest"}},{"type":"Feature","geometry":{"type":"Point","coordinates":[106.8375,-6.5296]},"properties":{"lst_celsius":26.6,"thermal_weight":0.354,"elevation_m":493,"land_cover":"Evergreen Broadleaf Forest"}},{"type":"Feature","geometry":{"type":"Point","coordinates":[106.85,-6.5296]},"properties":{"lst_celsius":26.6,"thermal_weight":0.354,"elevation_m":493,"land_cover":"Evergreen Broadleaf Forest"}},{"type":"Feature","geometry":{"type":"Point","coordinates":[106.8625,-6.5296]},"properties":{"lst_celsius":26.6,"thermal_weight":0.354,"elevation_m":493,"land_cover":"Evergreen Broadleaf Forest"}},{"type":"Feature","geometry":{"type":"Point","coordinates":[106.875,-6.5296]},"properties":{"lst_celsius":26.6,"thermal_weight":0.354,"elevation_m":493,"land_cover":"Evergreen Broadleaf Forest"}},{"type":"Feature","geometry":{"type":"Point","coordinates":[106.8875,-6.5296]},"properties":{"lst_celsius":26.6,"thermal_weight":0.354,"elevation_m":493,"land_cover":"Evergreen Broadleaf Forest"}},{"type":"Feature","geometry":{"type":"Point","coordinates":[106.9,-6.5296]},"properties":{"lst_celsius":26.6,"thermal_weight":0.354,"elevation_m":493,"land_cover":"Evergreen Broadleaf Forest"}},{"type":"Feature","geometry":{"type":"Point","coordinates":[106.9125,-6.5296]},"properties":{"lst_celsius":26.6,"thermal_weight":0.354,"elevation_m":493,"land_cover":"Evergreen Broadleaf Forest"}},{"type":"Feature","geometry":{"type":"Point","coordinates":[106.925,-6.5296]},"properties":{"lst_celsius":26.6,"thermal_weight":0.354,"elevation_m":493,"land_cover":"Evergreen Broadleaf Forest"}},{"type":"Feature","geometry":{"type":"Point","coordinates":[106.9375,-6.5296]},"properties":{"lst_celsius":26.6,"thermal_weight":0.354,"elevation_m":493,"land_cover":"Evergreen Broadleaf Forest"}},{"type":"Feature","geometry":{"type":"Point","coordinates":[106.95,-6.5296]},"properties":{"lst_celsius":26.6,"thermal_weight":0.354,"elevation_m":493,"land_cover":"Evergreen Broadleaf Forest"}},{"type":"Feature","geometry":{"type":"Point","coordinates":[106.9625,-6.5296]},"properties":{"lst_celsius":26.6,"thermal_weight":0.354,"elevation_m":493,"land_cover":"Evergreen Broadleaf Forest"}},{"type":"Feature","geometry":{"type":"Point","coordinates":[106.975,-6.5296]},"properties":{"lst_celsius":26.6,"thermal_weight":0.354,"elevation_m":493,"land_cover":"Evergreen Broadleaf Forest"}},{"type":"Feature","geometry":{"type":"Point","coordinates":[106.9875,-6.5296]},"properties":{"lst_celsius":26.6,"thermal_weight":0.354,"elevation_m":493,"land_cover":"Evergreen Broadleaf Forest"}},{"type":"Feature","geometry":{"type":"Point","coordinates":[107,-6.5296]},"properties":{"lst_celsius":26.6,"thermal_weight":0.354,"elevation_m":493,"land_cover":"Evergreen Broadleaf Forest"}},{"type":"Feature","geometry":{"type":"Point","coordinates":[107.0125,-6.5296]},"properties":{"lst_celsius":26.6,"thermal_weight":0.354,"elevation_m":493,"land_cover":"Evergreen Broadleaf Forest"}},{"type":"Feature","geometry":{"type":"Point","coordinates":[107.025,-6.5296]},"properties":{"lst_celsius":26.6,"thermal_weight":0.354,"elevation_m":493,"land_cover":"Evergreen Broadleaf Forest"}},{"type":"Feature","geometry":{"type":"Point","coordinates":[107.0375,-6.5296]},"properties":{"lst_celsius":26.6,"thermal_weight":0.354,"elevation_m":493,"land_cover":"Evergreen Broadleaf Forest"}},{"type":"Feature","geometry":{"type":"Point","coordinates":[107.05,-6.5296]},"properties":{"lst_celsius":26.6,"thermal_weight":0.354,"elevation_m":493,"land_cover":"Evergreen Broadleaf Forest"}},{"type":"Feature","geometry":{"type":"Point","coordinates":[107.0625,-6.5296]},"properties":{"lst_celsius":26.6,"thermal_weight":0.354,"elevation_m":493,"land_cover":"Evergreen Broadleaf Forest"}},{"type":"Feature","geometry":{"type":"Point","coordinates":[107.075,-6.5296]},"properties":{"lst_celsius":26.6,"thermal_weight":0.354,"elevation_m":493,"land_cover":"Evergreen Broadleaf Forest"}},{"type":"Feature","geometry":{"type":"Point","coordinates":[107.0875,-6.5296]},"properties":{"lst_celsius":26.6,"thermal_weight":0.354,"elevation_m":493,"land_cover":"Evergreen Broadleaf Forest"}},{"type":"Feature","geometry":{"type":"Point","coordinates":[107.1,-6.5296]},"properties":{"lst_celsius":26.6,"thermal_weight":0.354,"elevation_m":493,"land_cover":"Evergreen Broadleaf Forest"}},{"type":"Feature","geometry":{"type":"Point","coordinates":[107.1125,-6.5296]},"properties":{"lst_celsius":26.6,"thermal_weight":0.354,"elevation_m":493,"land_cover":"Evergreen Broadleaf Forest"}},{"type":"Feature","geometry":{"type":"Point","coordinates":[107.125,-6.5296]},"properties":{"lst_celsius":26.6,"thermal_weight":0.354,"elevation_m":493,"land_cover":"Evergreen Broadleaf Forest"}},{"type":"Feature","geometry":{"type":"Point","coordinates":[107.1375,-6.5296]},"properties":{"lst_celsius":26.6,"thermal_weight":0.354,"elevation_m":493,"land_cover":"Evergreen Broadleaf Forest"}},{"type":"Feature","geometry":{"type":"Point","coordinates":[107.15,-6.5296]},"properties":{"lst_celsius":26.6,"thermal_weight":0.354,"elevation_m":493,"land_cover":"Evergreen Broadleaf Forest"}},{"type":"Feature","geometry":{"type":"Point","coordinates":[107.1625,-6.5296]},"properties":{"lst_celsius":26.6,"thermal_weight":0.354,"elevation_m":493,"land_cover":"Evergreen Broadleaf Forest"}},{"type":"Feature","geometry":{"type":"Point","coordinates":[107.175,-6.5296]},"properties":{"lst_celsius":26.6,"thermal_weight":0.354,"elevation_m":493,"land_cover":"Evergreen Broadleaf Forest"}},{"type":"Feature","geometry":{"type":"Point","coordinates":[107.1875,-6.5296]},"properties":{"lst_celsius":26.6,"thermal_weight":0.354,"elevation_m":493,"land_cover":"Evergreen Broadleaf Forest"}},{"type":"Feature","geometry":{"type":"Point","coordinates":[107.2,-6.5296]},"properties":{"lst_celsius":26.6,"thermal_weight":0.354,"elevation_m":493,"land_cover":"Evergreen Broadleaf Forest"}},{"type":"Feature","geometry":{"type":"Point","coordinates":[107.2125,-6.5296]},"properties":{"lst_celsius":26.6,"thermal_weight":0.354,"elevation_m":493,"land_cover":"Evergreen Broadleaf Forest"}},{"type":"Feature","geometry":{"type":"Point","coordinates":[107.225,-6.5296]},"properties":{"lst_celsius":26.6,"thermal_weight":0.354,"elevation_m":493,"land_cover":"Evergreen Broadleaf Forest"}},{"type":"Feature","geometry":{"type":"Point","coordinates":[107.2375,-6.5296]},"properties":{"lst_celsius":26.6,"thermal_weight":0.354,"elevation_m":493,"land_cover":"Evergreen Broadleaf Forest"}},{"type":"Feature","geometry":{"type":"Point","coordinates":[107.25,-6.5296]},"properties":{"lst_celsius":26.6,"thermal_weight":0.354,"elevation_m":493,"land_cover":"Evergreen Broadleaf Forest"}},{"type":"Feature","geometry":{"type":"Point","coordinates":[107.2625,-6.5296]},"properties":{"lst_celsius":26.6,"thermal_weight":0.354,"elevation_m":493,"land_cover":"Evergreen Broadleaf Forest"}},{"type":"Feature","geometry":{"type":"Point","coordinates":[107.275,-6.5296]},"properties":{"lst_celsius":26.6,"thermal_weight":0.354,"elevation_m":493,"land_cover":"Evergreen Broadleaf Forest"}},{"type":"Feature","geometry":{"type":"Point","coordinates":[107.2875,-6.5296]},"properties":{"lst_celsius":26.6,"thermal_weight":0.354,"elevation_m":493,"land_cover":"Evergreen Broadleaf Forest"}},{"type":"Feature","geometry":{"type":"Point","coordinates":[107.3,-6.5296]},"properties":{"lst_celsius":26.6,"thermal_weight":0.354,"elevation_m":493,"land_cover":"Evergreen Broadleaf Forest"}},{"type":"Feature","geometry":{"type":"Point","coordinates":[106.5,-6.5176]},"properties":{"lst_celsius":26.81,"thermal_weight":0.37,"elevation_m":459.3,"land_cover":"Evergreen Broadleaf Forest"}},{"type":"Feature","geometry":{"type":"Point","coordinates":[106.5125,-6.5176]},"properties":{"lst_celsius":26.81,"thermal_weight":0.37,"elevation_m":459.3,"land_cover":"Evergreen Broadleaf Forest"}},{"type":"Feature","geometry":{"type":"Point","coordinates":[106.525,-6.5176]},"properties":{"lst_celsius":26.81,"thermal_weight":0.37,"elevation_m":459.3,"land_cover":"Evergreen Broadleaf Forest"}},{"type":"Feature","geometry":{"type":"Point","coordinates":[106.5375,-6.5176]},"properties":{"lst_celsius":26.81,"thermal_weight":0.37,"elevation_m":459.3,"land_cover":"Evergreen Broadleaf Forest"}},{"type":"Feature","geometry":{"type":"Point","coordinates":[106.55,-6.5176]},"properties":{"lst_celsius":26.81,"thermal_weight":0.37,"elevation_m":459.3,"land_cover":"Evergreen Broadleaf Forest"}},{"type":"Feature","geometry":{"type":"Point","coordinates":[106.5625,-6.5176]},"properties":{"lst_celsius":26.81,"thermal_weight":0.37,"elevation_m":459.3,"land_cover":"Evergreen Broadleaf Forest"}},{"type":"Feature","geometry":{"type":"Point","coordinates":[106.575,-6.5176]},"properties":{"lst_celsius":26.81,"thermal_weight":0.37,"elevation_m":459.3,"land_cover":"Evergreen Broadleaf Forest"}},{"type":"Feature","geometry":{"type":"Point","coordinates":[106.5875,-6.5176]},"properties":{"lst_celsius":26.81,"thermal_weight":0.37,"elevation_m":459.3,"land_cover":"Evergreen Broadleaf Forest"}},{"type":"Feature","geometry":{"type":"Point","coordinates":[106.6,-6.5176]},"properties":{"lst_celsius":26.81,"thermal_weight":0.37,"elevation_m":459.3,"land_cover":"Evergreen Broadleaf Forest"}},{"type":"Feature","geometry":{"type":"Point","coordinates":[106.6125,-6.5176]},"properties":{"lst_celsius":26.81,"thermal_weight":0.37,"elevation_m":459.3,"land_cover":"Evergreen Broadleaf Forest"}},{"type":"Feature","geometry":{"type":"Point","coordinates":[106.625,-6.5176]},"properties":{"lst_celsius":26.81,"thermal_weight":0.37,"elevation_m":459.3,"land_cover":"Evergreen Broadleaf Forest"}},{"type":"Feature","geometry":{"type":"Point","coordinates":[106.6375,-6.5176]},"properties":{"lst_celsius":26.81,"thermal_weight":0.37,"elevation_m":459.3,"land_cover":"Evergreen Broadleaf Forest"}},{"type":"Feature","geometry":{"type":"Point","coordinates":[106.65,-6.5176]},"properties":{"lst_celsius":26.81,"thermal_weight":0.37,"elevation_m":459.3,"land_cover":"Evergreen Broadleaf Forest"}},{"type":"Feature","geometry":{"type":"Point","coordinates":[106.6625,-6.5176]},"properties":{"lst_celsius":26.81,"thermal_weight":0.37,"elevation_m":459.3,"land_cover":"Evergreen Broadleaf Forest"}},{"type":"Feature","geometry":{"type":"Point","coordinates":[106.675,-6.5176]},"properties":{"lst_celsius":26.81,"thermal_weight":0.37,"elevation_m":459.3,"land_cover":"Evergreen Broadleaf Forest"}},{"type":"Feature","geometry":{"type":"Point","coordinates":[106.6875,-6.5176]},"properties":{"lst_celsius":26.81,"thermal_weight":0.37,"elevation_m":459.3,"land_cover":"Evergreen Broadleaf Forest"}},{"type":"Feature","geometry":{"type":"Point","coordinates":[106.7,-6.5176]},"properties":{"lst_celsius":26.81,"thermal_weight":0.37,"elevation_m":459.3,"land_cover":"Evergreen Broadleaf Forest"}},{"type":"Feature","geometry":{"type":"Point","coordinates":[106.7125,-6.5176]},"properties":{"lst_celsius":26.81,"thermal_weight":0.37,"elevation_m":459.3,"land_cover":"Evergreen Broadleaf Forest"}},{"type":"Feature","geometry":{"type":"Point","coordinates":[106.725,-6.5176]},"properties":{"lst_celsius":26.81,"thermal_weight":0.37,"elevation_m":459.3,"land_cover":"Evergreen Broadleaf Forest"}},{"type":"Feature","geometry":{"type":"Point","coordinates":[106.7375,-6.5176]},"properties":{"lst_celsius":26.81,"thermal_weight":0.37,"elevation_m":459.3,"land_cover":"Evergreen Broadleaf Forest"}},{"type":"Feature","geometry":{"type":"Point","coordinates":[106.75,-6.5176]},"properties":{"lst_celsius":26.81,"thermal_weight":0.37,"elevation_m":459.3,"land_cover":"Evergreen Broadleaf Forest"}},{"type":"Feature","geometry":{"type":"Point","coordinates":[106.7625,-6.5176]},"properties":{"lst_celsius":26.81,"thermal_weight":0.37,"elevation_m":459.3,"land_cover":"Evergreen Broadleaf Forest"}},{"type":"Feature","geometry":{"type":"Point","coordinates":[106.775,-6.5176]},"properties":{"lst_celsius":26.81,"thermal_weight":0.37,"elevation_m":459.3,"land_cover":"Evergreen Broadleaf Forest"}},{"type":"Feature","geometry":{"type":"Point","coordinates":[106.7875,-6.5176]},"properties":{"lst_celsius":26.81,"thermal_weight":0.37,"elevation_m":459.3,"land_cover":"Evergreen Broadleaf Forest"}},{"type":"Feature","geometry":{"type":"Point","coordinates":[106.8,-6.5176]},"properties":{"lst_celsius":26.81,"thermal_weight":0.37,"elevation_m":459.3,"land_cover":"Evergreen Broadleaf Forest"}},{"type":"Feature","geometry":{"type":"Point","coordinates":[106.8125,-6.5176]},"properties":{"lst_celsius":26.81,"thermal_weight":0.37,"elevation_m":459.3,"land_cover":"Evergreen Broadleaf Forest"}},{"type":"Feature","geometry":{"type":"Point","coordinates":[106.825,-6.5176]},"properties":{"lst_celsius":26.81,"thermal_weight":0.37,"elevation_m":459.3,"land_cover":"Evergreen Broadleaf Forest"}},{"type":"Feature","geometry":{"type":"Point","coordinates":[106.8375,-6.5176]},"properties":{"lst_celsius":26.81,"thermal_weight":0.37,"elevation_m":459.3,"land_cover":"Evergreen Broadleaf Forest"}},{"type":"Feature","geometry":{"type":"Point","coordinates":[106.85,-6.5176]},"properties":{"lst_celsius":26.81,"thermal_weight":0.37,"elevation_m":459.3,"land_cover":"Evergreen Broadleaf Forest"}},{"type":"Feature","geometry":{"type":"Point","coordinates":[106.8625,-6.5176]},"properties":{"lst_celsius":26.81,"thermal_weight":0.37,"elevation_m":459.3,"land_cover":"Evergreen Broadleaf Forest"}},{"type":"Feature","geometry":{"type":"Point","coordinates":[106.875,-6.5176]},"properties":{"lst_celsius":26.81,"thermal_weight":0.37,"elevation_m":459.3,"land_cover":"Evergreen Broadleaf Forest"}},{"type":"Feature","geometry":{"type":"Point","coordinates":[106.8875,-6.5176]},"properties":{"lst_celsius":26.81,"thermal_weight":0.37,"elevation_m":459.3,"land_cover":"Evergreen Broadleaf Forest"}},{"type":"Feature","geometry":{"type":"Point","coordinates":[106.9,-6.5176]},"properties":{"lst_celsius":26.81,"thermal_weight":0.37,"elevation_m":459.3,"land_cover":"Evergreen Broadleaf Forest"}},{"type":"Feature","geometry":{"type":"Point","coordinates":[106.9125,-6.5176]},"properties":{"lst_celsius":26.81,"thermal_weight":0.37,"elevation_m":459.3,"land_cover":"Evergreen Broadleaf Forest"}},{"type":"Feature","geometry":{"type":"Point","coordinates":[106.925,-6.5176]},"properties":{"lst_celsius":26.81,"thermal_weight":0.37,"elevation_m":459.3,"land_cover":"Evergreen Broadleaf Forest"}},{"type":"Feature","geometry":{"type":"Point","coordinates":[106.9375,-6.5176]},"properties":{"lst_celsius":26.81,"thermal_weight":0.37,"elevation_m":459.3,"land_cover":"Evergreen Broadleaf Forest"}},{"type":"Feature","geometry":{"type":"Point","coordinates":[106.95,-6.5176]},"properties":{"lst_celsius":26.81,"thermal_weight":0.37,"elevation_m":459.3,"land_cover":"Evergreen Broadleaf Forest"}},{"type":"Feature","geometry":{"type":"Point","coordinates":[106.9625,-6.5176]},"properties":{"lst_celsius":26.81,"thermal_weight":0.37,"elevation_m":459.3,"land_cover":"Evergreen Broadleaf Forest"}},{"type":"Feature","geometry":{"type":"Point","coordinates":[106.975,-6.5176]},"properties":{"lst_celsius":26.81,"thermal_weight":0.37,"elevation_m":459.3,"land_cover":"Evergreen Broadleaf Forest"}},{"type":"Feature","geometry":{"type":"Point","coordinates":[106.9875,-6.5176]},"properties":{"lst_celsius":26.81,"thermal_weight":0.37,"elevation_m":459.3,"land_cover":"Evergreen Broadleaf Forest"}},{"type":"Feature","geometry":{"type":"Point","coordinates":[107,-6.5176]},"properties":{"lst_celsius":26.81,"thermal_weight":0.37,"elevation_m":459.3,"land_cover":"Evergreen Broadleaf Forest"}},{"type":"Feature","geometry":{"type":"Point","coordinates":[107.0125,-6.5176]},"properties":{"lst_celsius":26.81,"thermal_weight":0.37,"elevation_m":459.3,"land_cover":"Evergreen Broadleaf Forest"}},{"type":"Feature","geometry":{"type":"Point","coordinates":[107.025,-6.5176]},"properties":{"lst_celsius":26.81,"thermal_weight":0.37,"elevation_m":459.3,"land_cover":"Evergreen Broadleaf Forest"}},{"type":"Feature","geometry":{"type":"Point","coordinates":[107.0375,-6.5176]},"properties":{"lst_celsius":26.81,"thermal_weight":0.37,"elevation_m":459.3,"land_cover":"Evergreen Broadleaf Forest"}},{"type":"Feature","geometry":{"type":"Point","coordinates":[107.05,-6.5176]},"properties":{"lst_celsius":26.81,"thermal_weight":0.37,"elevation_m":459.3,"land_cover":"Evergreen Broadleaf Forest"}},{"type":"Feature","geometry":{"type":"Point","coordinates":[107.0625,-6.5176]},"properties":{"lst_celsius":26.81,"thermal_weight":0.37,"elevation_m":459.3,"land_cover":"Evergreen Broadleaf Forest"}},{"type":"Feature","geometry":{"type":"Point","coordinates":[107.075,-6.5176]},"properties":{"lst_celsius":26.81,"thermal_weight":0.37,"elevation_m":459.3,"land_cover":"Evergreen Broadleaf Forest"}},{"type":"Feature","geometry":{"type":"Point","coordinates":[107.0875,-6.5176]},"properties":{"lst_celsius":26.81,"thermal_weight":0.37,"elevation_m":459.3,"land_cover":"Evergreen Broadleaf Forest"}},{"type":"Feature","geometry":{"type":"Point","coordinates":[107.1,-6.5176]},"properties":{"lst_celsius":26.81,"thermal_weight":0.37,"elevation_m":459.3,"land_cover":"Evergreen Broadleaf Forest"}},{"type":"Feature","geometry":{"type":"Point","coordinates":[107.1125,-6.5176]},"properties":{"lst_celsius":26.81,"thermal_weight":0.37,"elevation_m":459.3,"land_cover":"Evergreen Broadleaf Forest"}},{"type":"Feature","geometry":{"type":"Point","coordinates":[107.125,-6.5176]},"properties":{"lst_celsius":26.81,"thermal_weight":0.37,"elevation_m":459.3,"land_cover":"Evergreen Broadleaf Forest"}},{"type":"Feature","geometry":{"type":"Point","coordinates":[107.1375,-6.5176]},"properties":{"lst_celsius":26.81,"thermal_weight":0.37,"elevation_m":459.3,"land_cover":"Evergreen Broadleaf Forest"}},{"type":"Feature","geometry":{"type":"Point","coordinates":[107.15,-6.5176]},"properties":{"lst_celsius":26.81,"thermal_weight":0.37,"elevation_m":459.3,"land_cover":"Evergreen Broadleaf Forest"}},{"type":"Feature","geometry":{"type":"Point","coordinates":[107.1625,-6.5176]},"properties":{"lst_celsius":26.81,"thermal_weight":0.37,"elevation_m":459.3,"land_cover":"Evergreen Broadleaf Forest"}},{"type":"Feature","geometry":{"type":"Point","coordinates":[107.175,-6.5176]},"properties":{"lst_celsius":26.81,"thermal_weight":0.37,"elevation_m":459.3,"land_cover":"Evergreen Broadleaf Forest"}},{"type":"Feature","geometry":{"type":"Point","coordinates":[107.1875,-6.5176]},"properties":{"lst_celsius":26.81,"thermal_weight":0.37,"elevation_m":459.3,"land_cover":"Evergreen Broadleaf Forest"}},{"type":"Feature","geometry":{"type":"Point","coordinates":[107.2,-6.5176]},"properties":{"lst_celsius":26.81,"thermal_weight":0.37,"elevation_m":459.3,"land_cover":"Evergreen Broadleaf Forest"}},{"type":"Feature","geometry":{"type":"Point","coordinates":[107.2125,-6.5176]},"properties":{"lst_celsius":26.81,"thermal_weight":0.37,"elevation_m":459.3,"land_cover":"Evergreen Broadleaf Forest"}},{"type":"Feature","geometry":{"type":"Point","coordinates":[107.225,-6.5176]},"properties":{"lst_celsius":26.81,"thermal_weight":0.37,"elevation_m":459.3,"land_cover":"Evergreen Broadleaf Forest"}},{"type":"Feature","geometry":{"type":"Point","coordinates":[107.2375,-6.5176]},"properties":{"lst_celsius":26.81,"thermal_weight":0.37,"elevation_m":459.3,"land_cover":"Evergreen Broadleaf Forest"}},{"type":"Feature","geometry":{"type":"Point","coordinates":[107.25,-6.5176]},"properties":{"lst_celsius":26.81,"thermal_weight":0.37,"elevation_m":459.3,"land_cover":"Evergreen Broadleaf Forest"}},{"type":"Feature","geometry":{"type":"Point","coordinates":[107.2625,-6.5176]},"properties":{"lst_celsius":26.81,"thermal_weight":0.37,"elevation_m":459.3,"land_cover":"Evergreen Broadleaf Forest"}},{"type":"Feature","geometry":{"type":"Point","coordinates":[107.275,-6.5176]},"properties":{"lst_celsius":26.81,"thermal_weight":0.37,"elevation_m":459.3,"land_cover":"Evergreen Broadleaf Forest"}},{"type":"Feature","geometry":{"type":"Point","coordinates":[107.2875,-6.5176]},"properties":{"lst_celsius":26.81,"thermal_weight":0.37,"elevation_m":459.3,"land_cover":"Evergreen Broadleaf Forest"}},{"type":"Feature","geometry":{"type":"Point","coordinates":[107.3,-6.5176]},"properties":{"lst_celsius":26.81,"thermal_weight":0.37,"elevation_m":459.3,"land_cover":"Evergreen Broadleaf Forest"}},{"type":"Feature","geometry":{"type":"Point","coordinates":[106.5,-6.5056]},"properties":{"lst_celsius":27.03,"thermal_weight":0.387,"elevation_m":425.6,"land_cover":"Evergreen Broadleaf Forest"}},{"type":"Feature","geometry":{"type":"Point","coordinates":[106.5125,-6.5056]},"properties":{"lst_celsius":27.03,"thermal_weight":0.387,"elevation_m":425.6,"land_cover":"Evergreen Broadleaf Forest"}},{"type":"Feature","geometry":{"type":"Point","coordinates":[106.525,-6.5056]},"properties":{"lst_celsius":27.03,"thermal_weight":0.387,"elevation_m":425.6,"land_cover":"Evergreen Broadleaf Forest"}},{"type":"Feature","geometry":{"type":"Point","coordinates":[106.5375,-6.5056]},"properties":{"lst_celsius":27.03,"thermal_weight":0.387,"elevation_m":425.6,"land_cover":"Evergreen Broadleaf Forest"}},{"type":"Feature","geometry":{"type":"Point","coordinates":[106.55,-6.5056]},"properties":{"lst_celsius":27.03,"thermal_weight":0.387,"elevation_m":425.6,"land_cover":"Evergreen Broadleaf Forest"}},{"type":"Feature","geometry":{"type":"Point","coordinates":[106.5625,-6.5056]},"properties":{"lst_celsius":27.03,"thermal_weight":0.387,"elevation_m":425.6,"land_cover":"Evergreen Broadleaf Forest"}},{"type":"Feature","geometry":{"type":"Point","coordinates":[106.575,-6.5056]},"properties":{"lst_celsius":27.03,"thermal_weight":0.387,"elevation_m":425.6,"land_cover":"Evergreen Broadleaf Forest"}},{"type":"Feature","geometry":{"type":"Point","coordinates":[106.5875,-6.5056]},"properties":{"lst_celsius":27.03,"thermal_weight":0.387,"elevation_m":425.6,"land_cover":"Evergreen Broadleaf Forest"}},{"type":"Feature","geometry":{"type":"Point","coordinates":[106.6,-6.5056]},"properties":{"lst_celsius":27.03,"thermal_weight":0.387,"elevation_m":425.6,"land_cover":"Evergreen Broadleaf Forest"}},{"type":"Feature","geometry":{"type":"Point","coordinates":[106.6125,-6.5056]},"properties":{"lst_celsius":27.03,"thermal_weight":0.387,"elevation_m":425.6,"land_cover":"Evergreen Broadleaf Forest"}},{"type":"Feature","geometry":{"type":"Point","coordinates":[106.625,-6.5056]},"properties":{"lst_celsius":27.03,"thermal_weight":0.387,"elevation_m":425.6,"land_cover":"Evergreen Broadleaf Forest"}},{"type":"Feature","geometry":{"type":"Point","coordinates":[106.6375,-6.5056]},"properties":{"lst_celsius":27.03,"thermal_weight":0.387,"elevation_m":425.6,"land_cover":"Evergreen Broadleaf Forest"}},{"type":"Feature","geometry":{"type":"Point","coordinates":[106.65,-6.5056]},"properties":{"lst_celsius":27.03,"thermal_weight":0.387,"elevation_m":425.6,"land_cover":"Evergreen Broadleaf Forest"}},{"type":"Feature","geometry":{"type":"Point","coordinates":[106.6625,-6.5056]},"properties":{"lst_celsius":27.03,"thermal_weight":0.387,"elevation_m":425.6,"land_cover":"Evergreen Broadleaf Forest"}},{"type":"Feature","geometry":{"type":"Point","coordinates":[106.675,-6.5056]},"properties":{"lst_celsius":27.03,"thermal_weight":0.387,"elevation_m":425.6,"land_cover":"Evergreen Broadleaf Forest"}},{"type":"Feature","geometry":{"type":"Point","coordinates":[106.6875,-6.5056]},"properties":{"lst_celsius":27.03,"thermal_weight":0.387,"elevation_m":425.6,"land_cover":"Evergreen Broadleaf Forest"}},{"type":"Feature","geometry":{"type":"Point","coordinates":[106.7,-6.5056]},"properties":{"lst_celsius":27.03,"thermal_weight":0.387,"elevation_m":425.6,"land_cover":"Evergreen Broadleaf Forest"}},{"type":"Feature","geometry":{"type":"Point","coordinates":[106.7125,-6.5056]},"properties":{"lst_celsius":27.03,"thermal_weight":0.387,"elevation_m":425.6,"land_cover":"Evergreen Broadleaf Forest"}},{"type":"Feature","geometry":{"type":"Point","coordinates":[106.725,-6.5056]},"properties":{"lst_celsius":27.03,"thermal_weight":0.387,"elevation_m":425.6,"land_cover":"Evergreen Broadleaf Forest"}},{"type":"Feature","geometry":{"type":"Point","coordinates":[106.7375,-6.5056]},"properties":{"lst_celsius":27.03,"thermal_weight":0.387,"elevation_m":425.6,"land_cover":"Evergreen Broadleaf Forest"}},{"type":"Feature","geometry":{"type":"Point","coordinates":[106.75,-6.5056]},"properties":{"lst_celsius":27.03,"thermal_weight":0.387,"elevation_m":425.6,"land_cover":"Evergreen Broadleaf Forest"}},{"type":"Feature","geometry":{"type":"Point","coordinates":[106.7625,-6.5056]},"properties":{"lst_celsius":27.03,"thermal_weight":0.387,"elevation_m":425.6,"land_cover":"Evergreen Broadleaf Forest"}},{"type":"Feature","geometry":{"type":"Point","coordinates":[106.775,-6.5056]},"properties":{"lst_celsius":27.03,"thermal_weight":0.387,"elevation_m":425.6,"land_cover":"Evergreen Broadleaf Forest"}},{"type":"Feature","geometry":{"type":"Point","coordinates":[106.7875,-6.5056]},"properties":{"lst_celsius":27.03,"thermal_weight":0.387,"elevation_m":425.6,"land_cover":"Evergreen Broadleaf Forest"}},{"type":"Feature","geometry":{"type":"Point","coordinates":[106.8,-6.5056]},"properties":{"lst_celsius":27.03,"thermal_weight":0.387,"elevation_m":425.6,"land_cover":"Evergreen Broadleaf Forest"}},{"type":"Feature","geometry":{"type":"Point","coordinates":[106.8125,-6.5056]},"properties":{"lst_celsius":27.03,"thermal_weight":0.387,"elevation_m":425.6,"land_cover":"Evergreen Broadleaf Forest"}},{"type":"Feature","geometry":{"type":"Point","coordinates":[106.825,-6.5056]},"properties":{"lst_celsius":27.03,"thermal_weight":0.387,"elevation_m":425.6,"land_cover":"Evergreen Broadleaf Forest"}},{"type":"Feature","geometry":{"type":"Point","coordinates":[106.8375,-6.5056]},"properties":{"lst_celsius":27.03,"thermal_weight":0.387,"elevation_m":425.6,"land_cover":"Evergreen Broadleaf Forest"}},{"type":"Feature","geometry":{"type":"Point","coordinates":[106.85,-6.5056]},"properties":{"lst_celsius":27.03,"thermal_weight":0.387,"elevation_m":425.6,"land_cover":"Evergreen Broadleaf Forest"}},{"type":"Feature","geometry":{"type":"Point","coordinates":[106.8625,-6.5056]},"properties":{"lst_celsius":27.03,"thermal_weight":0.387,"elevation_m":425.6,"land_cover":"Evergreen Broadleaf Forest"}},{"type":"Feature","geometry":{"type":"Point","coordinates":[106.875,-6.5056]},"properties":{"lst_celsius":27.03,"thermal_weight":0.387,"elevation_m":425.6,"land_cover":"Evergreen Broadleaf Forest"}},{"type":"Feature","geometry":{"type":"Point","coordinates":[106.8875,-6.5056]},"properties":{"lst_celsius":27.03,"thermal_weight":0.387,"elevation_m":425.6,"land_cover":"Evergreen Broadleaf Forest"}},{"type":"Feature","geometry":{"type":"Point","coordinates":[106.9,-6.5056]},"properties":{"lst_celsius":27.03,"thermal_weight":0.387,"elevation_m":425.6,"land_cover":"Evergreen Broadleaf Forest"}},{"type":"Feature","geometry":{"type":"Point","coordinates":[106.9125,-6.5056]},"properties":{"lst_celsius":27.03,"thermal_weight":0.387,"elevation_m":425.6,"land_cover":"Evergreen Broadleaf Forest"}},{"type":"Feature","geometry":{"type":"Point","coordinates":[106.925,-6.5056]},"properties":{"lst_celsius":27.03,"thermal_weight":0.387,"elevation_m":425.6,"land_cover":"Evergreen Broadleaf Forest"}},{"type":"Feature","geometry":{"type":"Point","coordinates":[106.9375,-6.5056]},"properties":{"lst_celsius":27.03,"thermal_weight":0.387,"elevation_m":425.6,"land_cover":"Evergreen Broadleaf Forest"}},{"type":"Feature","geometry":{"type":"Point","coordinates":[106.95,-6.5056]},"properties":{"lst_celsius":27.03,"thermal_weight":0.387,"elevation_m":425.6,"land_cover":"Evergreen Broadleaf Forest"}},{"type":"Feature","geometry":{"type":"Point","coordinates":[106.9625,-6.5056]},"properties":{"lst_celsius":27.03,"thermal_weight":0.387,"elevation_m":425.6,"land_cover":"Evergreen Broadleaf Forest"}},{"type":"Feature","geometry":{"type":"Point","coordinates":[106.975,-6.5056]},"properties":{"lst_celsius":27.03,"thermal_weight":0.387,"elevation_m":425.6,"land_cover":"Evergreen Broadleaf Forest"}},{"type":"Feature","geometry":{"type":"Point","coordinates":[106.9875,-6.5056]},"properties":{"lst_celsius":27.03,"thermal_weight":0.387,"elevation_m":425.6,"land_cover":"Evergreen Broadleaf Forest"}},{"type":"Feature","geometry":{"type":"Point","coordinates":[107,-6.5056]},"properties":{"lst_celsius":27.03,"thermal_weight":0.387,"elevation_m":425.6,"land_cover":"Evergreen Broadleaf Forest"}},{"type":"Feature","geometry":{"type":"Point","coordinates":[107.0125,-6.5056]},"properties":{"lst_celsius":27.03,"thermal_weight":0.387,"elevation_m":425.6,"land_cover":"Evergreen Broadleaf Forest"}},{"type":"Feature","geometry":{"type":"Point","coordinates":[107.025,-6.5056]},"properties":{"lst_celsius":27.03,"thermal_weight":0.387,"elevation_m":425.6,"land_cover":"Evergreen Broadleaf Forest"}},{"type":"Feature","geometry":{"type":"Point","coordinates":[107.0375,-6.5056]},"properties":{"lst_celsius":27.03,"thermal_weight":0.387,"elevation_m":425.6,"land_cover":"Evergreen Broadleaf Forest"}},{"type":"Feature","geometry":{"type":"Point","coordinates":[107.05,-6.5056]},"properties":{"lst_celsius":27.03,"thermal_weight":0.387,"elevation_m":425.6,"land_cover":"Evergreen Broadleaf Forest"}},{"type":"Feature","geometry":{"type":"Point","coordinates":[107.0625,-6.5056]},"properties":{"lst_celsius":27.03,"thermal_weight":0.387,"elevation_m":425.6,"land_cover":"Evergreen Broadleaf Forest"}},{"type":"Feature","geometry":{"type":"Point","coordinates":[107.075,-6.5056]},"properties":{"lst_celsius":27.03,"thermal_weight":0.387,"elevation_m":425.6,"land_cover":"Evergreen Broadleaf Forest"}},{"type":"Feature","geometry":{"type":"Point","coordinates":[107.0875,-6.5056]},"properties":{"lst_celsius":27.03,"thermal_weight":0.387,"elevation_m":425.6,"land_cover":"Evergreen Broadleaf Forest"}},{"type":"Feature","geometry":{"type":"Point","coordinates":[107.1,-6.5056]},"properties":{"lst_celsius":27.03,"thermal_weight":0.387,"elevation_m":425.6,"land_cover":"Evergreen Broadleaf Forest"}},{"type":"Feature","geometry":{"type":"Point","coordinates":[107.1125,-6.5056]},"properties":{"lst_celsius":27.03,"thermal_weight":0.387,"elevation_m":425.6,"land_cover":"Evergreen Broadleaf Forest"}},{"type":"Feature","geometry":{"type":"Point","coordinates":[107.125,-6.5056]},"properties":{"lst_celsius":27.03,"thermal_weight":0.387,"elevation_m":425.6,"land_cover":"Evergreen Broadleaf Forest"}},{"type":"Feature","geometry":{"type":"Point","coordinates":[107.1375,-6.5056]},"properties":{"lst_celsius":27.03,"thermal_weight":0.387,"elevation_m":425.6,"land_cover":"Evergreen Broadleaf Forest"}},{"type":"Feature","geometry":{"type":"Point","coordinates":[107.15,-6.5056]},"properties":{"lst_celsius":27.03,"thermal_weight":0.387,"elevation_m":425.6,"land_cover":"Evergreen Broadleaf Forest"}},{"type":"Feature","geometry":{"type":"Point","coordinates":[107.1625,-6.5056]},"properties":{"lst_celsius":27.03,"thermal_weight":0.387,"elevation_m":425.6,"land_cover":"Evergreen Broadleaf Forest"}},{"type":"Feature","geometry":{"type":"Point","coordinates":[107.175,-6.5056]},"properties":{"lst_celsius":27.03,"thermal_weight":0.387,"elevation_m":425.6,"land_cover":"Evergreen Broadleaf Forest"}},{"type":"Feature","geometry":{"type":"Point","coordinates":[107.1875,-6.5056]},"properties":{"lst_celsius":27.03,"thermal_weight":0.387,"elevation_m":425.6,"land_cover":"Evergreen Broadleaf Forest"}},{"type":"Feature","geometry":{"type":"Point","coordinates":[107.2,-6.5056]},"properties":{"lst_celsius":27.03,"thermal_weight":0.387,"elevation_m":425.6,"land_cover":"Evergreen Broadleaf Forest"}},{"type":"Feature","geometry":{"type":"Point","coordinates":[107.2125,-6.5056]},"properties":{"lst_celsius":27.03,"thermal_weight":0.387,"elevation_m":425.6,"land_cover":"Evergreen Broadleaf Forest"}},{"type":"Feature","geometry":{"type":"Point","coordinates":[107.225,-6.5056]},"properties":{"lst_celsius":27.03,"thermal_weight":0.387,"elevation_m":425.6,"land_cover":"Evergreen Broadleaf Forest"}},{"type":"Feature","geometry":{"type":"Point","coordinates":[107.2375,-6.5056]},"properties":{"lst_celsius":27.03,"thermal_weight":0.387,"elevation_m":425.6,"land_cover":"Evergreen Broadleaf Forest"}},{"type":"Feature","geometry":{"type":"Point","coordinates":[107.25,-6.5056]},"properties":{"lst_celsius":27.03,"thermal_weight":0.387,"elevation_m":425.6,"land_cover":"Evergreen Broadleaf Forest"}},{"type":"Feature","geometry":{"type":"Point","coordinates":[107.2625,-6.5056]},"properties":{"lst_celsius":27.03,"thermal_weight":0.387,"elevation_m":425.6,"land_cover":"Evergreen Broadleaf Forest"}},{"type":"Feature","geometry":{"type":"Point","coordinates":[107.275,-6.5056]},"properties":{"lst_celsius":27.03,"thermal_weight":0.387,"elevation_m":425.6,"land_cover":"Evergreen Broadleaf Forest"}},{"type":"Feature","geometry":{"type":"Point","coordinates":[107.2875,-6.5056]},"properties":{"lst_celsius":27.03,"thermal_weight":0.387,"elevation_m":425.6,"land_cover":"Evergreen Broadleaf Forest"}},{"type":"Feature","geometry":{"type":"Point","coordinates":[107.3,-6.5056]},"properties":{"lst_celsius":27.03,"thermal_weight":0.387,"elevation_m":425.6,"land_cover":"Evergreen Broadleaf Forest"}},{"type":"Feature","geometry":{"type":"Point","coordinates":[106.5,-6.4935]},"properties":{"lst_celsius":27.65,"thermal_weight":0.435,"elevation_m":391.9,"land_cover":"Cropland / Natural Vegetation Mosaics"}},{"type":"Feature","geometry":{"type":"Point","coordinates":[106.5125,-6.4935]},"properties":{"lst_celsius":27.65,"thermal_weight":0.435,"elevation_m":391.9,"land_cover":"Cropland / Natural Vegetation Mosaics"}},{"type":"Feature","geometry":{"type":"Point","coordinates":[106.525,-6.4935]},"properties":{"lst_celsius":27.65,"thermal_weight":0.435,"elevation_m":391.9,"land_cover":"Cropland / Natural Vegetation Mosaics"}},{"type":"Feature","geometry":{"type":"Point","coordinates":[106.5375,-6.4935]},"properties":{"lst_celsius":27.65,"thermal_weight":0.435,"elevation_m":391.9,"land_cover":"Cropland / Natural Vegetation Mosaics"}},{"type":"Feature","geometry":{"type":"Point","coordinates":[106.55,-6.4935]},"properties":{"lst_celsius":27.65,"thermal_weight":0.435,"elevation_m":391.9,"land_cover":"Cropland / Natural Vegetation Mosaics"}},{"type":"Feature","geometry":{"type":"Point","coordinates":[106.5625,-6.4935]},"properties":{"lst_celsius":27.65,"thermal_weight":0.435,"elevation_m":391.9,"land_cover":"Cropland / Natural Vegetation Mosaics"}},{"type":"Feature","geometry":{"type":"Point","coordinates":[106.575,-6.4935]},"properties":{"lst_celsius":27.65,"thermal_weight":0.435,"elevation_m":391.9,"land_cover":"Cropland / Natural Vegetation Mosaics"}},{"type":"Feature","geometry":{"type":"Point","coordinates":[106.5875,-6.4935]},"properties":{"lst_celsius":27.65,"thermal_weight":0.435,"elevation_m":391.9,"land_cover":"Cropland / Natural Vegetation Mosaics"}},{"type":"Feature","geometry":{"type":"Point","coordinates":[106.6,-6.4935]},"properties":{"lst_celsius":27.65,"thermal_weight":0.435,"elevation_m":391.9,"land_cover":"Cropland / Natural Vegetation Mosaics"}},{"type":"Feature","geometry":{"type":"Point","coordinates":[106.6125,-6.4935]},"properties":{"lst_celsius":27.65,"thermal_weight":0.435,"elevation_m":391.9,"land_cover":"Cropland / Natural Vegetation Mosaics"}},{"type":"Feature","geometry":{"type":"Point","coordinates":[106.625,-6.4935]},"properties":{"lst_celsius":27.65,"thermal_weight":0.435,"elevation_m":391.9,"land_cover":"Cropland / Natural Vegetation Mosaics"}},{"type":"Feature","geometry":{"type":"Point","coordinates":[106.6375,-6.4935]},"properties":{"lst_celsius":27.65,"thermal_weight":0.435,"elevation_m":391.9,"land_cover":"Cropland / Natural Vegetation Mosaics"}},{"type":"Feature","geometry":{"type":"Point","coordinates":[106.65,-6.4935]},"properties":{"lst_celsius":27.65,"thermal_weight":0.435,"elevation_m":391.9,"land_cover":"Cropland / Natural Vegetation Mosaics"}},{"type":"Feature","geometry":{"type":"Point","coordinates":[106.6625,-6.4935]},"properties":{"lst_celsius":27.65,"thermal_weight":0.435,"elevation_m":391.9,"land_cover":"Cropland / Natural Vegetation Mosaics"}},{"type":"Feature","geometry":{"type":"Point","coordinates":[106.675,-6.4935]},"properties":{"lst_celsius":27.65,"thermal_weight":0.435,"elevation_m":391.9,"land_cover":"Cropland / Natural Vegetation Mosaics"}},{"type":"Feature","geometry":{"type":"Point","coordinates":[106.6875,-6.4935]},"properties":{"lst_celsius":27.65,"thermal_weight":0.435,"elevation_m":391.9,"land_cover":"Cropland / Natural Vegetation Mosaics"}},{"type":"Feature","geometry":{"type":"Point","coordinates":[106.7,-6.4935]},"properties":{"lst_celsius":27.65,"thermal_weight":0.435,"elevation_m":391.9,"land_cover":"Cropland / Natural Vegetation Mosaics"}},{"type":"Feature","geometry":{"type":"Point","coordinates":[106.7125,-6.4935]},"properties":{"lst_celsius":27.65,"thermal_weight":0.435,"elevation_m":391.9,"land_cover":"Cropland / Natural Vegetation Mosaics"}},{"type":"Feature","geometry":{"type":"Point","coordinates":[106.725,-6.4935]},"properties":{"lst_celsius":27.65,"thermal_weight":0.435,"elevation_m":391.9,"land_cover":"Cropland / Natural Vegetation Mosaics"}},{"type":"Feature","geometry":{"type":"Point","coordinates":[106.7375,-6.4935]},"properties":{"lst_celsius":27.65,"thermal_weight":0.435,"elevation_m":391.9,"land_cover":"Cropland / Natural Vegetation Mosaics"}},{"type":"Feature","geometry":{"type":"Point","coordinates":[106.75,-6.4935]},"properties":{"lst_celsius":27.65,"thermal_weight":0.435,"elevation_m":391.9,"land_cover":"Cropland / Natural Vegetation Mosaics"}},{"type":"Feature","geometry":{"type":"Point","coordinates":[106.7625,-6.4935]},"properties":{"lst_celsius":27.65,"thermal_weight":0.435,"elevation_m":391.9,"land_cover":"Cropland / Natural Vegetation Mosaics"}},{"type":"Feature","geometry":{"type":"Point","coordinates":[106.775,-6.4935]},"properties":{"lst_celsius":27.65,"thermal_weight":0.435,"elevation_m":391.9,"land_cover":"Cropland / Natural Vegetation Mosaics"}},{"type":"Feature","geometry":{"type":"Point","coordinates":[106.7875,-6.4935]},"properties":{"lst_celsius":27.65,"thermal_weight":0.435,"elevation_m":391.9,"land_cover":"Cropland / Natural Vegetation Mosaics"}},{"type":"Feature","geometry":{"type":"Point","coordinates":[106.8,-6.4935]},"properties":{"lst_celsius":27.65,"thermal_weight":0.435,"elevation_m":391.9,"land_cover":"Cropland / Natural Vegetation Mosaics"}},{"type":"Feature","geometry":{"type":"Point","coordinates":[106.8125,-6.4935]},"properties":{"lst_celsius":27.65,"thermal_weight":0.435,"elevation_m":391.9,"land_cover":"Cropland / Natural Vegetation Mosaics"}},{"type":"Feature","geometry":{"type":"Point","coordinates":[106.825,-6.4935]},"properties":{"lst_celsius":27.95,"thermal_weight":0.458,"elevation_m":391.9,"land_cover":"Urban and Built-up Lands"}},{"type":"Feature","geometry":{"type":"Point","coordinates":[106.8375,-6.4935]},"properties":{"lst_celsius":27.94,"thermal_weight":0.457,"elevation_m":391.9,"land_cover":"Urban and Built-up Lands"}},{"type":"Feature","geometry":{"type":"Point","coordinates":[106.85,-6.4935]},"properties":{"lst_celsius":27.65,"thermal_weight":0.435,"elevation_m":391.9,"land_cover":"Cropland / Natural Vegetation Mosaics"}},{"type":"Feature","geometry":{"type":"Point","coordinates":[106.8625,-6.4935]},"properties":{"lst_celsius":27.65,"thermal_weight":0.435,"elevation_m":391.9,"land_cover":"Cropland / Natural Vegetation Mosaics"}},{"type":"Feature","geometry":{"type":"Point","coordinates":[106.875,-6.4935]},"properties":{"lst_celsius":27.65,"thermal_weight":0.435,"elevation_m":391.9,"land_cover":"Cropland / Natural Vegetation Mosaics"}},{"type":"Feature","geometry":{"type":"Point","coordinates":[106.8875,-6.4935]},"properties":{"lst_celsius":27.65,"thermal_weight":0.435,"elevation_m":391.9,"land_cover":"Cropland / Natural Vegetation Mosaics"}},{"type":"Feature","geometry":{"type":"Point","coordinates":[106.9,-6.4935]},"properties":{"lst_celsius":27.65,"thermal_weight":0.435,"elevation_m":391.9,"land_cover":"Cropland / Natural Vegetation Mosaics"}},{"type":"Feature","geometry":{"type":"Point","coordinates":[106.9125,-6.4935]},"properties":{"lst_celsius":27.65,"thermal_weight":0.435,"elevation_m":391.9,"land_cover":"Cropland / Natural Vegetation Mosaics"}},{"type":"Feature","geometry":{"type":"Point","coordinates":[106.925,-6.4935]},"properties":{"lst_celsius":27.65,"thermal_weight":0.435,"elevation_m":391.9,"land_cover":"Cropland / Natural Vegetation Mosaics"}},{"type":"Feature","geometry":{"type":"Point","coordinates":[106.9375,-6.4935]},"properties":{"lst_celsius":27.65,"thermal_weight":0.435,"elevation_m":391.9,"land_cover":"Cropland / Natural Vegetation Mosaics"}},{"type":"Feature","geometry":{"type":"Point","coordinates":[106.95,-6.4935]},"properties":{"lst_celsius":27.65,"thermal_weight":0.435,"elevation_m":391.9,"land_cover":"Cropland / Natural Vegetation Mosaics"}},{"type":"Feature","geometry":{"type":"Point","coordinates":[106.9625,-6.4935]},"properties":{"lst_celsius":27.65,"thermal_weight":0.435,"elevation_m":391.9,"land_cover":"Cropland / Natural Vegetation Mosaics"}},{"type":"Feature","geometry":{"type":"Point","coordinates":[106.975,-6.4935]},"properties":{"lst_celsius":27.65,"thermal_weight":0.435,"elevation_m":391.9,"land_cover":"Cropland / Natural Vegetation Mosaics"}},{"type":"Feature","geometry":{"type":"Point","coordinates":[106.9875,-6.4935]},"properties":{"lst_celsius":27.65,"thermal_weight":0.435,"elevation_m":391.9,"land_cover":"Cropland / Natural Vegetation Mosaics"}},{"type":"Feature","geometry":{"type":"Point","coordinates":[107,-6.4935]},"properties":{"lst_celsius":27.65,"thermal_weight":0.435,"elevation_m":391.9,"land_cover":"Cropland / Natural Vegetation Mosaics"}},{"type":"Feature","geometry":{"type":"Point","coordinates":[107.0125,-6.4935]},"properties":{"lst_celsius":27.65,"thermal_weight":0.435,"elevation_m":391.9,"land_cover":"Cropland / Natural Vegetation Mosaics"}},{"type":"Feature","geometry":{"type":"Point","coordinates":[107.025,-6.4935]},"properties":{"lst_celsius":27.65,"thermal_weight":0.435,"elevation_m":391.9,"land_cover":"Cropland / Natural Vegetation Mosaics"}},{"type":"Feature","geometry":{"type":"Point","coordinates":[107.0375,-6.4935]},"properties":{"lst_celsius":27.65,"thermal_weight":0.435,"elevation_m":391.9,"land_cover":"Cropland / Natural Vegetation Mosaics"}},{"type":"Feature","geometry":{"type":"Point","coordinates":[107.05,-6.4935]},"properties":{"lst_celsius":27.65,"thermal_weight":0.435,"elevation_m":391.9,"land_cover":"Cropland / Natural Vegetation Mosaics"}},{"type":"Feature","geometry":{"type":"Point","coordinates":[107.0625,-6.4935]},"properties":{"lst_celsius":27.65,"thermal_weight":0.435,"elevation_m":391.9,"land_cover":"Cropland / Natural Vegetation Mosaics"}},{"type":"Feature","geometry":{"type":"Point","coordinates":[107.075,-6.4935]},"properties":{"lst_celsius":27.65,"thermal_weight":0.435,"elevation_m":391.9,"land_cover":"Cropland / Natural Vegetation Mosaics"}},{"type":"Feature","geometry":{"type":"Point","coordinates":[107.0875,-6.4935]},"properties":{"lst_celsius":27.65,"thermal_weight":0.435,"elevation_m":391.9,"land_cover":"Cropland / Natural Vegetation Mosaics"}},{"type":"Feature","geometry":{"type":"Point","coordinates":[107.1,-6.4935]},"properties":{"lst_celsius":27.65,"thermal_weight":0.435,"elevation_m":391.9,"land_cover":"Cropland / Natural Vegetation Mosaics"}},{"type":"Feature","geometry":{"type":"Point","coordinates":[107.1125,-6.4935]},"properties":{"lst_celsius":27.65,"thermal_weight":0.435,"elevation_m":391.9,"land_cover":"Cropland / Natural Vegetation Mosaics"}},{"type":"Feature","geometry":{"type":"Point","coordinates":[107.125,-6.4935]},"properties":{"lst_celsius":27.65,"thermal_weight":0.435,"elevation_m":391.9,"land_cover":"Cropland / Natural Vegetation Mosaics"}},{"type":"Feature","geometry":{"type":"Point","coordinates":[107.1375,-6.4935]},"properties":{"lst_celsius":27.65,"thermal_weight":0.435,"elevation_m":391.9,"land_cover":"Cropland / Natural Vegetation Mosaics"}},{"type":"Feature","geometry":{"type":"Point","coordinates":[107.15,-6.4935]},"properties":{"lst_celsius":27.65,"thermal_weight":0.435,"elevation_m":391.9,"land_cover":"Cropland / Natural Vegetation Mosaics"}},{"type":"Feature","geometry":{"type":"Point","coordinates":[107.1625,-6.4935]},"properties":{"lst_celsius":27.65,"thermal_weight":0.435,"elevation_m":391.9,"land_cover":"Cropland / Natural Vegetation Mosaics"}},{"type":"Feature","geometry":{"type":"Point","coordinates":[107.175,-6.4935]},"properties":{"lst_celsius":27.65,"thermal_weight":0.435,"elevation_m":391.9,"land_cover":"Cropland / Natural Vegetation Mosaics"}},{"type":"Feature","geometry":{"type":"Point","coordinates":[107.1875,-6.4935]},"properties":{"lst_celsius":27.65,"thermal_weight":0.435,"elevation_m":391.9,"land_cover":"Cropland / Natural Vegetation Mosaics"}},{"type":"Feature","geometry":{"type":"Point","coordinates":[107.2,-6.4935]},"properties":{"lst_celsius":27.65,"thermal_weight":0.435,"elevation_m":391.9,"land_cover":"Cropland / Natural Vegetation Mosaics"}},{"type":"Feature","geometry":{"type":"Point","coordinates":[107.2125,-6.4935]},"properties":{"lst_celsius":27.65,"thermal_weight":0.435,"elevation_m":391.9,"land_cover":"Cropland / Natural Vegetation Mosaics"}},{"type":"Feature","geometry":{"type":"Point","coordinates":[107.225,-6.4935]},"properties":{"lst_celsius":27.65,"thermal_weight":0.435,"elevation_m":391.9,"land_cover":"Cropland / Natural Vegetation Mosaics"}},{"type":"Feature","geometry":{"type":"Point","coordinates":[107.2375,-6.4935]},"properties":{"lst_celsius":27.65,"thermal_weight":0.435,"elevation_m":391.9,"land_cover":"Cropland / Natural Vegetation Mosaics"}},{"type":"Feature","geometry":{"type":"Point","coordinates":[107.25,-6.4935]},"properties":{"lst_celsius":27.65,"thermal_weight":0.435,"elevation_m":391.9,"land_cover":"Cropland / Natural Vegetation Mosaics"}},{"type":"Feature","geometry":{"type":"Point","coordinates":[107.2625,-6.4935]},"properties":{"lst_celsius":27.65,"thermal_weight":0.435,"elevation_m":391.9,"land_cover":"Cropland / Natural Vegetation Mosaics"}},{"type":"Feature","geometry":{"type":"Point","coordinates":[107.275,-6.4935]},"properties":{"lst_celsius":27.65,"thermal_weight":0.435,"elevation_m":391.9,"land_cover":"Cropland / Natural Vegetation Mosaics"}},{"type":"Feature","geometry":{"type":"Point","coordinates":[107.2875,-6.4935]},"properties":{"lst_celsius":27.65,"thermal_weight":0.435,"elevation_m":391.9,"land_cover":"Cropland / Natural Vegetation Mosaics"}},{"type":"Feature","geometry":{"type":"Point","coordinates":[107.3,-6.4935]},"properties":{"lst_celsius":27.65,"thermal_weight":0.435,"elevation_m":391.9,"land_cover":"Cropland / Natural Vegetation Mosaics"}},{"type":"Feature","geometry":{"type":"Point","coordinates":[106.5,-6.4815]},"properties":{"lst_celsius":27.87,"thermal_weight":0.452,"elevation_m":358.1,"land_cover":"Cropland / Natural Vegetation Mosaics"}},{"type":"Feature","geometry":{"type":"Point","coordinates":[106.5125,-6.4815]},"properties":{"lst_celsius":27.87,"thermal_weight":0.452,"elevation_m":358.1,"land_cover":"Cropland / Natural Vegetation Mosaics"}},{"type":"Feature","geometry":{"type":"Point","coordinates":[106.525,-6.4815]},"properties":{"lst_celsius":27.87,"thermal_weight":0.452,"elevation_m":358.1,"land_cover":"Cropland / Natural Vegetation Mosaics"}},{"type":"Feature","geometry":{"type":"Point","coordinates":[106.5375,-6.4815]},"properties":{"lst_celsius":27.87,"thermal_weight":0.452,"elevation_m":358.1,"land_cover":"Cropland / Natural Vegetation Mosaics"}},{"type":"Feature","geometry":{"type":"Point","coordinates":[106.55,-6.4815]},"properties":{"lst_celsius":27.87,"thermal_weight":0.452,"elevation_m":358.1,"land_cover":"Cropland / Natural Vegetation Mosaics"}},{"type":"Feature","geometry":{"type":"Point","coordinates":[106.5625,-6.4815]},"properties":{"lst_celsius":27.87,"thermal_weight":0.452,"elevation_m":358.1,"land_cover":"Cropland / Natural Vegetation Mosaics"}},{"type":"Feature","geometry":{"type":"Point","coordinates":[106.575,-6.4815]},"properties":{"lst_celsius":27.87,"thermal_weight":0.452,"elevation_m":358.1,"land_cover":"Cropland / Natural Vegetation Mosaics"}},{"type":"Feature","geometry":{"type":"Point","coordinates":[106.5875,-6.4815]},"properties":{"lst_celsius":27.87,"thermal_weight":0.452,"elevation_m":358.1,"land_cover":"Cropland / Natural Vegetation Mosaics"}},{"type":"Feature","geometry":{"type":"Point","coordinates":[106.6,-6.4815]},"properties":{"lst_celsius":27.87,"thermal_weight":0.452,"elevation_m":358.1,"land_cover":"Cropland / Natural Vegetation Mosaics"}},{"type":"Feature","geometry":{"type":"Point","coordinates":[106.6125,-6.4815]},"properties":{"lst_celsius":27.87,"thermal_weight":0.452,"elevation_m":358.1,"land_cover":"Cropland / Natural Vegetation Mosaics"}},{"type":"Feature","geometry":{"type":"Point","coordinates":[106.625,-6.4815]},"properties":{"lst_celsius":27.87,"thermal_weight":0.452,"elevation_m":358.1,"land_cover":"Cropland / Natural Vegetation Mosaics"}},{"type":"Feature","geometry":{"type":"Point","coordinates":[106.6375,-6.4815]},"properties":{"lst_celsius":27.87,"thermal_weight":0.452,"elevation_m":358.1,"land_cover":"Cropland / Natural Vegetation Mosaics"}},{"type":"Feature","geometry":{"type":"Point","coordinates":[106.65,-6.4815]},"properties":{"lst_celsius":27.87,"thermal_weight":0.452,"elevation_m":358.1,"land_cover":"Cropland / Natural Vegetation Mosaics"}},{"type":"Feature","geometry":{"type":"Point","coordinates":[106.6625,-6.4815]},"properties":{"lst_celsius":27.87,"thermal_weight":0.452,"elevation_m":358.1,"land_cover":"Cropland / Natural Vegetation Mosaics"}},{"type":"Feature","geometry":{"type":"Point","coordinates":[106.675,-6.4815]},"properties":{"lst_celsius":27.87,"thermal_weight":0.452,"elevation_m":358.1,"land_cover":"Cropland / Natural Vegetation Mosaics"}},{"type":"Feature","geometry":{"type":"Point","coordinates":[106.6875,-6.4815]},"properties":{"lst_celsius":27.87,"thermal_weight":0.452,"elevation_m":358.1,"land_cover":"Cropland / Natural Vegetation Mosaics"}},{"type":"Feature","geometry":{"type":"Point","coordinates":[106.7,-6.4815]},"properties":{"lst_celsius":27.87,"thermal_weight":0.452,"elevation_m":358.1,"land_cover":"Cropland / Natural Vegetation Mosaics"}},{"type":"Feature","geometry":{"type":"Point","coordinates":[106.7125,-6.4815]},"properties":{"lst_celsius":27.87,"thermal_weight":0.452,"elevation_m":358.1,"land_cover":"Cropland / Natural Vegetation Mosaics"}},{"type":"Feature","geometry":{"type":"Point","coordinates":[106.725,-6.4815]},"properties":{"lst_celsius":27.87,"thermal_weight":0.452,"elevation_m":358.1,"land_cover":"Cropland / Natural Vegetation Mosaics"}},{"type":"Feature","geometry":{"type":"Point","coordinates":[106.7375,-6.4815]},"properties":{"lst_celsius":27.87,"thermal_weight":0.452,"elevation_m":358.1,"land_cover":"Cropland / Natural Vegetation Mosaics"}},{"type":"Feature","geometry":{"type":"Point","coordinates":[106.75,-6.4815]},"properties":{"lst_celsius":27.87,"thermal_weight":0.452,"elevation_m":358.1,"land_cover":"Cropland / Natural Vegetation Mosaics"}},{"type":"Feature","geometry":{"type":"Point","coordinates":[106.7625,-6.4815]},"properties":{"lst_celsius":27.87,"thermal_weight":0.452,"elevation_m":358.1,"land_cover":"Cropland / Natural Vegetation Mosaics"}},{"type":"Feature","geometry":{"type":"Point","coordinates":[106.775,-6.4815]},"properties":{"lst_celsius":27.87,"thermal_weight":0.452,"elevation_m":358.1,"land_cover":"Cropland / Natural Vegetation Mosaics"}},{"type":"Feature","geometry":{"type":"Point","coordinates":[106.7875,-6.4815]},"properties":{"lst_celsius":28.32,"thermal_weight":0.486,"elevation_m":358.1,"land_cover":"Urban and Built-up Lands"}},{"type":"Feature","geometry":{"type":"Point","coordinates":[106.8,-6.4815]},"properties":{"lst_celsius":28.5,"thermal_weight":0.5,"elevation_m":358.1,"land_cover":"Urban and Built-up Lands"}},{"type":"Feature","geometry":{"type":"Point","coordinates":[106.8125,-6.4815]},"properties":{"lst_celsius":28.63,"thermal_weight":0.51,"elevation_m":358.1,"land_cover":"Urban and Built-up Lands"}},{"type":"Feature","geometry":{"type":"Point","coordinates":[106.825,-6.4815]},"properties":{"lst_celsius":28.69,"thermal_weight":0.515,"elevation_m":358.1,"land_cover":"Urban and Built-up Lands"}},{"type":"Feature","geometry":{"type":"Point","coordinates":[106.8375,-6.4815]},"properties":{"lst_celsius":28.68,"thermal_weight":0.514,"elevation_m":358.1,"land_cover":"Urban and Built-up Lands"}},{"type":"Feature","geometry":{"type":"Point","coordinates":[106.85,-6.4815]},"properties":{"lst_celsius":28.61,"thermal_weight":0.508,"elevation_m":358.1,"land_cover":"Urban and Built-up Lands"}},{"type":"Feature","geometry":{"type":"Point","coordinates":[106.8625,-6.4815]},"properties":{"lst_celsius":28.47,"thermal_weight":0.498,"elevation_m":358.1,"land_cover":"Urban and Built-up Lands"}},{"type":"Feature","geometry":{"type":"Point","coordinates":[106.875,-6.4815]},"properties":{"lst_celsius":28.27,"thermal_weight":0.482,"elevation_m":358.1,"land_cover":"Urban and Built-up Lands"}},{"type":"Feature","geometry":{"type":"Point","coordinates":[106.8875,-6.4815]},"properties":{"lst_celsius":27.87,"thermal_weight":0.452,"elevation_m":358.1,"land_cover":"Cropland / Natural Vegetation Mosaics"}},{"type":"Feature","geometry":{"type":"Point","coordinates":[106.9,-6.4815]},"properties":{"lst_celsius":27.87,"thermal_weight":0.452,"elevation_m":358.1,"land_cover":"Cropland / Natural Vegetation Mosaics"}},{"type":"Feature","geometry":{"type":"Point","coordinates":[106.9125,-6.4815]},"properties":{"lst_celsius":27.87,"thermal_weight":0.452,"elevation_m":358.1,"land_cover":"Cropland / Natural Vegetation Mosaics"}},{"type":"Feature","geometry":{"type":"Point","coordinates":[106.925,-6.4815]},"properties":{"lst_celsius":27.87,"thermal_weight":0.452,"elevation_m":358.1,"land_cover":"Cropland / Natural Vegetation Mosaics"}},{"type":"Feature","geometry":{"type":"Point","coordinates":[106.9375,-6.4815]},"properties":{"lst_celsius":27.87,"thermal_weight":0.452,"elevation_m":358.1,"land_cover":"Cropland / Natural Vegetation Mosaics"}},{"type":"Feature","geometry":{"type":"Point","coordinates":[106.95,-6.4815]},"properties":{"lst_celsius":27.87,"thermal_weight":0.452,"elevation_m":358.1,"land_cover":"Cropland / Natural Vegetation Mosaics"}},{"type":"Feature","geometry":{"type":"Point","coordinates":[106.9625,-6.4815]},"properties":{"lst_celsius":27.87,"thermal_weight":0.452,"elevation_m":358.1,"land_cover":"Cropland / Natural Vegetation Mosaics"}},{"type":"Feature","geometry":{"type":"Point","coordinates":[106.975,-6.4815]},"properties":{"lst_celsius":27.87,"thermal_weight":0.452,"elevation_m":358.1,"land_cover":"Cropland / Natural Vegetation Mosaics"}},{"type":"Feature","geometry":{"type":"Point","coordinates":[106.9875,-6.4815]},"properties":{"lst_celsius":27.87,"thermal_weight":0.452,"elevation_m":358.1,"land_cover":"Cropland / Natural Vegetation Mosaics"}},{"type":"Feature","geometry":{"type":"Point","coordinates":[107,-6.4815]},"properties":{"lst_celsius":27.87,"thermal_weight":0.452,"elevation_m":358.1,"land_cover":"Cropland / Natural Vegetation Mosaics"}},{"type":"Feature","geometry":{"type":"Point","coordinates":[107.0125,-6.4815]},"properties":{"lst_celsius":27.87,"thermal_weight":0.452,"elevation_m":358.1,"land_cover":"Cropland / Natural Vegetation Mosaics"}},{"type":"Feature","geometry":{"type":"Point","coordinates":[107.025,-6.4815]},"properties":{"lst_celsius":27.87,"thermal_weight":0.452,"elevation_m":358.1,"land_cover":"Cropland / Natural Vegetation Mosaics"}},{"type":"Feature","geometry":{"type":"Point","coordinates":[107.0375,-6.4815]},"properties":{"lst_celsius":27.87,"thermal_weight":0.452,"elevation_m":358.1,"land_cover":"Cropland / Natural Vegetation Mosaics"}},{"type":"Feature","geometry":{"type":"Point","coordinates":[107.05,-6.4815]},"properties":{"lst_celsius":27.87,"thermal_weight":0.452,"elevation_m":358.1,"land_cover":"Cropland / Natural Vegetation Mosaics"}},{"type":"Feature","geometry":{"type":"Point","coordinates":[107.0625,-6.4815]},"properties":{"lst_celsius":27.87,"thermal_weight":0.452,"elevation_m":358.1,"land_cover":"Cropland / Natural Vegetation Mosaics"}},{"type":"Feature","geometry":{"type":"Point","coordinates":[107.075,-6.4815]},"properties":{"lst_celsius":27.87,"thermal_weight":0.452,"elevation_m":358.1,"land_cover":"Cropland / Natural Vegetation Mosaics"}},{"type":"Feature","geometry":{"type":"Point","coordinates":[107.0875,-6.4815]},"properties":{"lst_celsius":27.87,"thermal_weight":0.452,"elevation_m":358.1,"land_cover":"Cropland / Natural Vegetation Mosaics"}},{"type":"Feature","geometry":{"type":"Point","coordinates":[107.1,-6.4815]},"properties":{"lst_celsius":27.87,"thermal_weight":0.452,"elevation_m":358.1,"land_cover":"Cropland / Natural Vegetation Mosaics"}},{"type":"Feature","geometry":{"type":"Point","coordinates":[107.1125,-6.4815]},"properties":{"lst_celsius":27.87,"thermal_weight":0.452,"elevation_m":358.1,"land_cover":"Cropland / Natural Vegetation Mosaics"}},{"type":"Feature","geometry":{"type":"Point","coordinates":[107.125,-6.4815]},"properties":{"lst_celsius":27.87,"thermal_weight":0.452,"elevation_m":358.1,"land_cover":"Cropland / Natural Vegetation Mosaics"}},{"type":"Feature","geometry":{"type":"Point","coordinates":[107.1375,-6.4815]},"properties":{"lst_celsius":27.87,"thermal_weight":0.452,"elevation_m":358.1,"land_cover":"Cropland / Natural Vegetation Mosaics"}},{"type":"Feature","geometry":{"type":"Point","coordinates":[107.15,-6.4815]},"properties":{"lst_celsius":27.87,"thermal_weight":0.452,"elevation_m":358.1,"land_cover":"Cropland / Natural Vegetation Mosaics"}},{"type":"Feature","geometry":{"type":"Point","coordinates":[107.1625,-6.4815]},"properties":{"lst_celsius":27.87,"thermal_weight":0.452,"elevation_m":358.1,"land_cover":"Cropland / Natural Vegetation Mosaics"}},{"type":"Feature","geometry":{"type":"Point","coordinates":[107.175,-6.4815]},"properties":{"lst_celsius":27.87,"thermal_weight":0.452,"elevation_m":358.1,"land_cover":"Cropland / Natural Vegetation Mosaics"}},{"type":"Feature","geometry":{"type":"Point","coordinates":[107.1875,-6.4815]},"properties":{"lst_celsius":27.87,"thermal_weight":0.452,"elevation_m":358.1,"land_cover":"Cropland / Natural Vegetation Mosaics"}},{"type":"Feature","geometry":{"type":"Point","coordinates":[107.2,-6.4815]},"properties":{"lst_celsius":27.87,"thermal_weight":0.452,"elevation_m":358.1,"land_cover":"Cropland / Natural Vegetation Mosaics"}},{"type":"Feature","geometry":{"type":"Point","coordinates":[107.2125,-6.4815]},"properties":{"lst_celsius":27.87,"thermal_weight":0.452,"elevation_m":358.1,"land_cover":"Cropland / Natural Vegetation Mosaics"}},{"type":"Feature","geometry":{"type":"Point","coordinates":[107.225,-6.4815]},"properties":{"lst_celsius":27.87,"thermal_weight":0.452,"elevation_m":358.1,"land_cover":"Cropland / Natural Vegetation Mosaics"}},{"type":"Feature","geometry":{"type":"Point","coordinates":[107.2375,-6.4815]},"properties":{"lst_celsius":27.87,"thermal_weight":0.452,"elevation_m":358.1,"land_cover":"Cropland / Natural Vegetation Mosaics"}},{"type":"Feature","geometry":{"type":"Point","coordinates":[107.25,-6.4815]},"properties":{"lst_celsius":27.87,"thermal_weight":0.452,"elevation_m":358.1,"land_cover":"Cropland / Natural Vegetation Mosaics"}},{"type":"Feature","geometry":{"type":"Point","coordinates":[107.2625,-6.4815]},"properties":{"lst_celsius":27.87,"thermal_weight":0.452,"elevation_m":358.1,"land_cover":"Cropland / Natural Vegetation Mosaics"}},{"type":"Feature","geometry":{"type":"Point","coordinates":[107.275,-6.4815]},"properties":{"lst_celsius":27.87,"thermal_weight":0.452,"elevation_m":358.1,"land_cover":"Cropland / Natural Vegetation Mosaics"}},{"type":"Feature","geometry":{"type":"Point","coordinates":[107.2875,-6.4815]},"properties":{"lst_celsius":27.87,"thermal_weight":0.452,"elevation_m":358.1,"land_cover":"Cropland / Natural Vegetation Mosaics"}},{"type":"Feature","geometry":{"type":"Point","coordinates":[107.3,-6.4815]},"properties":{"lst_celsius":27.87,"thermal_weight":0.452,"elevation_m":358.1,"land_cover":"Cropland / Natural Vegetation Mosaics"}},{"type":"Feature","geometry":{"type":"Point","coordinates":[106.5,-6.4694]},"properties":{"lst_celsius":28.09,"thermal_weight":0.468,"elevation_m":324.4,"land_cover":"Cropland / Natural Vegetation Mosaics"}},{"type":"Feature","geometry":{"type":"Point","coordinates":[106.5125,-6.4694]},"properties":{"lst_celsius":28.09,"thermal_weight":0.468,"elevation_m":324.4,"land_cover":"Cropland / Natural Vegetation Mosaics"}},{"type":"Feature","geometry":{"type":"Point","coordinates":[106.525,-6.4694]},"properties":{"lst_celsius":28.09,"thermal_weight":0.468,"elevation_m":324.4,"land_cover":"Cropland / Natural Vegetation Mosaics"}},{"type":"Feature","geometry":{"type":"Point","coordinates":[106.5375,-6.4694]},"properties":{"lst_celsius":28.09,"thermal_weight":0.468,"elevation_m":324.4,"land_cover":"Cropland / Natural Vegetation Mosaics"}},{"type":"Feature","geometry":{"type":"Point","coordinates":[106.55,-6.4694]},"properties":{"lst_celsius":28.09,"thermal_weight":0.468,"elevation_m":324.4,"land_cover":"Cropland / Natural Vegetation Mosaics"}},{"type":"Feature","geometry":{"type":"Point","coordinates":[106.5625,-6.4694]},"properties":{"lst_celsius":28.09,"thermal_weight":0.468,"elevation_m":324.4,"land_cover":"Cropland / Natural Vegetation Mosaics"}},{"type":"Feature","geometry":{"type":"Point","coordinates":[106.575,-6.4694]},"properties":{"lst_celsius":28.09,"thermal_weight":0.468,"elevation_m":324.4,"land_cover":"Cropland / Natural Vegetation Mosaics"}},{"type":"Feature","geometry":{"type":"Point","coordinates":[106.5875,-6.4694]},"properties":{"lst_celsius":28.09,"thermal_weight":0.468,"elevation_m":324.4,"land_cover":"Cropland / Natural Vegetation Mosaics"}},{"type":"Feature","geometry":{"type":"Point","coordinates":[106.6,-6.4694]},"properties":{"lst_celsius":28.09,"thermal_weight":0.468,"elevation_m":324.4,"land_cover":"Cropland / Natural Vegetation Mosaics"}},{"type":"Feature","geometry":{"type":"Point","coordinates":[106.6125,-6.4694]},"properties":{"lst_celsius":28.09,"thermal_weight":0.468,"elevation_m":324.4,"land_cover":"Cropland / Natural Vegetation Mosaics"}},{"type":"Feature","geometry":{"type":"Point","coordinates":[106.625,-6.4694]},"properties":{"lst_celsius":28.09,"thermal_weight":0.468,"elevation_m":324.4,"land_cover":"Cropland / Natural Vegetation Mosaics"}},{"type":"Feature","geometry":{"type":"Point","coordinates":[106.6375,-6.4694]},"properties":{"lst_celsius":28.09,"thermal_weight":0.468,"elevation_m":324.4,"land_cover":"Cropland / Natural Vegetation Mosaics"}},{"type":"Feature","geometry":{"type":"Point","coordinates":[106.65,-6.4694]},"properties":{"lst_celsius":28.09,"thermal_weight":0.468,"elevation_m":324.4,"land_cover":"Cropland / Natural Vegetation Mosaics"}},{"type":"Feature","geometry":{"type":"Point","coordinates":[106.6625,-6.4694]},"properties":{"lst_celsius":28.09,"thermal_weight":0.468,"elevation_m":324.4,"land_cover":"Cropland / Natural Vegetation Mosaics"}},{"type":"Feature","geometry":{"type":"Point","coordinates":[106.675,-6.4694]},"properties":{"lst_celsius":28.09,"thermal_weight":0.468,"elevation_m":324.4,"land_cover":"Cropland / Natural Vegetation Mosaics"}},{"type":"Feature","geometry":{"type":"Point","coordinates":[106.6875,-6.4694]},"properties":{"lst_celsius":28.09,"thermal_weight":0.468,"elevation_m":324.4,"land_cover":"Cropland / Natural Vegetation Mosaics"}},{"type":"Feature","geometry":{"type":"Point","coordinates":[106.7,-6.4694]},"properties":{"lst_celsius":28.09,"thermal_weight":0.468,"elevation_m":324.4,"land_cover":"Cropland / Natural Vegetation Mosaics"}},{"type":"Feature","geometry":{"type":"Point","coordinates":[106.7125,-6.4694]},"properties":{"lst_celsius":28.09,"thermal_weight":0.468,"elevation_m":324.4,"land_cover":"Cropland / Natural Vegetation Mosaics"}},{"type":"Feature","geometry":{"type":"Point","coordinates":[106.725,-6.4694]},"properties":{"lst_celsius":28.09,"thermal_weight":0.468,"elevation_m":324.4,"land_cover":"Cropland / Natural Vegetation Mosaics"}},{"type":"Feature","geometry":{"type":"Point","coordinates":[106.7375,-6.4694]},"properties":{"lst_celsius":28.09,"thermal_weight":0.468,"elevation_m":324.4,"land_cover":"Cropland / Natural Vegetation Mosaics"}},{"type":"Feature","geometry":{"type":"Point","coordinates":[106.75,-6.4694]},"properties":{"lst_celsius":28.09,"thermal_weight":0.468,"elevation_m":324.4,"land_cover":"Cropland / Natural Vegetation Mosaics"}},{"type":"Feature","geometry":{"type":"Point","coordinates":[106.7625,-6.4694]},"properties":{"lst_celsius":28.43,"thermal_weight":0.495,"elevation_m":324.4,"land_cover":"Urban and Built-up Lands"}},{"type":"Feature","geometry":{"type":"Point","coordinates":[106.775,-6.4694]},"properties":{"lst_celsius":28.73,"thermal_weight":0.518,"elevation_m":324.4,"land_cover":"Urban and Built-up Lands"}},{"type":"Feature","geometry":{"type":"Point","coordinates":[106.7875,-6.4694]},"properties":{"lst_celsius":28.98,"thermal_weight":0.537,"elevation_m":324.4,"land_cover":"Urban and Built-up Lands"}},{"type":"Feature","geometry":{"type":"Point","coordinates":[106.8,-6.4694]},"properties":{"lst_celsius":29.18,"thermal_weight":0.552,"elevation_m":324.4,"land_cover":"Urban and Built-up Lands"}},{"type":"Feature","geometry":{"type":"Point","coordinates":[106.8125,-6.4694]},"properties":{"lst_celsius":29.32,"thermal_weight":0.563,"elevation_m":324.4,"land_cover":"Urban and Built-up Lands"}},{"type":"Feature","geometry":{"type":"Point","coordinates":[106.825,-6.4694]},"properties":{"lst_celsius":29.39,"thermal_weight":0.568,"elevation_m":324.4,"land_cover":"Urban and Built-up Lands"}},{"type":"Feature","geometry":{"type":"Point","coordinates":[106.8375,-6.4694]},"properties":{"lst_celsius":29.38,"thermal_weight":0.568,"elevation_m":324.4,"land_cover":"Urban and Built-up Lands"}},{"type":"Feature","geometry":{"type":"Point","coordinates":[106.85,-6.4694]},"properties":{"lst_celsius":29.3,"thermal_weight":0.562,"elevation_m":324.4,"land_cover":"Urban and Built-up Lands"}},{"type":"Feature","geometry":{"type":"Point","coordinates":[106.8625,-6.4694]},"properties":{"lst_celsius":29.15,"thermal_weight":0.55,"elevation_m":324.4,"land_cover":"Urban and Built-up Lands"}},{"type":"Feature","geometry":{"type":"Point","coordinates":[106.875,-6.4694]},"properties":{"lst_celsius":28.94,"thermal_weight":0.534,"elevation_m":324.4,"land_cover":"Urban and Built-up Lands"}},{"type":"Feature","geometry":{"type":"Point","coordinates":[106.8875,-6.4694]},"properties":{"lst_celsius":28.67,"thermal_weight":0.513,"elevation_m":324.4,"land_cover":"Urban and Built-up Lands"}},{"type":"Feature","geometry":{"type":"Point","coordinates":[106.9,-6.4694]},"properties":{"lst_celsius":28.36,"thermal_weight":0.489,"elevation_m":324.4,"land_cover":"Urban and Built-up Lands"}},{"type":"Feature","geometry":{"type":"Point","coordinates":[106.9125,-6.4694]},"properties":{"lst_celsius":28.09,"thermal_weight":0.468,"elevation_m":324.4,"land_cover":"Cropland / Natural Vegetation Mosaics"}},{"type":"Feature","geometry":{"type":"Point","coordinates":[106.925,-6.4694]},"properties":{"lst_celsius":28.09,"thermal_weight":0.468,"elevation_m":324.4,"land_cover":"Cropland / Natural Vegetation Mosaics"}},{"type":"Feature","geometry":{"type":"Point","coordinates":[106.9375,-6.4694]},"properties":{"lst_celsius":28.09,"thermal_weight":0.468,"elevation_m":324.4,"land_cover":"Cropland / Natural Vegetation Mosaics"}},{"type":"Feature","geometry":{"type":"Point","coordinates":[106.95,-6.4694]},"properties":{"lst_celsius":28.09,"thermal_weight":0.468,"elevation_m":324.4,"land_cover":"Cropland / Natural Vegetation Mosaics"}},{"type":"Feature","geometry":{"type":"Point","coordinates":[106.9625,-6.4694]},"properties":{"lst_celsius":28.09,"thermal_weight":0.468,"elevation_m":324.4,"land_cover":"Cropland / Natural Vegetation Mosaics"}},{"type":"Feature","geometry":{"type":"Point","coordinates":[106.975,-6.4694]},"properties":{"lst_celsius":28.09,"thermal_weight":0.468,"elevation_m":324.4,"land_cover":"Cropland / Natural Vegetation Mosaics"}},{"type":"Feature","geometry":{"type":"Point","coordinates":[106.9875,-6.4694]},"properties":{"lst_celsius":28.09,"thermal_weight":0.468,"elevation_m":324.4,"land_cover":"Cropland / Natural Vegetation Mosaics"}},{"type":"Feature","geometry":{"type":"Point","coordinates":[107,-6.4694]},"properties":{"lst_celsius":28.09,"thermal_weight":0.468,"elevation_m":324.4,"land_cover":"Cropland / Natural Vegetation Mosaics"}},{"type":"Feature","geometry":{"type":"Point","coordinates":[107.0125,-6.4694]},"properties":{"lst_celsius":28.09,"thermal_weight":0.468,"elevation_m":324.4,"land_cover":"Cropland / Natural Vegetation Mosaics"}},{"type":"Feature","geometry":{"type":"Point","coordinates":[107.025,-6.4694]},"properties":{"lst_celsius":28.09,"thermal_weight":0.468,"elevation_m":324.4,"land_cover":"Cropland / Natural Vegetation Mosaics"}},{"type":"Feature","geometry":{"type":"Point","coordinates":[107.0375,-6.4694]},"properties":{"lst_celsius":28.09,"thermal_weight":0.468,"elevation_m":324.4,"land_cover":"Cropland / Natural Vegetation Mosaics"}},{"type":"Feature","geometry":{"type":"Point","coordinates":[107.05,-6.4694]},"properties":{"lst_celsius":28.09,"thermal_weight":0.468,"elevation_m":324.4,"land_cover":"Cropland / Natural Vegetation Mosaics"}},{"type":"Feature","geometry":{"type":"Point","coordinates":[107.0625,-6.4694]},"properties":{"lst_celsius":28.09,"thermal_weight":0.468,"elevation_m":324.4,"land_cover":"Cropland / Natural Vegetation Mosaics"}},{"type":"Feature","geometry":{"type":"Point","coordinates":[107.075,-6.4694]},"properties":{"lst_celsius":28.09,"thermal_weight":0.468,"elevation_m":324.4,"land_cover":"Cropland / Natural Vegetation Mosaics"}},{"type":"Feature","geometry":{"type":"Point","coordinates":[107.0875,-6.4694]},"properties":{"lst_celsius":28.09,"thermal_weight":0.468,"elevation_m":324.4,"land_cover":"Cropland / Natural Vegetation Mosaics"}},{"type":"Feature","geometry":{"type":"Point","coordinates":[107.1,-6.4694]},"properties":{"lst_celsius":28.58,"thermal_weight":0.506,"elevation_m":324.4,"land_cover":"Urban and Built-up Lands"}},{"type":"Feature","geometry":{"type":"Point","coordinates":[107.1125,-6.4694]},"properties":{"lst_celsius":28.7,"thermal_weight":0.515,"elevation_m":324.4,"land_cover":"Urban and Built-up Lands"}},{"type":"Feature","geometry":{"type":"Point","coordinates":[107.125,-6.4694]},"properties":{"lst_celsius":28.79,"thermal_weight":0.522,"elevation_m":324.4,"land_cover":"Urban and Built-up Lands"}},{"type":"Feature","geometry":{"type":"Point","coordinates":[107.1375,-6.4694]},"properties":{"lst_celsius":28.85,"thermal_weight":0.527,"elevation_m":324.4,"land_cover":"Urban and Built-up Lands"}},{"type":"Feature","geometry":{"type":"Point","coordinates":[107.15,-6.4694]},"properties":{"lst_celsius":28.87,"thermal_weight":0.528,"elevation_m":324.4,"land_cover":"Urban and Built-up Lands"}},{"type":"Feature","geometry":{"type":"Point","coordinates":[107.1625,-6.4694]},"properties":{"lst_celsius":28.85,"thermal_weight":0.527,"elevation_m":324.4,"land_cover":"Urban and Built-up Lands"}},{"type":"Feature","geometry":{"type":"Point","coordinates":[107.175,-6.4694]},"properties":{"lst_celsius":28.79,"thermal_weight":0.522,"elevation_m":324.4,"land_cover":"Urban and Built-up Lands"}},{"type":"Feature","geometry":{"type":"Point","coordinates":[107.1875,-6.4694]},"properties":{"lst_celsius":28.7,"thermal_weight":0.515,"elevation_m":324.4,"land_cover":"Urban and Built-up Lands"}},{"type":"Feature","geometry":{"type":"Point","coordinates":[107.2,-6.4694]},"properties":{"lst_celsius":28.58,"thermal_weight":0.506,"elevation_m":324.4,"land_cover":"Urban and Built-up Lands"}},{"type":"Feature","geometry":{"type":"Point","coordinates":[107.2125,-6.4694]},"properties":{"lst_celsius":28.09,"thermal_weight":0.468,"elevation_m":324.4,"land_cover":"Cropland / Natural Vegetation Mosaics"}},{"type":"Feature","geometry":{"type":"Point","coordinates":[107.225,-6.4694]},"properties":{"lst_celsius":28.09,"thermal_weight":0.468,"elevation_m":324.4,"land_cover":"Cropland / Natural Vegetation Mosaics"}},{"type":"Feature","geometry":{"type":"Point","coordinates":[107.2375,-6.4694]},"properties":{"lst_celsius":28.09,"thermal_weight":0.468,"elevation_m":324.4,"land_cover":"Cropland / Natural Vegetation Mosaics"}},{"type":"Feature","geometry":{"type":"Point","coordinates":[107.25,-6.4694]},"properties":{"lst_celsius":28.09,"thermal_weight":0.468,"elevation_m":324.4,"land_cover":"Cropland / Natural Vegetation Mosaics"}},{"type":"Feature","geometry":{"type":"Point","coordinates":[107.2625,-6.4694]},"properties":{"lst_celsius":28.09,"thermal_weight":0.468,"elevation_m":324.4,"land_cover":"Cropland / Natural Vegetation Mosaics"}},{"type":"Feature","geometry":{"type":"Point","coordinates":[107.275,-6.4694]},"properties":{"lst_celsius":28.09,"thermal_weight":0.468,"elevation_m":324.4,"land_cover":"Cropland / Natural Vegetation Mosaics"}},{"type":"Feature","geometry":{"type":"Point","coordinates":[107.2875,-6.4694]},"properties":{"lst_celsius":28.09,"thermal_weight":0.468,"elevation_m":324.4,"land_cover":"Cropland / Natural Vegetation Mosaics"}},{"type":"Feature","geometry":{"type":"Point","coordinates":[107.3,-6.4694]},"properties":{"lst_celsius":28.09,"thermal_weight":0.468,"elevation_m":324.4,"land_cover":"Cropland / Natural Vegetation Mosaics"}},{"type":"Feature","geometry":{"type":"Point","coordinates":[106.5,-6.4574]},"properties":{"lst_celsius":28.31,"thermal_weight":0.485,"elevation_m":290.7,"land_cover":"Cropland / Natural Vegetation Mosaics"}},{"type":"Feature","geometry":{"type":"Point","coordinates":[106.5125,-6.4574]},"properties":{"lst_celsius":28.31,"thermal_weight":0.485,"elevation_m":290.7,"land_cover":"Cropland / Natural Vegetation Mosaics"}},{"type":"Feature","geometry":{"type":"Point","coordinates":[106.525,-6.4574]},"properties":{"lst_celsius":28.31,"thermal_weight":0.485,"elevation_m":290.7,"land_cover":"Cropland / Natural Vegetation Mosaics"}},{"type":"Feature","geometry":{"type":"Point","coordinates":[106.5375,-6.4574]},"properties":{"lst_celsius":28.31,"thermal_weight":0.485,"elevation_m":290.7,"land_cover":"Cropland / Natural Vegetation Mosaics"}},{"type":"Feature","geometry":{"type":"Point","coordinates":[106.55,-6.4574]},"properties":{"lst_celsius":28.31,"thermal_weight":0.485,"elevation_m":290.7,"land_cover":"Cropland / Natural Vegetation Mosaics"}},{"type":"Feature","geometry":{"type":"Point","coordinates":[106.5625,-6.4574]},"properties":{"lst_celsius":28.31,"thermal_weight":0.485,"elevation_m":290.7,"land_cover":"Cropland / Natural Vegetation Mosaics"}},{"type":"Feature","geometry":{"type":"Point","coordinates":[106.575,-6.4574]},"properties":{"lst_celsius":28.31,"thermal_weight":0.485,"elevation_m":290.7,"land_cover":"Cropland / Natural Vegetation Mosaics"}},{"type":"Feature","geometry":{"type":"Point","coordinates":[106.5875,-6.4574]},"properties":{"lst_celsius":28.31,"thermal_weight":0.485,"elevation_m":290.7,"land_cover":"Cropland / Natural Vegetation Mosaics"}},{"type":"Feature","geometry":{"type":"Point","coordinates":[106.6,-6.4574]},"properties":{"lst_celsius":28.31,"thermal_weight":0.485,"elevation_m":290.7,"land_cover":"Cropland / Natural Vegetation Mosaics"}},{"type":"Feature","geometry":{"type":"Point","coordinates":[106.6125,-6.4574]},"properties":{"lst_celsius":28.31,"thermal_weight":0.485,"elevation_m":290.7,"land_cover":"Cropland / Natural Vegetation Mosaics"}},{"type":"Feature","geometry":{"type":"Point","coordinates":[106.625,-6.4574]},"properties":{"lst_celsius":28.31,"thermal_weight":0.485,"elevation_m":290.7,"land_cover":"Cropland / Natural Vegetation Mosaics"}},{"type":"Feature","geometry":{"type":"Point","coordinates":[106.6375,-6.4574]},"properties":{"lst_celsius":28.31,"thermal_weight":0.485,"elevation_m":290.7,"land_cover":"Cropland / Natural Vegetation Mosaics"}},{"type":"Feature","geometry":{"type":"Point","coordinates":[106.65,-6.4574]},"properties":{"lst_celsius":28.31,"thermal_weight":0.485,"elevation_m":290.7,"land_cover":"Cropland / Natural Vegetation Mosaics"}},{"type":"Feature","geometry":{"type":"Point","coordinates":[106.6625,-6.4574]},"properties":{"lst_celsius":28.31,"thermal_weight":0.485,"elevation_m":290.7,"land_cover":"Cropland / Natural Vegetation Mosaics"}},{"type":"Feature","geometry":{"type":"Point","coordinates":[106.675,-6.4574]},"properties":{"lst_celsius":28.31,"thermal_weight":0.485,"elevation_m":290.7,"land_cover":"Cropland / Natural Vegetation Mosaics"}},{"type":"Feature","geometry":{"type":"Point","coordinates":[106.6875,-6.4574]},"properties":{"lst_celsius":28.31,"thermal_weight":0.485,"elevation_m":290.7,"land_cover":"Cropland / Natural Vegetation Mosaics"}},{"type":"Feature","geometry":{"type":"Point","coordinates":[106.7,-6.4574]},"properties":{"lst_celsius":28.31,"thermal_weight":0.485,"elevation_m":290.7,"land_cover":"Cropland / Natural Vegetation Mosaics"}},{"type":"Feature","geometry":{"type":"Point","coordinates":[106.7125,-6.4574]},"properties":{"lst_celsius":28.31,"thermal_weight":0.485,"elevation_m":290.7,"land_cover":"Cropland / Natural Vegetation Mosaics"}},{"type":"Feature","geometry":{"type":"Point","coordinates":[106.725,-6.4574]},"properties":{"lst_celsius":28.31,"thermal_weight":0.485,"elevation_m":290.7,"land_cover":"Cropland / Natural Vegetation Mosaics"}},{"type":"Feature","geometry":{"type":"Point","coordinates":[106.7375,-6.4574]},"properties":{"lst_celsius":28.31,"thermal_weight":0.485,"elevation_m":290.7,"land_cover":"Cropland / Natural Vegetation Mosaics"}},{"type":"Feature","geometry":{"type":"Point","coordinates":[106.75,-6.4574]},"properties":{"lst_celsius":28.66,"thermal_weight":0.512,"elevation_m":290.7,"land_cover":"Urban and Built-up Lands"}},{"type":"Feature","geometry":{"type":"Point","coordinates":[106.7625,-6.4574]},"properties":{"lst_celsius":29.01,"thermal_weight":0.539,"elevation_m":290.7,"land_cover":"Urban and Built-up Lands"}},{"type":"Feature","geometry":{"type":"Point","coordinates":[106.775,-6.4574]},"properties":{"lst_celsius":29.33,"thermal_weight":0.564,"elevation_m":290.7,"land_cover":"Urban and Built-up Lands"}},{"type":"Feature","geometry":{"type":"Point","coordinates":[106.7875,-6.4574]},"properties":{"lst_celsius":29.6,"thermal_weight":0.585,"elevation_m":290.7,"land_cover":"Urban and Built-up Lands"}},{"type":"Feature","geometry":{"type":"Point","coordinates":[106.8,-6.4574]},"properties":{"lst_celsius":29.82,"thermal_weight":0.602,"elevation_m":290.7,"land_cover":"Urban and Built-up Lands"}},{"type":"Feature","geometry":{"type":"Point","coordinates":[106.8125,-6.4574]},"properties":{"lst_celsius":29.97,"thermal_weight":0.613,"elevation_m":290.7,"land_cover":"Urban and Built-up Lands"}},{"type":"Feature","geometry":{"type":"Point","coordinates":[106.825,-6.4574]},"properties":{"lst_celsius":30.04,"thermal_weight":0.618,"elevation_m":290.7,"land_cover":"Urban and Built-up Lands"}},{"type":"Feature","geometry":{"type":"Point","coordinates":[106.8375,-6.4574]},"properties":{"lst_celsius":30.03,"thermal_weight":0.618,"elevation_m":290.7,"land_cover":"Urban and Built-up Lands"}},{"type":"Feature","geometry":{"type":"Point","coordinates":[106.85,-6.4574]},"properties":{"lst_celsius":29.94,"thermal_weight":0.611,"elevation_m":290.7,"land_cover":"Urban and Built-up Lands"}},{"type":"Feature","geometry":{"type":"Point","coordinates":[106.8625,-6.4574]},"properties":{"lst_celsius":29.78,"thermal_weight":0.598,"elevation_m":290.7,"land_cover":"Urban and Built-up Lands"}},{"type":"Feature","geometry":{"type":"Point","coordinates":[106.875,-6.4574]},"properties":{"lst_celsius":29.55,"thermal_weight":0.581,"elevation_m":290.7,"land_cover":"Urban and Built-up Lands"}},{"type":"Feature","geometry":{"type":"Point","coordinates":[106.8875,-6.4574]},"properties":{"lst_celsius":29.27,"thermal_weight":0.559,"elevation_m":290.7,"land_cover":"Urban and Built-up Lands"}},{"type":"Feature","geometry":{"type":"Point","coordinates":[106.9,-6.4574]},"properties":{"lst_celsius":28.95,"thermal_weight":0.535,"elevation_m":290.7,"land_cover":"Urban and Built-up Lands"}},{"type":"Feature","geometry":{"type":"Point","coordinates":[106.9125,-6.4574]},"properties":{"lst_celsius":28.59,"thermal_weight":0.507,"elevation_m":290.7,"land_cover":"Urban and Built-up Lands"}},{"type":"Feature","geometry":{"type":"Point","coordinates":[106.925,-6.4574]},"properties":{"lst_celsius":28.31,"thermal_weight":0.485,"elevation_m":290.7,"land_cover":"Cropland / Natural Vegetation Mosaics"}},{"type":"Feature","geometry":{"type":"Point","coordinates":[106.9375,-6.4574]},"properties":{"lst_celsius":28.31,"thermal_weight":0.485,"elevation_m":290.7,"land_cover":"Cropland / Natural Vegetation Mosaics"}},{"type":"Feature","geometry":{"type":"Point","coordinates":[106.95,-6.4574]},"properties":{"lst_celsius":28.31,"thermal_weight":0.485,"elevation_m":290.7,"land_cover":"Cropland / Natural Vegetation Mosaics"}},{"type":"Feature","geometry":{"type":"Point","coordinates":[106.9625,-6.4574]},"properties":{"lst_celsius":28.31,"thermal_weight":0.485,"elevation_m":290.7,"land_cover":"Cropland / Natural Vegetation Mosaics"}},{"type":"Feature","geometry":{"type":"Point","coordinates":[106.975,-6.4574]},"properties":{"lst_celsius":28.31,"thermal_weight":0.485,"elevation_m":290.7,"land_cover":"Cropland / Natural Vegetation Mosaics"}},{"type":"Feature","geometry":{"type":"Point","coordinates":[106.9875,-6.4574]},"properties":{"lst_celsius":28.31,"thermal_weight":0.485,"elevation_m":290.7,"land_cover":"Cropland / Natural Vegetation Mosaics"}},{"type":"Feature","geometry":{"type":"Point","coordinates":[107,-6.4574]},"properties":{"lst_celsius":28.31,"thermal_weight":0.485,"elevation_m":290.7,"land_cover":"Cropland / Natural Vegetation Mosaics"}},{"type":"Feature","geometry":{"type":"Point","coordinates":[107.0125,-6.4574]},"properties":{"lst_celsius":28.31,"thermal_weight":0.485,"elevation_m":290.7,"land_cover":"Cropland / Natural Vegetation Mosaics"}},{"type":"Feature","geometry":{"type":"Point","coordinates":[107.025,-6.4574]},"properties":{"lst_celsius":28.31,"thermal_weight":0.485,"elevation_m":290.7,"land_cover":"Cropland / Natural Vegetation Mosaics"}},{"type":"Feature","geometry":{"type":"Point","coordinates":[107.0375,-6.4574]},"properties":{"lst_celsius":28.31,"thermal_weight":0.485,"elevation_m":290.7,"land_cover":"Cropland / Natural Vegetation Mosaics"}},{"type":"Feature","geometry":{"type":"Point","coordinates":[107.05,-6.4574]},"properties":{"lst_celsius":28.31,"thermal_weight":0.485,"elevation_m":290.7,"land_cover":"Cropland / Natural Vegetation Mosaics"}},{"type":"Feature","geometry":{"type":"Point","coordinates":[107.0625,-6.4574]},"properties":{"lst_celsius":28.31,"thermal_weight":0.485,"elevation_m":290.7,"land_cover":"Cropland / Natural Vegetation Mosaics"}},{"type":"Feature","geometry":{"type":"Point","coordinates":[107.075,-6.4574]},"properties":{"lst_celsius":28.85,"thermal_weight":0.527,"elevation_m":290.7,"land_cover":"Urban and Built-up Lands"}},{"type":"Feature","geometry":{"type":"Point","coordinates":[107.0875,-6.4574]},"properties":{"lst_celsius":29.04,"thermal_weight":0.542,"elevation_m":290.7,"land_cover":"Urban and Built-up Lands"}},{"type":"Feature","geometry":{"type":"Point","coordinates":[107.1,-6.4574]},"properties":{"lst_celsius":29.2,"thermal_weight":0.554,"elevation_m":290.7,"land_cover":"Urban and Built-up Lands"}},{"type":"Feature","geometry":{"type":"Point","coordinates":[107.1125,-6.4574]},"properties":{"lst_celsius":29.33,"thermal_weight":0.564,"elevation_m":290.7,"land_cover":"Urban and Built-up Lands"}},{"type":"Feature","geometry":{"type":"Point","coordinates":[107.125,-6.4574]},"properties":{"lst_celsius":29.43,"thermal_weight":0.572,"elevation_m":290.7,"land_cover":"Urban and Built-up Lands"}},{"type":"Feature","geometry":{"type":"Point","coordinates":[107.1375,-6.4574]},"properties":{"lst_celsius":29.48,"thermal_weight":0.575,"elevation_m":290.7,"land_cover":"Urban and Built-up Lands"}},{"type":"Feature","geometry":{"type":"Point","coordinates":[107.15,-6.4574]},"properties":{"lst_celsius":29.5,"thermal_weight":0.577,"elevation_m":290.7,"land_cover":"Urban and Built-up Lands"}},{"type":"Feature","geometry":{"type":"Point","coordinates":[107.1625,-6.4574]},"properties":{"lst_celsius":29.48,"thermal_weight":0.575,"elevation_m":290.7,"land_cover":"Urban and Built-up Lands"}},{"type":"Feature","geometry":{"type":"Point","coordinates":[107.175,-6.4574]},"properties":{"lst_celsius":29.43,"thermal_weight":0.572,"elevation_m":290.7,"land_cover":"Urban and Built-up Lands"}},{"type":"Feature","geometry":{"type":"Point","coordinates":[107.1875,-6.4574]},"properties":{"lst_celsius":29.33,"thermal_weight":0.564,"elevation_m":290.7,"land_cover":"Urban and Built-up Lands"}},{"type":"Feature","geometry":{"type":"Point","coordinates":[107.2,-6.4574]},"properties":{"lst_celsius":29.2,"thermal_weight":0.554,"elevation_m":290.7,"land_cover":"Urban and Built-up Lands"}},{"type":"Feature","geometry":{"type":"Point","coordinates":[107.2125,-6.4574]},"properties":{"lst_celsius":29.04,"thermal_weight":0.542,"elevation_m":290.7,"land_cover":"Urban and Built-up Lands"}},{"type":"Feature","geometry":{"type":"Point","coordinates":[107.225,-6.4574]},"properties":{"lst_celsius":28.85,"thermal_weight":0.527,"elevation_m":290.7,"land_cover":"Urban and Built-up Lands"}},{"type":"Feature","geometry":{"type":"Point","coordinates":[107.2375,-6.4574]},"properties":{"lst_celsius":28.31,"thermal_weight":0.485,"elevation_m":290.7,"land_cover":"Cropland / Natural Vegetation Mosaics"}},{"type":"Feature","geometry":{"type":"Point","coordinates":[107.25,-6.4574]},"properties":{"lst_celsius":28.31,"thermal_weight":0.485,"elevation_m":290.7,"land_cover":"Cropland / Natural Vegetation Mosaics"}},{"type":"Feature","geometry":{"type":"Point","coordinates":[107.2625,-6.4574]},"properties":{"lst_celsius":28.31,"thermal_weight":0.485,"elevation_m":290.7,"land_cover":"Cropland / Natural Vegetation Mosaics"}},{"type":"Feature","geometry":{"type":"Point","coordinates":[107.275,-6.4574]},"properties":{"lst_celsius":28.31,"thermal_weight":0.485,"elevation_m":290.7,"land_cover":"Cropland / Natural Vegetation Mosaics"}},{"type":"Feature","geometry":{"type":"Point","coordinates":[107.2875,-6.4574]},"properties":{"lst_celsius":28.31,"thermal_weight":0.485,"elevation_m":290.7,"land_cover":"Cropland / Natural Vegetation Mosaics"}},{"type":"Feature","geometry":{"type":"Point","coordinates":[107.3,-6.4574]},"properties":{"lst_celsius":28.31,"thermal_weight":0.485,"elevation_m":290.7,"land_cover":"Cropland / Natural Vegetation Mosaics"}},{"type":"Feature","geometry":{"type":"Point","coordinates":[106.5,-6.4454]},"properties":{"lst_celsius":28.53,"thermal_weight":0.502,"elevation_m":257,"land_cover":"Cropland / Natural Vegetation Mosaics"}},{"type":"Feature","geometry":{"type":"Point","coordinates":[106.5125,-6.4454]},"properties":{"lst_celsius":28.53,"thermal_weight":0.502,"elevation_m":257,"land_cover":"Cropland / Natural Vegetation Mosaics"}},{"type":"Feature","geometry":{"type":"Point","coordinates":[106.525,-6.4454]},"properties":{"lst_celsius":28.53,"thermal_weight":0.502,"elevation_m":257,"land_cover":"Cropland / Natural Vegetation Mosaics"}},{"type":"Feature","geometry":{"type":"Point","coordinates":[106.5375,-6.4454]},"properties":{"lst_celsius":28.53,"thermal_weight":0.502,"elevation_m":257,"land_cover":"Cropland / Natural Vegetation Mosaics"}},{"type":"Feature","geometry":{"type":"Point","coordinates":[106.55,-6.4454]},"properties":{"lst_celsius":28.53,"thermal_weight":0.502,"elevation_m":257,"land_cover":"Cropland / Natural Vegetation Mosaics"}},{"type":"Feature","geometry":{"type":"Point","coordinates":[106.5625,-6.4454]},"properties":{"lst_celsius":28.53,"thermal_weight":0.502,"elevation_m":257,"land_cover":"Cropland / Natural Vegetation Mosaics"}},{"type":"Feature","geometry":{"type":"Point","coordinates":[106.575,-6.4454]},"properties":{"lst_celsius":28.53,"thermal_weight":0.502,"elevation_m":257,"land_cover":"Cropland / Natural Vegetation Mosaics"}},{"type":"Feature","geometry":{"type":"Point","coordinates":[106.5875,-6.4454]},"properties":{"lst_celsius":28.53,"thermal_weight":0.502,"elevation_m":257,"land_cover":"Cropland / Natural Vegetation Mosaics"}},{"type":"Feature","geometry":{"type":"Point","coordinates":[106.6,-6.4454]},"properties":{"lst_celsius":28.53,"thermal_weight":0.502,"elevation_m":257,"land_cover":"Cropland / Natural Vegetation Mosaics"}},{"type":"Feature","geometry":{"type":"Point","coordinates":[106.6125,-6.4454]},"properties":{"lst_celsius":28.53,"thermal_weight":0.502,"elevation_m":257,"land_cover":"Cropland / Natural Vegetation Mosaics"}},{"type":"Feature","geometry":{"type":"Point","coordinates":[106.625,-6.4454]},"properties":{"lst_celsius":28.53,"thermal_weight":0.502,"elevation_m":257,"land_cover":"Cropland / Natural Vegetation Mosaics"}},{"type":"Feature","geometry":{"type":"Point","coordinates":[106.6375,-6.4454]},"properties":{"lst_celsius":28.53,"thermal_weight":0.502,"elevation_m":257,"land_cover":"Cropland / Natural Vegetation Mosaics"}},{"type":"Feature","geometry":{"type":"Point","coordinates":[106.65,-6.4454]},"properties":{"lst_celsius":28.53,"thermal_weight":0.502,"elevation_m":257,"land_cover":"Cropland / Natural Vegetation Mosaics"}},{"type":"Feature","geometry":{"type":"Point","coordinates":[106.6625,-6.4454]},"properties":{"lst_celsius":28.53,"thermal_weight":0.502,"elevation_m":257,"land_cover":"Cropland / Natural Vegetation Mosaics"}},{"type":"Feature","geometry":{"type":"Point","coordinates":[106.675,-6.4454]},"properties":{"lst_celsius":28.53,"thermal_weight":0.502,"elevation_m":257,"land_cover":"Cropland / Natural Vegetation Mosaics"}},{"type":"Feature","geometry":{"type":"Point","coordinates":[106.6875,-6.4454]},"properties":{"lst_celsius":28.53,"thermal_weight":0.502,"elevation_m":257,"land_cover":"Cropland / Natural Vegetation Mosaics"}},{"type":"Feature","geometry":{"type":"Point","coordinates":[106.7,-6.4454]},"properties":{"lst_celsius":28.53,"thermal_weight":0.502,"elevation_m":257,"land_cover":"Cropland / Natural Vegetation Mosaics"}},{"type":"Feature","geometry":{"type":"Point","coordinates":[106.7125,-6.4454]},"properties":{"lst_celsius":28.53,"thermal_weight":0.502,"elevation_m":257,"land_cover":"Cropland / Natural Vegetation Mosaics"}},{"type":"Feature","geometry":{"type":"Point","coordinates":[106.725,-6.4454]},"properties":{"lst_celsius":28.53,"thermal_weight":0.502,"elevation_m":257,"land_cover":"Cropland / Natural Vegetation Mosaics"}},{"type":"Feature","geometry":{"type":"Point","coordinates":[106.7375,-6.4454]},"properties":{"lst_celsius":28.79,"thermal_weight":0.522,"elevation_m":257,"land_cover":"Urban and Built-up Lands"}},{"type":"Feature","geometry":{"type":"Point","coordinates":[106.75,-6.4454]},"properties":{"lst_celsius":29.18,"thermal_weight":0.552,"elevation_m":257,"land_cover":"Urban and Built-up Lands"}},{"type":"Feature","geometry":{"type":"Point","coordinates":[106.7625,-6.4454]},"properties":{"lst_celsius":29.54,"thermal_weight":0.58,"elevation_m":257,"land_cover":"Urban and Built-up Lands"}},{"type":"Feature","geometry":{"type":"Point","coordinates":[106.775,-6.4454]},"properties":{"lst_celsius":29.87,"thermal_weight":0.605,"elevation_m":257,"land_cover":"Urban and Built-up Lands"}},{"type":"Feature","geometry":{"type":"Point","coordinates":[106.7875,-6.4454]},"properties":{"lst_celsius":30.17,"thermal_weight":0.628,"elevation_m":257,"land_cover":"Urban and Built-up Lands"}},{"type":"Feature","geometry":{"type":"Point","coordinates":[106.8,-6.4454]},"properties":{"lst_celsius":30.4,"thermal_weight":0.646,"elevation_m":257,"land_cover":"Urban and Built-up Lands"}},{"type":"Feature","geometry":{"type":"Point","coordinates":[106.8125,-6.4454]},"properties":{"lst_celsius":30.57,"thermal_weight":0.659,"elevation_m":257,"land_cover":"Urban and Built-up Lands"}},{"type":"Feature","geometry":{"type":"Point","coordinates":[106.825,-6.4454]},"properties":{"lst_celsius":30.65,"thermal_weight":0.665,"elevation_m":257,"land_cover":"Urban and Built-up Lands"}},{"type":"Feature","geometry":{"type":"Point","coordinates":[106.8375,-6.4454]},"properties":{"lst_celsius":30.64,"thermal_weight":0.665,"elevation_m":257,"land_cover":"Urban and Built-up Lands"}},{"type":"Feature","geometry":{"type":"Point","coordinates":[106.85,-6.4454]},"properties":{"lst_celsius":30.54,"thermal_weight":0.657,"elevation_m":257,"land_cover":"Urban and Built-up Lands"}},{"type":"Feature","geometry":{"type":"Point","coordinates":[106.8625,-6.4454]},"properties":{"lst_celsius":30.36,"thermal_weight":0.643,"elevation_m":257,"land_cover":"Urban and Built-up Lands"}},{"type":"Feature","geometry":{"type":"Point","coordinates":[106.875,-6.4454]},"properties":{"lst_celsius":30.11,"thermal_weight":0.624,"elevation_m":257,"land_cover":"Urban and Built-up Lands"}},{"type":"Feature","geometry":{"type":"Point","coordinates":[106.8875,-6.4454]},"properties":{"lst_celsius":29.81,"thermal_weight":0.601,"elevation_m":257,"land_cover":"Urban and Built-up Lands"}},{"type":"Feature","geometry":{"type":"Point","coordinates":[106.9,-6.4454]},"properties":{"lst_celsius":29.47,"thermal_weight":0.575,"elevation_m":257,"land_cover":"Urban and Built-up Lands"}},{"type":"Feature","geometry":{"type":"Point","coordinates":[106.9125,-6.4454]},"properties":{"lst_celsius":29.1,"thermal_weight":0.546,"elevation_m":257,"land_cover":"Urban and Built-up Lands"}},{"type":"Feature","geometry":{"type":"Point","coordinates":[106.925,-6.4454]},"properties":{"lst_celsius":28.53,"thermal_weight":0.502,"elevation_m":257,"land_cover":"Cropland / Natural Vegetation Mosaics"}},{"type":"Feature","geometry":{"type":"Point","coordinates":[106.9375,-6.4454]},"properties":{"lst_celsius":28.53,"thermal_weight":0.502,"elevation_m":257,"land_cover":"Cropland / Natural Vegetation Mosaics"}},{"type":"Feature","geometry":{"type":"Point","coordinates":[106.95,-6.4454]},"properties":{"lst_celsius":28.53,"thermal_weight":0.502,"elevation_m":257,"land_cover":"Cropland / Natural Vegetation Mosaics"}},{"type":"Feature","geometry":{"type":"Point","coordinates":[106.9625,-6.4454]},"properties":{"lst_celsius":28.53,"thermal_weight":0.502,"elevation_m":257,"land_cover":"Cropland / Natural Vegetation Mosaics"}},{"type":"Feature","geometry":{"type":"Point","coordinates":[106.975,-6.4454]},"properties":{"lst_celsius":28.53,"thermal_weight":0.502,"elevation_m":257,"land_cover":"Cropland / Natural Vegetation Mosaics"}},{"type":"Feature","geometry":{"type":"Point","coordinates":[106.9875,-6.4454]},"properties":{"lst_celsius":28.53,"thermal_weight":0.502,"elevation_m":257,"land_cover":"Cropland / Natural Vegetation Mosaics"}},{"type":"Feature","geometry":{"type":"Point","coordinates":[107,-6.4454]},"properties":{"lst_celsius":28.53,"thermal_weight":0.502,"elevation_m":257,"land_cover":"Cropland / Natural Vegetation Mosaics"}},{"type":"Feature","geometry":{"type":"Point","coordinates":[107.0125,-6.4454]},"properties":{"lst_celsius":28.53,"thermal_weight":0.502,"elevation_m":257,"land_cover":"Cropland / Natural Vegetation Mosaics"}},{"type":"Feature","geometry":{"type":"Point","coordinates":[107.025,-6.4454]},"properties":{"lst_celsius":28.53,"thermal_weight":0.502,"elevation_m":257,"land_cover":"Cropland / Natural Vegetation Mosaics"}},{"type":"Feature","geometry":{"type":"Point","coordinates":[107.0375,-6.4454]},"properties":{"lst_celsius":28.53,"thermal_weight":0.502,"elevation_m":257,"land_cover":"Cropland / Natural Vegetation Mosaics"}},{"type":"Feature","geometry":{"type":"Point","coordinates":[107.05,-6.4454]},"properties":{"lst_celsius":28.94,"thermal_weight":0.534,"elevation_m":257,"land_cover":"Urban and Built-up Lands"}},{"type":"Feature","geometry":{"type":"Point","coordinates":[107.0625,-6.4454]},"properties":{"lst_celsius":29.2,"thermal_weight":0.554,"elevation_m":257,"land_cover":"Urban and Built-up Lands"}},{"type":"Feature","geometry":{"type":"Point","coordinates":[107.075,-6.4454]},"properties":{"lst_celsius":29.42,"thermal_weight":0.571,"elevation_m":257,"land_cover":"Urban and Built-up Lands"}},{"type":"Feature","geometry":{"type":"Point","coordinates":[107.0875,-6.4454]},"properties":{"lst_celsius":29.62,"thermal_weight":0.586,"elevation_m":257,"land_cover":"Urban and Built-up Lands"}},{"type":"Feature","geometry":{"type":"Point","coordinates":[107.1,-6.4454]},"properties":{"lst_celsius":29.79,"thermal_weight":0.599,"elevation_m":257,"land_cover":"Urban and Built-up Lands"}},{"type":"Feature","geometry":{"type":"Point","coordinates":[107.1125,-6.4454]},"properties":{"lst_celsius":29.93,"thermal_weight":0.61,"elevation_m":257,"land_cover":"Urban and Built-up Lands"}},{"type":"Feature","geometry":{"type":"Point","coordinates":[107.125,-6.4454]},"properties":{"lst_celsius":30.03,"thermal_weight":0.618,"elevation_m":257,"land_cover":"Urban and Built-up Lands"}},{"type":"Feature","geometry":{"type":"Point","coordinates":[107.1375,-6.4454]},"properties":{"lst_celsius":30.09,"thermal_weight":0.622,"elevation_m":257,"land_cover":"Urban and Built-up Lands"}},{"type":"Feature","geometry":{"type":"Point","coordinates":[107.15,-6.4454]},"properties":{"lst_celsius":30.11,"thermal_weight":0.624,"elevation_m":257,"land_cover":"Urban and Built-up Lands"}},{"type":"Feature","geometry":{"type":"Point","coordinates":[107.1625,-6.4454]},"properties":{"lst_celsius":30.09,"thermal_weight":0.622,"elevation_m":257,"land_cover":"Urban and Built-up Lands"}},{"type":"Feature","geometry":{"type":"Point","coordinates":[107.175,-6.4454]},"properties":{"lst_celsius":30.03,"thermal_weight":0.618,"elevation_m":257,"land_cover":"Urban and Built-up Lands"}},{"type":"Feature","geometry":{"type":"Point","coordinates":[107.1875,-6.4454]},"properties":{"lst_celsius":29.93,"thermal_weight":0.61,"elevation_m":257,"land_cover":"Urban and Built-up Lands"}},{"type":"Feature","geometry":{"type":"Point","coordinates":[107.2,-6.4454]},"properties":{"lst_celsius":29.79,"thermal_weight":0.599,"elevation_m":257,"land_cover":"Urban and Built-up Lands"}},{"type":"Feature","geometry":{"type":"Point","coordinates":[107.2125,-6.4454]},"properties":{"lst_celsius":29.62,"thermal_weight":0.586,"elevation_m":257,"land_cover":"Urban and Built-up Lands"}},{"type":"Feature","geometry":{"type":"Point","coordinates":[107.225,-6.4454]},"properties":{"lst_celsius":29.42,"thermal_weight":0.571,"elevation_m":257,"land_cover":"Urban and Built-up Lands"}},{"type":"Feature","geometry":{"type":"Point","coordinates":[107.2375,-6.4454]},"properties":{"lst_celsius":29.2,"thermal_weight":0.554,"elevation_m":257,"land_cover":"Urban and Built-up Lands"}},{"type":"Feature","geometry":{"type":"Point","coordinates":[107.25,-6.4454]},"properties":{"lst_celsius":28.94,"thermal_weight":0.534,"elevation_m":257,"land_cover":"Urban and Built-up Lands"}},{"type":"Feature","geometry":{"type":"Point","coordinates":[107.2625,-6.4454]},"properties":{"lst_celsius":28.53,"thermal_weight":0.502,"elevation_m":257,"land_cover":"Cropland / Natural Vegetation Mosaics"}},{"type":"Feature","geometry":{"type":"Point","coordinates":[107.275,-6.4454]},"properties":{"lst_celsius":28.53,"thermal_weight":0.502,"elevation_m":257,"land_cover":"Cropland / Natural Vegetation Mosaics"}},{"type":"Feature","geometry":{"type":"Point","coordinates":[107.2875,-6.4454]},"properties":{"lst_celsius":28.53,"thermal_weight":0.502,"elevation_m":257,"land_cover":"Cropland / Natural Vegetation Mosaics"}},{"type":"Feature","geometry":{"type":"Point","coordinates":[107.3,-6.4454]},"properties":{"lst_celsius":28.53,"thermal_weight":0.502,"elevation_m":257,"land_cover":"Cropland / Natural Vegetation Mosaics"}},{"type":"Feature","geometry":{"type":"Point","coordinates":[106.5,-6.4333]},"properties":{"lst_celsius":28.75,"thermal_weight":0.519,"elevation_m":223.3,"land_cover":"Cropland / Natural Vegetation Mosaics"}},{"type":"Feature","geometry":{"type":"Point","coordinates":[106.5125,-6.4333]},"properties":{"lst_celsius":28.75,"thermal_weight":0.519,"elevation_m":223.3,"land_cover":"Cropland / Natural Vegetation Mosaics"}},{"type":"Feature","geometry":{"type":"Point","coordinates":[106.525,-6.4333]},"properties":{"lst_celsius":28.75,"thermal_weight":0.519,"elevation_m":223.3,"land_cover":"Cropland / Natural Vegetation Mosaics"}},{"type":"Feature","geometry":{"type":"Point","coordinates":[106.5375,-6.4333]},"properties":{"lst_celsius":28.75,"thermal_weight":0.519,"elevation_m":223.3,"land_cover":"Cropland / Natural Vegetation Mosaics"}},{"type":"Feature","geometry":{"type":"Point","coordinates":[106.55,-6.4333]},"properties":{"lst_celsius":28.75,"thermal_weight":0.519,"elevation_m":223.3,"land_cover":"Cropland / Natural Vegetation Mosaics"}},{"type":"Feature","geometry":{"type":"Point","coordinates":[106.5625,-6.4333]},"properties":{"lst_celsius":28.75,"thermal_weight":0.519,"elevation_m":223.3,"land_cover":"Cropland / Natural Vegetation Mosaics"}},{"type":"Feature","geometry":{"type":"Point","coordinates":[106.575,-6.4333]},"properties":{"lst_celsius":28.75,"thermal_weight":0.519,"elevation_m":223.3,"land_cover":"Cropland / Natural Vegetation Mosaics"}},{"type":"Feature","geometry":{"type":"Point","coordinates":[106.5875,-6.4333]},"properties":{"lst_celsius":28.75,"thermal_weight":0.519,"elevation_m":223.3,"land_cover":"Cropland / Natural Vegetation Mosaics"}},{"type":"Feature","geometry":{"type":"Point","coordinates":[106.6,-6.4333]},"properties":{"lst_celsius":28.75,"thermal_weight":0.519,"elevation_m":223.3,"land_cover":"Cropland / Natural Vegetation Mosaics"}},{"type":"Feature","geometry":{"type":"Point","coordinates":[106.6125,-6.4333]},"properties":{"lst_celsius":28.75,"thermal_weight":0.519,"elevation_m":223.3,"land_cover":"Cropland / Natural Vegetation Mosaics"}},{"type":"Feature","geometry":{"type":"Point","coordinates":[106.625,-6.4333]},"properties":{"lst_celsius":28.75,"thermal_weight":0.519,"elevation_m":223.3,"land_cover":"Cropland / Natural Vegetation Mosaics"}},{"type":"Feature","geometry":{"type":"Point","coordinates":[106.6375,-6.4333]},"properties":{"lst_celsius":28.75,"thermal_weight":0.519,"elevation_m":223.3,"land_cover":"Cropland / Natural Vegetation Mosaics"}},{"type":"Feature","geometry":{"type":"Point","coordinates":[106.65,-6.4333]},"properties":{"lst_celsius":28.75,"thermal_weight":0.519,"elevation_m":223.3,"land_cover":"Cropland / Natural Vegetation Mosaics"}},{"type":"Feature","geometry":{"type":"Point","coordinates":[106.6625,-6.4333]},"properties":{"lst_celsius":28.75,"thermal_weight":0.519,"elevation_m":223.3,"land_cover":"Cropland / Natural Vegetation Mosaics"}},{"type":"Feature","geometry":{"type":"Point","coordinates":[106.675,-6.4333]},"properties":{"lst_celsius":28.75,"thermal_weight":0.519,"elevation_m":223.3,"land_cover":"Cropland / Natural Vegetation Mosaics"}},{"type":"Feature","geometry":{"type":"Point","coordinates":[106.6875,-6.4333]},"properties":{"lst_celsius":28.75,"thermal_weight":0.519,"elevation_m":223.3,"land_cover":"Cropland / Natural Vegetation Mosaics"}},{"type":"Feature","geometry":{"type":"Point","coordinates":[106.7,-6.4333]},"properties":{"lst_celsius":28.75,"thermal_weight":0.519,"elevation_m":223.3,"land_cover":"Cropland / Natural Vegetation Mosaics"}},{"type":"Feature","geometry":{"type":"Point","coordinates":[106.7125,-6.4333]},"properties":{"lst_celsius":28.75,"thermal_weight":0.519,"elevation_m":223.3,"land_cover":"Cropland / Natural Vegetation Mosaics"}},{"type":"Feature","geometry":{"type":"Point","coordinates":[106.725,-6.4333]},"properties":{"lst_celsius":28.75,"thermal_weight":0.519,"elevation_m":223.3,"land_cover":"Cropland / Natural Vegetation Mosaics"}},{"type":"Feature","geometry":{"type":"Point","coordinates":[106.7375,-6.4333]},"properties":{"lst_celsius":29.24,"thermal_weight":0.557,"elevation_m":223.3,"land_cover":"Urban and Built-up Lands"}},{"type":"Feature","geometry":{"type":"Point","coordinates":[106.75,-6.4333]},"properties":{"lst_celsius":29.63,"thermal_weight":0.587,"elevation_m":223.3,"land_cover":"Urban and Built-up Lands"}},{"type":"Feature","geometry":{"type":"Point","coordinates":[106.7625,-6.4333]},"properties":{"lst_celsius":30.01,"thermal_weight":0.616,"elevation_m":223.3,"land_cover":"Urban and Built-up Lands"}},{"type":"Feature","geometry":{"type":"Point","coordinates":[106.775,-6.4333]},"properties":{"lst_celsius":30.36,"thermal_weight":0.643,"elevation_m":223.3,"land_cover":"Urban and Built-up Lands"}},{"type":"Feature","geometry":{"type":"Point","coordinates":[106.7875,-6.4333]},"properties":{"lst_celsius":30.67,"thermal_weight":0.667,"elevation_m":223.3,"land_cover":"Urban and Built-up Lands"}},{"type":"Feature","geometry":{"type":"Point","coordinates":[106.8,-6.4333]},"properties":{"lst_celsius":30.93,"thermal_weight":0.687,"elevation_m":223.3,"land_cover":"Urban and Built-up Lands"}},{"type":"Feature","geometry":{"type":"Point","coordinates":[106.8125,-6.4333]},"properties":{"lst_celsius":31.12,"thermal_weight":0.702,"elevation_m":223.3,"land_cover":"Urban and Built-up Lands"}},{"type":"Feature","geometry":{"type":"Point","coordinates":[106.825,-6.4333]},"properties":{"lst_celsius":31.21,"thermal_weight":0.708,"elevation_m":223.3,"land_cover":"Urban and Built-up Lands"}},{"type":"Feature","geometry":{"type":"Point","coordinates":[106.8375,-6.4333]},"properties":{"lst_celsius":31.2,"thermal_weight":0.708,"elevation_m":223.3,"land_cover":"Urban and Built-up Lands"}},{"type":"Feature","geometry":{"type":"Point","coordinates":[106.85,-6.4333]},"properties":{"lst_celsius":31.09,"thermal_weight":0.699,"elevation_m":223.3,"land_cover":"Urban and Built-up Lands"}},{"type":"Feature","geometry":{"type":"Point","coordinates":[106.8625,-6.4333]},"properties":{"lst_celsius":30.88,"thermal_weight":0.683,"elevation_m":223.3,"land_cover":"Urban and Built-up Lands"}},{"type":"Feature","geometry":{"type":"Point","coordinates":[106.875,-6.4333]},"properties":{"lst_celsius":30.61,"thermal_weight":0.662,"elevation_m":223.3,"land_cover":"Urban and Built-up Lands"}},{"type":"Feature","geometry":{"type":"Point","coordinates":[106.8875,-6.4333]},"properties":{"lst_celsius":30.29,"thermal_weight":0.638,"elevation_m":223.3,"land_cover":"Urban and Built-up Lands"}},{"type":"Feature","geometry":{"type":"Point","coordinates":[106.9,-6.4333]},"properties":{"lst_celsius":29.94,"thermal_weight":0.611,"elevation_m":223.3,"land_cover":"Urban and Built-up Lands"}},{"type":"Feature","geometry":{"type":"Point","coordinates":[106.9125,-6.4333]},"properties":{"lst_celsius":29.56,"thermal_weight":0.582,"elevation_m":223.3,"land_cover":"Urban and Built-up Lands"}},{"type":"Feature","geometry":{"type":"Point","coordinates":[106.925,-6.4333]},"properties":{"lst_celsius":29.16,"thermal_weight":0.551,"elevation_m":223.3,"land_cover":"Urban and Built-up Lands"}},{"type":"Feature","geometry":{"type":"Point","coordinates":[106.9375,-6.4333]},"properties":{"lst_celsius":28.75,"thermal_weight":0.519,"elevation_m":223.3,"land_cover":"Cropland / Natural Vegetation Mosaics"}},{"type":"Feature","geometry":{"type":"Point","coordinates":[106.95,-6.4333]},"properties":{"lst_celsius":28.75,"thermal_weight":0.519,"elevation_m":223.3,"land_cover":"Cropland / Natural Vegetation Mosaics"}},{"type":"Feature","geometry":{"type":"Point","coordinates":[106.9625,-6.4333]},"properties":{"lst_celsius":28.75,"thermal_weight":0.519,"elevation_m":223.3,"land_cover":"Cropland / Natural Vegetation Mosaics"}},{"type":"Feature","geometry":{"type":"Point","coordinates":[106.975,-6.4333]},"properties":{"lst_celsius":28.75,"thermal_weight":0.519,"elevation_m":223.3,"land_cover":"Cropland / Natural Vegetation Mosaics"}},{"type":"Feature","geometry":{"type":"Point","coordinates":[106.9875,-6.4333]},"properties":{"lst_celsius":28.75,"thermal_weight":0.519,"elevation_m":223.3,"land_cover":"Cropland / Natural Vegetation Mosaics"}},{"type":"Feature","geometry":{"type":"Point","coordinates":[107,-6.4333]},"properties":{"lst_celsius":28.75,"thermal_weight":0.519,"elevation_m":223.3,"land_cover":"Cropland / Natural Vegetation Mosaics"}},{"type":"Feature","geometry":{"type":"Point","coordinates":[107.0125,-6.4333]},"properties":{"lst_celsius":28.75,"thermal_weight":0.519,"elevation_m":223.3,"land_cover":"Cropland / Natural Vegetation Mosaics"}},{"type":"Feature","geometry":{"type":"Point","coordinates":[107.025,-6.4333]},"properties":{"lst_celsius":28.75,"thermal_weight":0.519,"elevation_m":223.3,"land_cover":"Cropland / Natural Vegetation Mosaics"}},{"type":"Feature","geometry":{"type":"Point","coordinates":[107.0375,-6.4333]},"properties":{"lst_celsius":29.19,"thermal_weight":0.553,"elevation_m":223.3,"land_cover":"Urban and Built-up Lands"}},{"type":"Feature","geometry":{"type":"Point","coordinates":[107.05,-6.4333]},"properties":{"lst_celsius":29.47,"thermal_weight":0.575,"elevation_m":223.3,"land_cover":"Urban and Built-up Lands"}},{"type":"Feature","geometry":{"type":"Point","coordinates":[107.0625,-6.4333]},"properties":{"lst_celsius":29.73,"thermal_weight":0.595,"elevation_m":223.3,"land_cover":"Urban and Built-up Lands"}},{"type":"Feature","geometry":{"type":"Point","coordinates":[107.075,-6.4333]},"properties":{"lst_celsius":29.97,"thermal_weight":0.613,"elevation_m":223.3,"land_cover":"Urban and Built-up Lands"}},{"type":"Feature","geometry":{"type":"Point","coordinates":[107.0875,-6.4333]},"properties":{"lst_celsius":30.17,"thermal_weight":0.628,"elevation_m":223.3,"land_cover":"Urban and Built-up Lands"}},{"type":"Feature","geometry":{"type":"Point","coordinates":[107.1,-6.4333]},"properties":{"lst_celsius":30.35,"thermal_weight":0.642,"elevation_m":223.3,"land_cover":"Urban and Built-up Lands"}},{"type":"Feature","geometry":{"type":"Point","coordinates":[107.1125,-6.4333]},"properties":{"lst_celsius":30.49,"thermal_weight":0.653,"elevation_m":223.3,"land_cover":"Urban and Built-up Lands"}},{"type":"Feature","geometry":{"type":"Point","coordinates":[107.125,-6.4333]},"properties":{"lst_celsius":30.6,"thermal_weight":0.662,"elevation_m":223.3,"land_cover":"Urban and Built-up Lands"}},{"type":"Feature","geometry":{"type":"Point","coordinates":[107.1375,-6.4333]},"properties":{"lst_celsius":30.66,"thermal_weight":0.666,"elevation_m":223.3,"land_cover":"Urban and Built-up Lands"}},{"type":"Feature","geometry":{"type":"Point","coordinates":[107.15,-6.4333]},"properties":{"lst_celsius":30.68,"thermal_weight":0.668,"elevation_m":223.3,"land_cover":"Urban and Built-up Lands"}},{"type":"Feature","geometry":{"type":"Point","coordinates":[107.1625,-6.4333]},"properties":{"lst_celsius":30.66,"thermal_weight":0.666,"elevation_m":223.3,"land_cover":"Urban and Built-up Lands"}},{"type":"Feature","geometry":{"type":"Point","coordinates":[107.175,-6.4333]},"properties":{"lst_celsius":30.6,"thermal_weight":0.662,"elevation_m":223.3,"land_cover":"Urban and Built-up Lands"}},{"type":"Feature","geometry":{"type":"Point","coordinates":[107.1875,-6.4333]},"properties":{"lst_celsius":30.49,"thermal_weight":0.653,"elevation_m":223.3,"land_cover":"Urban and Built-up Lands"}},{"type":"Feature","geometry":{"type":"Point","coordinates":[107.2,-6.4333]},"properties":{"lst_celsius":30.35,"thermal_weight":0.642,"elevation_m":223.3,"land_cover":"Urban and Built-up Lands"}},{"type":"Feature","geometry":{"type":"Point","coordinates":[107.2125,-6.4333]},"properties":{"lst_celsius":30.17,"thermal_weight":0.628,"elevation_m":223.3,"land_cover":"Urban and Built-up Lands"}},{"type":"Feature","geometry":{"type":"Point","coordinates":[107.225,-6.4333]},"properties":{"lst_celsius":29.97,"thermal_weight":0.613,"elevation_m":223.3,"land_cover":"Urban and Built-up Lands"}},{"type":"Feature","geometry":{"type":"Point","coordinates":[107.2375,-6.4333]},"properties":{"lst_celsius":29.73,"thermal_weight":0.595,"elevation_m":223.3,"land_cover":"Urban and Built-up Lands"}},{"type":"Feature","geometry":{"type":"Point","coordinates":[107.25,-6.4333]},"properties":{"lst_celsius":29.47,"thermal_weight":0.575,"elevation_m":223.3,"land_cover":"Urban and Built-up Lands"}},{"type":"Feature","geometry":{"type":"Point","coordinates":[107.2625,-6.4333]},"properties":{"lst_celsius":29.19,"thermal_weight":0.553,"elevation_m":223.3,"land_cover":"Urban and Built-up Lands"}},{"type":"Feature","geometry":{"type":"Point","coordinates":[107.275,-6.4333]},"properties":{"lst_celsius":28.75,"thermal_weight":0.519,"elevation_m":223.3,"land_cover":"Cropland / Natural Vegetation Mosaics"}},{"type":"Feature","geometry":{"type":"Point","coordinates":[107.2875,-6.4333]},"properties":{"lst_celsius":28.75,"thermal_weight":0.519,"elevation_m":223.3,"land_cover":"Cropland / Natural Vegetation Mosaics"}},{"type":"Feature","geometry":{"type":"Point","coordinates":[107.3,-6.4333]},"properties":{"lst_celsius":28.75,"thermal_weight":0.519,"elevation_m":223.3,"land_cover":"Cropland / Natural Vegetation Mosaics"}},{"type":"Feature","geometry":{"type":"Point","coordinates":[106.5,-6.4213]},"properties":{"lst_celsius":28.97,"thermal_weight":0.536,"elevation_m":189.6,"land_cover":"Cropland / Natural Vegetation Mosaics"}},{"type":"Feature","geometry":{"type":"Point","coordinates":[106.5125,-6.4213]},"properties":{"lst_celsius":28.97,"thermal_weight":0.536,"elevation_m":189.6,"land_cover":"Cropland / Natural Vegetation Mosaics"}},{"type":"Feature","geometry":{"type":"Point","coordinates":[106.525,-6.4213]},"properties":{"lst_celsius":28.97,"thermal_weight":0.536,"elevation_m":189.6,"land_cover":"Cropland / Natural Vegetation Mosaics"}},{"type":"Feature","geometry":{"type":"Point","coordinates":[106.5375,-6.4213]},"properties":{"lst_celsius":28.97,"thermal_weight":0.536,"elevation_m":189.6,"land_cover":"Cropland / Natural Vegetation Mosaics"}},{"type":"Feature","geometry":{"type":"Point","coordinates":[106.55,-6.4213]},"properties":{"lst_celsius":28.97,"thermal_weight":0.536,"elevation_m":189.6,"land_cover":"Cropland / Natural Vegetation Mosaics"}},{"type":"Feature","geometry":{"type":"Point","coordinates":[106.5625,-6.4213]},"properties":{"lst_celsius":28.97,"thermal_weight":0.536,"elevation_m":189.6,"land_cover":"Cropland / Natural Vegetation Mosaics"}},{"type":"Feature","geometry":{"type":"Point","coordinates":[106.575,-6.4213]},"properties":{"lst_celsius":28.97,"thermal_weight":0.536,"elevation_m":189.6,"land_cover":"Cropland / Natural Vegetation Mosaics"}},{"type":"Feature","geometry":{"type":"Point","coordinates":[106.5875,-6.4213]},"properties":{"lst_celsius":28.97,"thermal_weight":0.536,"elevation_m":189.6,"land_cover":"Cropland / Natural Vegetation Mosaics"}},{"type":"Feature","geometry":{"type":"Point","coordinates":[106.6,-6.4213]},"properties":{"lst_celsius":28.97,"thermal_weight":0.536,"elevation_m":189.6,"land_cover":"Cropland / Natural Vegetation Mosaics"}},{"type":"Feature","geometry":{"type":"Point","coordinates":[106.6125,-6.4213]},"properties":{"lst_celsius":28.97,"thermal_weight":0.536,"elevation_m":189.6,"land_cover":"Cropland / Natural Vegetation Mosaics"}},{"type":"Feature","geometry":{"type":"Point","coordinates":[106.625,-6.4213]},"properties":{"lst_celsius":29.27,"thermal_weight":0.559,"elevation_m":189.6,"land_cover":"Urban and Built-up Lands"}},{"type":"Feature","geometry":{"type":"Point","coordinates":[106.6375,-6.4213]},"properties":{"lst_celsius":29.42,"thermal_weight":0.571,"elevation_m":189.6,"land_cover":"Urban and Built-up Lands"}},{"type":"Feature","geometry":{"type":"Point","coordinates":[106.65,-6.4213]},"properties":{"lst_celsius":29.53,"thermal_weight":0.579,"elevation_m":189.6,"land_cover":"Urban and Built-up Lands"}},{"type":"Feature","geometry":{"type":"Point","coordinates":[106.6625,-6.4213]},"properties":{"lst_celsius":29.59,"thermal_weight":0.584,"elevation_m":189.6,"land_cover":"Urban and Built-up Lands"}},{"type":"Feature","geometry":{"type":"Point","coordinates":[106.675,-6.4213]},"properties":{"lst_celsius":29.61,"thermal_weight":0.585,"elevation_m":189.6,"land_cover":"Urban and Built-up Lands"}},{"type":"Feature","geometry":{"type":"Point","coordinates":[106.6875,-6.4213]},"properties":{"lst_celsius":29.59,"thermal_weight":0.584,"elevation_m":189.6,"land_cover":"Urban and Built-up Lands"}},{"type":"Feature","geometry":{"type":"Point","coordinates":[106.7,-6.4213]},"properties":{"lst_celsius":29.53,"thermal_weight":0.579,"elevation_m":189.6,"land_cover":"Urban and Built-up Lands"}},{"type":"Feature","geometry":{"type":"Point","coordinates":[106.7125,-6.4213]},"properties":{"lst_celsius":29.42,"thermal_weight":0.571,"elevation_m":189.6,"land_cover":"Urban and Built-up Lands"}},{"type":"Feature","geometry":{"type":"Point","coordinates":[106.725,-6.4213]},"properties":{"lst_celsius":29.27,"thermal_weight":0.559,"elevation_m":189.6,"land_cover":"Urban and Built-up Lands"}},{"type":"Feature","geometry":{"type":"Point","coordinates":[106.7375,-6.4213]},"properties":{"lst_celsius":29.63,"thermal_weight":0.587,"elevation_m":189.6,"land_cover":"Urban and Built-up Lands"}},{"type":"Feature","geometry":{"type":"Point","coordinates":[106.75,-6.4213]},"properties":{"lst_celsius":30.02,"thermal_weight":0.617,"elevation_m":189.6,"land_cover":"Urban and Built-up Lands"}},{"type":"Feature","geometry":{"type":"Point","coordinates":[106.7625,-6.4213]},"properties":{"lst_celsius":30.41,"thermal_weight":0.647,"elevation_m":189.6,"land_cover":"Urban and Built-up Lands"}},{"type":"Feature","geometry":{"type":"Point","coordinates":[106.775,-6.4213]},"properties":{"lst_celsius":30.77,"thermal_weight":0.675,"elevation_m":189.6,"land_cover":"Urban and Built-up Lands"}},{"type":"Feature","geometry":{"type":"Point","coordinates":[106.7875,-6.4213]},"properties":{"lst_celsius":31.11,"thermal_weight":0.701,"elevation_m":189.6,"land_cover":"Urban and Built-up Lands"}},{"type":"Feature","geometry":{"type":"Point","coordinates":[106.8,-6.4213]},"properties":{"lst_celsius":31.4,"thermal_weight":0.723,"elevation_m":189.6,"land_cover":"Urban and Built-up Lands"}},{"type":"Feature","geometry":{"type":"Point","coordinates":[106.8125,-6.4213]},"properties":{"lst_celsius":31.62,"thermal_weight":0.74,"elevation_m":189.6,"land_cover":"Urban and Built-up Lands"}},{"type":"Feature","geometry":{"type":"Point","coordinates":[106.825,-6.4213]},"properties":{"lst_celsius":31.73,"thermal_weight":0.748,"elevation_m":189.6,"land_cover":"Urban and Built-up Lands"}},{"type":"Feature","geometry":{"type":"Point","coordinates":[106.8375,-6.4213]},"properties":{"lst_celsius":31.72,"thermal_weight":0.748,"elevation_m":189.6,"land_cover":"Urban and Built-up Lands"}},{"type":"Feature","geometry":{"type":"Point","coordinates":[106.85,-6.4213]},"properties":{"lst_celsius":31.58,"thermal_weight":0.737,"elevation_m":189.6,"land_cover":"Urban and Built-up Lands"}},{"type":"Feature","geometry":{"type":"Point","coordinates":[106.8625,-6.4213]},"properties":{"lst_celsius":31.35,"thermal_weight":0.719,"elevation_m":189.6,"land_cover":"Urban and Built-up Lands"}},{"type":"Feature","geometry":{"type":"Point","coordinates":[106.875,-6.4213]},"properties":{"lst_celsius":31.05,"thermal_weight":0.696,"elevation_m":189.6,"land_cover":"Urban and Built-up Lands"}},{"type":"Feature","geometry":{"type":"Point","coordinates":[106.8875,-6.4213]},"properties":{"lst_celsius":30.7,"thermal_weight":0.669,"elevation_m":189.6,"land_cover":"Urban and Built-up Lands"}},{"type":"Feature","geometry":{"type":"Point","coordinates":[106.9,-6.4213]},"properties":{"lst_celsius":30.33,"thermal_weight":0.641,"elevation_m":189.6,"land_cover":"Urban and Built-up Lands"}},{"type":"Feature","geometry":{"type":"Point","coordinates":[106.9125,-6.4213]},"properties":{"lst_celsius":29.95,"thermal_weight":0.612,"elevation_m":189.6,"land_cover":"Urban and Built-up Lands"}},{"type":"Feature","geometry":{"type":"Point","coordinates":[106.925,-6.4213]},"properties":{"lst_celsius":29.55,"thermal_weight":0.581,"elevation_m":189.6,"land_cover":"Urban and Built-up Lands"}},{"type":"Feature","geometry":{"type":"Point","coordinates":[106.9375,-6.4213]},"properties":{"lst_celsius":28.97,"thermal_weight":0.536,"elevation_m":189.6,"land_cover":"Cropland / Natural Vegetation Mosaics"}},{"type":"Feature","geometry":{"type":"Point","coordinates":[106.95,-6.4213]},"properties":{"lst_celsius":28.97,"thermal_weight":0.536,"elevation_m":189.6,"land_cover":"Cropland / Natural Vegetation Mosaics"}},{"type":"Feature","geometry":{"type":"Point","coordinates":[106.9625,-6.4213]},"properties":{"lst_celsius":28.97,"thermal_weight":0.536,"elevation_m":189.6,"land_cover":"Cropland / Natural Vegetation Mosaics"}},{"type":"Feature","geometry":{"type":"Point","coordinates":[106.975,-6.4213]},"properties":{"lst_celsius":28.97,"thermal_weight":0.536,"elevation_m":189.6,"land_cover":"Cropland / Natural Vegetation Mosaics"}},{"type":"Feature","geometry":{"type":"Point","coordinates":[106.9875,-6.4213]},"properties":{"lst_celsius":28.97,"thermal_weight":0.536,"elevation_m":189.6,"land_cover":"Cropland / Natural Vegetation Mosaics"}},{"type":"Feature","geometry":{"type":"Point","coordinates":[107,-6.4213]},"properties":{"lst_celsius":28.97,"thermal_weight":0.536,"elevation_m":189.6,"land_cover":"Cropland / Natural Vegetation Mosaics"}},{"type":"Feature","geometry":{"type":"Point","coordinates":[107.0125,-6.4213]},"properties":{"lst_celsius":28.97,"thermal_weight":0.536,"elevation_m":189.6,"land_cover":"Cropland / Natural Vegetation Mosaics"}},{"type":"Feature","geometry":{"type":"Point","coordinates":[107.025,-6.4213]},"properties":{"lst_celsius":29.38,"thermal_weight":0.568,"elevation_m":189.6,"land_cover":"Urban and Built-up Lands"}},{"type":"Feature","geometry":{"type":"Point","coordinates":[107.0375,-6.4213]},"properties":{"lst_celsius":29.68,"thermal_weight":0.591,"elevation_m":189.6,"land_cover":"Urban and Built-up Lands"}},{"type":"Feature","geometry":{"type":"Point","coordinates":[107.05,-6.4213]},"properties":{"lst_celsius":29.97,"thermal_weight":0.613,"elevation_m":189.6,"land_cover":"Urban and Built-up Lands"}},{"type":"Feature","geometry":{"type":"Point","coordinates":[107.0625,-6.4213]},"properties":{"lst_celsius":30.23,"thermal_weight":0.633,"elevation_m":189.6,"land_cover":"Urban and Built-up Lands"}},{"type":"Feature","geometry":{"type":"Point","coordinates":[107.075,-6.4213]},"properties":{"lst_celsius":30.48,"thermal_weight":0.652,"elevation_m":189.6,"land_cover":"Urban and Built-up Lands"}},{"type":"Feature","geometry":{"type":"Point","coordinates":[107.0875,-6.4213]},"properties":{"lst_celsius":30.69,"thermal_weight":0.668,"elevation_m":189.6,"land_cover":"Urban and Built-up Lands"}},{"type":"Feature","geometry":{"type":"Point","coordinates":[107.1,-6.4213]},"properties":{"lst_celsius":30.88,"thermal_weight":0.683,"elevation_m":189.6,"land_cover":"Urban and Built-up Lands"}},{"type":"Feature","geometry":{"type":"Point","coordinates":[107.1125,-6.4213]},"properties":{"lst_celsius":31.03,"thermal_weight":0.695,"elevation_m":189.6,"land_cover":"Urban and Built-up Lands"}},{"type":"Feature","geometry":{"type":"Point","coordinates":[107.125,-6.4213]},"properties":{"lst_celsius":31.14,"thermal_weight":0.703,"elevation_m":189.6,"land_cover":"Urban and Built-up Lands"}},{"type":"Feature","geometry":{"type":"Point","coordinates":[107.1375,-6.4213]},"properties":{"lst_celsius":31.21,"thermal_weight":0.708,"elevation_m":189.6,"land_cover":"Urban and Built-up Lands"}},{"type":"Feature","geometry":{"type":"Point","coordinates":[107.15,-6.4213]},"properties":{"lst_celsius":31.23,"thermal_weight":0.71,"elevation_m":189.6,"land_cover":"Urban and Built-up Lands"}},{"type":"Feature","geometry":{"type":"Point","coordinates":[107.1625,-6.4213]},"properties":{"lst_celsius":31.21,"thermal_weight":0.708,"elevation_m":189.6,"land_cover":"Urban and Built-up Lands"}},{"type":"Feature","geometry":{"type":"Point","coordinates":[107.175,-6.4213]},"properties":{"lst_celsius":31.14,"thermal_weight":0.703,"elevation_m":189.6,"land_cover":"Urban and Built-up Lands"}},{"type":"Feature","geometry":{"type":"Point","coordinates":[107.1875,-6.4213]},"properties":{"lst_celsius":31.03,"thermal_weight":0.695,"elevation_m":189.6,"land_cover":"Urban and Built-up Lands"}},{"type":"Feature","geometry":{"type":"Point","coordinates":[107.2,-6.4213]},"properties":{"lst_celsius":30.88,"thermal_weight":0.683,"elevation_m":189.6,"land_cover":"Urban and Built-up Lands"}},{"type":"Feature","geometry":{"type":"Point","coordinates":[107.2125,-6.4213]},"properties":{"lst_celsius":30.69,"thermal_weight":0.668,"elevation_m":189.6,"land_cover":"Urban and Built-up Lands"}},{"type":"Feature","geometry":{"type":"Point","coordinates":[107.225,-6.4213]},"properties":{"lst_celsius":30.48,"thermal_weight":0.652,"elevation_m":189.6,"land_cover":"Urban and Built-up Lands"}},{"type":"Feature","geometry":{"type":"Point","coordinates":[107.2375,-6.4213]},"properties":{"lst_celsius":30.23,"thermal_weight":0.633,"elevation_m":189.6,"land_cover":"Urban and Built-up Lands"}},{"type":"Feature","geometry":{"type":"Point","coordinates":[107.25,-6.4213]},"properties":{"lst_celsius":29.97,"thermal_weight":0.613,"elevation_m":189.6,"land_cover":"Urban and Built-up Lands"}},{"type":"Feature","geometry":{"type":"Point","coordinates":[107.2625,-6.4213]},"properties":{"lst_celsius":29.68,"thermal_weight":0.591,"elevation_m":189.6,"land_cover":"Urban and Built-up Lands"}},{"type":"Feature","geometry":{"type":"Point","coordinates":[107.275,-6.4213]},"properties":{"lst_celsius":29.38,"thermal_weight":0.568,"elevation_m":189.6,"land_cover":"Urban and Built-up Lands"}},{"type":"Feature","geometry":{"type":"Point","coordinates":[107.2875,-6.4213]},"properties":{"lst_celsius":28.97,"thermal_weight":0.536,"elevation_m":189.6,"land_cover":"Cropland / Natural Vegetation Mosaics"}},{"type":"Feature","geometry":{"type":"Point","coordinates":[107.3,-6.4213]},"properties":{"lst_celsius":28.97,"thermal_weight":0.536,"elevation_m":189.6,"land_cover":"Cropland / Natural Vegetation Mosaics"}},{"type":"Feature","geometry":{"type":"Point","coordinates":[106.5,-6.4093]},"properties":{"lst_celsius":29.19,"thermal_weight":0.553,"elevation_m":155.9,"land_cover":"Cropland / Natural Vegetation Mosaics"}},{"type":"Feature","geometry":{"type":"Point","coordinates":[106.5125,-6.4093]},"properties":{"lst_celsius":29.19,"thermal_weight":0.553,"elevation_m":155.9,"land_cover":"Cropland / Natural Vegetation Mosaics"}},{"type":"Feature","geometry":{"type":"Point","coordinates":[106.525,-6.4093]},"properties":{"lst_celsius":29.19,"thermal_weight":0.553,"elevation_m":155.9,"land_cover":"Cropland / Natural Vegetation Mosaics"}},{"type":"Feature","geometry":{"type":"Point","coordinates":[106.5375,-6.4093]},"properties":{"lst_celsius":29.19,"thermal_weight":0.553,"elevation_m":155.9,"land_cover":"Cropland / Natural Vegetation Mosaics"}},{"type":"Feature","geometry":{"type":"Point","coordinates":[106.55,-6.4093]},"properties":{"lst_celsius":29.19,"thermal_weight":0.553,"elevation_m":155.9,"land_cover":"Cropland / Natural Vegetation Mosaics"}},{"type":"Feature","geometry":{"type":"Point","coordinates":[106.5625,-6.4093]},"properties":{"lst_celsius":29.19,"thermal_weight":0.553,"elevation_m":155.9,"land_cover":"Cropland / Natural Vegetation Mosaics"}},{"type":"Feature","geometry":{"type":"Point","coordinates":[106.575,-6.4093]},"properties":{"lst_celsius":29.19,"thermal_weight":0.553,"elevation_m":155.9,"land_cover":"Cropland / Natural Vegetation Mosaics"}},{"type":"Feature","geometry":{"type":"Point","coordinates":[106.5875,-6.4093]},"properties":{"lst_celsius":29.19,"thermal_weight":0.553,"elevation_m":155.9,"land_cover":"Cropland / Natural Vegetation Mosaics"}},{"type":"Feature","geometry":{"type":"Point","coordinates":[106.6,-6.4093]},"properties":{"lst_celsius":29.43,"thermal_weight":0.572,"elevation_m":155.9,"land_cover":"Urban and Built-up Lands"}},{"type":"Feature","geometry":{"type":"Point","coordinates":[106.6125,-6.4093]},"properties":{"lst_celsius":29.65,"thermal_weight":0.588,"elevation_m":155.9,"land_cover":"Urban and Built-up Lands"}},{"type":"Feature","geometry":{"type":"Point","coordinates":[106.625,-6.4093]},"properties":{"lst_celsius":29.84,"thermal_weight":0.603,"elevation_m":155.9,"land_cover":"Urban and Built-up Lands"}},{"type":"Feature","geometry":{"type":"Point","coordinates":[106.6375,-6.4093]},"properties":{"lst_celsius":29.99,"thermal_weight":0.615,"elevation_m":155.9,"land_cover":"Urban and Built-up Lands"}},{"type":"Feature","geometry":{"type":"Point","coordinates":[106.65,-6.4093]},"properties":{"lst_celsius":30.11,"thermal_weight":0.624,"elevation_m":155.9,"land_cover":"Urban and Built-up Lands"}},{"type":"Feature","geometry":{"type":"Point","coordinates":[106.6625,-6.4093]},"properties":{"lst_celsius":30.18,"thermal_weight":0.629,"elevation_m":155.9,"land_cover":"Urban and Built-up Lands"}},{"type":"Feature","geometry":{"type":"Point","coordinates":[106.675,-6.4093]},"properties":{"lst_celsius":30.2,"thermal_weight":0.631,"elevation_m":155.9,"land_cover":"Urban and Built-up Lands"}},{"type":"Feature","geometry":{"type":"Point","coordinates":[106.6875,-6.4093]},"properties":{"lst_celsius":30.18,"thermal_weight":0.629,"elevation_m":155.9,"land_cover":"Urban and Built-up Lands"}},{"type":"Feature","geometry":{"type":"Point","coordinates":[106.7,-6.4093]},"properties":{"lst_celsius":30.11,"thermal_weight":0.624,"elevation_m":155.9,"land_cover":"Urban and Built-up Lands"}},{"type":"Feature","geometry":{"type":"Point","coordinates":[106.7125,-6.4093]},"properties":{"lst_celsius":29.99,"thermal_weight":0.615,"elevation_m":155.9,"land_cover":"Urban and Built-up Lands"}},{"type":"Feature","geometry":{"type":"Point","coordinates":[106.725,-6.4093]},"properties":{"lst_celsius":29.84,"thermal_weight":0.603,"elevation_m":155.9,"land_cover":"Urban and Built-up Lands"}},{"type":"Feature","geometry":{"type":"Point","coordinates":[106.7375,-6.4093]},"properties":{"lst_celsius":29.96,"thermal_weight":0.612,"elevation_m":155.9,"land_cover":"Urban and Built-up Lands"}},{"type":"Feature","geometry":{"type":"Point","coordinates":[106.75,-6.4093]},"properties":{"lst_celsius":30.35,"thermal_weight":0.642,"elevation_m":155.9,"land_cover":"Urban and Built-up Lands"}},{"type":"Feature","geometry":{"type":"Point","coordinates":[106.7625,-6.4093]},"properties":{"lst_celsius":30.74,"thermal_weight":0.672,"elevation_m":155.9,"land_cover":"Urban and Built-up Lands"}},{"type":"Feature","geometry":{"type":"Point","coordinates":[106.775,-6.4093]},"properties":{"lst_celsius":31.12,"thermal_weight":0.702,"elevation_m":155.9,"land_cover":"Urban and Built-up Lands"}},{"type":"Feature","geometry":{"type":"Point","coordinates":[106.7875,-6.4093]},"properties":{"lst_celsius":31.47,"thermal_weight":0.728,"elevation_m":155.9,"land_cover":"Urban and Built-up Lands"}},{"type":"Feature","geometry":{"type":"Point","coordinates":[106.8,-6.4093]},"properties":{"lst_celsius":31.8,"thermal_weight":0.754,"elevation_m":155.9,"land_cover":"Urban and Built-up Lands"}},{"type":"Feature","geometry":{"type":"Point","coordinates":[106.8125,-6.4093]},"properties":{"lst_celsius":32.06,"thermal_weight":0.774,"elevation_m":155.9,"land_cover":"Urban and Built-up Lands"}},{"type":"Feature","geometry":{"type":"Point","coordinates":[106.825,-6.4093]},"properties":{"lst_celsius":32.21,"thermal_weight":0.785,"elevation_m":155.9,"land_cover":"Urban and Built-up Lands"}},{"type":"Feature","geometry":{"type":"Point","coordinates":[106.8375,-6.4093]},"properties":{"lst_celsius":32.19,"thermal_weight":0.784,"elevation_m":155.9,"land_cover":"Urban and Built-up Lands"}},{"type":"Feature","geometry":{"type":"Point","coordinates":[106.85,-6.4093]},"properties":{"lst_celsius":32.01,"thermal_weight":0.77,"elevation_m":155.9,"land_cover":"Urban and Built-up Lands"}},{"type":"Feature","geometry":{"type":"Point","coordinates":[106.8625,-6.4093]},"properties":{"lst_celsius":31.74,"thermal_weight":0.749,"elevation_m":155.9,"land_cover":"Urban and Built-up Lands"}},{"type":"Feature","geometry":{"type":"Point","coordinates":[106.875,-6.4093]},"properties":{"lst_celsius":31.4,"thermal_weight":0.723,"elevation_m":155.9,"land_cover":"Urban and Built-up Lands"}},{"type":"Feature","geometry":{"type":"Point","coordinates":[106.8875,-6.4093]},"properties":{"lst_celsius":31.04,"thermal_weight":0.695,"elevation_m":155.9,"land_cover":"Urban and Built-up Lands"}},{"type":"Feature","geometry":{"type":"Point","coordinates":[106.9,-6.4093]},"properties":{"lst_celsius":30.66,"thermal_weight":0.666,"elevation_m":155.9,"land_cover":"Urban and Built-up Lands"}},{"type":"Feature","geometry":{"type":"Point","coordinates":[106.9125,-6.4093]},"properties":{"lst_celsius":30.27,"thermal_weight":0.636,"elevation_m":155.9,"land_cover":"Urban and Built-up Lands"}},{"type":"Feature","geometry":{"type":"Point","coordinates":[106.925,-6.4093]},"properties":{"lst_celsius":29.88,"thermal_weight":0.606,"elevation_m":155.9,"land_cover":"Urban and Built-up Lands"}},{"type":"Feature","geometry":{"type":"Point","coordinates":[106.9375,-6.4093]},"properties":{"lst_celsius":29.47,"thermal_weight":0.575,"elevation_m":155.9,"land_cover":"Urban and Built-up Lands"}},{"type":"Feature","geometry":{"type":"Point","coordinates":[106.95,-6.4093]},"properties":{"lst_celsius":29.19,"thermal_weight":0.553,"elevation_m":155.9,"land_cover":"Cropland / Natural Vegetation Mosaics"}},{"type":"Feature","geometry":{"type":"Point","coordinates":[106.9625,-6.4093]},"properties":{"lst_celsius":29.19,"thermal_weight":0.553,"elevation_m":155.9,"land_cover":"Cropland / Natural Vegetation Mosaics"}},{"type":"Feature","geometry":{"type":"Point","coordinates":[106.975,-6.4093]},"properties":{"lst_celsius":29.19,"thermal_weight":0.553,"elevation_m":155.9,"land_cover":"Cropland / Natural Vegetation Mosaics"}},{"type":"Feature","geometry":{"type":"Point","coordinates":[106.9875,-6.4093]},"properties":{"lst_celsius":29.19,"thermal_weight":0.553,"elevation_m":155.9,"land_cover":"Cropland / Natural Vegetation Mosaics"}},{"type":"Feature","geometry":{"type":"Point","coordinates":[107,-6.4093]},"properties":{"lst_celsius":29.19,"thermal_weight":0.553,"elevation_m":155.9,"land_cover":"Cropland / Natural Vegetation Mosaics"}},{"type":"Feature","geometry":{"type":"Point","coordinates":[107.0125,-6.4093]},"properties":{"lst_celsius":29.52,"thermal_weight":0.578,"elevation_m":155.9,"land_cover":"Urban and Built-up Lands"}},{"type":"Feature","geometry":{"type":"Point","coordinates":[107.025,-6.4093]},"properties":{"lst_celsius":29.83,"thermal_weight":0.602,"elevation_m":155.9,"land_cover":"Urban and Built-up Lands"}},{"type":"Feature","geometry":{"type":"Point","coordinates":[107.0375,-6.4093]},"properties":{"lst_celsius":30.14,"thermal_weight":0.626,"elevation_m":155.9,"land_cover":"Urban and Built-up Lands"}},{"type":"Feature","geometry":{"type":"Point","coordinates":[107.05,-6.4093]},"properties":{"lst_celsius":30.43,"thermal_weight":0.648,"elevation_m":155.9,"land_cover":"Urban and Built-up Lands"}},{"type":"Feature","geometry":{"type":"Point","coordinates":[107.0625,-6.4093]},"properties":{"lst_celsius":30.7,"thermal_weight":0.669,"elevation_m":155.9,"land_cover":"Urban and Built-up Lands"}},{"type":"Feature","geometry":{"type":"Point","coordinates":[107.075,-6.4093]},"properties":{"lst_celsius":30.95,"thermal_weight":0.688,"elevation_m":155.9,"land_cover":"Urban and Built-up Lands"}},{"type":"Feature","geometry":{"type":"Point","coordinates":[107.0875,-6.4093]},"properties":{"lst_celsius":31.18,"thermal_weight":0.706,"elevation_m":155.9,"land_cover":"Urban and Built-up Lands"}},{"type":"Feature","geometry":{"type":"Point","coordinates":[107.1,-6.4093]},"properties":{"lst_celsius":31.37,"thermal_weight":0.721,"elevation_m":155.9,"land_cover":"Urban and Built-up Lands"}},{"type":"Feature","geometry":{"type":"Point","coordinates":[107.1125,-6.4093]},"properties":{"lst_celsius":31.53,"thermal_weight":0.733,"elevation_m":155.9,"land_cover":"Urban and Built-up Lands"}},{"type":"Feature","geometry":{"type":"Point","coordinates":[107.125,-6.4093]},"properties":{"lst_celsius":31.65,"thermal_weight":0.742,"elevation_m":155.9,"land_cover":"Urban and Built-up Lands"}},{"type":"Feature","geometry":{"type":"Point","coordinates":[107.1375,-6.4093]},"properties":{"lst_celsius":31.72,"thermal_weight":0.748,"elevation_m":155.9,"land_cover":"Urban and Built-up Lands"}},{"type":"Feature","geometry":{"type":"Point","coordinates":[107.15,-6.4093]},"properties":{"lst_celsius":31.75,"thermal_weight":0.75,"elevation_m":155.9,"land_cover":"Urban and Built-up Lands"}},{"type":"Feature","geometry":{"type":"Point","coordinates":[107.1625,-6.4093]},"properties":{"lst_celsius":31.72,"thermal_weight":0.748,"elevation_m":155.9,"land_cover":"Urban and Built-up Lands"}},{"type":"Feature","geometry":{"type":"Point","coordinates":[107.175,-6.4093]},"properties":{"lst_celsius":31.65,"thermal_weight":0.742,"elevation_m":155.9,"land_cover":"Urban and Built-up Lands"}},{"type":"Feature","geometry":{"type":"Point","coordinates":[107.1875,-6.4093]},"properties":{"lst_celsius":31.53,"thermal_weight":0.733,"elevation_m":155.9,"land_cover":"Urban and Built-up Lands"}},{"type":"Feature","geometry":{"type":"Point","coordinates":[107.2,-6.4093]},"properties":{"lst_celsius":31.37,"thermal_weight":0.721,"elevation_m":155.9,"land_cover":"Urban and Built-up Lands"}},{"type":"Feature","geometry":{"type":"Point","coordinates":[107.2125,-6.4093]},"properties":{"lst_celsius":31.18,"thermal_weight":0.706,"elevation_m":155.9,"land_cover":"Urban and Built-up Lands"}},{"type":"Feature","geometry":{"type":"Point","coordinates":[107.225,-6.4093]},"properties":{"lst_celsius":30.95,"thermal_weight":0.688,"elevation_m":155.9,"land_cover":"Urban and Built-up Lands"}},{"type":"Feature","geometry":{"type":"Point","coordinates":[107.2375,-6.4093]},"properties":{"lst_celsius":30.7,"thermal_weight":0.669,"elevation_m":155.9,"land_cover":"Urban and Built-up Lands"}},{"type":"Feature","geometry":{"type":"Point","coordinates":[107.25,-6.4093]},"properties":{"lst_celsius":30.43,"thermal_weight":0.648,"elevation_m":155.9,"land_cover":"Urban and Built-up Lands"}},{"type":"Feature","geometry":{"type":"Point","coordinates":[107.2625,-6.4093]},"properties":{"lst_celsius":30.14,"thermal_weight":0.626,"elevation_m":155.9,"land_cover":"Urban and Built-up Lands"}},{"type":"Feature","geometry":{"type":"Point","coordinates":[107.275,-6.4093]},"properties":{"lst_celsius":29.83,"thermal_weight":0.602,"elevation_m":155.9,"land_cover":"Urban and Built-up Lands"}},{"type":"Feature","geometry":{"type":"Point","coordinates":[107.2875,-6.4093]},"properties":{"lst_celsius":29.52,"thermal_weight":0.578,"elevation_m":155.9,"land_cover":"Urban and Built-up Lands"}},{"type":"Feature","geometry":{"type":"Point","coordinates":[107.3,-6.4093]},"properties":{"lst_celsius":29.19,"thermal_weight":0.553,"elevation_m":155.9,"land_cover":"Cropland / Natural Vegetation Mosaics"}},{"type":"Feature","geometry":{"type":"Point","coordinates":[106.5,-6.3972]},"properties":{"lst_celsius":29.46,"thermal_weight":0.574,"elevation_m":113.7,"land_cover":"Cropland / Natural Vegetation Mosaics"}},{"type":"Feature","geometry":{"type":"Point","coordinates":[106.5125,-6.3972]},"properties":{"lst_celsius":29.46,"thermal_weight":0.574,"elevation_m":113.7,"land_cover":"Cropland / Natural Vegetation Mosaics"}},{"type":"Feature","geometry":{"type":"Point","coordinates":[106.525,-6.3972]},"properties":{"lst_celsius":29.46,"thermal_weight":0.574,"elevation_m":113.7,"land_cover":"Cropland / Natural Vegetation Mosaics"}},{"type":"Feature","geometry":{"type":"Point","coordinates":[106.5375,-6.3972]},"properties":{"lst_celsius":29.46,"thermal_weight":0.574,"elevation_m":113.7,"land_cover":"Cropland / Natural Vegetation Mosaics"}},{"type":"Feature","geometry":{"type":"Point","coordinates":[106.55,-6.3972]},"properties":{"lst_celsius":29.46,"thermal_weight":0.574,"elevation_m":113.7,"land_cover":"Cropland / Natural Vegetation Mosaics"}},{"type":"Feature","geometry":{"type":"Point","coordinates":[106.5625,-6.3972]},"properties":{"lst_celsius":29.46,"thermal_weight":0.574,"elevation_m":113.7,"land_cover":"Cropland / Natural Vegetation Mosaics"}},{"type":"Feature","geometry":{"type":"Point","coordinates":[106.575,-6.3972]},"properties":{"lst_celsius":29.46,"thermal_weight":0.574,"elevation_m":113.7,"land_cover":"Cropland / Natural Vegetation Mosaics"}},{"type":"Feature","geometry":{"type":"Point","coordinates":[106.5875,-6.3972]},"properties":{"lst_celsius":29.75,"thermal_weight":0.596,"elevation_m":113.7,"land_cover":"Urban and Built-up Lands"}},{"type":"Feature","geometry":{"type":"Point","coordinates":[106.6,-6.3972]},"properties":{"lst_celsius":29.99,"thermal_weight":0.615,"elevation_m":113.7,"land_cover":"Urban and Built-up Lands"}},{"type":"Feature","geometry":{"type":"Point","coordinates":[106.6125,-6.3972]},"properties":{"lst_celsius":30.22,"thermal_weight":0.632,"elevation_m":113.7,"land_cover":"Urban and Built-up Lands"}},{"type":"Feature","geometry":{"type":"Point","coordinates":[106.625,-6.3972]},"properties":{"lst_celsius":30.41,"thermal_weight":0.647,"elevation_m":113.7,"land_cover":"Urban and Built-up Lands"}},{"type":"Feature","geometry":{"type":"Point","coordinates":[106.6375,-6.3972]},"properties":{"lst_celsius":30.57,"thermal_weight":0.659,"elevation_m":113.7,"land_cover":"Urban and Built-up Lands"}},{"type":"Feature","geometry":{"type":"Point","coordinates":[106.65,-6.3972]},"properties":{"lst_celsius":30.69,"thermal_weight":0.668,"elevation_m":113.7,"land_cover":"Urban and Built-up Lands"}},{"type":"Feature","geometry":{"type":"Point","coordinates":[106.6625,-6.3972]},"properties":{"lst_celsius":30.76,"thermal_weight":0.674,"elevation_m":113.7,"land_cover":"Urban and Built-up Lands"}},{"type":"Feature","geometry":{"type":"Point","coordinates":[106.675,-6.3972]},"properties":{"lst_celsius":30.79,"thermal_weight":0.676,"elevation_m":113.7,"land_cover":"Urban and Built-up Lands"}},{"type":"Feature","geometry":{"type":"Point","coordinates":[106.6875,-6.3972]},"properties":{"lst_celsius":30.76,"thermal_weight":0.674,"elevation_m":113.7,"land_cover":"Urban and Built-up Lands"}},{"type":"Feature","geometry":{"type":"Point","coordinates":[106.7,-6.3972]},"properties":{"lst_celsius":30.69,"thermal_weight":0.668,"elevation_m":113.7,"land_cover":"Urban and Built-up Lands"}},{"type":"Feature","geometry":{"type":"Point","coordinates":[106.7125,-6.3972]},"properties":{"lst_celsius":30.57,"thermal_weight":0.659,"elevation_m":113.7,"land_cover":"Urban and Built-up Lands"}},{"type":"Feature","geometry":{"type":"Point","coordinates":[106.725,-6.3972]},"properties":{"lst_celsius":30.41,"thermal_weight":0.647,"elevation_m":113.7,"land_cover":"Urban and Built-up Lands"}},{"type":"Feature","geometry":{"type":"Point","coordinates":[106.7375,-6.3972]},"properties":{"lst_celsius":30.27,"thermal_weight":0.636,"elevation_m":113.7,"land_cover":"Urban and Built-up Lands"}},{"type":"Feature","geometry":{"type":"Point","coordinates":[106.75,-6.3972]},"properties":{"lst_celsius":30.65,"thermal_weight":0.665,"elevation_m":113.7,"land_cover":"Urban and Built-up Lands"}},{"type":"Feature","geometry":{"type":"Point","coordinates":[106.7625,-6.3972]},"properties":{"lst_celsius":31.03,"thermal_weight":0.695,"elevation_m":113.7,"land_cover":"Urban and Built-up Lands"}},{"type":"Feature","geometry":{"type":"Point","coordinates":[106.775,-6.3972]},"properties":{"lst_celsius":31.4,"thermal_weight":0.723,"elevation_m":113.7,"land_cover":"Urban and Built-up Lands"}},{"type":"Feature","geometry":{"type":"Point","coordinates":[106.7875,-6.3972]},"properties":{"lst_celsius":31.77,"thermal_weight":0.752,"elevation_m":113.7,"land_cover":"Urban and Built-up Lands"}},{"type":"Feature","geometry":{"type":"Point","coordinates":[106.8,-6.3972]},"properties":{"lst_celsius":32.12,"thermal_weight":0.778,"elevation_m":113.7,"land_cover":"Urban and Built-up Lands"}},{"type":"Feature","geometry":{"type":"Point","coordinates":[106.8125,-6.3972]},"properties":{"lst_celsius":32.43,"thermal_weight":0.802,"elevation_m":113.7,"land_cover":"Urban and Built-up Lands"}},{"type":"Feature","geometry":{"type":"Point","coordinates":[106.825,-6.3972]},"properties":{"lst_celsius":32.64,"thermal_weight":0.818,"elevation_m":113.7,"land_cover":"Urban and Built-up Lands"}},{"type":"Feature","geometry":{"type":"Point","coordinates":[106.8375,-6.3972]},"properties":{"lst_celsius":32.61,"thermal_weight":0.816,"elevation_m":113.7,"land_cover":"Urban and Built-up Lands"}},{"type":"Feature","geometry":{"type":"Point","coordinates":[106.85,-6.3972]},"properties":{"lst_celsius":32.38,"thermal_weight":0.798,"elevation_m":113.7,"land_cover":"Urban and Built-up Lands"}},{"type":"Feature","geometry":{"type":"Point","coordinates":[106.8625,-6.3972]},"properties":{"lst_celsius":32.05,"thermal_weight":0.773,"elevation_m":113.7,"land_cover":"Urban and Built-up Lands"}},{"type":"Feature","geometry":{"type":"Point","coordinates":[106.875,-6.3972]},"properties":{"lst_celsius":31.7,"thermal_weight":0.746,"elevation_m":113.7,"land_cover":"Urban and Built-up Lands"}},{"type":"Feature","geometry":{"type":"Point","coordinates":[106.8875,-6.3972]},"properties":{"lst_celsius":31.33,"thermal_weight":0.718,"elevation_m":113.7,"land_cover":"Urban and Built-up Lands"}},{"type":"Feature","geometry":{"type":"Point","coordinates":[106.9,-6.3972]},"properties":{"lst_celsius":30.95,"thermal_weight":0.688,"elevation_m":113.7,"land_cover":"Urban and Built-up Lands"}},{"type":"Feature","geometry":{"type":"Point","coordinates":[106.9125,-6.3972]},"properties":{"lst_celsius":30.57,"thermal_weight":0.659,"elevation_m":113.7,"land_cover":"Urban and Built-up Lands"}},{"type":"Feature","geometry":{"type":"Point","coordinates":[106.925,-6.3972]},"properties":{"lst_celsius":30.19,"thermal_weight":0.63,"elevation_m":113.7,"land_cover":"Urban and Built-up Lands"}},{"type":"Feature","geometry":{"type":"Point","coordinates":[106.9375,-6.3972]},"properties":{"lst_celsius":29.81,"thermal_weight":0.601,"elevation_m":113.7,"land_cover":"Urban and Built-up Lands"}},{"type":"Feature","geometry":{"type":"Point","coordinates":[106.95,-6.3972]},"properties":{"lst_celsius":29.46,"thermal_weight":0.574,"elevation_m":113.7,"land_cover":"Cropland / Natural Vegetation Mosaics"}},{"type":"Feature","geometry":{"type":"Point","coordinates":[106.9625,-6.3972]},"properties":{"lst_celsius":29.46,"thermal_weight":0.574,"elevation_m":113.7,"land_cover":"Cropland / Natural Vegetation Mosaics"}},{"type":"Feature","geometry":{"type":"Point","coordinates":[106.975,-6.3972]},"properties":{"lst_celsius":29.46,"thermal_weight":0.574,"elevation_m":113.7,"land_cover":"Cropland / Natural Vegetation Mosaics"}},{"type":"Feature","geometry":{"type":"Point","coordinates":[106.9875,-6.3972]},"properties":{"lst_celsius":29.46,"thermal_weight":0.574,"elevation_m":113.7,"land_cover":"Cropland / Natural Vegetation Mosaics"}},{"type":"Feature","geometry":{"type":"Point","coordinates":[107,-6.3972]},"properties":{"lst_celsius":29.46,"thermal_weight":0.574,"elevation_m":113.7,"land_cover":"Cropland / Natural Vegetation Mosaics"}},{"type":"Feature","geometry":{"type":"Point","coordinates":[107.0125,-6.3972]},"properties":{"lst_celsius":29.98,"thermal_weight":0.614,"elevation_m":113.7,"land_cover":"Urban and Built-up Lands"}},{"type":"Feature","geometry":{"type":"Point","coordinates":[107.025,-6.3972]},"properties":{"lst_celsius":30.29,"thermal_weight":0.638,"elevation_m":113.7,"land_cover":"Urban and Built-up Lands"}},{"type":"Feature","geometry":{"type":"Point","coordinates":[107.0375,-6.3972]},"properties":{"lst_celsius":30.6,"thermal_weight":0.662,"elevation_m":113.7,"land_cover":"Urban and Built-up Lands"}},{"type":"Feature","geometry":{"type":"Point","coordinates":[107.05,-6.3972]},"properties":{"lst_celsius":30.89,"thermal_weight":0.684,"elevation_m":113.7,"land_cover":"Urban and Built-up Lands"}},{"type":"Feature","geometry":{"type":"Point","coordinates":[107.0625,-6.3972]},"properties":{"lst_celsius":31.17,"thermal_weight":0.705,"elevation_m":113.7,"land_cover":"Urban and Built-up Lands"}},{"type":"Feature","geometry":{"type":"Point","coordinates":[107.075,-6.3972]},"properties":{"lst_celsius":31.42,"thermal_weight":0.725,"elevation_m":113.7,"land_cover":"Urban and Built-up Lands"}},{"type":"Feature","geometry":{"type":"Point","coordinates":[107.0875,-6.3972]},"properties":{"lst_celsius":31.66,"thermal_weight":0.743,"elevation_m":113.7,"land_cover":"Urban and Built-up Lands"}},{"type":"Feature","geometry":{"type":"Point","coordinates":[107.1,-6.3972]},"properties":{"lst_celsius":31.86,"thermal_weight":0.758,"elevation_m":113.7,"land_cover":"Urban and Built-up Lands"}},{"type":"Feature","geometry":{"type":"Point","coordinates":[107.1125,-6.3972]},"properties":{"lst_celsius":32.03,"thermal_weight":0.772,"elevation_m":113.7,"land_cover":"Urban and Built-up Lands"}},{"type":"Feature","geometry":{"type":"Point","coordinates":[107.125,-6.3972]},"properties":{"lst_celsius":32.16,"thermal_weight":0.782,"elevation_m":113.7,"land_cover":"Urban and Built-up Lands"}},{"type":"Feature","geometry":{"type":"Point","coordinates":[107.1375,-6.3972]},"properties":{"lst_celsius":32.24,"thermal_weight":0.788,"elevation_m":113.7,"land_cover":"Urban and Built-up Lands"}},{"type":"Feature","geometry":{"type":"Point","coordinates":[107.15,-6.3972]},"properties":{"lst_celsius":32.26,"thermal_weight":0.789,"elevation_m":113.7,"land_cover":"Urban and Built-up Lands"}},{"type":"Feature","geometry":{"type":"Point","coordinates":[107.1625,-6.3972]},"properties":{"lst_celsius":32.24,"thermal_weight":0.788,"elevation_m":113.7,"land_cover":"Urban and Built-up Lands"}},{"type":"Feature","geometry":{"type":"Point","coordinates":[107.175,-6.3972]},"properties":{"lst_celsius":32.16,"thermal_weight":0.782,"elevation_m":113.7,"land_cover":"Urban and Built-up Lands"}},{"type":"Feature","geometry":{"type":"Point","coordinates":[107.1875,-6.3972]},"properties":{"lst_celsius":32.03,"thermal_weight":0.772,"elevation_m":113.7,"land_cover":"Urban and Built-up Lands"}},{"type":"Feature","geometry":{"type":"Point","coordinates":[107.2,-6.3972]},"properties":{"lst_celsius":31.86,"thermal_weight":0.758,"elevation_m":113.7,"land_cover":"Urban and Built-up Lands"}},{"type":"Feature","geometry":{"type":"Point","coordinates":[107.2125,-6.3972]},"properties":{"lst_celsius":31.66,"thermal_weight":0.743,"elevation_m":113.7,"land_cover":"Urban and Built-up Lands"}},{"type":"Feature","geometry":{"type":"Point","coordinates":[107.225,-6.3972]},"properties":{"lst_celsius":31.42,"thermal_weight":0.725,"elevation_m":113.7,"land_cover":"Urban and Built-up Lands"}},{"type":"Feature","geometry":{"type":"Point","coordinates":[107.2375,-6.3972]},"properties":{"lst_celsius":31.17,"thermal_weight":0.705,"elevation_m":113.7,"land_cover":"Urban and Built-up Lands"}},{"type":"Feature","geometry":{"type":"Point","coordinates":[107.25,-6.3972]},"properties":{"lst_celsius":30.89,"thermal_weight":0.684,"elevation_m":113.7,"land_cover":"Urban and Built-up Lands"}},{"type":"Feature","geometry":{"type":"Point","coordinates":[107.2625,-6.3972]},"properties":{"lst_celsius":30.6,"thermal_weight":0.662,"elevation_m":113.7,"land_cover":"Urban and Built-up Lands"}},{"type":"Feature","geometry":{"type":"Point","coordinates":[107.275,-6.3972]},"properties":{"lst_celsius":30.29,"thermal_weight":0.638,"elevation_m":113.7,"land_cover":"Urban and Built-up Lands"}},{"type":"Feature","geometry":{"type":"Point","coordinates":[107.2875,-6.3972]},"properties":{"lst_celsius":29.98,"thermal_weight":0.614,"elevation_m":113.7,"land_cover":"Urban and Built-up Lands"}},{"type":"Feature","geometry":{"type":"Point","coordinates":[107.3,-6.3972]},"properties":{"lst_celsius":29.46,"thermal_weight":0.574,"elevation_m":113.7,"land_cover":"Cropland / Natural Vegetation Mosaics"}},{"type":"Feature","geometry":{"type":"Point","coordinates":[106.5,-6.3852]},"properties":{"lst_celsius":29.5,"thermal_weight":0.577,"elevation_m":108.3,"land_cover":"Cropland / Natural Vegetation Mosaics"}},{"type":"Feature","geometry":{"type":"Point","coordinates":[106.5125,-6.3852]},"properties":{"lst_celsius":29.5,"thermal_weight":0.577,"elevation_m":108.3,"land_cover":"Cropland / Natural Vegetation Mosaics"}},{"type":"Feature","geometry":{"type":"Point","coordinates":[106.525,-6.3852]},"properties":{"lst_celsius":29.5,"thermal_weight":0.577,"elevation_m":108.3,"land_cover":"Cropland / Natural Vegetation Mosaics"}},{"type":"Feature","geometry":{"type":"Point","coordinates":[106.5375,-6.3852]},"properties":{"lst_celsius":29.5,"thermal_weight":0.577,"elevation_m":108.3,"land_cover":"Cropland / Natural Vegetation Mosaics"}},{"type":"Feature","geometry":{"type":"Point","coordinates":[106.55,-6.3852]},"properties":{"lst_celsius":29.5,"thermal_weight":0.577,"elevation_m":108.3,"land_cover":"Cropland / Natural Vegetation Mosaics"}},{"type":"Feature","geometry":{"type":"Point","coordinates":[106.5625,-6.3852]},"properties":{"lst_celsius":29.5,"thermal_weight":0.577,"elevation_m":108.3,"land_cover":"Cropland / Natural Vegetation Mosaics"}},{"type":"Feature","geometry":{"type":"Point","coordinates":[106.575,-6.3852]},"properties":{"lst_celsius":29.76,"thermal_weight":0.597,"elevation_m":108.3,"land_cover":"Urban and Built-up Lands"}},{"type":"Feature","geometry":{"type":"Point","coordinates":[106.5875,-6.3852]},"properties":{"lst_celsius":30.05,"thermal_weight":0.619,"elevation_m":108.3,"land_cover":"Urban and Built-up Lands"}},{"type":"Feature","geometry":{"type":"Point","coordinates":[106.6,-6.3852]},"properties":{"lst_celsius":30.31,"thermal_weight":0.639,"elevation_m":108.3,"land_cover":"Urban and Built-up Lands"}},{"type":"Feature","geometry":{"type":"Point","coordinates":[106.6125,-6.3852]},"properties":{"lst_celsius":30.55,"thermal_weight":0.658,"elevation_m":108.3,"land_cover":"Urban and Built-up Lands"}},{"type":"Feature","geometry":{"type":"Point","coordinates":[106.625,-6.3852]},"properties":{"lst_celsius":30.76,"thermal_weight":0.674,"elevation_m":108.3,"land_cover":"Urban and Built-up Lands"}},{"type":"Feature","geometry":{"type":"Point","coordinates":[106.6375,-6.3852]},"properties":{"lst_celsius":30.94,"thermal_weight":0.688,"elevation_m":108.3,"land_cover":"Urban and Built-up Lands"}},{"type":"Feature","geometry":{"type":"Point","coordinates":[106.65,-6.3852]},"properties":{"lst_celsius":31.07,"thermal_weight":0.698,"elevation_m":108.3,"land_cover":"Urban and Built-up Lands"}},{"type":"Feature","geometry":{"type":"Point","coordinates":[106.6625,-6.3852]},"properties":{"lst_celsius":31.15,"thermal_weight":0.704,"elevation_m":108.3,"land_cover":"Urban and Built-up Lands"}},{"type":"Feature","geometry":{"type":"Point","coordinates":[106.675,-6.3852]},"properties":{"lst_celsius":31.18,"thermal_weight":0.706,"elevation_m":108.3,"land_cover":"Urban and Built-up Lands"}},{"type":"Feature","geometry":{"type":"Point","coordinates":[106.6875,-6.3852]},"properties":{"lst_celsius":31.15,"thermal_weight":0.704,"elevation_m":108.3,"land_cover":"Urban and Built-up Lands"}},{"type":"Feature","geometry":{"type":"Point","coordinates":[106.7,-6.3852]},"properties":{"lst_celsius":31.07,"thermal_weight":0.698,"elevation_m":108.3,"land_cover":"Urban and Built-up Lands"}},{"type":"Feature","geometry":{"type":"Point","coordinates":[106.7125,-6.3852]},"properties":{"lst_celsius":30.94,"thermal_weight":0.688,"elevation_m":108.3,"land_cover":"Urban and Built-up Lands"}},{"type":"Feature","geometry":{"type":"Point","coordinates":[106.725,-6.3852]},"properties":{"lst_celsius":30.76,"thermal_weight":0.674,"elevation_m":108.3,"land_cover":"Urban and Built-up Lands"}},{"type":"Feature","geometry":{"type":"Point","coordinates":[106.7375,-6.3852]},"properties":{"lst_celsius":30.55,"thermal_weight":0.658,"elevation_m":108.3,"land_cover":"Urban and Built-up Lands"}},{"type":"Feature","geometry":{"type":"Point","coordinates":[106.75,-6.3852]},"properties":{"lst_celsius":30.73,"thermal_weight":0.672,"elevation_m":108.3,"land_cover":"Urban and Built-up Lands"}},{"type":"Feature","geometry":{"type":"Point","coordinates":[106.7625,-6.3852]},"properties":{"lst_celsius":31.11,"thermal_weight":0.701,"elevation_m":108.3,"land_cover":"Urban and Built-up Lands"}},{"type":"Feature","geometry":{"type":"Point","coordinates":[106.775,-6.3852]},"properties":{"lst_celsius":31.49,"thermal_weight":0.73,"elevation_m":108.3,"land_cover":"Urban and Built-up Lands"}},{"type":"Feature","geometry":{"type":"Point","coordinates":[106.7875,-6.3852]},"properties":{"lst_celsius":31.88,"thermal_weight":0.76,"elevation_m":108.3,"land_cover":"Urban and Built-up Lands"}},{"type":"Feature","geometry":{"type":"Point","coordinates":[106.8,-6.3852]},"properties":{"lst_celsius":32.26,"thermal_weight":0.789,"elevation_m":108.3,"land_cover":"Urban and Built-up Lands"}},{"type":"Feature","geometry":{"type":"Point","coordinates":[106.8125,-6.3852]},"properties":{"lst_celsius":32.64,"thermal_weight":0.818,"elevation_m":108.3,"land_cover":"Urban and Built-up Lands"}},{"type":"Feature","geometry":{"type":"Point","coordinates":[106.825,-6.3852]},"properties":{"lst_celsius":32.98,"thermal_weight":0.845,"elevation_m":108.3,"land_cover":"Urban and Built-up Lands"}},{"type":"Feature","geometry":{"type":"Point","coordinates":[106.8375,-6.3852]},"properties":{"lst_celsius":32.92,"thermal_weight":0.84,"elevation_m":108.3,"land_cover":"Urban and Built-up Lands"}},{"type":"Feature","geometry":{"type":"Point","coordinates":[106.85,-6.3852]},"properties":{"lst_celsius":32.56,"thermal_weight":0.812,"elevation_m":108.3,"land_cover":"Urban and Built-up Lands"}},{"type":"Feature","geometry":{"type":"Point","coordinates":[106.8625,-6.3852]},"properties":{"lst_celsius":32.18,"thermal_weight":0.783,"elevation_m":108.3,"land_cover":"Urban and Built-up Lands"}},{"type":"Feature","geometry":{"type":"Point","coordinates":[106.875,-6.3852]},"properties":{"lst_celsius":31.8,"thermal_weight":0.754,"elevation_m":108.3,"land_cover":"Urban and Built-up Lands"}},{"type":"Feature","geometry":{"type":"Point","coordinates":[106.8875,-6.3852]},"properties":{"lst_celsius":31.42,"thermal_weight":0.725,"elevation_m":108.3,"land_cover":"Urban and Built-up Lands"}},{"type":"Feature","geometry":{"type":"Point","coordinates":[106.9,-6.3852]},"properties":{"lst_celsius":31.03,"thermal_weight":0.695,"elevation_m":108.3,"land_cover":"Urban and Built-up Lands"}},{"type":"Feature","geometry":{"type":"Point","coordinates":[106.9125,-6.3852]},"properties":{"lst_celsius":30.65,"thermal_weight":0.665,"elevation_m":108.3,"land_cover":"Urban and Built-up Lands"}},{"type":"Feature","geometry":{"type":"Point","coordinates":[106.925,-6.3852]},"properties":{"lst_celsius":30.26,"thermal_weight":0.635,"elevation_m":108.3,"land_cover":"Urban and Built-up Lands"}},{"type":"Feature","geometry":{"type":"Point","coordinates":[106.9375,-6.3852]},"properties":{"lst_celsius":29.88,"thermal_weight":0.606,"elevation_m":108.3,"land_cover":"Urban and Built-up Lands"}},{"type":"Feature","geometry":{"type":"Point","coordinates":[106.95,-6.3852]},"properties":{"lst_celsius":29.5,"thermal_weight":0.577,"elevation_m":108.3,"land_cover":"Cropland / Natural Vegetation Mosaics"}},{"type":"Feature","geometry":{"type":"Point","coordinates":[106.9625,-6.3852]},"properties":{"lst_celsius":29.5,"thermal_weight":0.577,"elevation_m":108.3,"land_cover":"Cropland / Natural Vegetation Mosaics"}},{"type":"Feature","geometry":{"type":"Point","coordinates":[106.975,-6.3852]},"properties":{"lst_celsius":29.76,"thermal_weight":0.597,"elevation_m":108.3,"land_cover":"Urban and Built-up Lands"}},{"type":"Feature","geometry":{"type":"Point","coordinates":[106.9875,-6.3852]},"properties":{"lst_celsius":29.8,"thermal_weight":0.6,"elevation_m":108.3,"land_cover":"Urban and Built-up Lands"}},{"type":"Feature","geometry":{"type":"Point","coordinates":[107,-6.3852]},"properties":{"lst_celsius":29.86,"thermal_weight":0.605,"elevation_m":108.3,"land_cover":"Urban and Built-up Lands"}},{"type":"Feature","geometry":{"type":"Point","coordinates":[107.0125,-6.3852]},"properties":{"lst_celsius":30.19,"thermal_weight":0.63,"elevation_m":108.3,"land_cover":"Urban and Built-up Lands"}},{"type":"Feature","geometry":{"type":"Point","coordinates":[107.025,-6.3852]},"properties":{"lst_celsius":30.52,"thermal_weight":0.655,"elevation_m":108.3,"land_cover":"Urban and Built-up Lands"}},{"type":"Feature","geometry":{"type":"Point","coordinates":[107.0375,-6.3852]},"properties":{"lst_celsius":30.84,"thermal_weight":0.68,"elevation_m":108.3,"land_cover":"Urban and Built-up Lands"}},{"type":"Feature","geometry":{"type":"Point","coordinates":[107.05,-6.3852]},"properties":{"lst_celsius":31.14,"thermal_weight":0.703,"elevation_m":108.3,"land_cover":"Urban and Built-up Lands"}},{"type":"Feature","geometry":{"type":"Point","coordinates":[107.0625,-6.3852]},"properties":{"lst_celsius":31.44,"thermal_weight":0.726,"elevation_m":108.3,"land_cover":"Urban and Built-up Lands"}},{"type":"Feature","geometry":{"type":"Point","coordinates":[107.075,-6.3852]},"properties":{"lst_celsius":31.71,"thermal_weight":0.747,"elevation_m":108.3,"land_cover":"Urban and Built-up Lands"}},{"type":"Feature","geometry":{"type":"Point","coordinates":[107.0875,-6.3852]},"properties":{"lst_celsius":31.96,"thermal_weight":0.766,"elevation_m":108.3,"land_cover":"Urban and Built-up Lands"}},{"type":"Feature","geometry":{"type":"Point","coordinates":[107.1,-6.3852]},"properties":{"lst_celsius":32.19,"thermal_weight":0.784,"elevation_m":108.3,"land_cover":"Urban and Built-up Lands"}},{"type":"Feature","geometry":{"type":"Point","coordinates":[107.1125,-6.3852]},"properties":{"lst_celsius":32.38,"thermal_weight":0.798,"elevation_m":108.3,"land_cover":"Urban and Built-up Lands"}},{"type":"Feature","geometry":{"type":"Point","coordinates":[107.125,-6.3852]},"properties":{"lst_celsius":32.52,"thermal_weight":0.809,"elevation_m":108.3,"land_cover":"Urban and Built-up Lands"}},{"type":"Feature","geometry":{"type":"Point","coordinates":[107.1375,-6.3852]},"properties":{"lst_celsius":32.61,"thermal_weight":0.816,"elevation_m":108.3,"land_cover":"Urban and Built-up Lands"}},{"type":"Feature","geometry":{"type":"Point","coordinates":[107.15,-6.3852]},"properties":{"lst_celsius":32.64,"thermal_weight":0.818,"elevation_m":108.3,"land_cover":"Urban and Built-up Lands"}},{"type":"Feature","geometry":{"type":"Point","coordinates":[107.1625,-6.3852]},"properties":{"lst_celsius":32.61,"thermal_weight":0.816,"elevation_m":108.3,"land_cover":"Urban and Built-up Lands"}},{"type":"Feature","geometry":{"type":"Point","coordinates":[107.175,-6.3852]},"properties":{"lst_celsius":32.52,"thermal_weight":0.809,"elevation_m":108.3,"land_cover":"Urban and Built-up Lands"}},{"type":"Feature","geometry":{"type":"Point","coordinates":[107.1875,-6.3852]},"properties":{"lst_celsius":32.38,"thermal_weight":0.798,"elevation_m":108.3,"land_cover":"Urban and Built-up Lands"}},{"type":"Feature","geometry":{"type":"Point","coordinates":[107.2,-6.3852]},"properties":{"lst_celsius":32.19,"thermal_weight":0.784,"elevation_m":108.3,"land_cover":"Urban and Built-up Lands"}},{"type":"Feature","geometry":{"type":"Point","coordinates":[107.2125,-6.3852]},"properties":{"lst_celsius":31.96,"thermal_weight":0.766,"elevation_m":108.3,"land_cover":"Urban and Built-up Lands"}},{"type":"Feature","geometry":{"type":"Point","coordinates":[107.225,-6.3852]},"properties":{"lst_celsius":31.71,"thermal_weight":0.747,"elevation_m":108.3,"land_cover":"Urban and Built-up Lands"}},{"type":"Feature","geometry":{"type":"Point","coordinates":[107.2375,-6.3852]},"properties":{"lst_celsius":31.44,"thermal_weight":0.726,"elevation_m":108.3,"land_cover":"Urban and Built-up Lands"}},{"type":"Feature","geometry":{"type":"Point","coordinates":[107.25,-6.3852]},"properties":{"lst_celsius":31.14,"thermal_weight":0.703,"elevation_m":108.3,"land_cover":"Urban and Built-up Lands"}},{"type":"Feature","geometry":{"type":"Point","coordinates":[107.2625,-6.3852]},"properties":{"lst_celsius":30.84,"thermal_weight":0.68,"elevation_m":108.3,"land_cover":"Urban and Built-up Lands"}},{"type":"Feature","geometry":{"type":"Point","coordinates":[107.275,-6.3852]},"properties":{"lst_celsius":30.52,"thermal_weight":0.655,"elevation_m":108.3,"land_cover":"Urban and Built-up Lands"}},{"type":"Feature","geometry":{"type":"Point","coordinates":[107.2875,-6.3852]},"properties":{"lst_celsius":30.19,"thermal_weight":0.63,"elevation_m":108.3,"land_cover":"Urban and Built-up Lands"}},{"type":"Feature","geometry":{"type":"Point","coordinates":[107.3,-6.3852]},"properties":{"lst_celsius":29.86,"thermal_weight":0.605,"elevation_m":108.3,"land_cover":"Urban and Built-up Lands"}},{"type":"Feature","geometry":{"type":"Point","coordinates":[106.5,-6.3731]},"properties":{"lst_celsius":29.53,"thermal_weight":0.579,"elevation_m":102.9,"land_cover":"Cropland / Natural Vegetation Mosaics"}},{"type":"Feature","geometry":{"type":"Point","coordinates":[106.5125,-6.3731]},"properties":{"lst_celsius":29.53,"thermal_weight":0.579,"elevation_m":102.9,"land_cover":"Cropland / Natural Vegetation Mosaics"}},{"type":"Feature","geometry":{"type":"Point","coordinates":[106.525,-6.3731]},"properties":{"lst_celsius":29.53,"thermal_weight":0.579,"elevation_m":102.9,"land_cover":"Cropland / Natural Vegetation Mosaics"}},{"type":"Feature","geometry":{"type":"Point","coordinates":[106.5375,-6.3731]},"properties":{"lst_celsius":29.53,"thermal_weight":0.579,"elevation_m":102.9,"land_cover":"Cropland / Natural Vegetation Mosaics"}},{"type":"Feature","geometry":{"type":"Point","coordinates":[106.55,-6.3731]},"properties":{"lst_celsius":29.53,"thermal_weight":0.579,"elevation_m":102.9,"land_cover":"Cropland / Natural Vegetation Mosaics"}},{"type":"Feature","geometry":{"type":"Point","coordinates":[106.5625,-6.3731]},"properties":{"lst_celsius":29.53,"thermal_weight":0.579,"elevation_m":102.9,"land_cover":"Cropland / Natural Vegetation Mosaics"}},{"type":"Feature","geometry":{"type":"Point","coordinates":[106.575,-6.3731]},"properties":{"lst_celsius":30.02,"thermal_weight":0.617,"elevation_m":102.9,"land_cover":"Urban and Built-up Lands"}},{"type":"Feature","geometry":{"type":"Point","coordinates":[106.5875,-6.3731]},"properties":{"lst_celsius":30.32,"thermal_weight":0.64,"elevation_m":102.9,"land_cover":"Urban and Built-up Lands"}},{"type":"Feature","geometry":{"type":"Point","coordinates":[106.6,-6.3731]},"properties":{"lst_celsius":30.61,"thermal_weight":0.662,"elevation_m":102.9,"land_cover":"Urban and Built-up Lands"}},{"type":"Feature","geometry":{"type":"Point","coordinates":[106.6125,-6.3731]},"properties":{"lst_celsius":30.87,"thermal_weight":0.682,"elevation_m":102.9,"land_cover":"Urban and Built-up Lands"}},{"type":"Feature","geometry":{"type":"Point","coordinates":[106.625,-6.3731]},"properties":{"lst_celsius":31.1,"thermal_weight":0.7,"elevation_m":102.9,"land_cover":"Urban and Built-up Lands"}},{"type":"Feature","geometry":{"type":"Point","coordinates":[106.6375,-6.3731]},"properties":{"lst_celsius":31.29,"thermal_weight":0.715,"elevation_m":102.9,"land_cover":"Urban and Built-up Lands"}},{"type":"Feature","geometry":{"type":"Point","coordinates":[106.65,-6.3731]},"properties":{"lst_celsius":31.44,"thermal_weight":0.726,"elevation_m":102.9,"land_cover":"Urban and Built-up Lands"}},{"type":"Feature","geometry":{"type":"Point","coordinates":[106.6625,-6.3731]},"properties":{"lst_celsius":31.54,"thermal_weight":0.734,"elevation_m":102.9,"land_cover":"Urban and Built-up Lands"}},{"type":"Feature","geometry":{"type":"Point","coordinates":[106.675,-6.3731]},"properties":{"lst_celsius":31.57,"thermal_weight":0.736,"elevation_m":102.9,"land_cover":"Urban and Built-up Lands"}},{"type":"Feature","geometry":{"type":"Point","coordinates":[106.6875,-6.3731]},"properties":{"lst_celsius":31.54,"thermal_weight":0.734,"elevation_m":102.9,"land_cover":"Urban and Built-up Lands"}},{"type":"Feature","geometry":{"type":"Point","coordinates":[106.7,-6.3731]},"properties":{"lst_celsius":31.44,"thermal_weight":0.726,"elevation_m":102.9,"land_cover":"Urban and Built-up Lands"}},{"type":"Feature","geometry":{"type":"Point","coordinates":[106.7125,-6.3731]},"properties":{"lst_celsius":31.29,"thermal_weight":0.715,"elevation_m":102.9,"land_cover":"Urban and Built-up Lands"}},{"type":"Feature","geometry":{"type":"Point","coordinates":[106.725,-6.3731]},"properties":{"lst_celsius":31.1,"thermal_weight":0.7,"elevation_m":102.9,"land_cover":"Urban and Built-up Lands"}},{"type":"Feature","geometry":{"type":"Point","coordinates":[106.7375,-6.3731]},"properties":{"lst_celsius":30.87,"thermal_weight":0.682,"elevation_m":102.9,"land_cover":"Urban and Built-up Lands"}},{"type":"Feature","geometry":{"type":"Point","coordinates":[106.75,-6.3731]},"properties":{"lst_celsius":30.75,"thermal_weight":0.673,"elevation_m":102.9,"land_cover":"Urban and Built-up Lands"}},{"type":"Feature","geometry":{"type":"Point","coordinates":[106.7625,-6.3731]},"properties":{"lst_celsius":31.13,"thermal_weight":0.702,"elevation_m":102.9,"land_cover":"Urban and Built-up Lands"}},{"type":"Feature","geometry":{"type":"Point","coordinates":[106.775,-6.3731]},"properties":{"lst_celsius":31.51,"thermal_weight":0.732,"elevation_m":102.9,"land_cover":"Urban and Built-up Lands"}},{"type":"Feature","geometry":{"type":"Point","coordinates":[106.7875,-6.3731]},"properties":{"lst_celsius":31.88,"thermal_weight":0.76,"elevation_m":102.9,"land_cover":"Urban and Built-up Lands"}},{"type":"Feature","geometry":{"type":"Point","coordinates":[106.8,-6.3731]},"properties":{"lst_celsius":32.26,"thermal_weight":0.789,"elevation_m":102.9,"land_cover":"Urban and Built-up Lands"}},{"type":"Feature","geometry":{"type":"Point","coordinates":[106.8125,-6.3731]},"properties":{"lst_celsius":32.63,"thermal_weight":0.818,"elevation_m":102.9,"land_cover":"Urban and Built-up Lands"}},{"type":"Feature","geometry":{"type":"Point","coordinates":[106.825,-6.3731]},"properties":{"lst_celsius":32.94,"thermal_weight":0.842,"elevation_m":102.9,"land_cover":"Urban and Built-up Lands"}},{"type":"Feature","geometry":{"type":"Point","coordinates":[106.8375,-6.3731]},"properties":{"lst_celsius":32.89,"thermal_weight":0.838,"elevation_m":102.9,"land_cover":"Urban and Built-up Lands"}},{"type":"Feature","geometry":{"type":"Point","coordinates":[106.85,-6.3731]},"properties":{"lst_celsius":32.55,"thermal_weight":0.812,"elevation_m":102.9,"land_cover":"Urban and Built-up Lands"}},{"type":"Feature","geometry":{"type":"Point","coordinates":[106.8625,-6.3731]},"properties":{"lst_celsius":32.18,"thermal_weight":0.783,"elevation_m":102.9,"land_cover":"Urban and Built-up Lands"}},{"type":"Feature","geometry":{"type":"Point","coordinates":[106.875,-6.3731]},"properties":{"lst_celsius":31.81,"thermal_weight":0.755,"elevation_m":102.9,"land_cover":"Urban and Built-up Lands"}},{"type":"Feature","geometry":{"type":"Point","coordinates":[106.8875,-6.3731]},"properties":{"lst_celsius":31.43,"thermal_weight":0.725,"elevation_m":102.9,"land_cover":"Urban and Built-up Lands"}},{"type":"Feature","geometry":{"type":"Point","coordinates":[106.9,-6.3731]},"properties":{"lst_celsius":31.05,"thermal_weight":0.696,"elevation_m":102.9,"land_cover":"Urban and Built-up Lands"}},{"type":"Feature","geometry":{"type":"Point","coordinates":[106.9125,-6.3731]},"properties":{"lst_celsius":30.67,"thermal_weight":0.667,"elevation_m":102.9,"land_cover":"Urban and Built-up Lands"}},{"type":"Feature","geometry":{"type":"Point","coordinates":[106.925,-6.3731]},"properties":{"lst_celsius":30.29,"thermal_weight":0.638,"elevation_m":102.9,"land_cover":"Urban and Built-up Lands"}},{"type":"Feature","geometry":{"type":"Point","coordinates":[106.9375,-6.3731]},"properties":{"lst_celsius":29.91,"thermal_weight":0.608,"elevation_m":102.9,"land_cover":"Urban and Built-up Lands"}},{"type":"Feature","geometry":{"type":"Point","coordinates":[106.95,-6.3731]},"properties":{"lst_celsius":29.99,"thermal_weight":0.615,"elevation_m":102.9,"land_cover":"Urban and Built-up Lands"}},{"type":"Feature","geometry":{"type":"Point","coordinates":[106.9625,-6.3731]},"properties":{"lst_celsius":30.09,"thermal_weight":0.622,"elevation_m":102.9,"land_cover":"Urban and Built-up Lands"}},{"type":"Feature","geometry":{"type":"Point","coordinates":[106.975,-6.3731]},"properties":{"lst_celsius":30.16,"thermal_weight":0.628,"elevation_m":102.9,"land_cover":"Urban and Built-up Lands"}},{"type":"Feature","geometry":{"type":"Point","coordinates":[106.9875,-6.3731]},"properties":{"lst_celsius":30.2,"thermal_weight":0.631,"elevation_m":102.9,"land_cover":"Urban and Built-up Lands"}},{"type":"Feature","geometry":{"type":"Point","coordinates":[107,-6.3731]},"properties":{"lst_celsius":30.21,"thermal_weight":0.632,"elevation_m":102.9,"land_cover":"Urban and Built-up Lands"}},{"type":"Feature","geometry":{"type":"Point","coordinates":[107.0125,-6.3731]},"properties":{"lst_celsius":30.39,"thermal_weight":0.645,"elevation_m":102.9,"land_cover":"Urban and Built-up Lands"}},{"type":"Feature","geometry":{"type":"Point","coordinates":[107.025,-6.3731]},"properties":{"lst_celsius":30.72,"thermal_weight":0.671,"elevation_m":102.9,"land_cover":"Urban and Built-up Lands"}},{"type":"Feature","geometry":{"type":"Point","coordinates":[107.0375,-6.3731]},"properties":{"lst_celsius":31.05,"thermal_weight":0.696,"elevation_m":102.9,"land_cover":"Urban and Built-up Lands"}},{"type":"Feature","geometry":{"type":"Point","coordinates":[107.05,-6.3731]},"properties":{"lst_celsius":31.37,"thermal_weight":0.721,"elevation_m":102.9,"land_cover":"Urban and Built-up Lands"}},{"type":"Feature","geometry":{"type":"Point","coordinates":[107.0625,-6.3731]},"properties":{"lst_celsius":31.68,"thermal_weight":0.745,"elevation_m":102.9,"land_cover":"Urban and Built-up Lands"}},{"type":"Feature","geometry":{"type":"Point","coordinates":[107.075,-6.3731]},"properties":{"lst_celsius":31.98,"thermal_weight":0.768,"elevation_m":102.9,"land_cover":"Urban and Built-up Lands"}},{"type":"Feature","geometry":{"type":"Point","coordinates":[107.0875,-6.3731]},"properties":{"lst_celsius":32.25,"thermal_weight":0.788,"elevation_m":102.9,"land_cover":"Urban and Built-up Lands"}},{"type":"Feature","geometry":{"type":"Point","coordinates":[107.1,-6.3731]},"properties":{"lst_celsius":32.5,"thermal_weight":0.808,"elevation_m":102.9,"land_cover":"Urban and Built-up Lands"}},{"type":"Feature","geometry":{"type":"Point","coordinates":[107.1125,-6.3731]},"properties":{"lst_celsius":32.71,"thermal_weight":0.824,"elevation_m":102.9,"land_cover":"Urban and Built-up Lands"}},{"type":"Feature","geometry":{"type":"Point","coordinates":[107.125,-6.3731]},"properties":{"lst_celsius":32.87,"thermal_weight":0.836,"elevation_m":102.9,"land_cover":"Urban and Built-up Lands"}},{"type":"Feature","geometry":{"type":"Point","coordinates":[107.1375,-6.3731]},"properties":{"lst_celsius":32.98,"thermal_weight":0.845,"elevation_m":102.9,"land_cover":"Urban and Built-up Lands"}},{"type":"Feature","geometry":{"type":"Point","coordinates":[107.15,-6.3731]},"properties":{"lst_celsius":33.02,"thermal_weight":0.848,"elevation_m":102.9,"land_cover":"Urban and Built-up Lands"}},{"type":"Feature","geometry":{"type":"Point","coordinates":[107.1625,-6.3731]},"properties":{"lst_celsius":32.98,"thermal_weight":0.845,"elevation_m":102.9,"land_cover":"Urban and Built-up Lands"}},{"type":"Feature","geometry":{"type":"Point","coordinates":[107.175,-6.3731]},"properties":{"lst_celsius":32.87,"thermal_weight":0.836,"elevation_m":102.9,"land_cover":"Urban and Built-up Lands"}},{"type":"Feature","geometry":{"type":"Point","coordinates":[107.1875,-6.3731]},"properties":{"lst_celsius":32.71,"thermal_weight":0.824,"elevation_m":102.9,"land_cover":"Urban and Built-up Lands"}},{"type":"Feature","geometry":{"type":"Point","coordinates":[107.2,-6.3731]},"properties":{"lst_celsius":32.5,"thermal_weight":0.808,"elevation_m":102.9,"land_cover":"Urban and Built-up Lands"}},{"type":"Feature","geometry":{"type":"Point","coordinates":[107.2125,-6.3731]},"properties":{"lst_celsius":32.25,"thermal_weight":0.788,"elevation_m":102.9,"land_cover":"Urban and Built-up Lands"}},{"type":"Feature","geometry":{"type":"Point","coordinates":[107.225,-6.3731]},"properties":{"lst_celsius":31.98,"thermal_weight":0.768,"elevation_m":102.9,"land_cover":"Urban and Built-up Lands"}},{"type":"Feature","geometry":{"type":"Point","coordinates":[107.2375,-6.3731]},"properties":{"lst_celsius":31.68,"thermal_weight":0.745,"elevation_m":102.9,"land_cover":"Urban and Built-up Lands"}},{"type":"Feature","geometry":{"type":"Point","coordinates":[107.25,-6.3731]},"properties":{"lst_celsius":31.37,"thermal_weight":0.721,"elevation_m":102.9,"land_cover":"Urban and Built-up Lands"}},{"type":"Feature","geometry":{"type":"Point","coordinates":[107.2625,-6.3731]},"properties":{"lst_celsius":31.05,"thermal_weight":0.696,"elevation_m":102.9,"land_cover":"Urban and Built-up Lands"}},{"type":"Feature","geometry":{"type":"Point","coordinates":[107.275,-6.3731]},"properties":{"lst_celsius":30.72,"thermal_weight":0.671,"elevation_m":102.9,"land_cover":"Urban and Built-up Lands"}},{"type":"Feature","geometry":{"type":"Point","coordinates":[107.2875,-6.3731]},"properties":{"lst_celsius":30.39,"thermal_weight":0.645,"elevation_m":102.9,"land_cover":"Urban and Built-up Lands"}},{"type":"Feature","geometry":{"type":"Point","coordinates":[107.3,-6.3731]},"properties":{"lst_celsius":30.05,"thermal_weight":0.619,"elevation_m":102.9,"land_cover":"Urban and Built-up Lands"}},{"type":"Feature","geometry":{"type":"Point","coordinates":[106.5,-6.3611]},"properties":{"lst_celsius":29.57,"thermal_weight":0.582,"elevation_m":97.5,"land_cover":"Cropland / Natural Vegetation Mosaics"}},{"type":"Feature","geometry":{"type":"Point","coordinates":[106.5125,-6.3611]},"properties":{"lst_celsius":29.57,"thermal_weight":0.582,"elevation_m":97.5,"land_cover":"Cropland / Natural Vegetation Mosaics"}},{"type":"Feature","geometry":{"type":"Point","coordinates":[106.525,-6.3611]},"properties":{"lst_celsius":29.57,"thermal_weight":0.582,"elevation_m":97.5,"land_cover":"Cropland / Natural Vegetation Mosaics"}},{"type":"Feature","geometry":{"type":"Point","coordinates":[106.5375,-6.3611]},"properties":{"lst_celsius":29.57,"thermal_weight":0.582,"elevation_m":97.5,"land_cover":"Cropland / Natural Vegetation Mosaics"}},{"type":"Feature","geometry":{"type":"Point","coordinates":[106.55,-6.3611]},"properties":{"lst_celsius":29.57,"thermal_weight":0.582,"elevation_m":97.5,"land_cover":"Cropland / Natural Vegetation Mosaics"}},{"type":"Feature","geometry":{"type":"Point","coordinates":[106.5625,-6.3611]},"properties":{"lst_celsius":29.93,"thermal_weight":0.61,"elevation_m":97.5,"land_cover":"Urban and Built-up Lands"}},{"type":"Feature","geometry":{"type":"Point","coordinates":[106.575,-6.3611]},"properties":{"lst_celsius":30.26,"thermal_weight":0.635,"elevation_m":97.5,"land_cover":"Urban and Built-up Lands"}},{"type":"Feature","geometry":{"type":"Point","coordinates":[106.5875,-6.3611]},"properties":{"lst_celsius":30.57,"thermal_weight":0.659,"elevation_m":97.5,"land_cover":"Urban and Built-up Lands"}},{"type":"Feature","geometry":{"type":"Point","coordinates":[106.6,-6.3611]},"properties":{"lst_celsius":30.87,"thermal_weight":0.682,"elevation_m":97.5,"land_cover":"Urban and Built-up Lands"}},{"type":"Feature","geometry":{"type":"Point","coordinates":[106.6125,-6.3611]},"properties":{"lst_celsius":31.16,"thermal_weight":0.705,"elevation_m":97.5,"land_cover":"Urban and Built-up Lands"}},{"type":"Feature","geometry":{"type":"Point","coordinates":[106.625,-6.3611]},"properties":{"lst_celsius":31.41,"thermal_weight":0.724,"elevation_m":97.5,"land_cover":"Urban and Built-up Lands"}},{"type":"Feature","geometry":{"type":"Point","coordinates":[106.6375,-6.3611]},"properties":{"lst_celsius":31.63,"thermal_weight":0.741,"elevation_m":97.5,"land_cover":"Urban and Built-up Lands"}},{"type":"Feature","geometry":{"type":"Point","coordinates":[106.65,-6.3611]},"properties":{"lst_celsius":31.8,"thermal_weight":0.754,"elevation_m":97.5,"land_cover":"Urban and Built-up Lands"}},{"type":"Feature","geometry":{"type":"Point","coordinates":[106.6625,-6.3611]},"properties":{"lst_celsius":31.91,"thermal_weight":0.762,"elevation_m":97.5,"land_cover":"Urban and Built-up Lands"}},{"type":"Feature","geometry":{"type":"Point","coordinates":[106.675,-6.3611]},"properties":{"lst_celsius":31.95,"thermal_weight":0.765,"elevation_m":97.5,"land_cover":"Urban and Built-up Lands"}},{"type":"Feature","geometry":{"type":"Point","coordinates":[106.6875,-6.3611]},"properties":{"lst_celsius":31.91,"thermal_weight":0.762,"elevation_m":97.5,"land_cover":"Urban and Built-up Lands"}},{"type":"Feature","geometry":{"type":"Point","coordinates":[106.7,-6.3611]},"properties":{"lst_celsius":31.8,"thermal_weight":0.754,"elevation_m":97.5,"land_cover":"Urban and Built-up Lands"}},{"type":"Feature","geometry":{"type":"Point","coordinates":[106.7125,-6.3611]},"properties":{"lst_celsius":31.63,"thermal_weight":0.741,"elevation_m":97.5,"land_cover":"Urban and Built-up Lands"}},{"type":"Feature","geometry":{"type":"Point","coordinates":[106.725,-6.3611]},"properties":{"lst_celsius":31.41,"thermal_weight":0.724,"elevation_m":97.5,"land_cover":"Urban and Built-up Lands"}},{"type":"Feature","geometry":{"type":"Point","coordinates":[106.7375,-6.3611]},"properties":{"lst_celsius":31.16,"thermal_weight":0.705,"elevation_m":97.5,"land_cover":"Urban and Built-up Lands"}},{"type":"Feature","geometry":{"type":"Point","coordinates":[106.75,-6.3611]},"properties":{"lst_celsius":30.71,"thermal_weight":0.67,"elevation_m":97.5,"land_cover":"Urban and Built-up Lands"}},{"type":"Feature","geometry":{"type":"Point","coordinates":[106.7625,-6.3611]},"properties":{"lst_celsius":31.08,"thermal_weight":0.698,"elevation_m":97.5,"land_cover":"Urban and Built-up Lands"}},{"type":"Feature","geometry":{"type":"Point","coordinates":[106.775,-6.3611]},"properties":{"lst_celsius":31.44,"thermal_weight":0.726,"elevation_m":97.5,"land_cover":"Urban and Built-up Lands"}},{"type":"Feature","geometry":{"type":"Point","coordinates":[106.7875,-6.3611]},"properties":{"lst_celsius":31.79,"thermal_weight":0.753,"elevation_m":97.5,"land_cover":"Urban and Built-up Lands"}},{"type":"Feature","geometry":{"type":"Point","coordinates":[106.8,-6.3611]},"properties":{"lst_celsius":32.13,"thermal_weight":0.779,"elevation_m":97.5,"land_cover":"Urban and Built-up Lands"}},{"type":"Feature","geometry":{"type":"Point","coordinates":[106.8125,-6.3611]},"properties":{"lst_celsius":32.42,"thermal_weight":0.802,"elevation_m":97.5,"land_cover":"Urban and Built-up Lands"}},{"type":"Feature","geometry":{"type":"Point","coordinates":[106.825,-6.3611]},"properties":{"lst_celsius":32.61,"thermal_weight":0.816,"elevation_m":97.5,"land_cover":"Urban and Built-up Lands"}},{"type":"Feature","geometry":{"type":"Point","coordinates":[106.8375,-6.3611]},"properties":{"lst_celsius":32.58,"thermal_weight":0.814,"elevation_m":97.5,"land_cover":"Urban and Built-up Lands"}},{"type":"Feature","geometry":{"type":"Point","coordinates":[106.85,-6.3611]},"properties":{"lst_celsius":32.37,"thermal_weight":0.798,"elevation_m":97.5,"land_cover":"Urban and Built-up Lands"}},{"type":"Feature","geometry":{"type":"Point","coordinates":[106.8625,-6.3611]},"properties":{"lst_celsius":32.06,"thermal_weight":0.774,"elevation_m":97.5,"land_cover":"Urban and Built-up Lands"}},{"type":"Feature","geometry":{"type":"Point","coordinates":[106.875,-6.3611]},"properties":{"lst_celsius":31.72,"thermal_weight":0.748,"elevation_m":97.5,"land_cover":"Urban and Built-up Lands"}},{"type":"Feature","geometry":{"type":"Point","coordinates":[106.8875,-6.3611]},"properties":{"lst_celsius":31.37,"thermal_weight":0.721,"elevation_m":97.5,"land_cover":"Urban and Built-up Lands"}},{"type":"Feature","geometry":{"type":"Point","coordinates":[106.9,-6.3611]},"properties":{"lst_celsius":31,"thermal_weight":0.692,"elevation_m":97.5,"land_cover":"Urban and Built-up Lands"}},{"type":"Feature","geometry":{"type":"Point","coordinates":[106.9125,-6.3611]},"properties":{"lst_celsius":30.64,"thermal_weight":0.665,"elevation_m":97.5,"land_cover":"Urban and Built-up Lands"}},{"type":"Feature","geometry":{"type":"Point","coordinates":[106.925,-6.3611]},"properties":{"lst_celsius":30.27,"thermal_weight":0.636,"elevation_m":97.5,"land_cover":"Urban and Built-up Lands"}},{"type":"Feature","geometry":{"type":"Point","coordinates":[106.9375,-6.3611]},"properties":{"lst_celsius":30.23,"thermal_weight":0.633,"elevation_m":97.5,"land_cover":"Urban and Built-up Lands"}},{"type":"Feature","geometry":{"type":"Point","coordinates":[106.95,-6.3611]},"properties":{"lst_celsius":30.37,"thermal_weight":0.644,"elevation_m":97.5,"land_cover":"Urban and Built-up Lands"}},{"type":"Feature","geometry":{"type":"Point","coordinates":[106.9625,-6.3611]},"properties":{"lst_celsius":30.48,"thermal_weight":0.652,"elevation_m":97.5,"land_cover":"Urban and Built-up Lands"}},{"type":"Feature","geometry":{"type":"Point","coordinates":[106.975,-6.3611]},"properties":{"lst_celsius":30.56,"thermal_weight":0.658,"elevation_m":97.5,"land_cover":"Urban and Built-up Lands"}},{"type":"Feature","geometry":{"type":"Point","coordinates":[106.9875,-6.3611]},"properties":{"lst_celsius":30.6,"thermal_weight":0.662,"elevation_m":97.5,"land_cover":"Urban and Built-up Lands"}},{"type":"Feature","geometry":{"type":"Point","coordinates":[107,-6.3611]},"properties":{"lst_celsius":30.61,"thermal_weight":0.662,"elevation_m":97.5,"land_cover":"Urban and Built-up Lands"}},{"type":"Feature","geometry":{"type":"Point","coordinates":[107.0125,-6.3611]},"properties":{"lst_celsius":30.57,"thermal_weight":0.659,"elevation_m":97.5,"land_cover":"Urban and Built-up Lands"}},{"type":"Feature","geometry":{"type":"Point","coordinates":[107.025,-6.3611]},"properties":{"lst_celsius":30.9,"thermal_weight":0.685,"elevation_m":97.5,"land_cover":"Urban and Built-up Lands"}},{"type":"Feature","geometry":{"type":"Point","coordinates":[107.0375,-6.3611]},"properties":{"lst_celsius":31.24,"thermal_weight":0.711,"elevation_m":97.5,"land_cover":"Urban and Built-up Lands"}},{"type":"Feature","geometry":{"type":"Point","coordinates":[107.05,-6.3611]},"properties":{"lst_celsius":31.57,"thermal_weight":0.736,"elevation_m":97.5,"land_cover":"Urban and Built-up Lands"}},{"type":"Feature","geometry":{"type":"Point","coordinates":[107.0625,-6.3611]},"properties":{"lst_celsius":31.9,"thermal_weight":0.762,"elevation_m":97.5,"land_cover":"Urban and Built-up Lands"}},{"type":"Feature","geometry":{"type":"Point","coordinates":[107.075,-6.3611]},"properties":{"lst_celsius":32.21,"thermal_weight":0.785,"elevation_m":97.5,"land_cover":"Urban and Built-up Lands"}},{"type":"Feature","geometry":{"type":"Point","coordinates":[107.0875,-6.3611]},"properties":{"lst_celsius":32.51,"thermal_weight":0.808,"elevation_m":97.5,"land_cover":"Urban and Built-up Lands"}},{"type":"Feature","geometry":{"type":"Point","coordinates":[107.1,-6.3611]},"properties":{"lst_celsius":32.78,"thermal_weight":0.829,"elevation_m":97.5,"land_cover":"Urban and Built-up Lands"}},{"type":"Feature","geometry":{"type":"Point","coordinates":[107.1125,-6.3611]},"properties":{"lst_celsius":33.02,"thermal_weight":0.848,"elevation_m":97.5,"land_cover":"Urban and Built-up Lands"}},{"type":"Feature","geometry":{"type":"Point","coordinates":[107.125,-6.3611]},"properties":{"lst_celsius":33.21,"thermal_weight":0.862,"elevation_m":97.5,"land_cover":"Urban and Built-up Lands"}},{"type":"Feature","geometry":{"type":"Point","coordinates":[107.1375,-6.3611]},"properties":{"lst_celsius":33.34,"thermal_weight":0.872,"elevation_m":97.5,"land_cover":"Urban and Built-up Lands"}},{"type":"Feature","geometry":{"type":"Point","coordinates":[107.15,-6.3611]},"properties":{"lst_celsius":33.39,"thermal_weight":0.876,"elevation_m":97.5,"land_cover":"Urban and Built-up Lands"}},{"type":"Feature","geometry":{"type":"Point","coordinates":[107.1625,-6.3611]},"properties":{"lst_celsius":33.34,"thermal_weight":0.872,"elevation_m":97.5,"land_cover":"Urban and Built-up Lands"}},{"type":"Feature","geometry":{"type":"Point","coordinates":[107.175,-6.3611]},"properties":{"lst_celsius":33.21,"thermal_weight":0.862,"elevation_m":97.5,"land_cover":"Urban and Built-up Lands"}},{"type":"Feature","geometry":{"type":"Point","coordinates":[107.1875,-6.3611]},"properties":{"lst_celsius":33.02,"thermal_weight":0.848,"elevation_m":97.5,"land_cover":"Urban and Built-up Lands"}},{"type":"Feature","geometry":{"type":"Point","coordinates":[107.2,-6.3611]},"properties":{"lst_celsius":32.78,"thermal_weight":0.829,"elevation_m":97.5,"land_cover":"Urban and Built-up Lands"}},{"type":"Feature","geometry":{"type":"Point","coordinates":[107.2125,-6.3611]},"properties":{"lst_celsius":32.51,"thermal_weight":0.808,"elevation_m":97.5,"land_cover":"Urban and Built-up Lands"}},{"type":"Feature","geometry":{"type":"Point","coordinates":[107.225,-6.3611]},"properties":{"lst_celsius":32.21,"thermal_weight":0.785,"elevation_m":97.5,"land_cover":"Urban and Built-up Lands"}},{"type":"Feature","geometry":{"type":"Point","coordinates":[107.2375,-6.3611]},"properties":{"lst_celsius":31.9,"thermal_weight":0.762,"elevation_m":97.5,"land_cover":"Urban and Built-up Lands"}},{"type":"Feature","geometry":{"type":"Point","coordinates":[107.25,-6.3611]},"properties":{"lst_celsius":31.57,"thermal_weight":0.736,"elevation_m":97.5,"land_cover":"Urban and Built-up Lands"}},{"type":"Feature","geometry":{"type":"Point","coordinates":[107.2625,-6.3611]},"properties":{"lst_celsius":31.24,"thermal_weight":0.711,"elevation_m":97.5,"land_cover":"Urban and Built-up Lands"}},{"type":"Feature","geometry":{"type":"Point","coordinates":[107.275,-6.3611]},"properties":{"lst_celsius":30.9,"thermal_weight":0.685,"elevation_m":97.5,"land_cover":"Urban and Built-up Lands"}},{"type":"Feature","geometry":{"type":"Point","coordinates":[107.2875,-6.3611]},"properties":{"lst_celsius":30.55,"thermal_weight":0.658,"elevation_m":97.5,"land_cover":"Urban and Built-up Lands"}},{"type":"Feature","geometry":{"type":"Point","coordinates":[107.3,-6.3611]},"properties":{"lst_celsius":30.2,"thermal_weight":0.631,"elevation_m":97.5,"land_cover":"Urban and Built-up Lands"}},{"type":"Feature","geometry":{"type":"Point","coordinates":[106.5,-6.3491]},"properties":{"lst_celsius":29.6,"thermal_weight":0.585,"elevation_m":92.1,"land_cover":"Cropland / Natural Vegetation Mosaics"}},{"type":"Feature","geometry":{"type":"Point","coordinates":[106.5125,-6.3491]},"properties":{"lst_celsius":29.6,"thermal_weight":0.585,"elevation_m":92.1,"land_cover":"Cropland / Natural Vegetation Mosaics"}},{"type":"Feature","geometry":{"type":"Point","coordinates":[106.525,-6.3491]},"properties":{"lst_celsius":29.6,"thermal_weight":0.585,"elevation_m":92.1,"land_cover":"Cropland / Natural Vegetation Mosaics"}},{"type":"Feature","geometry":{"type":"Point","coordinates":[106.5375,-6.3491]},"properties":{"lst_celsius":29.6,"thermal_weight":0.585,"elevation_m":92.1,"land_cover":"Cropland / Natural Vegetation Mosaics"}},{"type":"Feature","geometry":{"type":"Point","coordinates":[106.55,-6.3491]},"properties":{"lst_celsius":29.6,"thermal_weight":0.585,"elevation_m":92.1,"land_cover":"Cropland / Natural Vegetation Mosaics"}},{"type":"Feature","geometry":{"type":"Point","coordinates":[106.5625,-6.3491]},"properties":{"lst_celsius":30.12,"thermal_weight":0.625,"elevation_m":92.1,"land_cover":"Urban and Built-up Lands"}},{"type":"Feature","geometry":{"type":"Point","coordinates":[106.575,-6.3491]},"properties":{"lst_celsius":30.46,"thermal_weight":0.651,"elevation_m":92.1,"land_cover":"Urban and Built-up Lands"}},{"type":"Feature","geometry":{"type":"Point","coordinates":[106.5875,-6.3491]},"properties":{"lst_celsius":30.79,"thermal_weight":0.676,"elevation_m":92.1,"land_cover":"Urban and Built-up Lands"}},{"type":"Feature","geometry":{"type":"Point","coordinates":[106.6,-6.3491]},"properties":{"lst_celsius":31.11,"thermal_weight":0.701,"elevation_m":92.1,"land_cover":"Urban and Built-up Lands"}},{"type":"Feature","geometry":{"type":"Point","coordinates":[106.6125,-6.3491]},"properties":{"lst_celsius":31.42,"thermal_weight":0.725,"elevation_m":92.1,"land_cover":"Urban and Built-up Lands"}},{"type":"Feature","geometry":{"type":"Point","coordinates":[106.625,-6.3491]},"properties":{"lst_celsius":31.7,"thermal_weight":0.746,"elevation_m":92.1,"land_cover":"Urban and Built-up Lands"}},{"type":"Feature","geometry":{"type":"Point","coordinates":[106.6375,-6.3491]},"properties":{"lst_celsius":31.95,"thermal_weight":0.765,"elevation_m":92.1,"land_cover":"Urban and Built-up Lands"}},{"type":"Feature","geometry":{"type":"Point","coordinates":[106.65,-6.3491]},"properties":{"lst_celsius":32.15,"thermal_weight":0.781,"elevation_m":92.1,"land_cover":"Urban and Built-up Lands"}},{"type":"Feature","geometry":{"type":"Point","coordinates":[106.6625,-6.3491]},"properties":{"lst_celsius":32.28,"thermal_weight":0.791,"elevation_m":92.1,"land_cover":"Urban and Built-up Lands"}},{"type":"Feature","geometry":{"type":"Point","coordinates":[106.675,-6.3491]},"properties":{"lst_celsius":32.33,"thermal_weight":0.795,"elevation_m":92.1,"land_cover":"Urban and Built-up Lands"}},{"type":"Feature","geometry":{"type":"Point","coordinates":[106.6875,-6.3491]},"properties":{"lst_celsius":32.28,"thermal_weight":0.791,"elevation_m":92.1,"land_cover":"Urban and Built-up Lands"}},{"type":"Feature","geometry":{"type":"Point","coordinates":[106.7,-6.3491]},"properties":{"lst_celsius":32.15,"thermal_weight":0.781,"elevation_m":92.1,"land_cover":"Urban and Built-up Lands"}},{"type":"Feature","geometry":{"type":"Point","coordinates":[106.7125,-6.3491]},"properties":{"lst_celsius":31.95,"thermal_weight":0.765,"elevation_m":92.1,"land_cover":"Urban and Built-up Lands"}},{"type":"Feature","geometry":{"type":"Point","coordinates":[106.725,-6.3491]},"properties":{"lst_celsius":31.7,"thermal_weight":0.746,"elevation_m":92.1,"land_cover":"Urban and Built-up Lands"}},{"type":"Feature","geometry":{"type":"Point","coordinates":[106.7375,-6.3491]},"properties":{"lst_celsius":31.42,"thermal_weight":0.725,"elevation_m":92.1,"land_cover":"Urban and Built-up Lands"}},{"type":"Feature","geometry":{"type":"Point","coordinates":[106.75,-6.3491]},"properties":{"lst_celsius":31.11,"thermal_weight":0.701,"elevation_m":92.1,"land_cover":"Urban and Built-up Lands"}},{"type":"Feature","geometry":{"type":"Point","coordinates":[106.7625,-6.3491]},"properties":{"lst_celsius":30.97,"thermal_weight":0.69,"elevation_m":92.1,"land_cover":"Urban and Built-up Lands"}},{"type":"Feature","geometry":{"type":"Point","coordinates":[106.775,-6.3491]},"properties":{"lst_celsius":31.31,"thermal_weight":0.716,"elevation_m":92.1,"land_cover":"Urban and Built-up Lands"}},{"type":"Feature","geometry":{"type":"Point","coordinates":[106.7875,-6.3491]},"properties":{"lst_celsius":31.62,"thermal_weight":0.74,"elevation_m":92.1,"land_cover":"Urban and Built-up Lands"}},{"type":"Feature","geometry":{"type":"Point","coordinates":[106.8,-6.3491]},"properties":{"lst_celsius":31.91,"thermal_weight":0.762,"elevation_m":92.1,"land_cover":"Urban and Built-up Lands"}},{"type":"Feature","geometry":{"type":"Point","coordinates":[106.8125,-6.3491]},"properties":{"lst_celsius":32.13,"thermal_weight":0.779,"elevation_m":92.1,"land_cover":"Urban and Built-up Lands"}},{"type":"Feature","geometry":{"type":"Point","coordinates":[106.825,-6.3491]},"properties":{"lst_celsius":32.26,"thermal_weight":0.789,"elevation_m":92.1,"land_cover":"Urban and Built-up Lands"}},{"type":"Feature","geometry":{"type":"Point","coordinates":[106.8375,-6.3491]},"properties":{"lst_celsius":32.25,"thermal_weight":0.788,"elevation_m":92.1,"land_cover":"Urban and Built-up Lands"}},{"type":"Feature","geometry":{"type":"Point","coordinates":[106.85,-6.3491]},"properties":{"lst_celsius":32.1,"thermal_weight":0.777,"elevation_m":92.1,"land_cover":"Urban and Built-up Lands"}},{"type":"Feature","geometry":{"type":"Point","coordinates":[106.8625,-6.3491]},"properties":{"lst_celsius":31.85,"thermal_weight":0.758,"elevation_m":92.1,"land_cover":"Urban and Built-up Lands"}},{"type":"Feature","geometry":{"type":"Point","coordinates":[106.875,-6.3491]},"properties":{"lst_celsius":31.56,"thermal_weight":0.735,"elevation_m":92.1,"land_cover":"Urban and Built-up Lands"}},{"type":"Feature","geometry":{"type":"Point","coordinates":[106.8875,-6.3491]},"properties":{"lst_celsius":31.24,"thermal_weight":0.711,"elevation_m":92.1,"land_cover":"Urban and Built-up Lands"}},{"type":"Feature","geometry":{"type":"Point","coordinates":[106.9,-6.3491]},"properties":{"lst_celsius":30.91,"thermal_weight":0.685,"elevation_m":92.1,"land_cover":"Urban and Built-up Lands"}},{"type":"Feature","geometry":{"type":"Point","coordinates":[106.9125,-6.3491]},"properties":{"lst_celsius":30.56,"thermal_weight":0.658,"elevation_m":92.1,"land_cover":"Urban and Built-up Lands"}},{"type":"Feature","geometry":{"type":"Point","coordinates":[106.925,-6.3491]},"properties":{"lst_celsius":30.2,"thermal_weight":0.631,"elevation_m":92.1,"land_cover":"Urban and Built-up Lands"}},{"type":"Feature","geometry":{"type":"Point","coordinates":[106.9375,-6.3491]},"properties":{"lst_celsius":30.59,"thermal_weight":0.661,"elevation_m":92.1,"land_cover":"Urban and Built-up Lands"}},{"type":"Feature","geometry":{"type":"Point","coordinates":[106.95,-6.3491]},"properties":{"lst_celsius":30.75,"thermal_weight":0.673,"elevation_m":92.1,"land_cover":"Urban and Built-up Lands"}},{"type":"Feature","geometry":{"type":"Point","coordinates":[106.9625,-6.3491]},"properties":{"lst_celsius":30.87,"thermal_weight":0.682,"elevation_m":92.1,"land_cover":"Urban and Built-up Lands"}},{"type":"Feature","geometry":{"type":"Point","coordinates":[106.975,-6.3491]},"properties":{"lst_celsius":30.95,"thermal_weight":0.688,"elevation_m":92.1,"land_cover":"Urban and Built-up Lands"}},{"type":"Feature","geometry":{"type":"Point","coordinates":[106.9875,-6.3491]},"properties":{"lst_celsius":31,"thermal_weight":0.692,"elevation_m":92.1,"land_cover":"Urban and Built-up Lands"}},{"type":"Feature","geometry":{"type":"Point","coordinates":[107,-6.3491]},"properties":{"lst_celsius":31,"thermal_weight":0.692,"elevation_m":92.1,"land_cover":"Urban and Built-up Lands"}},{"type":"Feature","geometry":{"type":"Point","coordinates":[107.0125,-6.3491]},"properties":{"lst_celsius":30.97,"thermal_weight":0.69,"elevation_m":92.1,"land_cover":"Urban and Built-up Lands"}},{"type":"Feature","geometry":{"type":"Point","coordinates":[107.025,-6.3491]},"properties":{"lst_celsius":31.04,"thermal_weight":0.695,"elevation_m":92.1,"land_cover":"Urban and Built-up Lands"}},{"type":"Feature","geometry":{"type":"Point","coordinates":[107.0375,-6.3491]},"properties":{"lst_celsius":31.39,"thermal_weight":0.722,"elevation_m":92.1,"land_cover":"Urban and Built-up Lands"}},{"type":"Feature","geometry":{"type":"Point","coordinates":[107.05,-6.3491]},"properties":{"lst_celsius":31.74,"thermal_weight":0.749,"elevation_m":92.1,"land_cover":"Urban and Built-up Lands"}},{"type":"Feature","geometry":{"type":"Point","coordinates":[107.0625,-6.3491]},"properties":{"lst_celsius":32.08,"thermal_weight":0.775,"elevation_m":92.1,"land_cover":"Urban and Built-up Lands"}},{"type":"Feature","geometry":{"type":"Point","coordinates":[107.075,-6.3491]},"properties":{"lst_celsius":32.41,"thermal_weight":0.801,"elevation_m":92.1,"land_cover":"Urban and Built-up Lands"}},{"type":"Feature","geometry":{"type":"Point","coordinates":[107.0875,-6.3491]},"properties":{"lst_celsius":32.73,"thermal_weight":0.825,"elevation_m":92.1,"land_cover":"Urban and Built-up Lands"}},{"type":"Feature","geometry":{"type":"Point","coordinates":[107.1,-6.3491]},"properties":{"lst_celsius":33.03,"thermal_weight":0.848,"elevation_m":92.1,"land_cover":"Urban and Built-up Lands"}},{"type":"Feature","geometry":{"type":"Point","coordinates":[107.1125,-6.3491]},"properties":{"lst_celsius":33.31,"thermal_weight":0.87,"elevation_m":92.1,"land_cover":"Urban and Built-up Lands"}},{"type":"Feature","geometry":{"type":"Point","coordinates":[107.125,-6.3491]},"properties":{"lst_celsius":33.53,"thermal_weight":0.887,"elevation_m":92.1,"land_cover":"Urban and Built-up Lands"}},{"type":"Feature","geometry":{"type":"Point","coordinates":[107.1375,-6.3491]},"properties":{"lst_celsius":33.69,"thermal_weight":0.899,"elevation_m":92.1,"land_cover":"Urban and Built-up Lands"}},{"type":"Feature","geometry":{"type":"Point","coordinates":[107.15,-6.3491]},"properties":{"lst_celsius":33.75,"thermal_weight":0.904,"elevation_m":92.1,"land_cover":"Urban and Built-up Lands"}},{"type":"Feature","geometry":{"type":"Point","coordinates":[107.1625,-6.3491]},"properties":{"lst_celsius":33.69,"thermal_weight":0.899,"elevation_m":92.1,"land_cover":"Urban and Built-up Lands"}},{"type":"Feature","geometry":{"type":"Point","coordinates":[107.175,-6.3491]},"properties":{"lst_celsius":33.53,"thermal_weight":0.887,"elevation_m":92.1,"land_cover":"Urban and Built-up Lands"}},{"type":"Feature","geometry":{"type":"Point","coordinates":[107.1875,-6.3491]},"properties":{"lst_celsius":33.31,"thermal_weight":0.87,"elevation_m":92.1,"land_cover":"Urban and Built-up Lands"}},{"type":"Feature","geometry":{"type":"Point","coordinates":[107.2,-6.3491]},"properties":{"lst_celsius":33.03,"thermal_weight":0.848,"elevation_m":92.1,"land_cover":"Urban and Built-up Lands"}},{"type":"Feature","geometry":{"type":"Point","coordinates":[107.2125,-6.3491]},"properties":{"lst_celsius":32.73,"thermal_weight":0.825,"elevation_m":92.1,"land_cover":"Urban and Built-up Lands"}},{"type":"Feature","geometry":{"type":"Point","coordinates":[107.225,-6.3491]},"properties":{"lst_celsius":32.41,"thermal_weight":0.801,"elevation_m":92.1,"land_cover":"Urban and Built-up Lands"}},{"type":"Feature","geometry":{"type":"Point","coordinates":[107.2375,-6.3491]},"properties":{"lst_celsius":32.08,"thermal_weight":0.775,"elevation_m":92.1,"land_cover":"Urban and Built-up Lands"}},{"type":"Feature","geometry":{"type":"Point","coordinates":[107.25,-6.3491]},"properties":{"lst_celsius":31.74,"thermal_weight":0.749,"elevation_m":92.1,"land_cover":"Urban and Built-up Lands"}},{"type":"Feature","geometry":{"type":"Point","coordinates":[107.2625,-6.3491]},"properties":{"lst_celsius":31.39,"thermal_weight":0.722,"elevation_m":92.1,"land_cover":"Urban and Built-up Lands"}},{"type":"Feature","geometry":{"type":"Point","coordinates":[107.275,-6.3491]},"properties":{"lst_celsius":31.04,"thermal_weight":0.695,"elevation_m":92.1,"land_cover":"Urban and Built-up Lands"}},{"type":"Feature","geometry":{"type":"Point","coordinates":[107.2875,-6.3491]},"properties":{"lst_celsius":30.69,"thermal_weight":0.668,"elevation_m":92.1,"land_cover":"Urban and Built-up Lands"}},{"type":"Feature","geometry":{"type":"Point","coordinates":[107.3,-6.3491]},"properties":{"lst_celsius":30.34,"thermal_weight":0.642,"elevation_m":92.1,"land_cover":"Urban and Built-up Lands"}},{"type":"Feature","geometry":{"type":"Point","coordinates":[106.5,-6.337]},"properties":{"lst_celsius":29.64,"thermal_weight":0.588,"elevation_m":86.7,"land_cover":"Cropland / Natural Vegetation Mosaics"}},{"type":"Feature","geometry":{"type":"Point","coordinates":[106.5125,-6.337]},"properties":{"lst_celsius":29.64,"thermal_weight":0.588,"elevation_m":86.7,"land_cover":"Cropland / Natural Vegetation Mosaics"}},{"type":"Feature","geometry":{"type":"Point","coordinates":[106.525,-6.337]},"properties":{"lst_celsius":29.64,"thermal_weight":0.588,"elevation_m":86.7,"land_cover":"Cropland / Natural Vegetation Mosaics"}},{"type":"Feature","geometry":{"type":"Point","coordinates":[106.5375,-6.337]},"properties":{"lst_celsius":29.64,"thermal_weight":0.588,"elevation_m":86.7,"land_cover":"Cropland / Natural Vegetation Mosaics"}},{"type":"Feature","geometry":{"type":"Point","coordinates":[106.55,-6.337]},"properties":{"lst_celsius":29.92,"thermal_weight":0.609,"elevation_m":86.7,"land_cover":"Urban and Built-up Lands"}},{"type":"Feature","geometry":{"type":"Point","coordinates":[106.5625,-6.337]},"properties":{"lst_celsius":30.28,"thermal_weight":0.637,"elevation_m":86.7,"land_cover":"Urban and Built-up Lands"}},{"type":"Feature","geometry":{"type":"Point","coordinates":[106.575,-6.337]},"properties":{"lst_celsius":30.63,"thermal_weight":0.664,"elevation_m":86.7,"land_cover":"Urban and Built-up Lands"}},{"type":"Feature","geometry":{"type":"Point","coordinates":[106.5875,-6.337]},"properties":{"lst_celsius":30.97,"thermal_weight":0.69,"elevation_m":86.7,"land_cover":"Urban and Built-up Lands"}},{"type":"Feature","geometry":{"type":"Point","coordinates":[106.6,-6.337]},"properties":{"lst_celsius":31.31,"thermal_weight":0.716,"elevation_m":86.7,"land_cover":"Urban and Built-up Lands"}},{"type":"Feature","geometry":{"type":"Point","coordinates":[106.6125,-6.337]},"properties":{"lst_celsius":31.64,"thermal_weight":0.742,"elevation_m":86.7,"land_cover":"Urban and Built-up Lands"}},{"type":"Feature","geometry":{"type":"Point","coordinates":[106.625,-6.337]},"properties":{"lst_celsius":31.95,"thermal_weight":0.765,"elevation_m":86.7,"land_cover":"Urban and Built-up Lands"}},{"type":"Feature","geometry":{"type":"Point","coordinates":[106.6375,-6.337]},"properties":{"lst_celsius":32.23,"thermal_weight":0.787,"elevation_m":86.7,"land_cover":"Urban and Built-up Lands"}},{"type":"Feature","geometry":{"type":"Point","coordinates":[106.65,-6.337]},"properties":{"lst_celsius":32.47,"thermal_weight":0.805,"elevation_m":86.7,"land_cover":"Urban and Built-up Lands"}},{"type":"Feature","geometry":{"type":"Point","coordinates":[106.6625,-6.337]},"properties":{"lst_celsius":32.64,"thermal_weight":0.818,"elevation_m":86.7,"land_cover":"Urban and Built-up Lands"}},{"type":"Feature","geometry":{"type":"Point","coordinates":[106.675,-6.337]},"properties":{"lst_celsius":32.7,"thermal_weight":0.823,"elevation_m":86.7,"land_cover":"Urban and Built-up Lands"}},{"type":"Feature","geometry":{"type":"Point","coordinates":[106.6875,-6.337]},"properties":{"lst_celsius":32.64,"thermal_weight":0.818,"elevation_m":86.7,"land_cover":"Urban and Built-up Lands"}},{"type":"Feature","geometry":{"type":"Point","coordinates":[106.7,-6.337]},"properties":{"lst_celsius":32.47,"thermal_weight":0.805,"elevation_m":86.7,"land_cover":"Urban and Built-up Lands"}},{"type":"Feature","geometry":{"type":"Point","coordinates":[106.7125,-6.337]},"properties":{"lst_celsius":32.23,"thermal_weight":0.787,"elevation_m":86.7,"land_cover":"Urban and Built-up Lands"}},{"type":"Feature","geometry":{"type":"Point","coordinates":[106.725,-6.337]},"properties":{"lst_celsius":31.95,"thermal_weight":0.765,"elevation_m":86.7,"land_cover":"Urban and Built-up Lands"}},{"type":"Feature","geometry":{"type":"Point","coordinates":[106.7375,-6.337]},"properties":{"lst_celsius":31.64,"thermal_weight":0.742,"elevation_m":86.7,"land_cover":"Urban and Built-up Lands"}},{"type":"Feature","geometry":{"type":"Point","coordinates":[106.75,-6.337]},"properties":{"lst_celsius":31.31,"thermal_weight":0.716,"elevation_m":86.7,"land_cover":"Urban and Built-up Lands"}},{"type":"Feature","geometry":{"type":"Point","coordinates":[106.7625,-6.337]},"properties":{"lst_celsius":30.82,"thermal_weight":0.678,"elevation_m":86.7,"land_cover":"Urban and Built-up Lands"}},{"type":"Feature","geometry":{"type":"Point","coordinates":[106.775,-6.337]},"properties":{"lst_celsius":31.13,"thermal_weight":0.702,"elevation_m":86.7,"land_cover":"Urban and Built-up Lands"}},{"type":"Feature","geometry":{"type":"Point","coordinates":[106.7875,-6.337]},"properties":{"lst_celsius":31.41,"thermal_weight":0.724,"elevation_m":86.7,"land_cover":"Urban and Built-up Lands"}},{"type":"Feature","geometry":{"type":"Point","coordinates":[106.8,-6.337]},"properties":{"lst_celsius":31.64,"thermal_weight":0.742,"elevation_m":86.7,"land_cover":"Urban and Built-up Lands"}},{"type":"Feature","geometry":{"type":"Point","coordinates":[106.8125,-6.337]},"properties":{"lst_celsius":31.82,"thermal_weight":0.755,"elevation_m":86.7,"land_cover":"Urban and Built-up Lands"}},{"type":"Feature","geometry":{"type":"Point","coordinates":[106.825,-6.337]},"properties":{"lst_celsius":31.92,"thermal_weight":0.763,"elevation_m":86.7,"land_cover":"Urban and Built-up Lands"}},{"type":"Feature","geometry":{"type":"Point","coordinates":[106.8375,-6.337]},"properties":{"lst_celsius":31.9,"thermal_weight":0.762,"elevation_m":86.7,"land_cover":"Urban and Built-up Lands"}},{"type":"Feature","geometry":{"type":"Point","coordinates":[106.85,-6.337]},"properties":{"lst_celsius":31.79,"thermal_weight":0.753,"elevation_m":86.7,"land_cover":"Urban and Built-up Lands"}},{"type":"Feature","geometry":{"type":"Point","coordinates":[106.8625,-6.337]},"properties":{"lst_celsius":31.6,"thermal_weight":0.738,"elevation_m":86.7,"land_cover":"Urban and Built-up Lands"}},{"type":"Feature","geometry":{"type":"Point","coordinates":[106.875,-6.337]},"properties":{"lst_celsius":31.35,"thermal_weight":0.719,"elevation_m":86.7,"land_cover":"Urban and Built-up Lands"}},{"type":"Feature","geometry":{"type":"Point","coordinates":[106.8875,-6.337]},"properties":{"lst_celsius":31.07,"thermal_weight":0.698,"elevation_m":86.7,"land_cover":"Urban and Built-up Lands"}},{"type":"Feature","geometry":{"type":"Point","coordinates":[106.9,-6.337]},"properties":{"lst_celsius":30.76,"thermal_weight":0.674,"elevation_m":86.7,"land_cover":"Urban and Built-up Lands"}},{"type":"Feature","geometry":{"type":"Point","coordinates":[106.9125,-6.337]},"properties":{"lst_celsius":30.44,"thermal_weight":0.649,"elevation_m":86.7,"land_cover":"Urban and Built-up Lands"}},{"type":"Feature","geometry":{"type":"Point","coordinates":[106.925,-6.337]},"properties":{"lst_celsius":30.74,"thermal_weight":0.672,"elevation_m":86.7,"land_cover":"Urban and Built-up Lands"}},{"type":"Feature","geometry":{"type":"Point","coordinates":[106.9375,-6.337]},"properties":{"lst_celsius":30.94,"thermal_weight":0.688,"elevation_m":86.7,"land_cover":"Urban and Built-up Lands"}},{"type":"Feature","geometry":{"type":"Point","coordinates":[106.95,-6.337]},"properties":{"lst_celsius":31.11,"thermal_weight":0.701,"elevation_m":86.7,"land_cover":"Urban and Built-up Lands"}},{"type":"Feature","geometry":{"type":"Point","coordinates":[106.9625,-6.337]},"properties":{"lst_celsius":31.24,"thermal_weight":0.711,"elevation_m":86.7,"land_cover":"Urban and Built-up Lands"}},{"type":"Feature","geometry":{"type":"Point","coordinates":[106.975,-6.337]},"properties":{"lst_celsius":31.34,"thermal_weight":0.718,"elevation_m":86.7,"land_cover":"Urban and Built-up Lands"}},{"type":"Feature","geometry":{"type":"Point","coordinates":[106.9875,-6.337]},"properties":{"lst_celsius":31.39,"thermal_weight":0.722,"elevation_m":86.7,"land_cover":"Urban and Built-up Lands"}},{"type":"Feature","geometry":{"type":"Point","coordinates":[107,-6.337]},"properties":{"lst_celsius":31.39,"thermal_weight":0.722,"elevation_m":86.7,"land_cover":"Urban and Built-up Lands"}},{"type":"Feature","geometry":{"type":"Point","coordinates":[107.0125,-6.337]},"properties":{"lst_celsius":31.35,"thermal_weight":0.719,"elevation_m":86.7,"land_cover":"Urban and Built-up Lands"}},{"type":"Feature","geometry":{"type":"Point","coordinates":[107.025,-6.337]},"properties":{"lst_celsius":31.27,"thermal_weight":0.713,"elevation_m":86.7,"land_cover":"Urban and Built-up Lands"}},{"type":"Feature","geometry":{"type":"Point","coordinates":[107.0375,-6.337]},"properties":{"lst_celsius":31.52,"thermal_weight":0.732,"elevation_m":86.7,"land_cover":"Urban and Built-up Lands"}},{"type":"Feature","geometry":{"type":"Point","coordinates":[107.05,-6.337]},"properties":{"lst_celsius":31.87,"thermal_weight":0.759,"elevation_m":86.7,"land_cover":"Urban and Built-up Lands"}},{"type":"Feature","geometry":{"type":"Point","coordinates":[107.0625,-6.337]},"properties":{"lst_celsius":32.22,"thermal_weight":0.786,"elevation_m":86.7,"land_cover":"Urban and Built-up Lands"}},{"type":"Feature","geometry":{"type":"Point","coordinates":[107.075,-6.337]},"properties":{"lst_celsius":32.57,"thermal_weight":0.813,"elevation_m":86.7,"land_cover":"Urban and Built-up Lands"}},{"type":"Feature","geometry":{"type":"Point","coordinates":[107.0875,-6.337]},"properties":{"lst_celsius":32.91,"thermal_weight":0.839,"elevation_m":86.7,"land_cover":"Urban and Built-up Lands"}},{"type":"Feature","geometry":{"type":"Point","coordinates":[107.1,-6.337]},"properties":{"lst_celsius":33.24,"thermal_weight":0.865,"elevation_m":86.7,"land_cover":"Urban and Built-up Lands"}},{"type":"Feature","geometry":{"type":"Point","coordinates":[107.1125,-6.337]},"properties":{"lst_celsius":33.55,"thermal_weight":0.888,"elevation_m":86.7,"land_cover":"Urban and Built-up Lands"}},{"type":"Feature","geometry":{"type":"Point","coordinates":[107.125,-6.337]},"properties":{"lst_celsius":33.82,"thermal_weight":0.909,"elevation_m":86.7,"land_cover":"Urban and Built-up Lands"}},{"type":"Feature","geometry":{"type":"Point","coordinates":[107.1375,-6.337]},"properties":{"lst_celsius":34.03,"thermal_weight":0.925,"elevation_m":86.7,"land_cover":"Urban and Built-up Lands"}},{"type":"Feature","geometry":{"type":"Point","coordinates":[107.15,-6.337]},"properties":{"lst_celsius":34.11,"thermal_weight":0.932,"elevation_m":86.7,"land_cover":"Urban and Built-up Lands"}},{"type":"Feature","geometry":{"type":"Point","coordinates":[107.1625,-6.337]},"properties":{"lst_celsius":34.03,"thermal_weight":0.925,"elevation_m":86.7,"land_cover":"Urban and Built-up Lands"}},{"type":"Feature","geometry":{"type":"Point","coordinates":[107.175,-6.337]},"properties":{"lst_celsius":33.82,"thermal_weight":0.909,"elevation_m":86.7,"land_cover":"Urban and Built-up Lands"}},{"type":"Feature","geometry":{"type":"Point","coordinates":[107.1875,-6.337]},"properties":{"lst_celsius":33.55,"thermal_weight":0.888,"elevation_m":86.7,"land_cover":"Urban and Built-up Lands"}},{"type":"Feature","geometry":{"type":"Point","coordinates":[107.2,-6.337]},"properties":{"lst_celsius":33.24,"thermal_weight":0.865,"elevation_m":86.7,"land_cover":"Urban and Built-up Lands"}},{"type":"Feature","geometry":{"type":"Point","coordinates":[107.2125,-6.337]},"properties":{"lst_celsius":32.91,"thermal_weight":0.839,"elevation_m":86.7,"land_cover":"Urban and Built-up Lands"}},{"type":"Feature","geometry":{"type":"Point","coordinates":[107.225,-6.337]},"properties":{"lst_celsius":32.57,"thermal_weight":0.813,"elevation_m":86.7,"land_cover":"Urban and Built-up Lands"}},{"type":"Feature","geometry":{"type":"Point","coordinates":[107.2375,-6.337]},"properties":{"lst_celsius":32.22,"thermal_weight":0.786,"elevation_m":86.7,"land_cover":"Urban and Built-up Lands"}},{"type":"Feature","geometry":{"type":"Point","coordinates":[107.25,-6.337]},"properties":{"lst_celsius":31.87,"thermal_weight":0.759,"elevation_m":86.7,"land_cover":"Urban and Built-up Lands"}},{"type":"Feature","geometry":{"type":"Point","coordinates":[107.2625,-6.337]},"properties":{"lst_celsius":31.52,"thermal_weight":0.732,"elevation_m":86.7,"land_cover":"Urban and Built-up Lands"}},{"type":"Feature","geometry":{"type":"Point","coordinates":[107.275,-6.337]},"properties":{"lst_celsius":31.16,"thermal_weight":0.705,"elevation_m":86.7,"land_cover":"Urban and Built-up Lands"}},{"type":"Feature","geometry":{"type":"Point","coordinates":[107.2875,-6.337]},"properties":{"lst_celsius":30.8,"thermal_weight":0.677,"elevation_m":86.7,"land_cover":"Urban and Built-up Lands"}},{"type":"Feature","geometry":{"type":"Point","coordinates":[107.3,-6.337]},"properties":{"lst_celsius":30.44,"thermal_weight":0.649,"elevation_m":86.7,"land_cover":"Urban and Built-up Lands"}},{"type":"Feature","geometry":{"type":"Point","coordinates":[106.5,-6.325]},"properties":{"lst_celsius":29.67,"thermal_weight":0.59,"elevation_m":81.3,"land_cover":"Cropland / Natural Vegetation Mosaics"}},{"type":"Feature","geometry":{"type":"Point","coordinates":[106.5125,-6.325]},"properties":{"lst_celsius":29.67,"thermal_weight":0.59,"elevation_m":81.3,"land_cover":"Cropland / Natural Vegetation Mosaics"}},{"type":"Feature","geometry":{"type":"Point","coordinates":[106.525,-6.325]},"properties":{"lst_celsius":29.67,"thermal_weight":0.59,"elevation_m":81.3,"land_cover":"Cropland / Natural Vegetation Mosaics"}},{"type":"Feature","geometry":{"type":"Point","coordinates":[106.5375,-6.325]},"properties":{"lst_celsius":29.67,"thermal_weight":0.59,"elevation_m":81.3,"land_cover":"Cropland / Natural Vegetation Mosaics"}},{"type":"Feature","geometry":{"type":"Point","coordinates":[106.55,-6.325]},"properties":{"lst_celsius":30.04,"thermal_weight":0.618,"elevation_m":81.3,"land_cover":"Urban and Built-up Lands"}},{"type":"Feature","geometry":{"type":"Point","coordinates":[106.5625,-6.325]},"properties":{"lst_celsius":30.4,"thermal_weight":0.646,"elevation_m":81.3,"land_cover":"Urban and Built-up Lands"}},{"type":"Feature","geometry":{"type":"Point","coordinates":[106.575,-6.325]},"properties":{"lst_celsius":30.76,"thermal_weight":0.674,"elevation_m":81.3,"land_cover":"Urban and Built-up Lands"}},{"type":"Feature","geometry":{"type":"Point","coordinates":[106.5875,-6.325]},"properties":{"lst_celsius":31.12,"thermal_weight":0.702,"elevation_m":81.3,"land_cover":"Urban and Built-up Lands"}},{"type":"Feature","geometry":{"type":"Point","coordinates":[106.6,-6.325]},"properties":{"lst_celsius":31.47,"thermal_weight":0.728,"elevation_m":81.3,"land_cover":"Urban and Built-up Lands"}},{"type":"Feature","geometry":{"type":"Point","coordinates":[106.6125,-6.325]},"properties":{"lst_celsius":31.82,"thermal_weight":0.755,"elevation_m":81.3,"land_cover":"Urban and Built-up Lands"}},{"type":"Feature","geometry":{"type":"Point","coordinates":[106.625,-6.325]},"properties":{"lst_celsius":32.15,"thermal_weight":0.781,"elevation_m":81.3,"land_cover":"Urban and Built-up Lands"}},{"type":"Feature","geometry":{"type":"Point","coordinates":[106.6375,-6.325]},"properties":{"lst_celsius":32.47,"thermal_weight":0.805,"elevation_m":81.3,"land_cover":"Urban and Built-up Lands"}},{"type":"Feature","geometry":{"type":"Point","coordinates":[106.65,-6.325]},"properties":{"lst_celsius":32.76,"thermal_weight":0.828,"elevation_m":81.3,"land_cover":"Urban and Built-up Lands"}},{"type":"Feature","geometry":{"type":"Point","coordinates":[106.6625,-6.325]},"properties":{"lst_celsius":32.98,"thermal_weight":0.845,"elevation_m":81.3,"land_cover":"Urban and Built-up Lands"}},{"type":"Feature","geometry":{"type":"Point","coordinates":[106.675,-6.325]},"properties":{"lst_celsius":33.06,"thermal_weight":0.851,"elevation_m":81.3,"land_cover":"Urban and Built-up Lands"}},{"type":"Feature","geometry":{"type":"Point","coordinates":[106.6875,-6.325]},"properties":{"lst_celsius":32.98,"thermal_weight":0.845,"elevation_m":81.3,"land_cover":"Urban and Built-up Lands"}},{"type":"Feature","geometry":{"type":"Point","coordinates":[106.7,-6.325]},"properties":{"lst_celsius":32.76,"thermal_weight":0.828,"elevation_m":81.3,"land_cover":"Urban and Built-up Lands"}},{"type":"Feature","geometry":{"type":"Point","coordinates":[106.7125,-6.325]},"properties":{"lst_celsius":32.47,"thermal_weight":0.805,"elevation_m":81.3,"land_cover":"Urban and Built-up Lands"}},{"type":"Feature","geometry":{"type":"Point","coordinates":[106.725,-6.325]},"properties":{"lst_celsius":32.15,"thermal_weight":0.781,"elevation_m":81.3,"land_cover":"Urban and Built-up Lands"}},{"type":"Feature","geometry":{"type":"Point","coordinates":[106.7375,-6.325]},"properties":{"lst_celsius":31.82,"thermal_weight":0.755,"elevation_m":81.3,"land_cover":"Urban and Built-up Lands"}},{"type":"Feature","geometry":{"type":"Point","coordinates":[106.75,-6.325]},"properties":{"lst_celsius":31.47,"thermal_weight":0.728,"elevation_m":81.3,"land_cover":"Urban and Built-up Lands"}},{"type":"Feature","geometry":{"type":"Point","coordinates":[106.7625,-6.325]},"properties":{"lst_celsius":31.12,"thermal_weight":0.702,"elevation_m":81.3,"land_cover":"Urban and Built-up Lands"}},{"type":"Feature","geometry":{"type":"Point","coordinates":[106.775,-6.325]},"properties":{"lst_celsius":31.2,"thermal_weight":0.708,"elevation_m":81.3,"land_cover":"Urban and Built-up Lands"}},{"type":"Feature","geometry":{"type":"Point","coordinates":[106.7875,-6.325]},"properties":{"lst_celsius":31.16,"thermal_weight":0.705,"elevation_m":81.3,"land_cover":"Urban and Built-up Lands"}},{"type":"Feature","geometry":{"type":"Point","coordinates":[106.8,-6.325]},"properties":{"lst_celsius":31.36,"thermal_weight":0.72,"elevation_m":81.3,"land_cover":"Urban and Built-up Lands"}},{"type":"Feature","geometry":{"type":"Point","coordinates":[106.8125,-6.325]},"properties":{"lst_celsius":31.5,"thermal_weight":0.731,"elevation_m":81.3,"land_cover":"Urban and Built-up Lands"}},{"type":"Feature","geometry":{"type":"Point","coordinates":[106.825,-6.325]},"properties":{"lst_celsius":31.58,"thermal_weight":0.737,"elevation_m":81.3,"land_cover":"Urban and Built-up Lands"}},{"type":"Feature","geometry":{"type":"Point","coordinates":[106.8375,-6.325]},"properties":{"lst_celsius":31.57,"thermal_weight":0.736,"elevation_m":81.3,"land_cover":"Urban and Built-up Lands"}},{"type":"Feature","geometry":{"type":"Point","coordinates":[106.85,-6.325]},"properties":{"lst_celsius":31.48,"thermal_weight":0.729,"elevation_m":81.3,"land_cover":"Urban and Built-up Lands"}},{"type":"Feature","geometry":{"type":"Point","coordinates":[106.8625,-6.325]},"properties":{"lst_celsius":31.32,"thermal_weight":0.717,"elevation_m":81.3,"land_cover":"Urban and Built-up Lands"}},{"type":"Feature","geometry":{"type":"Point","coordinates":[106.875,-6.325]},"properties":{"lst_celsius":31.11,"thermal_weight":0.701,"elevation_m":81.3,"land_cover":"Urban and Built-up Lands"}},{"type":"Feature","geometry":{"type":"Point","coordinates":[106.8875,-6.325]},"properties":{"lst_celsius":30.86,"thermal_weight":0.682,"elevation_m":81.3,"land_cover":"Urban and Built-up Lands"}},{"type":"Feature","geometry":{"type":"Point","coordinates":[106.9,-6.325]},"properties":{"lst_celsius":30.58,"thermal_weight":0.66,"elevation_m":81.3,"land_cover":"Urban and Built-up Lands"}},{"type":"Feature","geometry":{"type":"Point","coordinates":[106.9125,-6.325]},"properties":{"lst_celsius":30.82,"thermal_weight":0.678,"elevation_m":81.3,"land_cover":"Urban and Built-up Lands"}},{"type":"Feature","geometry":{"type":"Point","coordinates":[106.925,-6.325]},"properties":{"lst_celsius":31.06,"thermal_weight":0.697,"elevation_m":81.3,"land_cover":"Urban and Built-up Lands"}},{"type":"Feature","geometry":{"type":"Point","coordinates":[106.9375,-6.325]},"properties":{"lst_celsius":31.28,"thermal_weight":0.714,"elevation_m":81.3,"land_cover":"Urban and Built-up Lands"}},{"type":"Feature","geometry":{"type":"Point","coordinates":[106.95,-6.325]},"properties":{"lst_celsius":31.46,"thermal_weight":0.728,"elevation_m":81.3,"land_cover":"Urban and Built-up Lands"}},{"type":"Feature","geometry":{"type":"Point","coordinates":[106.9625,-6.325]},"properties":{"lst_celsius":31.61,"thermal_weight":0.739,"elevation_m":81.3,"land_cover":"Urban and Built-up Lands"}},{"type":"Feature","geometry":{"type":"Point","coordinates":[106.975,-6.325]},"properties":{"lst_celsius":31.72,"thermal_weight":0.748,"elevation_m":81.3,"land_cover":"Urban and Built-up Lands"}},{"type":"Feature","geometry":{"type":"Point","coordinates":[106.9875,-6.325]},"properties":{"lst_celsius":31.77,"thermal_weight":0.752,"elevation_m":81.3,"land_cover":"Urban and Built-up Lands"}},{"type":"Feature","geometry":{"type":"Point","coordinates":[107,-6.325]},"properties":{"lst_celsius":31.78,"thermal_weight":0.752,"elevation_m":81.3,"land_cover":"Urban and Built-up Lands"}},{"type":"Feature","geometry":{"type":"Point","coordinates":[107.0125,-6.325]},"properties":{"lst_celsius":31.73,"thermal_weight":0.748,"elevation_m":81.3,"land_cover":"Urban and Built-up Lands"}},{"type":"Feature","geometry":{"type":"Point","coordinates":[107.025,-6.325]},"properties":{"lst_celsius":31.64,"thermal_weight":0.742,"elevation_m":81.3,"land_cover":"Urban and Built-up Lands"}},{"type":"Feature","geometry":{"type":"Point","coordinates":[107.0375,-6.325]},"properties":{"lst_celsius":31.5,"thermal_weight":0.731,"elevation_m":81.3,"land_cover":"Urban and Built-up Lands"}},{"type":"Feature","geometry":{"type":"Point","coordinates":[107.05,-6.325]},"properties":{"lst_celsius":31.96,"thermal_weight":0.766,"elevation_m":81.3,"land_cover":"Urban and Built-up Lands"}},{"type":"Feature","geometry":{"type":"Point","coordinates":[107.0625,-6.325]},"properties":{"lst_celsius":32.32,"thermal_weight":0.794,"elevation_m":81.3,"land_cover":"Urban and Built-up Lands"}},{"type":"Feature","geometry":{"type":"Point","coordinates":[107.075,-6.325]},"properties":{"lst_celsius":32.68,"thermal_weight":0.822,"elevation_m":81.3,"land_cover":"Urban and Built-up Lands"}},{"type":"Feature","geometry":{"type":"Point","coordinates":[107.0875,-6.325]},"properties":{"lst_celsius":33.03,"thermal_weight":0.848,"elevation_m":81.3,"land_cover":"Urban and Built-up Lands"}},{"type":"Feature","geometry":{"type":"Point","coordinates":[107.1,-6.325]},"properties":{"lst_celsius":33.38,"thermal_weight":0.875,"elevation_m":81.3,"land_cover":"Urban and Built-up Lands"}},{"type":"Feature","geometry":{"type":"Point","coordinates":[107.1125,-6.325]},"properties":{"lst_celsius":33.73,"thermal_weight":0.902,"elevation_m":81.3,"land_cover":"Urban and Built-up Lands"}},{"type":"Feature","geometry":{"type":"Point","coordinates":[107.125,-6.325]},"properties":{"lst_celsius":34.05,"thermal_weight":0.927,"elevation_m":81.3,"land_cover":"Urban and Built-up Lands"}},{"type":"Feature","geometry":{"type":"Point","coordinates":[107.1375,-6.325]},"properties":{"lst_celsius":34.33,"thermal_weight":0.948,"elevation_m":81.3,"land_cover":"Urban and Built-up Lands"}},{"type":"Feature","geometry":{"type":"Point","coordinates":[107.15,-6.325]},"properties":{"lst_celsius":34.46,"thermal_weight":0.958,"elevation_m":81.3,"land_cover":"Urban and Built-up Lands"}},{"type":"Feature","geometry":{"type":"Point","coordinates":[107.1625,-6.325]},"properties":{"lst_celsius":34.33,"thermal_weight":0.948,"elevation_m":81.3,"land_cover":"Urban and Built-up Lands"}},{"type":"Feature","geometry":{"type":"Point","coordinates":[107.175,-6.325]},"properties":{"lst_celsius":34.05,"thermal_weight":0.927,"elevation_m":81.3,"land_cover":"Urban and Built-up Lands"}},{"type":"Feature","geometry":{"type":"Point","coordinates":[107.1875,-6.325]},"properties":{"lst_celsius":33.73,"thermal_weight":0.902,"elevation_m":81.3,"land_cover":"Urban and Built-up Lands"}},{"type":"Feature","geometry":{"type":"Point","coordinates":[107.2,-6.325]},"properties":{"lst_celsius":33.38,"thermal_weight":0.875,"elevation_m":81.3,"land_cover":"Urban and Built-up Lands"}},{"type":"Feature","geometry":{"type":"Point","coordinates":[107.2125,-6.325]},"properties":{"lst_celsius":33.03,"thermal_weight":0.848,"elevation_m":81.3,"land_cover":"Urban and Built-up Lands"}},{"type":"Feature","geometry":{"type":"Point","coordinates":[107.225,-6.325]},"properties":{"lst_celsius":32.68,"thermal_weight":0.822,"elevation_m":81.3,"land_cover":"Urban and Built-up Lands"}},{"type":"Feature","geometry":{"type":"Point","coordinates":[107.2375,-6.325]},"properties":{"lst_celsius":32.32,"thermal_weight":0.794,"elevation_m":81.3,"land_cover":"Urban and Built-up Lands"}},{"type":"Feature","geometry":{"type":"Point","coordinates":[107.25,-6.325]},"properties":{"lst_celsius":31.96,"thermal_weight":0.766,"elevation_m":81.3,"land_cover":"Urban and Built-up Lands"}},{"type":"Feature","geometry":{"type":"Point","coordinates":[107.2625,-6.325]},"properties":{"lst_celsius":31.6,"thermal_weight":0.738,"elevation_m":81.3,"land_cover":"Urban and Built-up Lands"}},{"type":"Feature","geometry":{"type":"Point","coordinates":[107.275,-6.325]},"properties":{"lst_celsius":31.24,"thermal_weight":0.711,"elevation_m":81.3,"land_cover":"Urban and Built-up Lands"}},{"type":"Feature","geometry":{"type":"Point","coordinates":[107.2875,-6.325]},"properties":{"lst_celsius":30.88,"thermal_weight":0.683,"elevation_m":81.3,"land_cover":"Urban and Built-up Lands"}},{"type":"Feature","geometry":{"type":"Point","coordinates":[107.3,-6.325]},"properties":{"lst_celsius":30.52,"thermal_weight":0.655,"elevation_m":81.3,"land_cover":"Urban and Built-up Lands"}},{"type":"Feature","geometry":{"type":"Point","coordinates":[106.5,-6.313]},"properties":{"lst_celsius":29.71,"thermal_weight":0.593,"elevation_m":75.8,"land_cover":"Cropland / Natural Vegetation Mosaics"}},{"type":"Feature","geometry":{"type":"Point","coordinates":[106.5125,-6.313]},"properties":{"lst_celsius":29.71,"thermal_weight":0.593,"elevation_m":75.8,"land_cover":"Cropland / Natural Vegetation Mosaics"}},{"type":"Feature","geometry":{"type":"Point","coordinates":[106.525,-6.313]},"properties":{"lst_celsius":29.71,"thermal_weight":0.593,"elevation_m":75.8,"land_cover":"Cropland / Natural Vegetation Mosaics"}},{"type":"Feature","geometry":{"type":"Point","coordinates":[106.5375,-6.313]},"properties":{"lst_celsius":29.71,"thermal_weight":0.593,"elevation_m":75.8,"land_cover":"Cropland / Natural Vegetation Mosaics"}},{"type":"Feature","geometry":{"type":"Point","coordinates":[106.55,-6.313]},"properties":{"lst_celsius":30.13,"thermal_weight":0.625,"elevation_m":75.8,"land_cover":"Urban and Built-up Lands"}},{"type":"Feature","geometry":{"type":"Point","coordinates":[106.5625,-6.313]},"properties":{"lst_celsius":30.49,"thermal_weight":0.653,"elevation_m":75.8,"land_cover":"Urban and Built-up Lands"}},{"type":"Feature","geometry":{"type":"Point","coordinates":[106.575,-6.313]},"properties":{"lst_celsius":30.85,"thermal_weight":0.681,"elevation_m":75.8,"land_cover":"Urban and Built-up Lands"}},{"type":"Feature","geometry":{"type":"Point","coordinates":[106.5875,-6.313]},"properties":{"lst_celsius":31.21,"thermal_weight":0.708,"elevation_m":75.8,"land_cover":"Urban and Built-up Lands"}},{"type":"Feature","geometry":{"type":"Point","coordinates":[106.6,-6.313]},"properties":{"lst_celsius":31.57,"thermal_weight":0.736,"elevation_m":75.8,"land_cover":"Urban and Built-up Lands"}},{"type":"Feature","geometry":{"type":"Point","coordinates":[106.6125,-6.313]},"properties":{"lst_celsius":31.93,"thermal_weight":0.764,"elevation_m":75.8,"land_cover":"Urban and Built-up Lands"}},{"type":"Feature","geometry":{"type":"Point","coordinates":[106.625,-6.313]},"properties":{"lst_celsius":32.29,"thermal_weight":0.792,"elevation_m":75.8,"land_cover":"Urban and Built-up Lands"}},{"type":"Feature","geometry":{"type":"Point","coordinates":[106.6375,-6.313]},"properties":{"lst_celsius":32.64,"thermal_weight":0.818,"elevation_m":75.8,"land_cover":"Urban and Built-up Lands"}},{"type":"Feature","geometry":{"type":"Point","coordinates":[106.65,-6.313]},"properties":{"lst_celsius":32.98,"thermal_weight":0.845,"elevation_m":75.8,"land_cover":"Urban and Built-up Lands"}},{"type":"Feature","geometry":{"type":"Point","coordinates":[106.6625,-6.313]},"properties":{"lst_celsius":33.27,"thermal_weight":0.867,"elevation_m":75.8,"land_cover":"Urban and Built-up Lands"}},{"type":"Feature","geometry":{"type":"Point","coordinates":[106.675,-6.313]},"properties":{"lst_celsius":33.42,"thermal_weight":0.878,"elevation_m":75.8,"land_cover":"Urban and Built-up Lands"}},{"type":"Feature","geometry":{"type":"Point","coordinates":[106.6875,-6.313]},"properties":{"lst_celsius":33.27,"thermal_weight":0.867,"elevation_m":75.8,"land_cover":"Urban and Built-up Lands"}},{"type":"Feature","geometry":{"type":"Point","coordinates":[106.7,-6.313]},"properties":{"lst_celsius":32.98,"thermal_weight":0.845,"elevation_m":75.8,"land_cover":"Urban and Built-up Lands"}},{"type":"Feature","geometry":{"type":"Point","coordinates":[106.7125,-6.313]},"properties":{"lst_celsius":32.64,"thermal_weight":0.818,"elevation_m":75.8,"land_cover":"Urban and Built-up Lands"}},{"type":"Feature","geometry":{"type":"Point","coordinates":[106.725,-6.313]},"properties":{"lst_celsius":32.29,"thermal_weight":0.792,"elevation_m":75.8,"land_cover":"Urban and Built-up Lands"}},{"type":"Feature","geometry":{"type":"Point","coordinates":[106.7375,-6.313]},"properties":{"lst_celsius":31.93,"thermal_weight":0.764,"elevation_m":75.8,"land_cover":"Urban and Built-up Lands"}},{"type":"Feature","geometry":{"type":"Point","coordinates":[106.75,-6.313]},"properties":{"lst_celsius":31.57,"thermal_weight":0.736,"elevation_m":75.8,"land_cover":"Urban and Built-up Lands"}},{"type":"Feature","geometry":{"type":"Point","coordinates":[106.7625,-6.313]},"properties":{"lst_celsius":31.33,"thermal_weight":0.718,"elevation_m":75.8,"land_cover":"Urban and Built-up Lands"}},{"type":"Feature","geometry":{"type":"Point","coordinates":[106.775,-6.313]},"properties":{"lst_celsius":31.54,"thermal_weight":0.734,"elevation_m":75.8,"land_cover":"Urban and Built-up Lands"}},{"type":"Feature","geometry":{"type":"Point","coordinates":[106.7875,-6.313]},"properties":{"lst_celsius":31.7,"thermal_weight":0.746,"elevation_m":75.8,"land_cover":"Urban and Built-up Lands"}},{"type":"Feature","geometry":{"type":"Point","coordinates":[106.8,-6.313]},"properties":{"lst_celsius":31.82,"thermal_weight":0.755,"elevation_m":75.8,"land_cover":"Urban and Built-up Lands"}},{"type":"Feature","geometry":{"type":"Point","coordinates":[106.8125,-6.313]},"properties":{"lst_celsius":31.86,"thermal_weight":0.758,"elevation_m":75.8,"land_cover":"Urban and Built-up Lands"}},{"type":"Feature","geometry":{"type":"Point","coordinates":[106.825,-6.313]},"properties":{"lst_celsius":31.84,"thermal_weight":0.757,"elevation_m":75.8,"land_cover":"Urban and Built-up Lands"}},{"type":"Feature","geometry":{"type":"Point","coordinates":[106.8375,-6.313]},"properties":{"lst_celsius":31.76,"thermal_weight":0.751,"elevation_m":75.8,"land_cover":"Urban and Built-up Lands"}},{"type":"Feature","geometry":{"type":"Point","coordinates":[106.85,-6.313]},"properties":{"lst_celsius":31.61,"thermal_weight":0.739,"elevation_m":75.8,"land_cover":"Urban and Built-up Lands"}},{"type":"Feature","geometry":{"type":"Point","coordinates":[106.8625,-6.313]},"properties":{"lst_celsius":31.42,"thermal_weight":0.725,"elevation_m":75.8,"land_cover":"Urban and Built-up Lands"}},{"type":"Feature","geometry":{"type":"Point","coordinates":[106.875,-6.313]},"properties":{"lst_celsius":31.18,"thermal_weight":0.706,"elevation_m":75.8,"land_cover":"Urban and Built-up Lands"}},{"type":"Feature","geometry":{"type":"Point","coordinates":[106.8875,-6.313]},"properties":{"lst_celsius":30.92,"thermal_weight":0.686,"elevation_m":75.8,"land_cover":"Urban and Built-up Lands"}},{"type":"Feature","geometry":{"type":"Point","coordinates":[106.9,-6.313]},"properties":{"lst_celsius":30.82,"thermal_weight":0.678,"elevation_m":75.8,"land_cover":"Urban and Built-up Lands"}},{"type":"Feature","geometry":{"type":"Point","coordinates":[106.9125,-6.313]},"properties":{"lst_celsius":31.1,"thermal_weight":0.7,"elevation_m":75.8,"land_cover":"Urban and Built-up Lands"}},{"type":"Feature","geometry":{"type":"Point","coordinates":[106.925,-6.313]},"properties":{"lst_celsius":31.36,"thermal_weight":0.72,"elevation_m":75.8,"land_cover":"Urban and Built-up Lands"}},{"type":"Feature","geometry":{"type":"Point","coordinates":[106.9375,-6.313]},"properties":{"lst_celsius":31.6,"thermal_weight":0.738,"elevation_m":75.8,"land_cover":"Urban and Built-up Lands"}},{"type":"Feature","geometry":{"type":"Point","coordinates":[106.95,-6.313]},"properties":{"lst_celsius":31.8,"thermal_weight":0.754,"elevation_m":75.8,"land_cover":"Urban and Built-up Lands"}},{"type":"Feature","geometry":{"type":"Point","coordinates":[106.9625,-6.313]},"properties":{"lst_celsius":31.97,"thermal_weight":0.767,"elevation_m":75.8,"land_cover":"Urban and Built-up Lands"}},{"type":"Feature","geometry":{"type":"Point","coordinates":[106.975,-6.313]},"properties":{"lst_celsius":32.09,"thermal_weight":0.776,"elevation_m":75.8,"land_cover":"Urban and Built-up Lands"}},{"type":"Feature","geometry":{"type":"Point","coordinates":[106.9875,-6.313]},"properties":{"lst_celsius":32.15,"thermal_weight":0.781,"elevation_m":75.8,"land_cover":"Urban and Built-up Lands"}},{"type":"Feature","geometry":{"type":"Point","coordinates":[107,-6.313]},"properties":{"lst_celsius":32.16,"thermal_weight":0.782,"elevation_m":75.8,"land_cover":"Urban and Built-up Lands"}},{"type":"Feature","geometry":{"type":"Point","coordinates":[107.0125,-6.313]},"properties":{"lst_celsius":32.11,"thermal_weight":0.778,"elevation_m":75.8,"land_cover":"Urban and Built-up Lands"}},{"type":"Feature","geometry":{"type":"Point","coordinates":[107.025,-6.313]},"properties":{"lst_celsius":32,"thermal_weight":0.769,"elevation_m":75.8,"land_cover":"Urban and Built-up Lands"}},{"type":"Feature","geometry":{"type":"Point","coordinates":[107.0375,-6.313]},"properties":{"lst_celsius":31.84,"thermal_weight":0.757,"elevation_m":75.8,"land_cover":"Urban and Built-up Lands"}},{"type":"Feature","geometry":{"type":"Point","coordinates":[107.05,-6.313]},"properties":{"lst_celsius":32.01,"thermal_weight":0.77,"elevation_m":75.8,"land_cover":"Urban and Built-up Lands"}},{"type":"Feature","geometry":{"type":"Point","coordinates":[107.0625,-6.313]},"properties":{"lst_celsius":32.37,"thermal_weight":0.798,"elevation_m":75.8,"land_cover":"Urban and Built-up Lands"}},{"type":"Feature","geometry":{"type":"Point","coordinates":[107.075,-6.313]},"properties":{"lst_celsius":32.73,"thermal_weight":0.825,"elevation_m":75.8,"land_cover":"Urban and Built-up Lands"}},{"type":"Feature","geometry":{"type":"Point","coordinates":[107.0875,-6.313]},"properties":{"lst_celsius":33.09,"thermal_weight":0.853,"elevation_m":75.8,"land_cover":"Urban and Built-up Lands"}},{"type":"Feature","geometry":{"type":"Point","coordinates":[107.1,-6.313]},"properties":{"lst_celsius":33.45,"thermal_weight":0.881,"elevation_m":75.8,"land_cover":"Urban and Built-up Lands"}},{"type":"Feature","geometry":{"type":"Point","coordinates":[107.1125,-6.313]},"properties":{"lst_celsius":33.81,"thermal_weight":0.908,"elevation_m":75.8,"land_cover":"Urban and Built-up Lands"}},{"type":"Feature","geometry":{"type":"Point","coordinates":[107.125,-6.313]},"properties":{"lst_celsius":34.17,"thermal_weight":0.936,"elevation_m":75.8,"land_cover":"Urban and Built-up Lands"}},{"type":"Feature","geometry":{"type":"Point","coordinates":[107.1375,-6.313]},"properties":{"lst_celsius":34.53,"thermal_weight":0.964,"elevation_m":75.8,"land_cover":"Urban and Built-up Lands"}},{"type":"Feature","geometry":{"type":"Point","coordinates":[107.15,-6.313]},"properties":{"lst_celsius":34.81,"thermal_weight":0.985,"elevation_m":75.8,"land_cover":"Urban and Built-up Lands"}},{"type":"Feature","geometry":{"type":"Point","coordinates":[107.1625,-6.313]},"properties":{"lst_celsius":34.53,"thermal_weight":0.964,"elevation_m":75.8,"land_cover":"Urban and Built-up Lands"}},{"type":"Feature","geometry":{"type":"Point","coordinates":[107.175,-6.313]},"properties":{"lst_celsius":34.17,"thermal_weight":0.936,"elevation_m":75.8,"land_cover":"Urban and Built-up Lands"}},{"type":"Feature","geometry":{"type":"Point","coordinates":[107.1875,-6.313]},"properties":{"lst_celsius":33.81,"thermal_weight":0.908,"elevation_m":75.8,"land_cover":"Urban and Built-up Lands"}},{"type":"Feature","geometry":{"type":"Point","coordinates":[107.2,-6.313]},"properties":{"lst_celsius":33.45,"thermal_weight":0.881,"elevation_m":75.8,"land_cover":"Urban and Built-up Lands"}},{"type":"Feature","geometry":{"type":"Point","coordinates":[107.2125,-6.313]},"properties":{"lst_celsius":33.09,"thermal_weight":0.853,"elevation_m":75.8,"land_cover":"Urban and Built-up Lands"}},{"type":"Feature","geometry":{"type":"Point","coordinates":[107.225,-6.313]},"properties":{"lst_celsius":32.73,"thermal_weight":0.825,"elevation_m":75.8,"land_cover":"Urban and Built-up Lands"}},{"type":"Feature","geometry":{"type":"Point","coordinates":[107.2375,-6.313]},"properties":{"lst_celsius":32.37,"thermal_weight":0.798,"elevation_m":75.8,"land_cover":"Urban and Built-up Lands"}},{"type":"Feature","geometry":{"type":"Point","coordinates":[107.25,-6.313]},"properties":{"lst_celsius":32.01,"thermal_weight":0.77,"elevation_m":75.8,"land_cover":"Urban and Built-up Lands"}},{"type":"Feature","geometry":{"type":"Point","coordinates":[107.2625,-6.313]},"properties":{"lst_celsius":31.65,"thermal_weight":0.742,"elevation_m":75.8,"land_cover":"Urban and Built-up Lands"}},{"type":"Feature","geometry":{"type":"Point","coordinates":[107.275,-6.313]},"properties":{"lst_celsius":31.29,"thermal_weight":0.715,"elevation_m":75.8,"land_cover":"Urban and Built-up Lands"}},{"type":"Feature","geometry":{"type":"Point","coordinates":[107.2875,-6.313]},"properties":{"lst_celsius":30.93,"thermal_weight":0.687,"elevation_m":75.8,"land_cover":"Urban and Built-up Lands"}},{"type":"Feature","geometry":{"type":"Point","coordinates":[107.3,-6.313]},"properties":{"lst_celsius":30.57,"thermal_weight":0.659,"elevation_m":75.8,"land_cover":"Urban and Built-up Lands"}},{"type":"Feature","geometry":{"type":"Point","coordinates":[106.5,-6.3009]},"properties":{"lst_celsius":29.74,"thermal_weight":0.595,"elevation_m":70.4,"land_cover":"Cropland / Natural Vegetation Mosaics"}},{"type":"Feature","geometry":{"type":"Point","coordinates":[106.5125,-6.3009]},"properties":{"lst_celsius":29.74,"thermal_weight":0.595,"elevation_m":70.4,"land_cover":"Cropland / Natural Vegetation Mosaics"}},{"type":"Feature","geometry":{"type":"Point","coordinates":[106.525,-6.3009]},"properties":{"lst_celsius":29.74,"thermal_weight":0.595,"elevation_m":70.4,"land_cover":"Cropland / Natural Vegetation Mosaics"}},{"type":"Feature","geometry":{"type":"Point","coordinates":[106.5375,-6.3009]},"properties":{"lst_celsius":29.74,"thermal_weight":0.595,"elevation_m":70.4,"land_cover":"Cropland / Natural Vegetation Mosaics"}},{"type":"Feature","geometry":{"type":"Point","coordinates":[106.55,-6.3009]},"properties":{"lst_celsius":30.18,"thermal_weight":0.629,"elevation_m":70.4,"land_cover":"Urban and Built-up Lands"}},{"type":"Feature","geometry":{"type":"Point","coordinates":[106.5625,-6.3009]},"properties":{"lst_celsius":30.54,"thermal_weight":0.657,"elevation_m":70.4,"land_cover":"Urban and Built-up Lands"}},{"type":"Feature","geometry":{"type":"Point","coordinates":[106.575,-6.3009]},"properties":{"lst_celsius":30.9,"thermal_weight":0.685,"elevation_m":70.4,"land_cover":"Urban and Built-up Lands"}},{"type":"Feature","geometry":{"type":"Point","coordinates":[106.5875,-6.3009]},"properties":{"lst_celsius":31.26,"thermal_weight":0.712,"elevation_m":70.4,"land_cover":"Urban and Built-up Lands"}},{"type":"Feature","geometry":{"type":"Point","coordinates":[106.6,-6.3009]},"properties":{"lst_celsius":31.63,"thermal_weight":0.741,"elevation_m":70.4,"land_cover":"Urban and Built-up Lands"}},{"type":"Feature","geometry":{"type":"Point","coordinates":[106.6125,-6.3009]},"properties":{"lst_celsius":31.99,"thermal_weight":0.768,"elevation_m":70.4,"land_cover":"Urban and Built-up Lands"}},{"type":"Feature","geometry":{"type":"Point","coordinates":[106.625,-6.3009]},"properties":{"lst_celsius":32.35,"thermal_weight":0.796,"elevation_m":70.4,"land_cover":"Urban and Built-up Lands"}},{"type":"Feature","geometry":{"type":"Point","coordinates":[106.6375,-6.3009]},"properties":{"lst_celsius":32.71,"thermal_weight":0.824,"elevation_m":70.4,"land_cover":"Urban and Built-up Lands"}},{"type":"Feature","geometry":{"type":"Point","coordinates":[106.65,-6.3009]},"properties":{"lst_celsius":33.07,"thermal_weight":0.852,"elevation_m":70.4,"land_cover":"Urban and Built-up Lands"}},{"type":"Feature","geometry":{"type":"Point","coordinates":[106.6625,-6.3009]},"properties":{"lst_celsius":33.44,"thermal_weight":0.88,"elevation_m":70.4,"land_cover":"Urban and Built-up Lands"}},{"type":"Feature","geometry":{"type":"Point","coordinates":[106.675,-6.3009]},"properties":{"lst_celsius":33.77,"thermal_weight":0.905,"elevation_m":70.4,"land_cover":"Urban and Built-up Lands"}},{"type":"Feature","geometry":{"type":"Point","coordinates":[106.6875,-6.3009]},"properties":{"lst_celsius":33.44,"thermal_weight":0.88,"elevation_m":70.4,"land_cover":"Urban and Built-up Lands"}},{"type":"Feature","geometry":{"type":"Point","coordinates":[106.7,-6.3009]},"properties":{"lst_celsius":33.07,"thermal_weight":0.852,"elevation_m":70.4,"land_cover":"Urban and Built-up Lands"}},{"type":"Feature","geometry":{"type":"Point","coordinates":[106.7125,-6.3009]},"properties":{"lst_celsius":32.71,"thermal_weight":0.824,"elevation_m":70.4,"land_cover":"Urban and Built-up Lands"}},{"type":"Feature","geometry":{"type":"Point","coordinates":[106.725,-6.3009]},"properties":{"lst_celsius":32.35,"thermal_weight":0.796,"elevation_m":70.4,"land_cover":"Urban and Built-up Lands"}},{"type":"Feature","geometry":{"type":"Point","coordinates":[106.7375,-6.3009]},"properties":{"lst_celsius":31.99,"thermal_weight":0.768,"elevation_m":70.4,"land_cover":"Urban and Built-up Lands"}},{"type":"Feature","geometry":{"type":"Point","coordinates":[106.75,-6.3009]},"properties":{"lst_celsius":31.63,"thermal_weight":0.741,"elevation_m":70.4,"land_cover":"Urban and Built-up Lands"}},{"type":"Feature","geometry":{"type":"Point","coordinates":[106.7625,-6.3009]},"properties":{"lst_celsius":31.62,"thermal_weight":0.74,"elevation_m":70.4,"land_cover":"Urban and Built-up Lands"}},{"type":"Feature","geometry":{"type":"Point","coordinates":[106.775,-6.3009]},"properties":{"lst_celsius":31.86,"thermal_weight":0.758,"elevation_m":70.4,"land_cover":"Urban and Built-up Lands"}},{"type":"Feature","geometry":{"type":"Point","coordinates":[106.7875,-6.3009]},"properties":{"lst_celsius":32.05,"thermal_weight":0.773,"elevation_m":70.4,"land_cover":"Urban and Built-up Lands"}},{"type":"Feature","geometry":{"type":"Point","coordinates":[106.8,-6.3009]},"properties":{"lst_celsius":32.18,"thermal_weight":0.783,"elevation_m":70.4,"land_cover":"Urban and Built-up Lands"}},{"type":"Feature","geometry":{"type":"Point","coordinates":[106.8125,-6.3009]},"properties":{"lst_celsius":32.24,"thermal_weight":0.788,"elevation_m":70.4,"land_cover":"Urban and Built-up Lands"}},{"type":"Feature","geometry":{"type":"Point","coordinates":[106.825,-6.3009]},"properties":{"lst_celsius":32.21,"thermal_weight":0.785,"elevation_m":70.4,"land_cover":"Urban and Built-up Lands"}},{"type":"Feature","geometry":{"type":"Point","coordinates":[106.8375,-6.3009]},"properties":{"lst_celsius":32.11,"thermal_weight":0.778,"elevation_m":70.4,"land_cover":"Urban and Built-up Lands"}},{"type":"Feature","geometry":{"type":"Point","coordinates":[106.85,-6.3009]},"properties":{"lst_celsius":31.94,"thermal_weight":0.765,"elevation_m":70.4,"land_cover":"Urban and Built-up Lands"}},{"type":"Feature","geometry":{"type":"Point","coordinates":[106.8625,-6.3009]},"properties":{"lst_celsius":31.72,"thermal_weight":0.748,"elevation_m":70.4,"land_cover":"Urban and Built-up Lands"}},{"type":"Feature","geometry":{"type":"Point","coordinates":[106.875,-6.3009]},"properties":{"lst_celsius":31.46,"thermal_weight":0.728,"elevation_m":70.4,"land_cover":"Urban and Built-up Lands"}},{"type":"Feature","geometry":{"type":"Point","coordinates":[106.8875,-6.3009]},"properties":{"lst_celsius":31.18,"thermal_weight":0.706,"elevation_m":70.4,"land_cover":"Urban and Built-up Lands"}},{"type":"Feature","geometry":{"type":"Point","coordinates":[106.9,-6.3009]},"properties":{"lst_celsius":31.06,"thermal_weight":0.697,"elevation_m":70.4,"land_cover":"Urban and Built-up Lands"}},{"type":"Feature","geometry":{"type":"Point","coordinates":[106.9125,-6.3009]},"properties":{"lst_celsius":31.36,"thermal_weight":0.72,"elevation_m":70.4,"land_cover":"Urban and Built-up Lands"}},{"type":"Feature","geometry":{"type":"Point","coordinates":[106.925,-6.3009]},"properties":{"lst_celsius":31.64,"thermal_weight":0.742,"elevation_m":70.4,"land_cover":"Urban and Built-up Lands"}},{"type":"Feature","geometry":{"type":"Point","coordinates":[106.9375,-6.3009]},"properties":{"lst_celsius":31.9,"thermal_weight":0.762,"elevation_m":70.4,"land_cover":"Urban and Built-up Lands"}},{"type":"Feature","geometry":{"type":"Point","coordinates":[106.95,-6.3009]},"properties":{"lst_celsius":32.13,"thermal_weight":0.779,"elevation_m":70.4,"land_cover":"Urban and Built-up Lands"}},{"type":"Feature","geometry":{"type":"Point","coordinates":[106.9625,-6.3009]},"properties":{"lst_celsius":32.31,"thermal_weight":0.793,"elevation_m":70.4,"land_cover":"Urban and Built-up Lands"}},{"type":"Feature","geometry":{"type":"Point","coordinates":[106.975,-6.3009]},"properties":{"lst_celsius":32.45,"thermal_weight":0.804,"elevation_m":70.4,"land_cover":"Urban and Built-up Lands"}},{"type":"Feature","geometry":{"type":"Point","coordinates":[106.9875,-6.3009]},"properties":{"lst_celsius":32.53,"thermal_weight":0.81,"elevation_m":70.4,"land_cover":"Urban and Built-up Lands"}},{"type":"Feature","geometry":{"type":"Point","coordinates":[107,-6.3009]},"properties":{"lst_celsius":32.53,"thermal_weight":0.81,"elevation_m":70.4,"land_cover":"Urban and Built-up Lands"}},{"type":"Feature","geometry":{"type":"Point","coordinates":[107.0125,-6.3009]},"properties":{"lst_celsius":32.47,"thermal_weight":0.805,"elevation_m":70.4,"land_cover":"Urban and Built-up Lands"}},{"type":"Feature","geometry":{"type":"Point","coordinates":[107.025,-6.3009]},"properties":{"lst_celsius":32.35,"thermal_weight":0.796,"elevation_m":70.4,"land_cover":"Urban and Built-up Lands"}},{"type":"Feature","geometry":{"type":"Point","coordinates":[107.0375,-6.3009]},"properties":{"lst_celsius":32.17,"thermal_weight":0.782,"elevation_m":70.4,"land_cover":"Urban and Built-up Lands"}},{"type":"Feature","geometry":{"type":"Point","coordinates":[107.05,-6.3009]},"properties":{"lst_celsius":31.95,"thermal_weight":0.765,"elevation_m":70.4,"land_cover":"Urban and Built-up Lands"}},{"type":"Feature","geometry":{"type":"Point","coordinates":[107.0625,-6.3009]},"properties":{"lst_celsius":32.38,"thermal_weight":0.798,"elevation_m":70.4,"land_cover":"Urban and Built-up Lands"}},{"type":"Feature","geometry":{"type":"Point","coordinates":[107.075,-6.3009]},"properties":{"lst_celsius":32.74,"thermal_weight":0.826,"elevation_m":70.4,"land_cover":"Urban and Built-up Lands"}},{"type":"Feature","geometry":{"type":"Point","coordinates":[107.0875,-6.3009]},"properties":{"lst_celsius":33.09,"thermal_weight":0.853,"elevation_m":70.4,"land_cover":"Urban and Built-up Lands"}},{"type":"Feature","geometry":{"type":"Point","coordinates":[107.1,-6.3009]},"properties":{"lst_celsius":33.44,"thermal_weight":0.88,"elevation_m":70.4,"land_cover":"Urban and Built-up Lands"}},{"type":"Feature","geometry":{"type":"Point","coordinates":[107.1125,-6.3009]},"properties":{"lst_celsius":33.79,"thermal_weight":0.907,"elevation_m":70.4,"land_cover":"Urban and Built-up Lands"}},{"type":"Feature","geometry":{"type":"Point","coordinates":[107.125,-6.3009]},"properties":{"lst_celsius":34.14,"thermal_weight":0.934,"elevation_m":70.4,"land_cover":"Urban and Built-up Lands"}},{"type":"Feature","geometry":{"type":"Point","coordinates":[107.1375,-6.3009]},"properties":{"lst_celsius":34.46,"thermal_weight":0.958,"elevation_m":70.4,"land_cover":"Urban and Built-up Lands"}},{"type":"Feature","geometry":{"type":"Point","coordinates":[107.15,-6.3009]},"properties":{"lst_celsius":34.64,"thermal_weight":0.972,"elevation_m":70.4,"land_cover":"Urban and Built-up Lands"}},{"type":"Feature","geometry":{"type":"Point","coordinates":[107.1625,-6.3009]},"properties":{"lst_celsius":34.46,"thermal_weight":0.958,"elevation_m":70.4,"land_cover":"Urban and Built-up Lands"}},{"type":"Feature","geometry":{"type":"Point","coordinates":[107.175,-6.3009]},"properties":{"lst_celsius":34.14,"thermal_weight":0.934,"elevation_m":70.4,"land_cover":"Urban and Built-up Lands"}},{"type":"Feature","geometry":{"type":"Point","coordinates":[107.1875,-6.3009]},"properties":{"lst_celsius":33.79,"thermal_weight":0.907,"elevation_m":70.4,"land_cover":"Urban and Built-up Lands"}},{"type":"Feature","geometry":{"type":"Point","coordinates":[107.2,-6.3009]},"properties":{"lst_celsius":33.44,"thermal_weight":0.88,"elevation_m":70.4,"land_cover":"Urban and Built-up Lands"}},{"type":"Feature","geometry":{"type":"Point","coordinates":[107.2125,-6.3009]},"properties":{"lst_celsius":33.09,"thermal_weight":0.853,"elevation_m":70.4,"land_cover":"Urban and Built-up Lands"}},{"type":"Feature","geometry":{"type":"Point","coordinates":[107.225,-6.3009]},"properties":{"lst_celsius":32.74,"thermal_weight":0.826,"elevation_m":70.4,"land_cover":"Urban and Built-up Lands"}},{"type":"Feature","geometry":{"type":"Point","coordinates":[107.2375,-6.3009]},"properties":{"lst_celsius":32.38,"thermal_weight":0.798,"elevation_m":70.4,"land_cover":"Urban and Built-up Lands"}},{"type":"Feature","geometry":{"type":"Point","coordinates":[107.25,-6.3009]},"properties":{"lst_celsius":32.02,"thermal_weight":0.771,"elevation_m":70.4,"land_cover":"Urban and Built-up Lands"}},{"type":"Feature","geometry":{"type":"Point","coordinates":[107.2625,-6.3009]},"properties":{"lst_celsius":31.67,"thermal_weight":0.744,"elevation_m":70.4,"land_cover":"Urban and Built-up Lands"}},{"type":"Feature","geometry":{"type":"Point","coordinates":[107.275,-6.3009]},"properties":{"lst_celsius":31.31,"thermal_weight":0.716,"elevation_m":70.4,"land_cover":"Urban and Built-up Lands"}},{"type":"Feature","geometry":{"type":"Point","coordinates":[107.2875,-6.3009]},"properties":{"lst_celsius":30.95,"thermal_weight":0.688,"elevation_m":70.4,"land_cover":"Urban and Built-up Lands"}},{"type":"Feature","geometry":{"type":"Point","coordinates":[107.3,-6.3009]},"properties":{"lst_celsius":30.59,"thermal_weight":0.661,"elevation_m":70.4,"land_cover":"Urban and Built-up Lands"}},{"type":"Feature","geometry":{"type":"Point","coordinates":[106.5,-6.2889]},"properties":{"lst_celsius":29.78,"thermal_weight":0.598,"elevation_m":65,"land_cover":"Cropland / Natural Vegetation Mosaics"}},{"type":"Feature","geometry":{"type":"Point","coordinates":[106.5125,-6.2889]},"properties":{"lst_celsius":29.78,"thermal_weight":0.598,"elevation_m":65,"land_cover":"Cropland / Natural Vegetation Mosaics"}},{"type":"Feature","geometry":{"type":"Point","coordinates":[106.525,-6.2889]},"properties":{"lst_celsius":29.78,"thermal_weight":0.598,"elevation_m":65,"land_cover":"Cropland / Natural Vegetation Mosaics"}},{"type":"Feature","geometry":{"type":"Point","coordinates":[106.5375,-6.2889]},"properties":{"lst_celsius":29.78,"thermal_weight":0.598,"elevation_m":65,"land_cover":"Cropland / Natural Vegetation Mosaics"}},{"type":"Feature","geometry":{"type":"Point","coordinates":[106.55,-6.2889]},"properties":{"lst_celsius":30.19,"thermal_weight":0.63,"elevation_m":65,"land_cover":"Urban and Built-up Lands"}},{"type":"Feature","geometry":{"type":"Point","coordinates":[106.5625,-6.2889]},"properties":{"lst_celsius":30.55,"thermal_weight":0.658,"elevation_m":65,"land_cover":"Urban and Built-up Lands"}},{"type":"Feature","geometry":{"type":"Point","coordinates":[106.575,-6.2889]},"properties":{"lst_celsius":30.91,"thermal_weight":0.685,"elevation_m":65,"land_cover":"Urban and Built-up Lands"}},{"type":"Feature","geometry":{"type":"Point","coordinates":[106.5875,-6.2889]},"properties":{"lst_celsius":31.27,"thermal_weight":0.713,"elevation_m":65,"land_cover":"Urban and Built-up Lands"}},{"type":"Feature","geometry":{"type":"Point","coordinates":[106.6,-6.2889]},"properties":{"lst_celsius":31.62,"thermal_weight":0.74,"elevation_m":65,"land_cover":"Urban and Built-up Lands"}},{"type":"Feature","geometry":{"type":"Point","coordinates":[106.6125,-6.2889]},"properties":{"lst_celsius":31.98,"thermal_weight":0.768,"elevation_m":65,"land_cover":"Urban and Built-up Lands"}},{"type":"Feature","geometry":{"type":"Point","coordinates":[106.625,-6.2889]},"properties":{"lst_celsius":32.33,"thermal_weight":0.795,"elevation_m":65,"land_cover":"Urban and Built-up Lands"}},{"type":"Feature","geometry":{"type":"Point","coordinates":[106.6375,-6.2889]},"properties":{"lst_celsius":32.68,"thermal_weight":0.822,"elevation_m":65,"land_cover":"Urban and Built-up Lands"}},{"type":"Feature","geometry":{"type":"Point","coordinates":[106.65,-6.2889]},"properties":{"lst_celsius":33.01,"thermal_weight":0.847,"elevation_m":65,"land_cover":"Urban and Built-up Lands"}},{"type":"Feature","geometry":{"type":"Point","coordinates":[106.6625,-6.2889]},"properties":{"lst_celsius":33.32,"thermal_weight":0.871,"elevation_m":65,"land_cover":"Urban and Built-up Lands"}},{"type":"Feature","geometry":{"type":"Point","coordinates":[106.675,-6.2889]},"properties":{"lst_celsius":33.48,"thermal_weight":0.883,"elevation_m":65,"land_cover":"Urban and Built-up Lands"}},{"type":"Feature","geometry":{"type":"Point","coordinates":[106.6875,-6.2889]},"properties":{"lst_celsius":33.32,"thermal_weight":0.871,"elevation_m":65,"land_cover":"Urban and Built-up Lands"}},{"type":"Feature","geometry":{"type":"Point","coordinates":[106.7,-6.2889]},"properties":{"lst_celsius":33.01,"thermal_weight":0.847,"elevation_m":65,"land_cover":"Urban and Built-up Lands"}},{"type":"Feature","geometry":{"type":"Point","coordinates":[106.7125,-6.2889]},"properties":{"lst_celsius":32.68,"thermal_weight":0.822,"elevation_m":65,"land_cover":"Urban and Built-up Lands"}},{"type":"Feature","geometry":{"type":"Point","coordinates":[106.725,-6.2889]},"properties":{"lst_celsius":32.33,"thermal_weight":0.795,"elevation_m":65,"land_cover":"Urban and Built-up Lands"}},{"type":"Feature","geometry":{"type":"Point","coordinates":[106.7375,-6.2889]},"properties":{"lst_celsius":31.98,"thermal_weight":0.768,"elevation_m":65,"land_cover":"Urban and Built-up Lands"}},{"type":"Feature","geometry":{"type":"Point","coordinates":[106.75,-6.2889]},"properties":{"lst_celsius":31.62,"thermal_weight":0.74,"elevation_m":65,"land_cover":"Urban and Built-up Lands"}},{"type":"Feature","geometry":{"type":"Point","coordinates":[106.7625,-6.2889]},"properties":{"lst_celsius":31.89,"thermal_weight":0.761,"elevation_m":65,"land_cover":"Urban and Built-up Lands"}},{"type":"Feature","geometry":{"type":"Point","coordinates":[106.775,-6.2889]},"properties":{"lst_celsius":32.15,"thermal_weight":0.781,"elevation_m":65,"land_cover":"Urban and Built-up Lands"}},{"type":"Feature","geometry":{"type":"Point","coordinates":[106.7875,-6.2889]},"properties":{"lst_celsius":32.37,"thermal_weight":0.798,"elevation_m":65,"land_cover":"Urban and Built-up Lands"}},{"type":"Feature","geometry":{"type":"Point","coordinates":[106.8,-6.2889]},"properties":{"lst_celsius":32.53,"thermal_weight":0.81,"elevation_m":65,"land_cover":"Urban and Built-up Lands"}},{"type":"Feature","geometry":{"type":"Point","coordinates":[106.8125,-6.2889]},"properties":{"lst_celsius":32.61,"thermal_weight":0.816,"elevation_m":65,"land_cover":"Urban and Built-up Lands"}},{"type":"Feature","geometry":{"type":"Point","coordinates":[106.825,-6.2889]},"properties":{"lst_celsius":32.57,"thermal_weight":0.813,"elevation_m":65,"land_cover":"Urban and Built-up Lands"}},{"type":"Feature","geometry":{"type":"Point","coordinates":[106.8375,-6.2889]},"properties":{"lst_celsius":32.45,"thermal_weight":0.804,"elevation_m":65,"land_cover":"Urban and Built-up Lands"}},{"type":"Feature","geometry":{"type":"Point","coordinates":[106.85,-6.2889]},"properties":{"lst_celsius":32.25,"thermal_weight":0.788,"elevation_m":65,"land_cover":"Urban and Built-up Lands"}},{"type":"Feature","geometry":{"type":"Point","coordinates":[106.8625,-6.2889]},"properties":{"lst_celsius":32,"thermal_weight":0.769,"elevation_m":65,"land_cover":"Urban and Built-up Lands"}},{"type":"Feature","geometry":{"type":"Point","coordinates":[106.875,-6.2889]},"properties":{"lst_celsius":31.71,"thermal_weight":0.747,"elevation_m":65,"land_cover":"Urban and Built-up Lands"}},{"type":"Feature","geometry":{"type":"Point","coordinates":[106.8875,-6.2889]},"properties":{"lst_celsius":31.4,"thermal_weight":0.723,"elevation_m":65,"land_cover":"Urban and Built-up Lands"}},{"type":"Feature","geometry":{"type":"Point","coordinates":[106.9,-6.2889]},"properties":{"lst_celsius":31.28,"thermal_weight":0.714,"elevation_m":65,"land_cover":"Urban and Built-up Lands"}},{"type":"Feature","geometry":{"type":"Point","coordinates":[106.9125,-6.2889]},"properties":{"lst_celsius":31.59,"thermal_weight":0.738,"elevation_m":65,"land_cover":"Urban and Built-up Lands"}},{"type":"Feature","geometry":{"type":"Point","coordinates":[106.925,-6.2889]},"properties":{"lst_celsius":31.89,"thermal_weight":0.761,"elevation_m":65,"land_cover":"Urban and Built-up Lands"}},{"type":"Feature","geometry":{"type":"Point","coordinates":[106.9375,-6.2889]},"properties":{"lst_celsius":32.17,"thermal_weight":0.782,"elevation_m":65,"land_cover":"Urban and Built-up Lands"}},{"type":"Feature","geometry":{"type":"Point","coordinates":[106.95,-6.2889]},"properties":{"lst_celsius":32.43,"thermal_weight":0.802,"elevation_m":65,"land_cover":"Urban and Built-up Lands"}},{"type":"Feature","geometry":{"type":"Point","coordinates":[106.9625,-6.2889]},"properties":{"lst_celsius":32.64,"thermal_weight":0.818,"elevation_m":65,"land_cover":"Urban and Built-up Lands"}},{"type":"Feature","geometry":{"type":"Point","coordinates":[106.975,-6.2889]},"properties":{"lst_celsius":32.8,"thermal_weight":0.831,"elevation_m":65,"land_cover":"Urban and Built-up Lands"}},{"type":"Feature","geometry":{"type":"Point","coordinates":[106.9875,-6.2889]},"properties":{"lst_celsius":32.89,"thermal_weight":0.838,"elevation_m":65,"land_cover":"Urban and Built-up Lands"}},{"type":"Feature","geometry":{"type":"Point","coordinates":[107,-6.2889]},"properties":{"lst_celsius":32.9,"thermal_weight":0.838,"elevation_m":65,"land_cover":"Urban and Built-up Lands"}},{"type":"Feature","geometry":{"type":"Point","coordinates":[107.0125,-6.2889]},"properties":{"lst_celsius":32.83,"thermal_weight":0.833,"elevation_m":65,"land_cover":"Urban and Built-up Lands"}},{"type":"Feature","geometry":{"type":"Point","coordinates":[107.025,-6.2889]},"properties":{"lst_celsius":32.68,"thermal_weight":0.822,"elevation_m":65,"land_cover":"Urban and Built-up Lands"}},{"type":"Feature","geometry":{"type":"Point","coordinates":[107.0375,-6.2889]},"properties":{"lst_celsius":32.47,"thermal_weight":0.805,"elevation_m":65,"land_cover":"Urban and Built-up Lands"}},{"type":"Feature","geometry":{"type":"Point","coordinates":[107.05,-6.2889]},"properties":{"lst_celsius":32.23,"thermal_weight":0.787,"elevation_m":65,"land_cover":"Urban and Built-up Lands"}},{"type":"Feature","geometry":{"type":"Point","coordinates":[107.0625,-6.2889]},"properties":{"lst_celsius":32.34,"thermal_weight":0.795,"elevation_m":65,"land_cover":"Urban and Built-up Lands"}},{"type":"Feature","geometry":{"type":"Point","coordinates":[107.075,-6.2889]},"properties":{"lst_celsius":32.68,"thermal_weight":0.822,"elevation_m":65,"land_cover":"Urban and Built-up Lands"}},{"type":"Feature","geometry":{"type":"Point","coordinates":[107.0875,-6.2889]},"properties":{"lst_celsius":33.02,"thermal_weight":0.848,"elevation_m":65,"land_cover":"Urban and Built-up Lands"}},{"type":"Feature","geometry":{"type":"Point","coordinates":[107.1,-6.2889]},"properties":{"lst_celsius":33.36,"thermal_weight":0.874,"elevation_m":65,"land_cover":"Urban and Built-up Lands"}},{"type":"Feature","geometry":{"type":"Point","coordinates":[107.1125,-6.2889]},"properties":{"lst_celsius":33.68,"thermal_weight":0.898,"elevation_m":65,"land_cover":"Urban and Built-up Lands"}},{"type":"Feature","geometry":{"type":"Point","coordinates":[107.125,-6.2889]},"properties":{"lst_celsius":33.97,"thermal_weight":0.921,"elevation_m":65,"land_cover":"Urban and Built-up Lands"}},{"type":"Feature","geometry":{"type":"Point","coordinates":[107.1375,-6.2889]},"properties":{"lst_celsius":34.2,"thermal_weight":0.938,"elevation_m":65,"land_cover":"Urban and Built-up Lands"}},{"type":"Feature","geometry":{"type":"Point","coordinates":[107.15,-6.2889]},"properties":{"lst_celsius":34.3,"thermal_weight":0.946,"elevation_m":65,"land_cover":"Urban and Built-up Lands"}},{"type":"Feature","geometry":{"type":"Point","coordinates":[107.1625,-6.2889]},"properties":{"lst_celsius":34.2,"thermal_weight":0.938,"elevation_m":65,"land_cover":"Urban and Built-up Lands"}},{"type":"Feature","geometry":{"type":"Point","coordinates":[107.175,-6.2889]},"properties":{"lst_celsius":33.97,"thermal_weight":0.921,"elevation_m":65,"land_cover":"Urban and Built-up Lands"}},{"type":"Feature","geometry":{"type":"Point","coordinates":[107.1875,-6.2889]},"properties":{"lst_celsius":33.68,"thermal_weight":0.898,"elevation_m":65,"land_cover":"Urban and Built-up Lands"}},{"type":"Feature","geometry":{"type":"Point","coordinates":[107.2,-6.2889]},"properties":{"lst_celsius":33.36,"thermal_weight":0.874,"elevation_m":65,"land_cover":"Urban and Built-up Lands"}},{"type":"Feature","geometry":{"type":"Point","coordinates":[107.2125,-6.2889]},"properties":{"lst_celsius":33.02,"thermal_weight":0.848,"elevation_m":65,"land_cover":"Urban and Built-up Lands"}},{"type":"Feature","geometry":{"type":"Point","coordinates":[107.225,-6.2889]},"properties":{"lst_celsius":32.68,"thermal_weight":0.822,"elevation_m":65,"land_cover":"Urban and Built-up Lands"}},{"type":"Feature","geometry":{"type":"Point","coordinates":[107.2375,-6.2889]},"properties":{"lst_celsius":32.34,"thermal_weight":0.795,"elevation_m":65,"land_cover":"Urban and Built-up Lands"}},{"type":"Feature","geometry":{"type":"Point","coordinates":[107.25,-6.2889]},"properties":{"lst_celsius":31.99,"thermal_weight":0.768,"elevation_m":65,"land_cover":"Urban and Built-up Lands"}},{"type":"Feature","geometry":{"type":"Point","coordinates":[107.2625,-6.2889]},"properties":{"lst_celsius":31.64,"thermal_weight":0.742,"elevation_m":65,"land_cover":"Urban and Built-up Lands"}},{"type":"Feature","geometry":{"type":"Point","coordinates":[107.275,-6.2889]},"properties":{"lst_celsius":31.29,"thermal_weight":0.715,"elevation_m":65,"land_cover":"Urban and Built-up Lands"}},{"type":"Feature","geometry":{"type":"Point","coordinates":[107.2875,-6.2889]},"properties":{"lst_celsius":30.94,"thermal_weight":0.688,"elevation_m":65,"land_cover":"Urban and Built-up Lands"}},{"type":"Feature","geometry":{"type":"Point","coordinates":[107.3,-6.2889]},"properties":{"lst_celsius":30.59,"thermal_weight":0.661,"elevation_m":65,"land_cover":"Urban and Built-up Lands"}},{"type":"Feature","geometry":{"type":"Point","coordinates":[106.5,-6.2769]},"properties":{"lst_celsius":29.81,"thermal_weight":0.601,"elevation_m":59.6,"land_cover":"Cropland / Natural Vegetation Mosaics"}},{"type":"Feature","geometry":{"type":"Point","coordinates":[106.5125,-6.2769]},"properties":{"lst_celsius":29.81,"thermal_weight":0.601,"elevation_m":59.6,"land_cover":"Cropland / Natural Vegetation Mosaics"}},{"type":"Feature","geometry":{"type":"Point","coordinates":[106.525,-6.2769]},"properties":{"lst_celsius":29.81,"thermal_weight":0.601,"elevation_m":59.6,"land_cover":"Cropland / Natural Vegetation Mosaics"}},{"type":"Feature","geometry":{"type":"Point","coordinates":[106.5375,-6.2769]},"properties":{"lst_celsius":30.08,"thermal_weight":0.622,"elevation_m":59.6,"land_cover":"Urban and Built-up Lands"}},{"type":"Feature","geometry":{"type":"Point","coordinates":[106.55,-6.2769]},"properties":{"lst_celsius":30.32,"thermal_weight":0.64,"elevation_m":59.6,"land_cover":"Urban and Built-up Lands"}},{"type":"Feature","geometry":{"type":"Point","coordinates":[106.5625,-6.2769]},"properties":{"lst_celsius":30.53,"thermal_weight":0.656,"elevation_m":59.6,"land_cover":"Urban and Built-up Lands"}},{"type":"Feature","geometry":{"type":"Point","coordinates":[106.575,-6.2769]},"properties":{"lst_celsius":30.88,"thermal_weight":0.683,"elevation_m":59.6,"land_cover":"Urban and Built-up Lands"}},{"type":"Feature","geometry":{"type":"Point","coordinates":[106.5875,-6.2769]},"properties":{"lst_celsius":31.22,"thermal_weight":0.709,"elevation_m":59.6,"land_cover":"Urban and Built-up Lands"}},{"type":"Feature","geometry":{"type":"Point","coordinates":[106.6,-6.2769]},"properties":{"lst_celsius":31.56,"thermal_weight":0.735,"elevation_m":59.6,"land_cover":"Urban and Built-up Lands"}},{"type":"Feature","geometry":{"type":"Point","coordinates":[106.6125,-6.2769]},"properties":{"lst_celsius":31.9,"thermal_weight":0.762,"elevation_m":59.6,"land_cover":"Urban and Built-up Lands"}},{"type":"Feature","geometry":{"type":"Point","coordinates":[106.625,-6.2769]},"properties":{"lst_celsius":32.23,"thermal_weight":0.787,"elevation_m":59.6,"land_cover":"Urban and Built-up Lands"}},{"type":"Feature","geometry":{"type":"Point","coordinates":[106.6375,-6.2769]},"properties":{"lst_celsius":32.54,"thermal_weight":0.811,"elevation_m":59.6,"land_cover":"Urban and Built-up Lands"}},{"type":"Feature","geometry":{"type":"Point","coordinates":[106.65,-6.2769]},"properties":{"lst_celsius":32.83,"thermal_weight":0.833,"elevation_m":59.6,"land_cover":"Urban and Built-up Lands"}},{"type":"Feature","geometry":{"type":"Point","coordinates":[106.6625,-6.2769]},"properties":{"lst_celsius":33.05,"thermal_weight":0.85,"elevation_m":59.6,"land_cover":"Urban and Built-up Lands"}},{"type":"Feature","geometry":{"type":"Point","coordinates":[106.675,-6.2769]},"properties":{"lst_celsius":33.14,"thermal_weight":0.857,"elevation_m":59.6,"land_cover":"Urban and Built-up Lands"}},{"type":"Feature","geometry":{"type":"Point","coordinates":[106.6875,-6.2769]},"properties":{"lst_celsius":33.05,"thermal_weight":0.85,"elevation_m":59.6,"land_cover":"Urban and Built-up Lands"}},{"type":"Feature","geometry":{"type":"Point","coordinates":[106.7,-6.2769]},"properties":{"lst_celsius":32.83,"thermal_weight":0.833,"elevation_m":59.6,"land_cover":"Urban and Built-up Lands"}},{"type":"Feature","geometry":{"type":"Point","coordinates":[106.7125,-6.2769]},"properties":{"lst_celsius":32.54,"thermal_weight":0.811,"elevation_m":59.6,"land_cover":"Urban and Built-up Lands"}},{"type":"Feature","geometry":{"type":"Point","coordinates":[106.725,-6.2769]},"properties":{"lst_celsius":32.23,"thermal_weight":0.787,"elevation_m":59.6,"land_cover":"Urban and Built-up Lands"}},{"type":"Feature","geometry":{"type":"Point","coordinates":[106.7375,-6.2769]},"properties":{"lst_celsius":31.9,"thermal_weight":0.762,"elevation_m":59.6,"land_cover":"Urban and Built-up Lands"}},{"type":"Feature","geometry":{"type":"Point","coordinates":[106.75,-6.2769]},"properties":{"lst_celsius":31.79,"thermal_weight":0.753,"elevation_m":59.6,"land_cover":"Urban and Built-up Lands"}},{"type":"Feature","geometry":{"type":"Point","coordinates":[106.7625,-6.2769]},"properties":{"lst_celsius":32.11,"thermal_weight":0.778,"elevation_m":59.6,"land_cover":"Urban and Built-up Lands"}},{"type":"Feature","geometry":{"type":"Point","coordinates":[106.775,-6.2769]},"properties":{"lst_celsius":32.41,"thermal_weight":0.801,"elevation_m":59.6,"land_cover":"Urban and Built-up Lands"}},{"type":"Feature","geometry":{"type":"Point","coordinates":[106.7875,-6.2769]},"properties":{"lst_celsius":32.67,"thermal_weight":0.821,"elevation_m":59.6,"land_cover":"Urban and Built-up Lands"}},{"type":"Feature","geometry":{"type":"Point","coordinates":[106.8,-6.2769]},"properties":{"lst_celsius":32.87,"thermal_weight":0.836,"elevation_m":59.6,"land_cover":"Urban and Built-up Lands"}},{"type":"Feature","geometry":{"type":"Point","coordinates":[106.8125,-6.2769]},"properties":{"lst_celsius":32.97,"thermal_weight":0.844,"elevation_m":59.6,"land_cover":"Urban and Built-up Lands"}},{"type":"Feature","geometry":{"type":"Point","coordinates":[106.825,-6.2769]},"properties":{"lst_celsius":32.93,"thermal_weight":0.841,"elevation_m":59.6,"land_cover":"Urban and Built-up Lands"}},{"type":"Feature","geometry":{"type":"Point","coordinates":[106.8375,-6.2769]},"properties":{"lst_celsius":32.76,"thermal_weight":0.828,"elevation_m":59.6,"land_cover":"Urban and Built-up Lands"}},{"type":"Feature","geometry":{"type":"Point","coordinates":[106.85,-6.2769]},"properties":{"lst_celsius":32.52,"thermal_weight":0.809,"elevation_m":59.6,"land_cover":"Urban and Built-up Lands"}},{"type":"Feature","geometry":{"type":"Point","coordinates":[106.8625,-6.2769]},"properties":{"lst_celsius":32.23,"thermal_weight":0.787,"elevation_m":59.6,"land_cover":"Urban and Built-up Lands"}},{"type":"Feature","geometry":{"type":"Point","coordinates":[106.875,-6.2769]},"properties":{"lst_celsius":31.92,"thermal_weight":0.763,"elevation_m":59.6,"land_cover":"Urban and Built-up Lands"}},{"type":"Feature","geometry":{"type":"Point","coordinates":[106.8875,-6.2769]},"properties":{"lst_celsius":31.59,"thermal_weight":0.738,"elevation_m":59.6,"land_cover":"Urban and Built-up Lands"}},{"type":"Feature","geometry":{"type":"Point","coordinates":[106.9,-6.2769]},"properties":{"lst_celsius":31.25,"thermal_weight":0.712,"elevation_m":59.6,"land_cover":"Urban and Built-up Lands"}},{"type":"Feature","geometry":{"type":"Point","coordinates":[106.9125,-6.2769]},"properties":{"lst_celsius":31.79,"thermal_weight":0.753,"elevation_m":59.6,"land_cover":"Urban and Built-up Lands"}},{"type":"Feature","geometry":{"type":"Point","coordinates":[106.925,-6.2769]},"properties":{"lst_celsius":32.11,"thermal_weight":0.778,"elevation_m":59.6,"land_cover":"Urban and Built-up Lands"}},{"type":"Feature","geometry":{"type":"Point","coordinates":[106.9375,-6.2769]},"properties":{"lst_celsius":32.42,"thermal_weight":0.802,"elevation_m":59.6,"land_cover":"Urban and Built-up Lands"}},{"type":"Feature","geometry":{"type":"Point","coordinates":[106.95,-6.2769]},"properties":{"lst_celsius":32.7,"thermal_weight":0.823,"elevation_m":59.6,"land_cover":"Urban and Built-up Lands"}},{"type":"Feature","geometry":{"type":"Point","coordinates":[106.9625,-6.2769]},"properties":{"lst_celsius":32.95,"thermal_weight":0.842,"elevation_m":59.6,"land_cover":"Urban and Built-up Lands"}},{"type":"Feature","geometry":{"type":"Point","coordinates":[106.975,-6.2769]},"properties":{"lst_celsius":33.14,"thermal_weight":0.857,"elevation_m":59.6,"land_cover":"Urban and Built-up Lands"}},{"type":"Feature","geometry":{"type":"Point","coordinates":[106.9875,-6.2769]},"properties":{"lst_celsius":33.25,"thermal_weight":0.865,"elevation_m":59.6,"land_cover":"Urban and Built-up Lands"}},{"type":"Feature","geometry":{"type":"Point","coordinates":[107,-6.2769]},"properties":{"lst_celsius":33.27,"thermal_weight":0.867,"elevation_m":59.6,"land_cover":"Urban and Built-up Lands"}},{"type":"Feature","geometry":{"type":"Point","coordinates":[107.0125,-6.2769]},"properties":{"lst_celsius":33.17,"thermal_weight":0.859,"elevation_m":59.6,"land_cover":"Urban and Built-up Lands"}},{"type":"Feature","geometry":{"type":"Point","coordinates":[107.025,-6.2769]},"properties":{"lst_celsius":32.99,"thermal_weight":0.845,"elevation_m":59.6,"land_cover":"Urban and Built-up Lands"}},{"type":"Feature","geometry":{"type":"Point","coordinates":[107.0375,-6.2769]},"properties":{"lst_celsius":32.75,"thermal_weight":0.827,"elevation_m":59.6,"land_cover":"Urban and Built-up Lands"}},{"type":"Feature","geometry":{"type":"Point","coordinates":[107.05,-6.2769]},"properties":{"lst_celsius":32.48,"thermal_weight":0.806,"elevation_m":59.6,"land_cover":"Urban and Built-up Lands"}},{"type":"Feature","geometry":{"type":"Point","coordinates":[107.0625,-6.2769]},"properties":{"lst_celsius":32.17,"thermal_weight":0.782,"elevation_m":59.6,"land_cover":"Urban and Built-up Lands"}},{"type":"Feature","geometry":{"type":"Point","coordinates":[107.075,-6.2769]},"properties":{"lst_celsius":32.58,"thermal_weight":0.814,"elevation_m":59.6,"land_cover":"Urban and Built-up Lands"}},{"type":"Feature","geometry":{"type":"Point","coordinates":[107.0875,-6.2769]},"properties":{"lst_celsius":32.9,"thermal_weight":0.838,"elevation_m":59.6,"land_cover":"Urban and Built-up Lands"}},{"type":"Feature","geometry":{"type":"Point","coordinates":[107.1,-6.2769]},"properties":{"lst_celsius":33.2,"thermal_weight":0.862,"elevation_m":59.6,"land_cover":"Urban and Built-up Lands"}},{"type":"Feature","geometry":{"type":"Point","coordinates":[107.1125,-6.2769]},"properties":{"lst_celsius":33.49,"thermal_weight":0.884,"elevation_m":59.6,"land_cover":"Urban and Built-up Lands"}},{"type":"Feature","geometry":{"type":"Point","coordinates":[107.125,-6.2769]},"properties":{"lst_celsius":33.73,"thermal_weight":0.902,"elevation_m":59.6,"land_cover":"Urban and Built-up Lands"}},{"type":"Feature","geometry":{"type":"Point","coordinates":[107.1375,-6.2769]},"properties":{"lst_celsius":33.9,"thermal_weight":0.915,"elevation_m":59.6,"land_cover":"Urban and Built-up Lands"}},{"type":"Feature","geometry":{"type":"Point","coordinates":[107.15,-6.2769]},"properties":{"lst_celsius":33.96,"thermal_weight":0.92,"elevation_m":59.6,"land_cover":"Urban and Built-up Lands"}},{"type":"Feature","geometry":{"type":"Point","coordinates":[107.1625,-6.2769]},"properties":{"lst_celsius":33.9,"thermal_weight":0.915,"elevation_m":59.6,"land_cover":"Urban and Built-up Lands"}},{"type":"Feature","geometry":{"type":"Point","coordinates":[107.175,-6.2769]},"properties":{"lst_celsius":33.73,"thermal_weight":0.902,"elevation_m":59.6,"land_cover":"Urban and Built-up Lands"}},{"type":"Feature","geometry":{"type":"Point","coordinates":[107.1875,-6.2769]},"properties":{"lst_celsius":33.49,"thermal_weight":0.884,"elevation_m":59.6,"land_cover":"Urban and Built-up Lands"}},{"type":"Feature","geometry":{"type":"Point","coordinates":[107.2,-6.2769]},"properties":{"lst_celsius":33.2,"thermal_weight":0.862,"elevation_m":59.6,"land_cover":"Urban and Built-up Lands"}},{"type":"Feature","geometry":{"type":"Point","coordinates":[107.2125,-6.2769]},"properties":{"lst_celsius":32.9,"thermal_weight":0.838,"elevation_m":59.6,"land_cover":"Urban and Built-up Lands"}},{"type":"Feature","geometry":{"type":"Point","coordinates":[107.225,-6.2769]},"properties":{"lst_celsius":32.58,"thermal_weight":0.814,"elevation_m":59.6,"land_cover":"Urban and Built-up Lands"}},{"type":"Feature","geometry":{"type":"Point","coordinates":[107.2375,-6.2769]},"properties":{"lst_celsius":32.26,"thermal_weight":0.789,"elevation_m":59.6,"land_cover":"Urban and Built-up Lands"}},{"type":"Feature","geometry":{"type":"Point","coordinates":[107.25,-6.2769]},"properties":{"lst_celsius":31.92,"thermal_weight":0.763,"elevation_m":59.6,"land_cover":"Urban and Built-up Lands"}},{"type":"Feature","geometry":{"type":"Point","coordinates":[107.2625,-6.2769]},"properties":{"lst_celsius":31.59,"thermal_weight":0.738,"elevation_m":59.6,"land_cover":"Urban and Built-up Lands"}},{"type":"Feature","geometry":{"type":"Point","coordinates":[107.275,-6.2769]},"properties":{"lst_celsius":31.25,"thermal_weight":0.712,"elevation_m":59.6,"land_cover":"Urban and Built-up Lands"}},{"type":"Feature","geometry":{"type":"Point","coordinates":[107.2875,-6.2769]},"properties":{"lst_celsius":30.9,"thermal_weight":0.685,"elevation_m":59.6,"land_cover":"Urban and Built-up Lands"}},{"type":"Feature","geometry":{"type":"Point","coordinates":[107.3,-6.2769]},"properties":{"lst_celsius":30.56,"thermal_weight":0.658,"elevation_m":59.6,"land_cover":"Urban and Built-up Lands"}},{"type":"Feature","geometry":{"type":"Point","coordinates":[106.5,-6.2648]},"properties":{"lst_celsius":29.85,"thermal_weight":0.604,"elevation_m":54.2,"land_cover":"Cropland / Natural Vegetation Mosaics"}},{"type":"Feature","geometry":{"type":"Point","coordinates":[106.5125,-6.2648]},"properties":{"lst_celsius":29.85,"thermal_weight":0.604,"elevation_m":54.2,"land_cover":"Cropland / Natural Vegetation Mosaics"}},{"type":"Feature","geometry":{"type":"Point","coordinates":[106.525,-6.2648]},"properties":{"lst_celsius":30.08,"thermal_weight":0.622,"elevation_m":54.2,"land_cover":"Urban and Built-up Lands"}},{"type":"Feature","geometry":{"type":"Point","coordinates":[106.5375,-6.2648]},"properties":{"lst_celsius":30.35,"thermal_weight":0.642,"elevation_m":54.2,"land_cover":"Urban and Built-up Lands"}},{"type":"Feature","geometry":{"type":"Point","coordinates":[106.55,-6.2648]},"properties":{"lst_celsius":30.61,"thermal_weight":0.662,"elevation_m":54.2,"land_cover":"Urban and Built-up Lands"}},{"type":"Feature","geometry":{"type":"Point","coordinates":[106.5625,-6.2648]},"properties":{"lst_celsius":30.85,"thermal_weight":0.681,"elevation_m":54.2,"land_cover":"Urban and Built-up Lands"}},{"type":"Feature","geometry":{"type":"Point","coordinates":[106.575,-6.2648]},"properties":{"lst_celsius":31.07,"thermal_weight":0.698,"elevation_m":54.2,"land_cover":"Urban and Built-up Lands"}},{"type":"Feature","geometry":{"type":"Point","coordinates":[106.5875,-6.2648]},"properties":{"lst_celsius":31.14,"thermal_weight":0.703,"elevation_m":54.2,"land_cover":"Urban and Built-up Lands"}},{"type":"Feature","geometry":{"type":"Point","coordinates":[106.6,-6.2648]},"properties":{"lst_celsius":31.46,"thermal_weight":0.728,"elevation_m":54.2,"land_cover":"Urban and Built-up Lands"}},{"type":"Feature","geometry":{"type":"Point","coordinates":[106.6125,-6.2648]},"properties":{"lst_celsius":31.78,"thermal_weight":0.752,"elevation_m":54.2,"land_cover":"Urban and Built-up Lands"}},{"type":"Feature","geometry":{"type":"Point","coordinates":[106.625,-6.2648]},"properties":{"lst_celsius":32.07,"thermal_weight":0.775,"elevation_m":54.2,"land_cover":"Urban and Built-up Lands"}},{"type":"Feature","geometry":{"type":"Point","coordinates":[106.6375,-6.2648]},"properties":{"lst_celsius":32.35,"thermal_weight":0.796,"elevation_m":54.2,"land_cover":"Urban and Built-up Lands"}},{"type":"Feature","geometry":{"type":"Point","coordinates":[106.65,-6.2648]},"properties":{"lst_celsius":32.58,"thermal_weight":0.814,"elevation_m":54.2,"land_cover":"Urban and Built-up Lands"}},{"type":"Feature","geometry":{"type":"Point","coordinates":[106.6625,-6.2648]},"properties":{"lst_celsius":32.75,"thermal_weight":0.827,"elevation_m":54.2,"land_cover":"Urban and Built-up Lands"}},{"type":"Feature","geometry":{"type":"Point","coordinates":[106.675,-6.2648]},"properties":{"lst_celsius":32.81,"thermal_weight":0.832,"elevation_m":54.2,"land_cover":"Urban and Built-up Lands"}},{"type":"Feature","geometry":{"type":"Point","coordinates":[106.6875,-6.2648]},"properties":{"lst_celsius":32.75,"thermal_weight":0.827,"elevation_m":54.2,"land_cover":"Urban and Built-up Lands"}},{"type":"Feature","geometry":{"type":"Point","coordinates":[106.7,-6.2648]},"properties":{"lst_celsius":32.58,"thermal_weight":0.814,"elevation_m":54.2,"land_cover":"Urban and Built-up Lands"}},{"type":"Feature","geometry":{"type":"Point","coordinates":[106.7125,-6.2648]},"properties":{"lst_celsius":32.35,"thermal_weight":0.796,"elevation_m":54.2,"land_cover":"Urban and Built-up Lands"}},{"type":"Feature","geometry":{"type":"Point","coordinates":[106.725,-6.2648]},"properties":{"lst_celsius":32.07,"thermal_weight":0.775,"elevation_m":54.2,"land_cover":"Urban and Built-up Lands"}},{"type":"Feature","geometry":{"type":"Point","coordinates":[106.7375,-6.2648]},"properties":{"lst_celsius":31.78,"thermal_weight":0.752,"elevation_m":54.2,"land_cover":"Urban and Built-up Lands"}},{"type":"Feature","geometry":{"type":"Point","coordinates":[106.75,-6.2648]},"properties":{"lst_celsius":31.93,"thermal_weight":0.764,"elevation_m":54.2,"land_cover":"Urban and Built-up Lands"}},{"type":"Feature","geometry":{"type":"Point","coordinates":[106.7625,-6.2648]},"properties":{"lst_celsius":32.28,"thermal_weight":0.791,"elevation_m":54.2,"land_cover":"Urban and Built-up Lands"}},{"type":"Feature","geometry":{"type":"Point","coordinates":[106.775,-6.2648]},"properties":{"lst_celsius":32.61,"thermal_weight":0.816,"elevation_m":54.2,"land_cover":"Urban and Built-up Lands"}},{"type":"Feature","geometry":{"type":"Point","coordinates":[106.7875,-6.2648]},"properties":{"lst_celsius":32.92,"thermal_weight":0.84,"elevation_m":54.2,"land_cover":"Urban and Built-up Lands"}},{"type":"Feature","geometry":{"type":"Point","coordinates":[106.8,-6.2648]},"properties":{"lst_celsius":33.18,"thermal_weight":0.86,"elevation_m":54.2,"land_cover":"Urban and Built-up Lands"}},{"type":"Feature","geometry":{"type":"Point","coordinates":[106.8125,-6.2648]},"properties":{"lst_celsius":33.32,"thermal_weight":0.871,"elevation_m":54.2,"land_cover":"Urban and Built-up Lands"}},{"type":"Feature","geometry":{"type":"Point","coordinates":[106.825,-6.2648]},"properties":{"lst_celsius":33.26,"thermal_weight":0.866,"elevation_m":54.2,"land_cover":"Urban and Built-up Lands"}},{"type":"Feature","geometry":{"type":"Point","coordinates":[106.8375,-6.2648]},"properties":{"lst_celsius":33.03,"thermal_weight":0.848,"elevation_m":54.2,"land_cover":"Urban and Built-up Lands"}},{"type":"Feature","geometry":{"type":"Point","coordinates":[106.85,-6.2648]},"properties":{"lst_celsius":32.74,"thermal_weight":0.826,"elevation_m":54.2,"land_cover":"Urban and Built-up Lands"}},{"type":"Feature","geometry":{"type":"Point","coordinates":[106.8625,-6.2648]},"properties":{"lst_celsius":32.41,"thermal_weight":0.801,"elevation_m":54.2,"land_cover":"Urban and Built-up Lands"}},{"type":"Feature","geometry":{"type":"Point","coordinates":[106.875,-6.2648]},"properties":{"lst_celsius":32.07,"thermal_weight":0.775,"elevation_m":54.2,"land_cover":"Urban and Built-up Lands"}},{"type":"Feature","geometry":{"type":"Point","coordinates":[106.8875,-6.2648]},"properties":{"lst_celsius":31.72,"thermal_weight":0.748,"elevation_m":54.2,"land_cover":"Urban and Built-up Lands"}},{"type":"Feature","geometry":{"type":"Point","coordinates":[106.9,-6.2648]},"properties":{"lst_celsius":31.6,"thermal_weight":0.738,"elevation_m":54.2,"land_cover":"Urban and Built-up Lands"}},{"type":"Feature","geometry":{"type":"Point","coordinates":[106.9125,-6.2648]},"properties":{"lst_celsius":31.95,"thermal_weight":0.765,"elevation_m":54.2,"land_cover":"Urban and Built-up Lands"}},{"type":"Feature","geometry":{"type":"Point","coordinates":[106.925,-6.2648]},"properties":{"lst_celsius":32.29,"thermal_weight":0.792,"elevation_m":54.2,"land_cover":"Urban and Built-up Lands"}},{"type":"Feature","geometry":{"type":"Point","coordinates":[106.9375,-6.2648]},"properties":{"lst_celsius":32.62,"thermal_weight":0.817,"elevation_m":54.2,"land_cover":"Urban and Built-up Lands"}},{"type":"Feature","geometry":{"type":"Point","coordinates":[106.95,-6.2648]},"properties":{"lst_celsius":32.93,"thermal_weight":0.841,"elevation_m":54.2,"land_cover":"Urban and Built-up Lands"}},{"type":"Feature","geometry":{"type":"Point","coordinates":[106.9625,-6.2648]},"properties":{"lst_celsius":33.22,"thermal_weight":0.863,"elevation_m":54.2,"land_cover":"Urban and Built-up Lands"}},{"type":"Feature","geometry":{"type":"Point","coordinates":[106.975,-6.2648]},"properties":{"lst_celsius":33.46,"thermal_weight":0.882,"elevation_m":54.2,"land_cover":"Urban and Built-up Lands"}},{"type":"Feature","geometry":{"type":"Point","coordinates":[106.9875,-6.2648]},"properties":{"lst_celsius":33.61,"thermal_weight":0.893,"elevation_m":54.2,"land_cover":"Urban and Built-up Lands"}},{"type":"Feature","geometry":{"type":"Point","coordinates":[107,-6.2648]},"properties":{"lst_celsius":33.62,"thermal_weight":0.894,"elevation_m":54.2,"land_cover":"Urban and Built-up Lands"}},{"type":"Feature","geometry":{"type":"Point","coordinates":[107.0125,-6.2648]},"properties":{"lst_celsius":33.49,"thermal_weight":0.884,"elevation_m":54.2,"land_cover":"Urban and Built-up Lands"}},{"type":"Feature","geometry":{"type":"Point","coordinates":[107.025,-6.2648]},"properties":{"lst_celsius":33.27,"thermal_weight":0.867,"elevation_m":54.2,"land_cover":"Urban and Built-up Lands"}},{"type":"Feature","geometry":{"type":"Point","coordinates":[107.0375,-6.2648]},"properties":{"lst_celsius":32.99,"thermal_weight":0.845,"elevation_m":54.2,"land_cover":"Urban and Built-up Lands"}},{"type":"Feature","geometry":{"type":"Point","coordinates":[107.05,-6.2648]},"properties":{"lst_celsius":32.68,"thermal_weight":0.822,"elevation_m":54.2,"land_cover":"Urban and Built-up Lands"}},{"type":"Feature","geometry":{"type":"Point","coordinates":[107.0625,-6.2648]},"properties":{"lst_celsius":32.35,"thermal_weight":0.796,"elevation_m":54.2,"land_cover":"Urban and Built-up Lands"}},{"type":"Feature","geometry":{"type":"Point","coordinates":[107.075,-6.2648]},"properties":{"lst_celsius":32.44,"thermal_weight":0.803,"elevation_m":54.2,"land_cover":"Urban and Built-up Lands"}},{"type":"Feature","geometry":{"type":"Point","coordinates":[107.0875,-6.2648]},"properties":{"lst_celsius":32.74,"thermal_weight":0.826,"elevation_m":54.2,"land_cover":"Urban and Built-up Lands"}},{"type":"Feature","geometry":{"type":"Point","coordinates":[107.1,-6.2648]},"properties":{"lst_celsius":33.01,"thermal_weight":0.847,"elevation_m":54.2,"land_cover":"Urban and Built-up Lands"}},{"type":"Feature","geometry":{"type":"Point","coordinates":[107.1125,-6.2648]},"properties":{"lst_celsius":33.25,"thermal_weight":0.865,"elevation_m":54.2,"land_cover":"Urban and Built-up Lands"}},{"type":"Feature","geometry":{"type":"Point","coordinates":[107.125,-6.2648]},"properties":{"lst_celsius":33.45,"thermal_weight":0.881,"elevation_m":54.2,"land_cover":"Urban and Built-up Lands"}},{"type":"Feature","geometry":{"type":"Point","coordinates":[107.1375,-6.2648]},"properties":{"lst_celsius":33.58,"thermal_weight":0.891,"elevation_m":54.2,"land_cover":"Urban and Built-up Lands"}},{"type":"Feature","geometry":{"type":"Point","coordinates":[107.15,-6.2648]},"properties":{"lst_celsius":33.63,"thermal_weight":0.895,"elevation_m":54.2,"land_cover":"Urban and Built-up Lands"}},{"type":"Feature","geometry":{"type":"Point","coordinates":[107.1625,-6.2648]},"properties":{"lst_celsius":33.58,"thermal_weight":0.891,"elevation_m":54.2,"land_cover":"Urban and Built-up Lands"}},{"type":"Feature","geometry":{"type":"Point","coordinates":[107.175,-6.2648]},"properties":{"lst_celsius":33.45,"thermal_weight":0.881,"elevation_m":54.2,"land_cover":"Urban and Built-up Lands"}},{"type":"Feature","geometry":{"type":"Point","coordinates":[107.1875,-6.2648]},"properties":{"lst_celsius":33.25,"thermal_weight":0.865,"elevation_m":54.2,"land_cover":"Urban and Built-up Lands"}},{"type":"Feature","geometry":{"type":"Point","coordinates":[107.2,-6.2648]},"properties":{"lst_celsius":33.01,"thermal_weight":0.847,"elevation_m":54.2,"land_cover":"Urban and Built-up Lands"}},{"type":"Feature","geometry":{"type":"Point","coordinates":[107.2125,-6.2648]},"properties":{"lst_celsius":32.74,"thermal_weight":0.826,"elevation_m":54.2,"land_cover":"Urban and Built-up Lands"}},{"type":"Feature","geometry":{"type":"Point","coordinates":[107.225,-6.2648]},"properties":{"lst_celsius":32.44,"thermal_weight":0.803,"elevation_m":54.2,"land_cover":"Urban and Built-up Lands"}},{"type":"Feature","geometry":{"type":"Point","coordinates":[107.2375,-6.2648]},"properties":{"lst_celsius":32.14,"thermal_weight":0.78,"elevation_m":54.2,"land_cover":"Urban and Built-up Lands"}},{"type":"Feature","geometry":{"type":"Point","coordinates":[107.25,-6.2648]},"properties":{"lst_celsius":31.82,"thermal_weight":0.755,"elevation_m":54.2,"land_cover":"Urban and Built-up Lands"}},{"type":"Feature","geometry":{"type":"Point","coordinates":[107.2625,-6.2648]},"properties":{"lst_celsius":31.5,"thermal_weight":0.731,"elevation_m":54.2,"land_cover":"Urban and Built-up Lands"}},{"type":"Feature","geometry":{"type":"Point","coordinates":[107.275,-6.2648]},"properties":{"lst_celsius":31.17,"thermal_weight":0.705,"elevation_m":54.2,"land_cover":"Urban and Built-up Lands"}},{"type":"Feature","geometry":{"type":"Point","coordinates":[107.2875,-6.2648]},"properties":{"lst_celsius":30.84,"thermal_weight":0.68,"elevation_m":54.2,"land_cover":"Urban and Built-up Lands"}},{"type":"Feature","geometry":{"type":"Point","coordinates":[107.3,-6.2648]},"properties":{"lst_celsius":30.5,"thermal_weight":0.654,"elevation_m":54.2,"land_cover":"Urban and Built-up Lands"}},{"type":"Feature","geometry":{"type":"Point","coordinates":[106.5,-6.2528]},"properties":{"lst_celsius":29.88,"thermal_weight":0.606,"elevation_m":48.8,"land_cover":"Cropland / Natural Vegetation Mosaics"}},{"type":"Feature","geometry":{"type":"Point","coordinates":[106.5125,-6.2528]},"properties":{"lst_celsius":29.88,"thermal_weight":0.606,"elevation_m":48.8,"land_cover":"Cropland / Natural Vegetation Mosaics"}},{"type":"Feature","geometry":{"type":"Point","coordinates":[106.525,-6.2528]},"properties":{"lst_celsius":30.32,"thermal_weight":0.64,"elevation_m":48.8,"land_cover":"Urban and Built-up Lands"}},{"type":"Feature","geometry":{"type":"Point","coordinates":[106.5375,-6.2528]},"properties":{"lst_celsius":30.61,"thermal_weight":0.662,"elevation_m":48.8,"land_cover":"Urban and Built-up Lands"}},{"type":"Feature","geometry":{"type":"Point","coordinates":[106.55,-6.2528]},"properties":{"lst_celsius":30.88,"thermal_weight":0.683,"elevation_m":48.8,"land_cover":"Urban and Built-up Lands"}},{"type":"Feature","geometry":{"type":"Point","coordinates":[106.5625,-6.2528]},"properties":{"lst_celsius":31.14,"thermal_weight":0.703,"elevation_m":48.8,"land_cover":"Urban and Built-up Lands"}},{"type":"Feature","geometry":{"type":"Point","coordinates":[106.575,-6.2528]},"properties":{"lst_celsius":31.37,"thermal_weight":0.721,"elevation_m":48.8,"land_cover":"Urban and Built-up Lands"}},{"type":"Feature","geometry":{"type":"Point","coordinates":[106.5875,-6.2528]},"properties":{"lst_celsius":31.58,"thermal_weight":0.737,"elevation_m":48.8,"land_cover":"Urban and Built-up Lands"}},{"type":"Feature","geometry":{"type":"Point","coordinates":[106.6,-6.2528]},"properties":{"lst_celsius":31.75,"thermal_weight":0.75,"elevation_m":48.8,"land_cover":"Urban and Built-up Lands"}},{"type":"Feature","geometry":{"type":"Point","coordinates":[106.6125,-6.2528]},"properties":{"lst_celsius":31.87,"thermal_weight":0.759,"elevation_m":48.8,"land_cover":"Urban and Built-up Lands"}},{"type":"Feature","geometry":{"type":"Point","coordinates":[106.625,-6.2528]},"properties":{"lst_celsius":31.88,"thermal_weight":0.76,"elevation_m":48.8,"land_cover":"Urban and Built-up Lands"}},{"type":"Feature","geometry":{"type":"Point","coordinates":[106.6375,-6.2528]},"properties":{"lst_celsius":32.11,"thermal_weight":0.778,"elevation_m":48.8,"land_cover":"Urban and Built-up Lands"}},{"type":"Feature","geometry":{"type":"Point","coordinates":[106.65,-6.2528]},"properties":{"lst_celsius":32.31,"thermal_weight":0.793,"elevation_m":48.8,"land_cover":"Urban and Built-up Lands"}},{"type":"Feature","geometry":{"type":"Point","coordinates":[106.6625,-6.2528]},"properties":{"lst_celsius":32.43,"thermal_weight":0.802,"elevation_m":48.8,"land_cover":"Urban and Built-up Lands"}},{"type":"Feature","geometry":{"type":"Point","coordinates":[106.675,-6.2528]},"properties":{"lst_celsius":32.48,"thermal_weight":0.806,"elevation_m":48.8,"land_cover":"Urban and Built-up Lands"}},{"type":"Feature","geometry":{"type":"Point","coordinates":[106.6875,-6.2528]},"properties":{"lst_celsius":32.43,"thermal_weight":0.802,"elevation_m":48.8,"land_cover":"Urban and Built-up Lands"}},{"type":"Feature","geometry":{"type":"Point","coordinates":[106.7,-6.2528]},"properties":{"lst_celsius":32.31,"thermal_weight":0.793,"elevation_m":48.8,"land_cover":"Urban and Built-up Lands"}},{"type":"Feature","geometry":{"type":"Point","coordinates":[106.7125,-6.2528]},"properties":{"lst_celsius":32.11,"thermal_weight":0.778,"elevation_m":48.8,"land_cover":"Urban and Built-up Lands"}},{"type":"Feature","geometry":{"type":"Point","coordinates":[106.725,-6.2528]},"properties":{"lst_celsius":31.88,"thermal_weight":0.76,"elevation_m":48.8,"land_cover":"Urban and Built-up Lands"}},{"type":"Feature","geometry":{"type":"Point","coordinates":[106.7375,-6.2528]},"properties":{"lst_celsius":31.67,"thermal_weight":0.744,"elevation_m":48.8,"land_cover":"Urban and Built-up Lands"}},{"type":"Feature","geometry":{"type":"Point","coordinates":[106.75,-6.2528]},"properties":{"lst_celsius":32.02,"thermal_weight":0.771,"elevation_m":48.8,"land_cover":"Urban and Built-up Lands"}},{"type":"Feature","geometry":{"type":"Point","coordinates":[106.7625,-6.2528]},"properties":{"lst_celsius":32.38,"thermal_weight":0.798,"elevation_m":48.8,"land_cover":"Urban and Built-up Lands"}},{"type":"Feature","geometry":{"type":"Point","coordinates":[106.775,-6.2528]},"properties":{"lst_celsius":32.73,"thermal_weight":0.825,"elevation_m":48.8,"land_cover":"Urban and Built-up Lands"}},{"type":"Feature","geometry":{"type":"Point","coordinates":[106.7875,-6.2528]},"properties":{"lst_celsius":33.08,"thermal_weight":0.852,"elevation_m":48.8,"land_cover":"Urban and Built-up Lands"}},{"type":"Feature","geometry":{"type":"Point","coordinates":[106.8,-6.2528]},"properties":{"lst_celsius":33.42,"thermal_weight":0.878,"elevation_m":48.8,"land_cover":"Urban and Built-up Lands"}},{"type":"Feature","geometry":{"type":"Point","coordinates":[106.8125,-6.2528]},"properties":{"lst_celsius":33.67,"thermal_weight":0.898,"elevation_m":48.8,"land_cover":"Urban and Built-up Lands"}},{"type":"Feature","geometry":{"type":"Point","coordinates":[106.825,-6.2528]},"properties":{"lst_celsius":33.54,"thermal_weight":0.888,"elevation_m":48.8,"land_cover":"Urban and Built-up Lands"}},{"type":"Feature","geometry":{"type":"Point","coordinates":[106.8375,-6.2528]},"properties":{"lst_celsius":33.22,"thermal_weight":0.863,"elevation_m":48.8,"land_cover":"Urban and Built-up Lands"}},{"type":"Feature","geometry":{"type":"Point","coordinates":[106.85,-6.2528]},"properties":{"lst_celsius":32.87,"thermal_weight":0.836,"elevation_m":48.8,"land_cover":"Urban and Built-up Lands"}},{"type":"Feature","geometry":{"type":"Point","coordinates":[106.8625,-6.2528]},"properties":{"lst_celsius":32.52,"thermal_weight":0.809,"elevation_m":48.8,"land_cover":"Urban and Built-up Lands"}},{"type":"Feature","geometry":{"type":"Point","coordinates":[106.875,-6.2528]},"properties":{"lst_celsius":32.16,"thermal_weight":0.782,"elevation_m":48.8,"land_cover":"Urban and Built-up Lands"}},{"type":"Feature","geometry":{"type":"Point","coordinates":[106.8875,-6.2528]},"properties":{"lst_celsius":31.81,"thermal_weight":0.755,"elevation_m":48.8,"land_cover":"Urban and Built-up Lands"}},{"type":"Feature","geometry":{"type":"Point","coordinates":[106.9,-6.2528]},"properties":{"lst_celsius":31.71,"thermal_weight":0.747,"elevation_m":48.8,"land_cover":"Urban and Built-up Lands"}},{"type":"Feature","geometry":{"type":"Point","coordinates":[106.9125,-6.2528]},"properties":{"lst_celsius":32.06,"thermal_weight":0.774,"elevation_m":48.8,"land_cover":"Urban and Built-up Lands"}},{"type":"Feature","geometry":{"type":"Point","coordinates":[106.925,-6.2528]},"properties":{"lst_celsius":32.42,"thermal_weight":0.802,"elevation_m":48.8,"land_cover":"Urban and Built-up Lands"}},{"type":"Feature","geometry":{"type":"Point","coordinates":[106.9375,-6.2528]},"properties":{"lst_celsius":32.76,"thermal_weight":0.828,"elevation_m":48.8,"land_cover":"Urban and Built-up Lands"}},{"type":"Feature","geometry":{"type":"Point","coordinates":[106.95,-6.2528]},"properties":{"lst_celsius":33.1,"thermal_weight":0.854,"elevation_m":48.8,"land_cover":"Urban and Built-up Lands"}},{"type":"Feature","geometry":{"type":"Point","coordinates":[106.9625,-6.2528]},"properties":{"lst_celsius":33.43,"thermal_weight":0.879,"elevation_m":48.8,"land_cover":"Urban and Built-up Lands"}},{"type":"Feature","geometry":{"type":"Point","coordinates":[106.975,-6.2528]},"properties":{"lst_celsius":33.73,"thermal_weight":0.902,"elevation_m":48.8,"land_cover":"Urban and Built-up Lands"}},{"type":"Feature","geometry":{"type":"Point","coordinates":[106.9875,-6.2528]},"properties":{"lst_celsius":33.94,"thermal_weight":0.918,"elevation_m":48.8,"land_cover":"Urban and Built-up Lands"}},{"type":"Feature","geometry":{"type":"Point","coordinates":[107,-6.2528]},"properties":{"lst_celsius":33.97,"thermal_weight":0.921,"elevation_m":48.8,"land_cover":"Urban and Built-up Lands"}},{"type":"Feature","geometry":{"type":"Point","coordinates":[107.0125,-6.2528]},"properties":{"lst_celsius":33.78,"thermal_weight":0.906,"elevation_m":48.8,"land_cover":"Urban and Built-up Lands"}},{"type":"Feature","geometry":{"type":"Point","coordinates":[107.025,-6.2528]},"properties":{"lst_celsius":33.49,"thermal_weight":0.884,"elevation_m":48.8,"land_cover":"Urban and Built-up Lands"}},{"type":"Feature","geometry":{"type":"Point","coordinates":[107.0375,-6.2528]},"properties":{"lst_celsius":33.17,"thermal_weight":0.859,"elevation_m":48.8,"land_cover":"Urban and Built-up Lands"}},{"type":"Feature","geometry":{"type":"Point","coordinates":[107.05,-6.2528]},"properties":{"lst_celsius":32.83,"thermal_weight":0.833,"elevation_m":48.8,"land_cover":"Urban and Built-up Lands"}},{"type":"Feature","geometry":{"type":"Point","coordinates":[107.0625,-6.2528]},"properties":{"lst_celsius":32.49,"thermal_weight":0.807,"elevation_m":48.8,"land_cover":"Urban and Built-up Lands"}},{"type":"Feature","geometry":{"type":"Point","coordinates":[107.075,-6.2528]},"properties":{"lst_celsius":32.14,"thermal_weight":0.78,"elevation_m":48.8,"land_cover":"Urban and Built-up Lands"}},{"type":"Feature","geometry":{"type":"Point","coordinates":[107.0875,-6.2528]},"properties":{"lst_celsius":32.54,"thermal_weight":0.811,"elevation_m":48.8,"land_cover":"Urban and Built-up Lands"}},{"type":"Feature","geometry":{"type":"Point","coordinates":[107.1,-6.2528]},"properties":{"lst_celsius":32.78,"thermal_weight":0.829,"elevation_m":48.8,"land_cover":"Urban and Built-up Lands"}},{"type":"Feature","geometry":{"type":"Point","coordinates":[107.1125,-6.2528]},"properties":{"lst_celsius":32.99,"thermal_weight":0.845,"elevation_m":48.8,"land_cover":"Urban and Built-up Lands"}},{"type":"Feature","geometry":{"type":"Point","coordinates":[107.125,-6.2528]},"properties":{"lst_celsius":33.16,"thermal_weight":0.858,"elevation_m":48.8,"land_cover":"Urban and Built-up Lands"}},{"type":"Feature","geometry":{"type":"Point","coordinates":[107.1375,-6.2528]},"properties":{"lst_celsius":33.27,"thermal_weight":0.867,"elevation_m":48.8,"land_cover":"Urban and Built-up Lands"}},{"type":"Feature","geometry":{"type":"Point","coordinates":[107.15,-6.2528]},"properties":{"lst_celsius":33.31,"thermal_weight":0.87,"elevation_m":48.8,"land_cover":"Urban and Built-up Lands"}},{"type":"Feature","geometry":{"type":"Point","coordinates":[107.1625,-6.2528]},"properties":{"lst_celsius":33.27,"thermal_weight":0.867,"elevation_m":48.8,"land_cover":"Urban and Built-up Lands"}},{"type":"Feature","geometry":{"type":"Point","coordinates":[107.175,-6.2528]},"properties":{"lst_celsius":33.16,"thermal_weight":0.858,"elevation_m":48.8,"land_cover":"Urban and Built-up Lands"}},{"type":"Feature","geometry":{"type":"Point","coordinates":[107.1875,-6.2528]},"properties":{"lst_celsius":32.99,"thermal_weight":0.845,"elevation_m":48.8,"land_cover":"Urban and Built-up Lands"}},{"type":"Feature","geometry":{"type":"Point","coordinates":[107.2,-6.2528]},"properties":{"lst_celsius":32.78,"thermal_weight":0.829,"elevation_m":48.8,"land_cover":"Urban and Built-up Lands"}},{"type":"Feature","geometry":{"type":"Point","coordinates":[107.2125,-6.2528]},"properties":{"lst_celsius":32.54,"thermal_weight":0.811,"elevation_m":48.8,"land_cover":"Urban and Built-up Lands"}},{"type":"Feature","geometry":{"type":"Point","coordinates":[107.225,-6.2528]},"properties":{"lst_celsius":32.27,"thermal_weight":0.79,"elevation_m":48.8,"land_cover":"Urban and Built-up Lands"}},{"type":"Feature","geometry":{"type":"Point","coordinates":[107.2375,-6.2528]},"properties":{"lst_celsius":31.99,"thermal_weight":0.768,"elevation_m":48.8,"land_cover":"Urban and Built-up Lands"}},{"type":"Feature","geometry":{"type":"Point","coordinates":[107.25,-6.2528]},"properties":{"lst_celsius":31.69,"thermal_weight":0.745,"elevation_m":48.8,"land_cover":"Urban and Built-up Lands"}},{"type":"Feature","geometry":{"type":"Point","coordinates":[107.2625,-6.2528]},"properties":{"lst_celsius":31.38,"thermal_weight":0.722,"elevation_m":48.8,"land_cover":"Urban and Built-up Lands"}},{"type":"Feature","geometry":{"type":"Point","coordinates":[107.275,-6.2528]},"properties":{"lst_celsius":31.07,"thermal_weight":0.698,"elevation_m":48.8,"land_cover":"Urban and Built-up Lands"}},{"type":"Feature","geometry":{"type":"Point","coordinates":[107.2875,-6.2528]},"properties":{"lst_celsius":30.75,"thermal_weight":0.673,"elevation_m":48.8,"land_cover":"Urban and Built-up Lands"}},{"type":"Feature","geometry":{"type":"Point","coordinates":[107.3,-6.2528]},"properties":{"lst_celsius":30.43,"thermal_weight":0.648,"elevation_m":48.8,"land_cover":"Urban and Built-up Lands"}},{"type":"Feature","geometry":{"type":"Point","coordinates":[106.5,-6.2407]},"properties":{"lst_celsius":29.92,"thermal_weight":0.609,"elevation_m":43.3,"land_cover":"Cropland / Natural Vegetation Mosaics"}},{"type":"Feature","geometry":{"type":"Point","coordinates":[106.5125,-6.2407]},"properties":{"lst_celsius":30.23,"thermal_weight":0.633,"elevation_m":43.3,"land_cover":"Urban and Built-up Lands"}},{"type":"Feature","geometry":{"type":"Point","coordinates":[106.525,-6.2407]},"properties":{"lst_celsius":30.54,"thermal_weight":0.657,"elevation_m":43.3,"land_cover":"Urban and Built-up Lands"}},{"type":"Feature","geometry":{"type":"Point","coordinates":[106.5375,-6.2407]},"properties":{"lst_celsius":30.84,"thermal_weight":0.68,"elevation_m":43.3,"land_cover":"Urban and Built-up Lands"}},{"type":"Feature","geometry":{"type":"Point","coordinates":[106.55,-6.2407]},"properties":{"lst_celsius":31.13,"thermal_weight":0.702,"elevation_m":43.3,"land_cover":"Urban and Built-up Lands"}},{"type":"Feature","geometry":{"type":"Point","coordinates":[106.5625,-6.2407]},"properties":{"lst_celsius":31.41,"thermal_weight":0.724,"elevation_m":43.3,"land_cover":"Urban and Built-up Lands"}},{"type":"Feature","geometry":{"type":"Point","coordinates":[106.575,-6.2407]},"properties":{"lst_celsius":31.66,"thermal_weight":0.743,"elevation_m":43.3,"land_cover":"Urban and Built-up Lands"}},{"type":"Feature","geometry":{"type":"Point","coordinates":[106.5875,-6.2407]},"properties":{"lst_celsius":31.88,"thermal_weight":0.76,"elevation_m":43.3,"land_cover":"Urban and Built-up Lands"}},{"type":"Feature","geometry":{"type":"Point","coordinates":[106.6,-6.2407]},"properties":{"lst_celsius":32.07,"thermal_weight":0.775,"elevation_m":43.3,"land_cover":"Urban and Built-up Lands"}},{"type":"Feature","geometry":{"type":"Point","coordinates":[106.6125,-6.2407]},"properties":{"lst_celsius":32.22,"thermal_weight":0.786,"elevation_m":43.3,"land_cover":"Urban and Built-up Lands"}},{"type":"Feature","geometry":{"type":"Point","coordinates":[106.625,-6.2407]},"properties":{"lst_celsius":32.3,"thermal_weight":0.792,"elevation_m":43.3,"land_cover":"Urban and Built-up Lands"}},{"type":"Feature","geometry":{"type":"Point","coordinates":[106.6375,-6.2407]},"properties":{"lst_celsius":32.32,"thermal_weight":0.794,"elevation_m":43.3,"land_cover":"Urban and Built-up Lands"}},{"type":"Feature","geometry":{"type":"Point","coordinates":[106.65,-6.2407]},"properties":{"lst_celsius":32.28,"thermal_weight":0.791,"elevation_m":43.3,"land_cover":"Urban and Built-up Lands"}},{"type":"Feature","geometry":{"type":"Point","coordinates":[106.6625,-6.2407]},"properties":{"lst_celsius":32.12,"thermal_weight":0.778,"elevation_m":43.3,"land_cover":"Urban and Built-up Lands"}},{"type":"Feature","geometry":{"type":"Point","coordinates":[106.675,-6.2407]},"properties":{"lst_celsius":32.16,"thermal_weight":0.782,"elevation_m":43.3,"land_cover":"Urban and Built-up Lands"}},{"type":"Feature","geometry":{"type":"Point","coordinates":[106.6875,-6.2407]},"properties":{"lst_celsius":32.12,"thermal_weight":0.778,"elevation_m":43.3,"land_cover":"Urban and Built-up Lands"}},{"type":"Feature","geometry":{"type":"Point","coordinates":[106.7,-6.2407]},"properties":{"lst_celsius":32.02,"thermal_weight":0.771,"elevation_m":43.3,"land_cover":"Urban and Built-up Lands"}},{"type":"Feature","geometry":{"type":"Point","coordinates":[106.7125,-6.2407]},"properties":{"lst_celsius":31.86,"thermal_weight":0.758,"elevation_m":43.3,"land_cover":"Urban and Built-up Lands"}},{"type":"Feature","geometry":{"type":"Point","coordinates":[106.725,-6.2407]},"properties":{"lst_celsius":31.65,"thermal_weight":0.742,"elevation_m":43.3,"land_cover":"Urban and Built-up Lands"}},{"type":"Feature","geometry":{"type":"Point","coordinates":[106.7375,-6.2407]},"properties":{"lst_celsius":31.69,"thermal_weight":0.745,"elevation_m":43.3,"land_cover":"Urban and Built-up Lands"}},{"type":"Feature","geometry":{"type":"Point","coordinates":[106.75,-6.2407]},"properties":{"lst_celsius":32.05,"thermal_weight":0.773,"elevation_m":43.3,"land_cover":"Urban and Built-up Lands"}},{"type":"Feature","geometry":{"type":"Point","coordinates":[106.7625,-6.2407]},"properties":{"lst_celsius":32.4,"thermal_weight":0.8,"elevation_m":43.3,"land_cover":"Urban and Built-up Lands"}},{"type":"Feature","geometry":{"type":"Point","coordinates":[106.775,-6.2407]},"properties":{"lst_celsius":32.76,"thermal_weight":0.828,"elevation_m":43.3,"land_cover":"Urban and Built-up Lands"}},{"type":"Feature","geometry":{"type":"Point","coordinates":[106.7875,-6.2407]},"properties":{"lst_celsius":33.11,"thermal_weight":0.855,"elevation_m":43.3,"land_cover":"Urban and Built-up Lands"}},{"type":"Feature","geometry":{"type":"Point","coordinates":[106.8,-6.2407]},"properties":{"lst_celsius":33.46,"thermal_weight":0.882,"elevation_m":43.3,"land_cover":"Urban and Built-up Lands"}},{"type":"Feature","geometry":{"type":"Point","coordinates":[106.8125,-6.2407]},"properties":{"lst_celsius":33.76,"thermal_weight":0.905,"elevation_m":43.3,"land_cover":"Urban and Built-up Lands"}},{"type":"Feature","geometry":{"type":"Point","coordinates":[106.825,-6.2407]},"properties":{"lst_celsius":33.59,"thermal_weight":0.892,"elevation_m":43.3,"land_cover":"Urban and Built-up Lands"}},{"type":"Feature","geometry":{"type":"Point","coordinates":[106.8375,-6.2407]},"properties":{"lst_celsius":33.25,"thermal_weight":0.865,"elevation_m":43.3,"land_cover":"Urban and Built-up Lands"}},{"type":"Feature","geometry":{"type":"Point","coordinates":[106.85,-6.2407]},"properties":{"lst_celsius":32.9,"thermal_weight":0.838,"elevation_m":43.3,"land_cover":"Urban and Built-up Lands"}},{"type":"Feature","geometry":{"type":"Point","coordinates":[106.8625,-6.2407]},"properties":{"lst_celsius":32.54,"thermal_weight":0.811,"elevation_m":43.3,"land_cover":"Urban and Built-up Lands"}},{"type":"Feature","geometry":{"type":"Point","coordinates":[106.875,-6.2407]},"properties":{"lst_celsius":32.19,"thermal_weight":0.784,"elevation_m":43.3,"land_cover":"Urban and Built-up Lands"}},{"type":"Feature","geometry":{"type":"Point","coordinates":[106.8875,-6.2407]},"properties":{"lst_celsius":31.83,"thermal_weight":0.756,"elevation_m":43.3,"land_cover":"Urban and Built-up Lands"}},{"type":"Feature","geometry":{"type":"Point","coordinates":[106.9,-6.2407]},"properties":{"lst_celsius":31.77,"thermal_weight":0.752,"elevation_m":43.3,"land_cover":"Urban and Built-up Lands"}},{"type":"Feature","geometry":{"type":"Point","coordinates":[106.9125,-6.2407]},"properties":{"lst_celsius":32.13,"thermal_weight":0.779,"elevation_m":43.3,"land_cover":"Urban and Built-up Lands"}},{"type":"Feature","geometry":{"type":"Point","coordinates":[106.925,-6.2407]},"properties":{"lst_celsius":32.49,"thermal_weight":0.807,"elevation_m":43.3,"land_cover":"Urban and Built-up Lands"}},{"type":"Feature","geometry":{"type":"Point","coordinates":[106.9375,-6.2407]},"properties":{"lst_celsius":32.85,"thermal_weight":0.835,"elevation_m":43.3,"land_cover":"Urban and Built-up Lands"}},{"type":"Feature","geometry":{"type":"Point","coordinates":[106.95,-6.2407]},"properties":{"lst_celsius":33.2,"thermal_weight":0.862,"elevation_m":43.3,"land_cover":"Urban and Built-up Lands"}},{"type":"Feature","geometry":{"type":"Point","coordinates":[106.9625,-6.2407]},"properties":{"lst_celsius":33.55,"thermal_weight":0.888,"elevation_m":43.3,"land_cover":"Urban and Built-up Lands"}},{"type":"Feature","geometry":{"type":"Point","coordinates":[106.975,-6.2407]},"properties":{"lst_celsius":33.9,"thermal_weight":0.915,"elevation_m":43.3,"land_cover":"Urban and Built-up Lands"}},{"type":"Feature","geometry":{"type":"Point","coordinates":[106.9875,-6.2407]},"properties":{"lst_celsius":34.23,"thermal_weight":0.941,"elevation_m":43.3,"land_cover":"Urban and Built-up Lands"}},{"type":"Feature","geometry":{"type":"Point","coordinates":[107,-6.2407]},"properties":{"lst_celsius":34.28,"thermal_weight":0.945,"elevation_m":43.3,"land_cover":"Urban and Built-up Lands"}},{"type":"Feature","geometry":{"type":"Point","coordinates":[107.0125,-6.2407]},"properties":{"lst_celsius":33.97,"thermal_weight":0.921,"elevation_m":43.3,"land_cover":"Urban and Built-up Lands"}},{"type":"Feature","geometry":{"type":"Point","coordinates":[107.025,-6.2407]},"properties":{"lst_celsius":33.63,"thermal_weight":0.895,"elevation_m":43.3,"land_cover":"Urban and Built-up Lands"}},{"type":"Feature","geometry":{"type":"Point","coordinates":[107.0375,-6.2407]},"properties":{"lst_celsius":33.27,"thermal_weight":0.867,"elevation_m":43.3,"land_cover":"Urban and Built-up Lands"}},{"type":"Feature","geometry":{"type":"Point","coordinates":[107.05,-6.2407]},"properties":{"lst_celsius":32.92,"thermal_weight":0.84,"elevation_m":43.3,"land_cover":"Urban and Built-up Lands"}},{"type":"Feature","geometry":{"type":"Point","coordinates":[107.0625,-6.2407]},"properties":{"lst_celsius":32.56,"thermal_weight":0.812,"elevation_m":43.3,"land_cover":"Urban and Built-up Lands"}},{"type":"Feature","geometry":{"type":"Point","coordinates":[107.075,-6.2407]},"properties":{"lst_celsius":32.2,"thermal_weight":0.785,"elevation_m":43.3,"land_cover":"Urban and Built-up Lands"}},{"type":"Feature","geometry":{"type":"Point","coordinates":[107.0875,-6.2407]},"properties":{"lst_celsius":32.32,"thermal_weight":0.794,"elevation_m":43.3,"land_cover":"Urban and Built-up Lands"}},{"type":"Feature","geometry":{"type":"Point","coordinates":[107.1,-6.2407]},"properties":{"lst_celsius":32.54,"thermal_weight":0.811,"elevation_m":43.3,"land_cover":"Urban and Built-up Lands"}},{"type":"Feature","geometry":{"type":"Point","coordinates":[107.1125,-6.2407]},"properties":{"lst_celsius":32.72,"thermal_weight":0.825,"elevation_m":43.3,"land_cover":"Urban and Built-up Lands"}},{"type":"Feature","geometry":{"type":"Point","coordinates":[107.125,-6.2407]},"properties":{"lst_celsius":32.86,"thermal_weight":0.835,"elevation_m":43.3,"land_cover":"Urban and Built-up Lands"}},{"type":"Feature","geometry":{"type":"Point","coordinates":[107.1375,-6.2407]},"properties":{"lst_celsius":32.95,"thermal_weight":0.842,"elevation_m":43.3,"land_cover":"Urban and Built-up Lands"}},{"type":"Feature","geometry":{"type":"Point","coordinates":[107.15,-6.2407]},"properties":{"lst_celsius":32.98,"thermal_weight":0.845,"elevation_m":43.3,"land_cover":"Urban and Built-up Lands"}},{"type":"Feature","geometry":{"type":"Point","coordinates":[107.1625,-6.2407]},"properties":{"lst_celsius":32.95,"thermal_weight":0.842,"elevation_m":43.3,"land_cover":"Urban and Built-up Lands"}},{"type":"Feature","geometry":{"type":"Point","coordinates":[107.175,-6.2407]},"properties":{"lst_celsius":32.86,"thermal_weight":0.835,"elevation_m":43.3,"land_cover":"Urban and Built-up Lands"}},{"type":"Feature","geometry":{"type":"Point","coordinates":[107.1875,-6.2407]},"properties":{"lst_celsius":32.72,"thermal_weight":0.825,"elevation_m":43.3,"land_cover":"Urban and Built-up Lands"}},{"type":"Feature","geometry":{"type":"Point","coordinates":[107.2,-6.2407]},"properties":{"lst_celsius":32.54,"thermal_weight":0.811,"elevation_m":43.3,"land_cover":"Urban and Built-up Lands"}},{"type":"Feature","geometry":{"type":"Point","coordinates":[107.2125,-6.2407]},"properties":{"lst_celsius":32.32,"thermal_weight":0.794,"elevation_m":43.3,"land_cover":"Urban and Built-up Lands"}},{"type":"Feature","geometry":{"type":"Point","coordinates":[107.225,-6.2407]},"properties":{"lst_celsius":32.07,"thermal_weight":0.775,"elevation_m":43.3,"land_cover":"Urban and Built-up Lands"}},{"type":"Feature","geometry":{"type":"Point","coordinates":[107.2375,-6.2407]},"properties":{"lst_celsius":31.81,"thermal_weight":0.755,"elevation_m":43.3,"land_cover":"Urban and Built-up Lands"}},{"type":"Feature","geometry":{"type":"Point","coordinates":[107.25,-6.2407]},"properties":{"lst_celsius":31.53,"thermal_weight":0.733,"elevation_m":43.3,"land_cover":"Urban and Built-up Lands"}},{"type":"Feature","geometry":{"type":"Point","coordinates":[107.2625,-6.2407]},"properties":{"lst_celsius":31.24,"thermal_weight":0.711,"elevation_m":43.3,"land_cover":"Urban and Built-up Lands"}},{"type":"Feature","geometry":{"type":"Point","coordinates":[107.275,-6.2407]},"properties":{"lst_celsius":30.94,"thermal_weight":0.688,"elevation_m":43.3,"land_cover":"Urban and Built-up Lands"}},{"type":"Feature","geometry":{"type":"Point","coordinates":[107.2875,-6.2407]},"properties":{"lst_celsius":30.64,"thermal_weight":0.665,"elevation_m":43.3,"land_cover":"Urban and Built-up Lands"}},{"type":"Feature","geometry":{"type":"Point","coordinates":[107.3,-6.2407]},"properties":{"lst_celsius":30.33,"thermal_weight":0.641,"elevation_m":43.3,"land_cover":"Urban and Built-up Lands"}},{"type":"Feature","geometry":{"type":"Point","coordinates":[106.5,-6.2287]},"properties":{"lst_celsius":29.95,"thermal_weight":0.612,"elevation_m":37.9,"land_cover":"Cropland / Natural Vegetation Mosaics"}},{"type":"Feature","geometry":{"type":"Point","coordinates":[106.5125,-6.2287]},"properties":{"lst_celsius":30.41,"thermal_weight":0.647,"elevation_m":37.9,"land_cover":"Urban and Built-up Lands"}},{"type":"Feature","geometry":{"type":"Point","coordinates":[106.525,-6.2287]},"properties":{"lst_celsius":30.73,"thermal_weight":0.672,"elevation_m":37.9,"land_cover":"Urban and Built-up Lands"}},{"type":"Feature","geometry":{"type":"Point","coordinates":[106.5375,-6.2287]},"properties":{"lst_celsius":31.05,"thermal_weight":0.696,"elevation_m":37.9,"land_cover":"Urban and Built-up Lands"}},{"type":"Feature","geometry":{"type":"Point","coordinates":[106.55,-6.2287]},"properties":{"lst_celsius":31.35,"thermal_weight":0.719,"elevation_m":37.9,"land_cover":"Urban and Built-up Lands"}},{"type":"Feature","geometry":{"type":"Point","coordinates":[106.5625,-6.2287]},"properties":{"lst_celsius":31.65,"thermal_weight":0.742,"elevation_m":37.9,"land_cover":"Urban and Built-up Lands"}},{"type":"Feature","geometry":{"type":"Point","coordinates":[106.575,-6.2287]},"properties":{"lst_celsius":31.92,"thermal_weight":0.763,"elevation_m":37.9,"land_cover":"Urban and Built-up Lands"}},{"type":"Feature","geometry":{"type":"Point","coordinates":[106.5875,-6.2287]},"properties":{"lst_celsius":32.17,"thermal_weight":0.782,"elevation_m":37.9,"land_cover":"Urban and Built-up Lands"}},{"type":"Feature","geometry":{"type":"Point","coordinates":[106.6,-6.2287]},"properties":{"lst_celsius":32.39,"thermal_weight":0.799,"elevation_m":37.9,"land_cover":"Urban and Built-up Lands"}},{"type":"Feature","geometry":{"type":"Point","coordinates":[106.6125,-6.2287]},"properties":{"lst_celsius":32.55,"thermal_weight":0.812,"elevation_m":37.9,"land_cover":"Urban and Built-up Lands"}},{"type":"Feature","geometry":{"type":"Point","coordinates":[106.625,-6.2287]},"properties":{"lst_celsius":32.65,"thermal_weight":0.819,"elevation_m":37.9,"land_cover":"Urban and Built-up Lands"}},{"type":"Feature","geometry":{"type":"Point","coordinates":[106.6375,-6.2287]},"properties":{"lst_celsius":32.68,"thermal_weight":0.822,"elevation_m":37.9,"land_cover":"Urban and Built-up Lands"}},{"type":"Feature","geometry":{"type":"Point","coordinates":[106.65,-6.2287]},"properties":{"lst_celsius":32.62,"thermal_weight":0.817,"elevation_m":37.9,"land_cover":"Urban and Built-up Lands"}},{"type":"Feature","geometry":{"type":"Point","coordinates":[106.6625,-6.2287]},"properties":{"lst_celsius":32.49,"thermal_weight":0.807,"elevation_m":37.9,"land_cover":"Urban and Built-up Lands"}},{"type":"Feature","geometry":{"type":"Point","coordinates":[106.675,-6.2287]},"properties":{"lst_celsius":32.3,"thermal_weight":0.792,"elevation_m":37.9,"land_cover":"Urban and Built-up Lands"}},{"type":"Feature","geometry":{"type":"Point","coordinates":[106.6875,-6.2287]},"properties":{"lst_celsius":32.07,"thermal_weight":0.775,"elevation_m":37.9,"land_cover":"Urban and Built-up Lands"}},{"type":"Feature","geometry":{"type":"Point","coordinates":[106.7,-6.2287]},"properties":{"lst_celsius":31.72,"thermal_weight":0.748,"elevation_m":37.9,"land_cover":"Urban and Built-up Lands"}},{"type":"Feature","geometry":{"type":"Point","coordinates":[106.7125,-6.2287]},"properties":{"lst_celsius":31.59,"thermal_weight":0.738,"elevation_m":37.9,"land_cover":"Urban and Built-up Lands"}},{"type":"Feature","geometry":{"type":"Point","coordinates":[106.725,-6.2287]},"properties":{"lst_celsius":31.41,"thermal_weight":0.724,"elevation_m":37.9,"land_cover":"Urban and Built-up Lands"}},{"type":"Feature","geometry":{"type":"Point","coordinates":[106.7375,-6.2287]},"properties":{"lst_celsius":31.67,"thermal_weight":0.744,"elevation_m":37.9,"land_cover":"Urban and Built-up Lands"}},{"type":"Feature","geometry":{"type":"Point","coordinates":[106.75,-6.2287]},"properties":{"lst_celsius":32.01,"thermal_weight":0.77,"elevation_m":37.9,"land_cover":"Urban and Built-up Lands"}},{"type":"Feature","geometry":{"type":"Point","coordinates":[106.7625,-6.2287]},"properties":{"lst_celsius":32.35,"thermal_weight":0.796,"elevation_m":37.9,"land_cover":"Urban and Built-up Lands"}},{"type":"Feature","geometry":{"type":"Point","coordinates":[106.775,-6.2287]},"properties":{"lst_celsius":32.68,"thermal_weight":0.822,"elevation_m":37.9,"land_cover":"Urban and Built-up Lands"}},{"type":"Feature","geometry":{"type":"Point","coordinates":[106.7875,-6.2287]},"properties":{"lst_celsius":33,"thermal_weight":0.846,"elevation_m":37.9,"land_cover":"Urban and Built-up Lands"}},{"type":"Feature","geometry":{"type":"Point","coordinates":[106.8,-6.2287]},"properties":{"lst_celsius":33.28,"thermal_weight":0.868,"elevation_m":37.9,"land_cover":"Urban and Built-up Lands"}},{"type":"Feature","geometry":{"type":"Point","coordinates":[106.8125,-6.2287]},"properties":{"lst_celsius":33.44,"thermal_weight":0.88,"elevation_m":37.9,"land_cover":"Urban and Built-up Lands"}},{"type":"Feature","geometry":{"type":"Point","coordinates":[106.825,-6.2287]},"properties":{"lst_celsius":33.36,"thermal_weight":0.874,"elevation_m":37.9,"land_cover":"Urban and Built-up Lands"}},{"type":"Feature","geometry":{"type":"Point","coordinates":[106.8375,-6.2287]},"properties":{"lst_celsius":33.12,"thermal_weight":0.855,"elevation_m":37.9,"land_cover":"Urban and Built-up Lands"}},{"type":"Feature","geometry":{"type":"Point","coordinates":[106.85,-6.2287]},"properties":{"lst_celsius":32.81,"thermal_weight":0.832,"elevation_m":37.9,"land_cover":"Urban and Built-up Lands"}},{"type":"Feature","geometry":{"type":"Point","coordinates":[106.8625,-6.2287]},"properties":{"lst_celsius":32.48,"thermal_weight":0.806,"elevation_m":37.9,"land_cover":"Urban and Built-up Lands"}},{"type":"Feature","geometry":{"type":"Point","coordinates":[106.875,-6.2287]},"properties":{"lst_celsius":32.15,"thermal_weight":0.781,"elevation_m":37.9,"land_cover":"Urban and Built-up Lands"}},{"type":"Feature","geometry":{"type":"Point","coordinates":[106.8875,-6.2287]},"properties":{"lst_celsius":32.16,"thermal_weight":0.782,"elevation_m":37.9,"land_cover":"Urban and Built-up Lands"}},{"type":"Feature","geometry":{"type":"Point","coordinates":[106.9,-6.2287]},"properties":{"lst_celsius":31.89,"thermal_weight":0.761,"elevation_m":37.9,"land_cover":"Urban and Built-up Lands"}},{"type":"Feature","geometry":{"type":"Point","coordinates":[106.9125,-6.2287]},"properties":{"lst_celsius":32.15,"thermal_weight":0.781,"elevation_m":37.9,"land_cover":"Urban and Built-up Lands"}},{"type":"Feature","geometry":{"type":"Point","coordinates":[106.925,-6.2287]},"properties":{"lst_celsius":32.5,"thermal_weight":0.808,"elevation_m":37.9,"land_cover":"Urban and Built-up Lands"}},{"type":"Feature","geometry":{"type":"Point","coordinates":[106.9375,-6.2287]},"properties":{"lst_celsius":32.86,"thermal_weight":0.835,"elevation_m":37.9,"land_cover":"Urban and Built-up Lands"}},{"type":"Feature","geometry":{"type":"Point","coordinates":[106.95,-6.2287]},"properties":{"lst_celsius":33.21,"thermal_weight":0.862,"elevation_m":37.9,"land_cover":"Urban and Built-up Lands"}},{"type":"Feature","geometry":{"type":"Point","coordinates":[106.9625,-6.2287]},"properties":{"lst_celsius":33.56,"thermal_weight":0.889,"elevation_m":37.9,"land_cover":"Urban and Built-up Lands"}},{"type":"Feature","geometry":{"type":"Point","coordinates":[106.975,-6.2287]},"properties":{"lst_celsius":33.9,"thermal_weight":0.915,"elevation_m":37.9,"land_cover":"Urban and Built-up Lands"}},{"type":"Feature","geometry":{"type":"Point","coordinates":[106.9875,-6.2287]},"properties":{"lst_celsius":34.22,"thermal_weight":0.94,"elevation_m":37.9,"land_cover":"Urban and Built-up Lands"}},{"type":"Feature","geometry":{"type":"Point","coordinates":[107,-6.2287]},"properties":{"lst_celsius":34.27,"thermal_weight":0.944,"elevation_m":37.9,"land_cover":"Urban and Built-up Lands"}},{"type":"Feature","geometry":{"type":"Point","coordinates":[107.0125,-6.2287]},"properties":{"lst_celsius":33.97,"thermal_weight":0.921,"elevation_m":37.9,"land_cover":"Urban and Built-up Lands"}},{"type":"Feature","geometry":{"type":"Point","coordinates":[107.025,-6.2287]},"properties":{"lst_celsius":33.63,"thermal_weight":0.895,"elevation_m":37.9,"land_cover":"Urban and Built-up Lands"}},{"type":"Feature","geometry":{"type":"Point","coordinates":[107.0375,-6.2287]},"properties":{"lst_celsius":33.28,"thermal_weight":0.868,"elevation_m":37.9,"land_cover":"Urban and Built-up Lands"}},{"type":"Feature","geometry":{"type":"Point","coordinates":[107.05,-6.2287]},"properties":{"lst_celsius":32.93,"thermal_weight":0.841,"elevation_m":37.9,"land_cover":"Urban and Built-up Lands"}},{"type":"Feature","geometry":{"type":"Point","coordinates":[107.0625,-6.2287]},"properties":{"lst_celsius":32.57,"thermal_weight":0.813,"elevation_m":37.9,"land_cover":"Urban and Built-up Lands"}},{"type":"Feature","geometry":{"type":"Point","coordinates":[107.075,-6.2287]},"properties":{"lst_celsius":32.22,"thermal_weight":0.786,"elevation_m":37.9,"land_cover":"Urban and Built-up Lands"}},{"type":"Feature","geometry":{"type":"Point","coordinates":[107.0875,-6.2287]},"properties":{"lst_celsius":32.08,"thermal_weight":0.775,"elevation_m":37.9,"land_cover":"Urban and Built-up Lands"}},{"type":"Feature","geometry":{"type":"Point","coordinates":[107.1,-6.2287]},"properties":{"lst_celsius":32.28,"thermal_weight":0.791,"elevation_m":37.9,"land_cover":"Urban and Built-up Lands"}},{"type":"Feature","geometry":{"type":"Point","coordinates":[107.1125,-6.2287]},"properties":{"lst_celsius":32.44,"thermal_weight":0.803,"elevation_m":37.9,"land_cover":"Urban and Built-up Lands"}},{"type":"Feature","geometry":{"type":"Point","coordinates":[107.125,-6.2287]},"properties":{"lst_celsius":32.56,"thermal_weight":0.812,"elevation_m":37.9,"land_cover":"Urban and Built-up Lands"}},{"type":"Feature","geometry":{"type":"Point","coordinates":[107.1375,-6.2287]},"properties":{"lst_celsius":32.64,"thermal_weight":0.818,"elevation_m":37.9,"land_cover":"Urban and Built-up Lands"}},{"type":"Feature","geometry":{"type":"Point","coordinates":[107.15,-6.2287]},"properties":{"lst_celsius":32.67,"thermal_weight":0.821,"elevation_m":37.9,"land_cover":"Urban and Built-up Lands"}},{"type":"Feature","geometry":{"type":"Point","coordinates":[107.1625,-6.2287]},"properties":{"lst_celsius":32.64,"thermal_weight":0.818,"elevation_m":37.9,"land_cover":"Urban and Built-up Lands"}},{"type":"Feature","geometry":{"type":"Point","coordinates":[107.175,-6.2287]},"properties":{"lst_celsius":32.56,"thermal_weight":0.812,"elevation_m":37.9,"land_cover":"Urban and Built-up Lands"}},{"type":"Feature","geometry":{"type":"Point","coordinates":[107.1875,-6.2287]},"properties":{"lst_celsius":32.44,"thermal_weight":0.803,"elevation_m":37.9,"land_cover":"Urban and Built-up Lands"}},{"type":"Feature","geometry":{"type":"Point","coordinates":[107.2,-6.2287]},"properties":{"lst_celsius":32.28,"thermal_weight":0.791,"elevation_m":37.9,"land_cover":"Urban and Built-up Lands"}},{"type":"Feature","geometry":{"type":"Point","coordinates":[107.2125,-6.2287]},"properties":{"lst_celsius":32.08,"thermal_weight":0.775,"elevation_m":37.9,"land_cover":"Urban and Built-up Lands"}},{"type":"Feature","geometry":{"type":"Point","coordinates":[107.225,-6.2287]},"properties":{"lst_celsius":31.86,"thermal_weight":0.758,"elevation_m":37.9,"land_cover":"Urban and Built-up Lands"}},{"type":"Feature","geometry":{"type":"Point","coordinates":[107.2375,-6.2287]},"properties":{"lst_celsius":31.62,"thermal_weight":0.74,"elevation_m":37.9,"land_cover":"Urban and Built-up Lands"}},{"type":"Feature","geometry":{"type":"Point","coordinates":[107.25,-6.2287]},"properties":{"lst_celsius":31.36,"thermal_weight":0.72,"elevation_m":37.9,"land_cover":"Urban and Built-up Lands"}},{"type":"Feature","geometry":{"type":"Point","coordinates":[107.2625,-6.2287]},"properties":{"lst_celsius":31.09,"thermal_weight":0.699,"elevation_m":37.9,"land_cover":"Urban and Built-up Lands"}},{"type":"Feature","geometry":{"type":"Point","coordinates":[107.275,-6.2287]},"properties":{"lst_celsius":30.8,"thermal_weight":0.677,"elevation_m":37.9,"land_cover":"Urban and Built-up Lands"}},{"type":"Feature","geometry":{"type":"Point","coordinates":[107.2875,-6.2287]},"properties":{"lst_celsius":30.51,"thermal_weight":0.655,"elevation_m":37.9,"land_cover":"Urban and Built-up Lands"}},{"type":"Feature","geometry":{"type":"Point","coordinates":[107.3,-6.2287]},"properties":{"lst_celsius":30.21,"thermal_weight":0.632,"elevation_m":37.9,"land_cover":"Urban and Built-up Lands"}},{"type":"Feature","geometry":{"type":"Point","coordinates":[106.5,-6.2167]},"properties":{"lst_celsius":30.23,"thermal_weight":0.633,"elevation_m":32.5,"land_cover":"Urban and Built-up Lands"}},{"type":"Feature","geometry":{"type":"Point","coordinates":[106.5125,-6.2167]},"properties":{"lst_celsius":30.57,"thermal_weight":0.659,"elevation_m":32.5,"land_cover":"Urban and Built-up Lands"}},{"type":"Feature","geometry":{"type":"Point","coordinates":[106.525,-6.2167]},"properties":{"lst_celsius":30.9,"thermal_weight":0.685,"elevation_m":32.5,"land_cover":"Urban and Built-up Lands"}},{"type":"Feature","geometry":{"type":"Point","coordinates":[106.5375,-6.2167]},"properties":{"lst_celsius":31.22,"thermal_weight":0.709,"elevation_m":32.5,"land_cover":"Urban and Built-up Lands"}},{"type":"Feature","geometry":{"type":"Point","coordinates":[106.55,-6.2167]},"properties":{"lst_celsius":31.54,"thermal_weight":0.734,"elevation_m":32.5,"land_cover":"Urban and Built-up Lands"}},{"type":"Feature","geometry":{"type":"Point","coordinates":[106.5625,-6.2167]},"properties":{"lst_celsius":31.85,"thermal_weight":0.758,"elevation_m":32.5,"land_cover":"Urban and Built-up Lands"}},{"type":"Feature","geometry":{"type":"Point","coordinates":[106.575,-6.2167]},"properties":{"lst_celsius":32.15,"thermal_weight":0.781,"elevation_m":32.5,"land_cover":"Urban and Built-up Lands"}},{"type":"Feature","geometry":{"type":"Point","coordinates":[106.5875,-6.2167]},"properties":{"lst_celsius":32.43,"thermal_weight":0.802,"elevation_m":32.5,"land_cover":"Urban and Built-up Lands"}},{"type":"Feature","geometry":{"type":"Point","coordinates":[106.6,-6.2167]},"properties":{"lst_celsius":32.67,"thermal_weight":0.821,"elevation_m":32.5,"land_cover":"Urban and Built-up Lands"}},{"type":"Feature","geometry":{"type":"Point","coordinates":[106.6125,-6.2167]},"properties":{"lst_celsius":32.87,"thermal_weight":0.836,"elevation_m":32.5,"land_cover":"Urban and Built-up Lands"}},{"type":"Feature","geometry":{"type":"Point","coordinates":[106.625,-6.2167]},"properties":{"lst_celsius":33,"thermal_weight":0.846,"elevation_m":32.5,"land_cover":"Urban and Built-up Lands"}},{"type":"Feature","geometry":{"type":"Point","coordinates":[106.6375,-6.2167]},"properties":{"lst_celsius":33.03,"thermal_weight":0.848,"elevation_m":32.5,"land_cover":"Urban and Built-up Lands"}},{"type":"Feature","geometry":{"type":"Point","coordinates":[106.65,-6.2167]},"properties":{"lst_celsius":32.96,"thermal_weight":0.843,"elevation_m":32.5,"land_cover":"Urban and Built-up Lands"}},{"type":"Feature","geometry":{"type":"Point","coordinates":[106.6625,-6.2167]},"properties":{"lst_celsius":32.8,"thermal_weight":0.831,"elevation_m":32.5,"land_cover":"Urban and Built-up Lands"}},{"type":"Feature","geometry":{"type":"Point","coordinates":[106.675,-6.2167]},"properties":{"lst_celsius":32.58,"thermal_weight":0.814,"elevation_m":32.5,"land_cover":"Urban and Built-up Lands"}},{"type":"Feature","geometry":{"type":"Point","coordinates":[106.6875,-6.2167]},"properties":{"lst_celsius":32.32,"thermal_weight":0.794,"elevation_m":32.5,"land_cover":"Urban and Built-up Lands"}},{"type":"Feature","geometry":{"type":"Point","coordinates":[106.7,-6.2167]},"properties":{"lst_celsius":32.03,"thermal_weight":0.772,"elevation_m":32.5,"land_cover":"Urban and Built-up Lands"}},{"type":"Feature","geometry":{"type":"Point","coordinates":[106.7125,-6.2167]},"properties":{"lst_celsius":31.73,"thermal_weight":0.748,"elevation_m":32.5,"land_cover":"Urban and Built-up Lands"}},{"type":"Feature","geometry":{"type":"Point","coordinates":[106.725,-6.2167]},"properties":{"lst_celsius":31.82,"thermal_weight":0.755,"elevation_m":32.5,"land_cover":"Urban and Built-up Lands"}},{"type":"Feature","geometry":{"type":"Point","coordinates":[106.7375,-6.2167]},"properties":{"lst_celsius":32.09,"thermal_weight":0.776,"elevation_m":32.5,"land_cover":"Urban and Built-up Lands"}},{"type":"Feature","geometry":{"type":"Point","coordinates":[106.75,-6.2167]},"properties":{"lst_celsius":32.32,"thermal_weight":0.794,"elevation_m":32.5,"land_cover":"Urban and Built-up Lands"}},{"type":"Feature","geometry":{"type":"Point","coordinates":[106.7625,-6.2167]},"properties":{"lst_celsius":32.5,"thermal_weight":0.808,"elevation_m":32.5,"land_cover":"Urban and Built-up Lands"}},{"type":"Feature","geometry":{"type":"Point","coordinates":[106.775,-6.2167]},"properties":{"lst_celsius":32.53,"thermal_weight":0.81,"elevation_m":32.5,"land_cover":"Urban and Built-up Lands"}},{"type":"Feature","geometry":{"type":"Point","coordinates":[106.7875,-6.2167]},"properties":{"lst_celsius":32.8,"thermal_weight":0.831,"elevation_m":32.5,"land_cover":"Urban and Built-up Lands"}},{"type":"Feature","geometry":{"type":"Point","coordinates":[106.8,-6.2167]},"properties":{"lst_celsius":33,"thermal_weight":0.846,"elevation_m":32.5,"land_cover":"Urban and Built-up Lands"}},{"type":"Feature","geometry":{"type":"Point","coordinates":[106.8125,-6.2167]},"properties":{"lst_celsius":33.11,"thermal_weight":0.855,"elevation_m":32.5,"land_cover":"Urban and Built-up Lands"}},{"type":"Feature","geometry":{"type":"Point","coordinates":[106.825,-6.2167]},"properties":{"lst_celsius":33.06,"thermal_weight":0.851,"elevation_m":32.5,"land_cover":"Urban and Built-up Lands"}},{"type":"Feature","geometry":{"type":"Point","coordinates":[106.8375,-6.2167]},"properties":{"lst_celsius":32.89,"thermal_weight":0.838,"elevation_m":32.5,"land_cover":"Urban and Built-up Lands"}},{"type":"Feature","geometry":{"type":"Point","coordinates":[106.85,-6.2167]},"properties":{"lst_celsius":33.1,"thermal_weight":0.854,"elevation_m":32.5,"land_cover":"Urban and Built-up Lands"}},{"type":"Feature","geometry":{"type":"Point","coordinates":[106.8625,-6.2167]},"properties":{"lst_celsius":32.9,"thermal_weight":0.838,"elevation_m":32.5,"land_cover":"Urban and Built-up Lands"}},{"type":"Feature","geometry":{"type":"Point","coordinates":[106.875,-6.2167]},"properties":{"lst_celsius":32.66,"thermal_weight":0.82,"elevation_m":32.5,"land_cover":"Urban and Built-up Lands"}},{"type":"Feature","geometry":{"type":"Point","coordinates":[106.8875,-6.2167]},"properties":{"lst_celsius":32.39,"thermal_weight":0.799,"elevation_m":32.5,"land_cover":"Urban and Built-up Lands"}},{"type":"Feature","geometry":{"type":"Point","coordinates":[106.9,-6.2167]},"properties":{"lst_celsius":32.09,"thermal_weight":0.776,"elevation_m":32.5,"land_cover":"Urban and Built-up Lands"}},{"type":"Feature","geometry":{"type":"Point","coordinates":[106.9125,-6.2167]},"properties":{"lst_celsius":32.12,"thermal_weight":0.778,"elevation_m":32.5,"land_cover":"Urban and Built-up Lands"}},{"type":"Feature","geometry":{"type":"Point","coordinates":[106.925,-6.2167]},"properties":{"lst_celsius":32.46,"thermal_weight":0.805,"elevation_m":32.5,"land_cover":"Urban and Built-up Lands"}},{"type":"Feature","geometry":{"type":"Point","coordinates":[106.9375,-6.2167]},"properties":{"lst_celsius":32.8,"thermal_weight":0.831,"elevation_m":32.5,"land_cover":"Urban and Built-up Lands"}},{"type":"Feature","geometry":{"type":"Point","coordinates":[106.95,-6.2167]},"properties":{"lst_celsius":33.13,"thermal_weight":0.856,"elevation_m":32.5,"land_cover":"Urban and Built-up Lands"}},{"type":"Feature","geometry":{"type":"Point","coordinates":[106.9625,-6.2167]},"properties":{"lst_celsius":33.45,"thermal_weight":0.881,"elevation_m":32.5,"land_cover":"Urban and Built-up Lands"}},{"type":"Feature","geometry":{"type":"Point","coordinates":[106.975,-6.2167]},"properties":{"lst_celsius":33.74,"thermal_weight":0.903,"elevation_m":32.5,"land_cover":"Urban and Built-up Lands"}},{"type":"Feature","geometry":{"type":"Point","coordinates":[106.9875,-6.2167]},"properties":{"lst_celsius":33.94,"thermal_weight":0.918,"elevation_m":32.5,"land_cover":"Urban and Built-up Lands"}},{"type":"Feature","geometry":{"type":"Point","coordinates":[107,-6.2167]},"properties":{"lst_celsius":33.96,"thermal_weight":0.92,"elevation_m":32.5,"land_cover":"Urban and Built-up Lands"}},{"type":"Feature","geometry":{"type":"Point","coordinates":[107.0125,-6.2167]},"properties":{"lst_celsius":33.79,"thermal_weight":0.907,"elevation_m":32.5,"land_cover":"Urban and Built-up Lands"}},{"type":"Feature","geometry":{"type":"Point","coordinates":[107.025,-6.2167]},"properties":{"lst_celsius":33.51,"thermal_weight":0.885,"elevation_m":32.5,"land_cover":"Urban and Built-up Lands"}},{"type":"Feature","geometry":{"type":"Point","coordinates":[107.0375,-6.2167]},"properties":{"lst_celsius":33.19,"thermal_weight":0.861,"elevation_m":32.5,"land_cover":"Urban and Built-up Lands"}},{"type":"Feature","geometry":{"type":"Point","coordinates":[107.05,-6.2167]},"properties":{"lst_celsius":32.87,"thermal_weight":0.836,"elevation_m":32.5,"land_cover":"Urban and Built-up Lands"}},{"type":"Feature","geometry":{"type":"Point","coordinates":[107.0625,-6.2167]},"properties":{"lst_celsius":32.53,"thermal_weight":0.81,"elevation_m":32.5,"land_cover":"Urban and Built-up Lands"}},{"type":"Feature","geometry":{"type":"Point","coordinates":[107.075,-6.2167]},"properties":{"lst_celsius":32.19,"thermal_weight":0.784,"elevation_m":32.5,"land_cover":"Urban and Built-up Lands"}},{"type":"Feature","geometry":{"type":"Point","coordinates":[107.0875,-6.2167]},"properties":{"lst_celsius":31.84,"thermal_weight":0.757,"elevation_m":32.5,"land_cover":"Urban and Built-up Lands"}},{"type":"Feature","geometry":{"type":"Point","coordinates":[107.1,-6.2167]},"properties":{"lst_celsius":32.01,"thermal_weight":0.77,"elevation_m":32.5,"land_cover":"Urban and Built-up Lands"}},{"type":"Feature","geometry":{"type":"Point","coordinates":[107.1125,-6.2167]},"properties":{"lst_celsius":32.16,"thermal_weight":0.782,"elevation_m":32.5,"land_cover":"Urban and Built-up Lands"}},{"type":"Feature","geometry":{"type":"Point","coordinates":[107.125,-6.2167]},"properties":{"lst_celsius":32.26,"thermal_weight":0.789,"elevation_m":32.5,"land_cover":"Urban and Built-up Lands"}},{"type":"Feature","geometry":{"type":"Point","coordinates":[107.1375,-6.2167]},"properties":{"lst_celsius":32.33,"thermal_weight":0.795,"elevation_m":32.5,"land_cover":"Urban and Built-up Lands"}},{"type":"Feature","geometry":{"type":"Point","coordinates":[107.15,-6.2167]},"properties":{"lst_celsius":32.35,"thermal_weight":0.796,"elevation_m":32.5,"land_cover":"Urban and Built-up Lands"}},{"type":"Feature","geometry":{"type":"Point","coordinates":[107.1625,-6.2167]},"properties":{"lst_celsius":32.33,"thermal_weight":0.795,"elevation_m":32.5,"land_cover":"Urban and Built-up Lands"}},{"type":"Feature","geometry":{"type":"Point","coordinates":[107.175,-6.2167]},"properties":{"lst_celsius":32.26,"thermal_weight":0.789,"elevation_m":32.5,"land_cover":"Urban and Built-up Lands"}},{"type":"Feature","geometry":{"type":"Point","coordinates":[107.1875,-6.2167]},"properties":{"lst_celsius":32.16,"thermal_weight":0.782,"elevation_m":32.5,"land_cover":"Urban and Built-up Lands"}},{"type":"Feature","geometry":{"type":"Point","coordinates":[107.2,-6.2167]},"properties":{"lst_celsius":32.01,"thermal_weight":0.77,"elevation_m":32.5,"land_cover":"Urban and Built-up Lands"}},{"type":"Feature","geometry":{"type":"Point","coordinates":[107.2125,-6.2167]},"properties":{"lst_celsius":31.84,"thermal_weight":0.757,"elevation_m":32.5,"land_cover":"Urban and Built-up Lands"}},{"type":"Feature","geometry":{"type":"Point","coordinates":[107.225,-6.2167]},"properties":{"lst_celsius":31.63,"thermal_weight":0.741,"elevation_m":32.5,"land_cover":"Urban and Built-up Lands"}},{"type":"Feature","geometry":{"type":"Point","coordinates":[107.2375,-6.2167]},"properties":{"lst_celsius":31.41,"thermal_weight":0.724,"elevation_m":32.5,"land_cover":"Urban and Built-up Lands"}},{"type":"Feature","geometry":{"type":"Point","coordinates":[107.25,-6.2167]},"properties":{"lst_celsius":31.17,"thermal_weight":0.705,"elevation_m":32.5,"land_cover":"Urban and Built-up Lands"}},{"type":"Feature","geometry":{"type":"Point","coordinates":[107.2625,-6.2167]},"properties":{"lst_celsius":30.91,"thermal_weight":0.685,"elevation_m":32.5,"land_cover":"Urban and Built-up Lands"}},{"type":"Feature","geometry":{"type":"Point","coordinates":[107.275,-6.2167]},"properties":{"lst_celsius":30.64,"thermal_weight":0.665,"elevation_m":32.5,"land_cover":"Urban and Built-up Lands"}},{"type":"Feature","geometry":{"type":"Point","coordinates":[107.2875,-6.2167]},"properties":{"lst_celsius":30.37,"thermal_weight":0.644,"elevation_m":32.5,"land_cover":"Urban and Built-up Lands"}},{"type":"Feature","geometry":{"type":"Point","coordinates":[107.3,-6.2167]},"properties":{"lst_celsius":29.99,"thermal_weight":0.615,"elevation_m":32.5,"land_cover":"Cropland / Natural Vegetation Mosaics"}},{"type":"Feature","geometry":{"type":"Point","coordinates":[106.5,-6.2046]},"properties":{"lst_celsius":30.35,"thermal_weight":0.642,"elevation_m":27.1,"land_cover":"Urban and Built-up Lands"}},{"type":"Feature","geometry":{"type":"Point","coordinates":[106.5125,-6.2046]},"properties":{"lst_celsius":30.69,"thermal_weight":0.668,"elevation_m":27.1,"land_cover":"Urban and Built-up Lands"}},{"type":"Feature","geometry":{"type":"Point","coordinates":[106.525,-6.2046]},"properties":{"lst_celsius":31.03,"thermal_weight":0.695,"elevation_m":27.1,"land_cover":"Urban and Built-up Lands"}},{"type":"Feature","geometry":{"type":"Point","coordinates":[106.5375,-6.2046]},"properties":{"lst_celsius":31.36,"thermal_weight":0.72,"elevation_m":27.1,"land_cover":"Urban and Built-up Lands"}},{"type":"Feature","geometry":{"type":"Point","coordinates":[106.55,-6.2046]},"properties":{"lst_celsius":31.69,"thermal_weight":0.745,"elevation_m":27.1,"land_cover":"Urban and Built-up Lands"}},{"type":"Feature","geometry":{"type":"Point","coordinates":[106.5625,-6.2046]},"properties":{"lst_celsius":32.02,"thermal_weight":0.771,"elevation_m":27.1,"land_cover":"Urban and Built-up Lands"}},{"type":"Feature","geometry":{"type":"Point","coordinates":[106.575,-6.2046]},"properties":{"lst_celsius":32.34,"thermal_weight":0.795,"elevation_m":27.1,"land_cover":"Urban and Built-up Lands"}},{"type":"Feature","geometry":{"type":"Point","coordinates":[106.5875,-6.2046]},"properties":{"lst_celsius":32.64,"thermal_weight":0.818,"elevation_m":27.1,"land_cover":"Urban and Built-up Lands"}},{"type":"Feature","geometry":{"type":"Point","coordinates":[106.6,-6.2046]},"properties":{"lst_celsius":32.92,"thermal_weight":0.84,"elevation_m":27.1,"land_cover":"Urban and Built-up Lands"}},{"type":"Feature","geometry":{"type":"Point","coordinates":[106.6125,-6.2046]},"properties":{"lst_celsius":33.16,"thermal_weight":0.858,"elevation_m":27.1,"land_cover":"Urban and Built-up Lands"}},{"type":"Feature","geometry":{"type":"Point","coordinates":[106.625,-6.2046]},"properties":{"lst_celsius":33.33,"thermal_weight":0.872,"elevation_m":27.1,"land_cover":"Urban and Built-up Lands"}},{"type":"Feature","geometry":{"type":"Point","coordinates":[106.6375,-6.2046]},"properties":{"lst_celsius":33.37,"thermal_weight":0.875,"elevation_m":27.1,"land_cover":"Urban and Built-up Lands"}},{"type":"Feature","geometry":{"type":"Point","coordinates":[106.65,-6.2046]},"properties":{"lst_celsius":33.28,"thermal_weight":0.868,"elevation_m":27.1,"land_cover":"Urban and Built-up Lands"}},{"type":"Feature","geometry":{"type":"Point","coordinates":[106.6625,-6.2046]},"properties":{"lst_celsius":33.07,"thermal_weight":0.852,"elevation_m":27.1,"land_cover":"Urban and Built-up Lands"}},{"type":"Feature","geometry":{"type":"Point","coordinates":[106.675,-6.2046]},"properties":{"lst_celsius":32.81,"thermal_weight":0.832,"elevation_m":27.1,"land_cover":"Urban and Built-up Lands"}},{"type":"Feature","geometry":{"type":"Point","coordinates":[106.6875,-6.2046]},"properties":{"lst_celsius":32.52,"thermal_weight":0.809,"elevation_m":27.1,"land_cover":"Urban and Built-up Lands"}},{"type":"Feature","geometry":{"type":"Point","coordinates":[106.7,-6.2046]},"properties":{"lst_celsius":32.21,"thermal_weight":0.785,"elevation_m":27.1,"land_cover":"Urban and Built-up Lands"}},{"type":"Feature","geometry":{"type":"Point","coordinates":[106.7125,-6.2046]},"properties":{"lst_celsius":31.89,"thermal_weight":0.761,"elevation_m":27.1,"land_cover":"Urban and Built-up Lands"}},{"type":"Feature","geometry":{"type":"Point","coordinates":[106.725,-6.2046]},"properties":{"lst_celsius":32.06,"thermal_weight":0.774,"elevation_m":27.1,"land_cover":"Urban and Built-up Lands"}},{"type":"Feature","geometry":{"type":"Point","coordinates":[106.7375,-6.2046]},"properties":{"lst_celsius":32.35,"thermal_weight":0.796,"elevation_m":27.1,"land_cover":"Urban and Built-up Lands"}},{"type":"Feature","geometry":{"type":"Point","coordinates":[106.75,-6.2046]},"properties":{"lst_celsius":32.62,"thermal_weight":0.817,"elevation_m":27.1,"land_cover":"Urban and Built-up Lands"}},{"type":"Feature","geometry":{"type":"Point","coordinates":[106.7625,-6.2046]},"properties":{"lst_celsius":32.84,"thermal_weight":0.834,"elevation_m":27.1,"land_cover":"Urban and Built-up Lands"}},{"type":"Feature","geometry":{"type":"Point","coordinates":[106.775,-6.2046]},"properties":{"lst_celsius":32.98,"thermal_weight":0.845,"elevation_m":27.1,"land_cover":"Urban and Built-up Lands"}},{"type":"Feature","geometry":{"type":"Point","coordinates":[106.7875,-6.2046]},"properties":{"lst_celsius":33.02,"thermal_weight":0.848,"elevation_m":27.1,"land_cover":"Urban and Built-up Lands"}},{"type":"Feature","geometry":{"type":"Point","coordinates":[106.8,-6.2046]},"properties":{"lst_celsius":33.31,"thermal_weight":0.87,"elevation_m":27.1,"land_cover":"Urban and Built-up Lands"}},{"type":"Feature","geometry":{"type":"Point","coordinates":[106.8125,-6.2046]},"properties":{"lst_celsius":33.51,"thermal_weight":0.885,"elevation_m":27.1,"land_cover":"Urban and Built-up Lands"}},{"type":"Feature","geometry":{"type":"Point","coordinates":[106.825,-6.2046]},"properties":{"lst_celsius":33.6,"thermal_weight":0.892,"elevation_m":27.1,"land_cover":"Urban and Built-up Lands"}},{"type":"Feature","geometry":{"type":"Point","coordinates":[106.8375,-6.2046]},"properties":{"lst_celsius":33.55,"thermal_weight":0.888,"elevation_m":27.1,"land_cover":"Urban and Built-up Lands"}},{"type":"Feature","geometry":{"type":"Point","coordinates":[106.85,-6.2046]},"properties":{"lst_celsius":33.39,"thermal_weight":0.876,"elevation_m":27.1,"land_cover":"Urban and Built-up Lands"}},{"type":"Feature","geometry":{"type":"Point","coordinates":[106.8625,-6.2046]},"properties":{"lst_celsius":33.15,"thermal_weight":0.858,"elevation_m":27.1,"land_cover":"Urban and Built-up Lands"}},{"type":"Feature","geometry":{"type":"Point","coordinates":[106.875,-6.2046]},"properties":{"lst_celsius":32.87,"thermal_weight":0.836,"elevation_m":27.1,"land_cover":"Urban and Built-up Lands"}},{"type":"Feature","geometry":{"type":"Point","coordinates":[106.8875,-6.2046]},"properties":{"lst_celsius":32.57,"thermal_weight":0.813,"elevation_m":27.1,"land_cover":"Urban and Built-up Lands"}},{"type":"Feature","geometry":{"type":"Point","coordinates":[106.9,-6.2046]},"properties":{"lst_celsius":32.25,"thermal_weight":0.788,"elevation_m":27.1,"land_cover":"Urban and Built-up Lands"}},{"type":"Feature","geometry":{"type":"Point","coordinates":[106.9125,-6.2046]},"properties":{"lst_celsius":32.04,"thermal_weight":0.772,"elevation_m":27.1,"land_cover":"Urban and Built-up Lands"}},{"type":"Feature","geometry":{"type":"Point","coordinates":[106.925,-6.2046]},"properties":{"lst_celsius":32.37,"thermal_weight":0.798,"elevation_m":27.1,"land_cover":"Urban and Built-up Lands"}},{"type":"Feature","geometry":{"type":"Point","coordinates":[106.9375,-6.2046]},"properties":{"lst_celsius":32.68,"thermal_weight":0.822,"elevation_m":27.1,"land_cover":"Urban and Built-up Lands"}},{"type":"Feature","geometry":{"type":"Point","coordinates":[106.95,-6.2046]},"properties":{"lst_celsius":32.98,"thermal_weight":0.845,"elevation_m":27.1,"land_cover":"Urban and Built-up Lands"}},{"type":"Feature","geometry":{"type":"Point","coordinates":[106.9625,-6.2046]},"properties":{"lst_celsius":33.26,"thermal_weight":0.866,"elevation_m":27.1,"land_cover":"Urban and Built-up Lands"}},{"type":"Feature","geometry":{"type":"Point","coordinates":[106.975,-6.2046]},"properties":{"lst_celsius":33.48,"thermal_weight":0.883,"elevation_m":27.1,"land_cover":"Urban and Built-up Lands"}},{"type":"Feature","geometry":{"type":"Point","coordinates":[106.9875,-6.2046]},"properties":{"lst_celsius":33.62,"thermal_weight":0.894,"elevation_m":27.1,"land_cover":"Urban and Built-up Lands"}},{"type":"Feature","geometry":{"type":"Point","coordinates":[107,-6.2046]},"properties":{"lst_celsius":33.64,"thermal_weight":0.895,"elevation_m":27.1,"land_cover":"Urban and Built-up Lands"}},{"type":"Feature","geometry":{"type":"Point","coordinates":[107.0125,-6.2046]},"properties":{"lst_celsius":33.52,"thermal_weight":0.886,"elevation_m":27.1,"land_cover":"Urban and Built-up Lands"}},{"type":"Feature","geometry":{"type":"Point","coordinates":[107.025,-6.2046]},"properties":{"lst_celsius":33.31,"thermal_weight":0.87,"elevation_m":27.1,"land_cover":"Urban and Built-up Lands"}},{"type":"Feature","geometry":{"type":"Point","coordinates":[107.0375,-6.2046]},"properties":{"lst_celsius":33.04,"thermal_weight":0.849,"elevation_m":27.1,"land_cover":"Urban and Built-up Lands"}},{"type":"Feature","geometry":{"type":"Point","coordinates":[107.05,-6.2046]},"properties":{"lst_celsius":32.74,"thermal_weight":0.826,"elevation_m":27.1,"land_cover":"Urban and Built-up Lands"}},{"type":"Feature","geometry":{"type":"Point","coordinates":[107.0625,-6.2046]},"properties":{"lst_celsius":32.43,"thermal_weight":0.802,"elevation_m":27.1,"land_cover":"Urban and Built-up Lands"}},{"type":"Feature","geometry":{"type":"Point","coordinates":[107.075,-6.2046]},"properties":{"lst_celsius":32.11,"thermal_weight":0.778,"elevation_m":27.1,"land_cover":"Urban and Built-up Lands"}},{"type":"Feature","geometry":{"type":"Point","coordinates":[107.0875,-6.2046]},"properties":{"lst_celsius":31.78,"thermal_weight":0.752,"elevation_m":27.1,"land_cover":"Urban and Built-up Lands"}},{"type":"Feature","geometry":{"type":"Point","coordinates":[107.1,-6.2046]},"properties":{"lst_celsius":31.74,"thermal_weight":0.749,"elevation_m":27.1,"land_cover":"Urban and Built-up Lands"}},{"type":"Feature","geometry":{"type":"Point","coordinates":[107.1125,-6.2046]},"properties":{"lst_celsius":31.87,"thermal_weight":0.759,"elevation_m":27.1,"land_cover":"Urban and Built-up Lands"}},{"type":"Feature","geometry":{"type":"Point","coordinates":[107.125,-6.2046]},"properties":{"lst_celsius":31.97,"thermal_weight":0.767,"elevation_m":27.1,"land_cover":"Urban and Built-up Lands"}},{"type":"Feature","geometry":{"type":"Point","coordinates":[107.1375,-6.2046]},"properties":{"lst_celsius":32.03,"thermal_weight":0.772,"elevation_m":27.1,"land_cover":"Urban and Built-up Lands"}},{"type":"Feature","geometry":{"type":"Point","coordinates":[107.15,-6.2046]},"properties":{"lst_celsius":32.05,"thermal_weight":0.773,"elevation_m":27.1,"land_cover":"Urban and Built-up Lands"}},{"type":"Feature","geometry":{"type":"Point","coordinates":[107.1625,-6.2046]},"properties":{"lst_celsius":32.03,"thermal_weight":0.772,"elevation_m":27.1,"land_cover":"Urban and Built-up Lands"}},{"type":"Feature","geometry":{"type":"Point","coordinates":[107.175,-6.2046]},"properties":{"lst_celsius":31.97,"thermal_weight":0.767,"elevation_m":27.1,"land_cover":"Urban and Built-up Lands"}},{"type":"Feature","geometry":{"type":"Point","coordinates":[107.1875,-6.2046]},"properties":{"lst_celsius":31.87,"thermal_weight":0.759,"elevation_m":27.1,"land_cover":"Urban and Built-up Lands"}},{"type":"Feature","geometry":{"type":"Point","coordinates":[107.2,-6.2046]},"properties":{"lst_celsius":31.74,"thermal_weight":0.749,"elevation_m":27.1,"land_cover":"Urban and Built-up Lands"}},{"type":"Feature","geometry":{"type":"Point","coordinates":[107.2125,-6.2046]},"properties":{"lst_celsius":31.58,"thermal_weight":0.737,"elevation_m":27.1,"land_cover":"Urban and Built-up Lands"}},{"type":"Feature","geometry":{"type":"Point","coordinates":[107.225,-6.2046]},"properties":{"lst_celsius":31.4,"thermal_weight":0.723,"elevation_m":27.1,"land_cover":"Urban and Built-up Lands"}},{"type":"Feature","geometry":{"type":"Point","coordinates":[107.2375,-6.2046]},"properties":{"lst_celsius":31.19,"thermal_weight":0.707,"elevation_m":27.1,"land_cover":"Urban and Built-up Lands"}},{"type":"Feature","geometry":{"type":"Point","coordinates":[107.25,-6.2046]},"properties":{"lst_celsius":30.96,"thermal_weight":0.689,"elevation_m":27.1,"land_cover":"Urban and Built-up Lands"}},{"type":"Feature","geometry":{"type":"Point","coordinates":[107.2625,-6.2046]},"properties":{"lst_celsius":30.72,"thermal_weight":0.671,"elevation_m":27.1,"land_cover":"Urban and Built-up Lands"}},{"type":"Feature","geometry":{"type":"Point","coordinates":[107.275,-6.2046]},"properties":{"lst_celsius":30.47,"thermal_weight":0.652,"elevation_m":27.1,"land_cover":"Urban and Built-up Lands"}},{"type":"Feature","geometry":{"type":"Point","coordinates":[107.2875,-6.2046]},"properties":{"lst_celsius":30.02,"thermal_weight":0.617,"elevation_m":27.1,"land_cover":"Cropland / Natural Vegetation Mosaics"}},{"type":"Feature","geometry":{"type":"Point","coordinates":[107.3,-6.2046]},"properties":{"lst_celsius":30.02,"thermal_weight":0.617,"elevation_m":27.1,"land_cover":"Cropland / Natural Vegetation Mosaics"}},{"type":"Feature","geometry":{"type":"Point","coordinates":[106.5,-6.1926]},"properties":{"lst_celsius":30.51,"thermal_weight":0.655,"elevation_m":10.7,"land_cover":"Urban and Built-up Lands"}},{"type":"Feature","geometry":{"type":"Point","coordinates":[106.5125,-6.1926]},"properties":{"lst_celsius":30.84,"thermal_weight":0.68,"elevation_m":10.7,"land_cover":"Urban and Built-up Lands"}},{"type":"Feature","geometry":{"type":"Point","coordinates":[106.525,-6.1926]},"properties":{"lst_celsius":31.18,"thermal_weight":0.706,"elevation_m":10.7,"land_cover":"Urban and Built-up Lands"}},{"type":"Feature","geometry":{"type":"Point","coordinates":[106.5375,-6.1926]},"properties":{"lst_celsius":31.51,"thermal_weight":0.732,"elevation_m":10.7,"land_cover":"Urban and Built-up Lands"}},{"type":"Feature","geometry":{"type":"Point","coordinates":[106.55,-6.1926]},"properties":{"lst_celsius":31.84,"thermal_weight":0.757,"elevation_m":10.7,"land_cover":"Urban and Built-up Lands"}},{"type":"Feature","geometry":{"type":"Point","coordinates":[106.5625,-6.1926]},"properties":{"lst_celsius":32.18,"thermal_weight":0.783,"elevation_m":10.7,"land_cover":"Urban and Built-up Lands"}},{"type":"Feature","geometry":{"type":"Point","coordinates":[106.575,-6.1926]},"properties":{"lst_celsius":32.5,"thermal_weight":0.808,"elevation_m":10.7,"land_cover":"Urban and Built-up Lands"}},{"type":"Feature","geometry":{"type":"Point","coordinates":[106.5875,-6.1926]},"properties":{"lst_celsius":32.83,"thermal_weight":0.833,"elevation_m":10.7,"land_cover":"Urban and Built-up Lands"}},{"type":"Feature","geometry":{"type":"Point","coordinates":[106.6,-6.1926]},"properties":{"lst_celsius":33.14,"thermal_weight":0.857,"elevation_m":10.7,"land_cover":"Urban and Built-up Lands"}},{"type":"Feature","geometry":{"type":"Point","coordinates":[106.6125,-6.1926]},"properties":{"lst_celsius":33.43,"thermal_weight":0.879,"elevation_m":10.7,"land_cover":"Urban and Built-up Lands"}},{"type":"Feature","geometry":{"type":"Point","coordinates":[106.625,-6.1926]},"properties":{"lst_celsius":33.65,"thermal_weight":0.896,"elevation_m":10.7,"land_cover":"Urban and Built-up Lands"}},{"type":"Feature","geometry":{"type":"Point","coordinates":[106.6375,-6.1926]},"properties":{"lst_celsius":33.72,"thermal_weight":0.902,"elevation_m":10.7,"land_cover":"Urban and Built-up Lands"}},{"type":"Feature","geometry":{"type":"Point","coordinates":[106.65,-6.1926]},"properties":{"lst_celsius":33.57,"thermal_weight":0.89,"elevation_m":10.7,"land_cover":"Urban and Built-up Lands"}},{"type":"Feature","geometry":{"type":"Point","coordinates":[106.6625,-6.1926]},"properties":{"lst_celsius":33.31,"thermal_weight":0.87,"elevation_m":10.7,"land_cover":"Urban and Built-up Lands"}},{"type":"Feature","geometry":{"type":"Point","coordinates":[106.675,-6.1926]},"properties":{"lst_celsius":33.01,"thermal_weight":0.847,"elevation_m":10.7,"land_cover":"Urban and Built-up Lands"}},{"type":"Feature","geometry":{"type":"Point","coordinates":[106.6875,-6.1926]},"properties":{"lst_celsius":32.7,"thermal_weight":0.823,"elevation_m":10.7,"land_cover":"Urban and Built-up Lands"}},{"type":"Feature","geometry":{"type":"Point","coordinates":[106.7,-6.1926]},"properties":{"lst_celsius":32.37,"thermal_weight":0.798,"elevation_m":10.7,"land_cover":"Urban and Built-up Lands"}},{"type":"Feature","geometry":{"type":"Point","coordinates":[106.7125,-6.1926]},"properties":{"lst_celsius":32.04,"thermal_weight":0.772,"elevation_m":10.7,"land_cover":"Urban and Built-up Lands"}},{"type":"Feature","geometry":{"type":"Point","coordinates":[106.725,-6.1926]},"properties":{"lst_celsius":32.28,"thermal_weight":0.791,"elevation_m":10.7,"land_cover":"Urban and Built-up Lands"}},{"type":"Feature","geometry":{"type":"Point","coordinates":[106.7375,-6.1926]},"properties":{"lst_celsius":32.6,"thermal_weight":0.815,"elevation_m":10.7,"land_cover":"Urban and Built-up Lands"}},{"type":"Feature","geometry":{"type":"Point","coordinates":[106.75,-6.1926]},"properties":{"lst_celsius":32.9,"thermal_weight":0.838,"elevation_m":10.7,"land_cover":"Urban and Built-up Lands"}},{"type":"Feature","geometry":{"type":"Point","coordinates":[106.7625,-6.1926]},"properties":{"lst_celsius":33.17,"thermal_weight":0.859,"elevation_m":10.7,"land_cover":"Urban and Built-up Lands"}},{"type":"Feature","geometry":{"type":"Point","coordinates":[106.775,-6.1926]},"properties":{"lst_celsius":33.35,"thermal_weight":0.873,"elevation_m":10.7,"land_cover":"Urban and Built-up Lands"}},{"type":"Feature","geometry":{"type":"Point","coordinates":[106.7875,-6.1926]},"properties":{"lst_celsius":33.39,"thermal_weight":0.876,"elevation_m":10.7,"land_cover":"Urban and Built-up Lands"}},{"type":"Feature","geometry":{"type":"Point","coordinates":[106.8,-6.1926]},"properties":{"lst_celsius":33.54,"thermal_weight":0.888,"elevation_m":10.7,"land_cover":"Urban and Built-up Lands"}},{"type":"Feature","geometry":{"type":"Point","coordinates":[106.8125,-6.1926]},"properties":{"lst_celsius":33.8,"thermal_weight":0.908,"elevation_m":10.7,"land_cover":"Urban and Built-up Lands"}},{"type":"Feature","geometry":{"type":"Point","coordinates":[106.825,-6.1926]},"properties":{"lst_celsius":33.94,"thermal_weight":0.918,"elevation_m":10.7,"land_cover":"Urban and Built-up Lands"}},{"type":"Feature","geometry":{"type":"Point","coordinates":[106.8375,-6.1926]},"properties":{"lst_celsius":33.87,"thermal_weight":0.913,"elevation_m":10.7,"land_cover":"Urban and Built-up Lands"}},{"type":"Feature","geometry":{"type":"Point","coordinates":[106.85,-6.1926]},"properties":{"lst_celsius":33.64,"thermal_weight":0.895,"elevation_m":10.7,"land_cover":"Urban and Built-up Lands"}},{"type":"Feature","geometry":{"type":"Point","coordinates":[106.8625,-6.1926]},"properties":{"lst_celsius":33.35,"thermal_weight":0.873,"elevation_m":10.7,"land_cover":"Urban and Built-up Lands"}},{"type":"Feature","geometry":{"type":"Point","coordinates":[106.875,-6.1926]},"properties":{"lst_celsius":33.04,"thermal_weight":0.849,"elevation_m":10.7,"land_cover":"Urban and Built-up Lands"}},{"type":"Feature","geometry":{"type":"Point","coordinates":[106.8875,-6.1926]},"properties":{"lst_celsius":32.73,"thermal_weight":0.825,"elevation_m":10.7,"land_cover":"Urban and Built-up Lands"}},{"type":"Feature","geometry":{"type":"Point","coordinates":[106.9,-6.1926]},"properties":{"lst_celsius":32.4,"thermal_weight":0.8,"elevation_m":10.7,"land_cover":"Urban and Built-up Lands"}},{"type":"Feature","geometry":{"type":"Point","coordinates":[106.9125,-6.1926]},"properties":{"lst_celsius":32.08,"thermal_weight":0.775,"elevation_m":10.7,"land_cover":"Urban and Built-up Lands"}},{"type":"Feature","geometry":{"type":"Point","coordinates":[106.925,-6.1926]},"properties":{"lst_celsius":32.26,"thermal_weight":0.789,"elevation_m":10.7,"land_cover":"Urban and Built-up Lands"}},{"type":"Feature","geometry":{"type":"Point","coordinates":[106.9375,-6.1926]},"properties":{"lst_celsius":32.55,"thermal_weight":0.812,"elevation_m":10.7,"land_cover":"Urban and Built-up Lands"}},{"type":"Feature","geometry":{"type":"Point","coordinates":[106.95,-6.1926]},"properties":{"lst_celsius":32.81,"thermal_weight":0.832,"elevation_m":10.7,"land_cover":"Urban and Built-up Lands"}},{"type":"Feature","geometry":{"type":"Point","coordinates":[106.9625,-6.1926]},"properties":{"lst_celsius":33.04,"thermal_weight":0.849,"elevation_m":10.7,"land_cover":"Urban and Built-up Lands"}},{"type":"Feature","geometry":{"type":"Point","coordinates":[106.975,-6.1926]},"properties":{"lst_celsius":33.22,"thermal_weight":0.863,"elevation_m":10.7,"land_cover":"Urban and Built-up Lands"}},{"type":"Feature","geometry":{"type":"Point","coordinates":[106.9875,-6.1926]},"properties":{"lst_celsius":33.32,"thermal_weight":0.871,"elevation_m":10.7,"land_cover":"Urban and Built-up Lands"}},{"type":"Feature","geometry":{"type":"Point","coordinates":[107,-6.1926]},"properties":{"lst_celsius":33.33,"thermal_weight":0.872,"elevation_m":10.7,"land_cover":"Urban and Built-up Lands"}},{"type":"Feature","geometry":{"type":"Point","coordinates":[107.0125,-6.1926]},"properties":{"lst_celsius":33.25,"thermal_weight":0.865,"elevation_m":10.7,"land_cover":"Urban and Built-up Lands"}},{"type":"Feature","geometry":{"type":"Point","coordinates":[107.025,-6.1926]},"properties":{"lst_celsius":33.08,"thermal_weight":0.852,"elevation_m":10.7,"land_cover":"Urban and Built-up Lands"}},{"type":"Feature","geometry":{"type":"Point","coordinates":[107.0375,-6.1926]},"properties":{"lst_celsius":32.86,"thermal_weight":0.835,"elevation_m":10.7,"land_cover":"Urban and Built-up Lands"}},{"type":"Feature","geometry":{"type":"Point","coordinates":[107.05,-6.1926]},"properties":{"lst_celsius":32.6,"thermal_weight":0.815,"elevation_m":10.7,"land_cover":"Urban and Built-up Lands"}},{"type":"Feature","geometry":{"type":"Point","coordinates":[107.0625,-6.1926]},"properties":{"lst_celsius":32.32,"thermal_weight":0.794,"elevation_m":10.7,"land_cover":"Urban and Built-up Lands"}},{"type":"Feature","geometry":{"type":"Point","coordinates":[107.075,-6.1926]},"properties":{"lst_celsius":32.03,"thermal_weight":0.772,"elevation_m":10.7,"land_cover":"Urban and Built-up Lands"}},{"type":"Feature","geometry":{"type":"Point","coordinates":[107.0875,-6.1926]},"properties":{"lst_celsius":31.72,"thermal_weight":0.748,"elevation_m":10.7,"land_cover":"Urban and Built-up Lands"}},{"type":"Feature","geometry":{"type":"Point","coordinates":[107.1,-6.1926]},"properties":{"lst_celsius":31.41,"thermal_weight":0.724,"elevation_m":10.7,"land_cover":"Urban and Built-up Lands"}},{"type":"Feature","geometry":{"type":"Point","coordinates":[107.1125,-6.1926]},"properties":{"lst_celsius":31.63,"thermal_weight":0.741,"elevation_m":10.7,"land_cover":"Urban and Built-up Lands"}},{"type":"Feature","geometry":{"type":"Point","coordinates":[107.125,-6.1926]},"properties":{"lst_celsius":31.72,"thermal_weight":0.748,"elevation_m":10.7,"land_cover":"Urban and Built-up Lands"}},{"type":"Feature","geometry":{"type":"Point","coordinates":[107.1375,-6.1926]},"properties":{"lst_celsius":31.77,"thermal_weight":0.752,"elevation_m":10.7,"land_cover":"Urban and Built-up Lands"}},{"type":"Feature","geometry":{"type":"Point","coordinates":[107.15,-6.1926]},"properties":{"lst_celsius":31.79,"thermal_weight":0.753,"elevation_m":10.7,"land_cover":"Urban and Built-up Lands"}},{"type":"Feature","geometry":{"type":"Point","coordinates":[107.1625,-6.1926]},"properties":{"lst_celsius":31.77,"thermal_weight":0.752,"elevation_m":10.7,"land_cover":"Urban and Built-up Lands"}},{"type":"Feature","geometry":{"type":"Point","coordinates":[107.175,-6.1926]},"properties":{"lst_celsius":31.72,"thermal_weight":0.748,"elevation_m":10.7,"land_cover":"Urban and Built-up Lands"}},{"type":"Feature","geometry":{"type":"Point","coordinates":[107.1875,-6.1926]},"properties":{"lst_celsius":31.63,"thermal_weight":0.741,"elevation_m":10.7,"land_cover":"Urban and Built-up Lands"}},{"type":"Feature","geometry":{"type":"Point","coordinates":[107.2,-6.1926]},"properties":{"lst_celsius":31.52,"thermal_weight":0.732,"elevation_m":10.7,"land_cover":"Urban and Built-up Lands"}},{"type":"Feature","geometry":{"type":"Point","coordinates":[107.2125,-6.1926]},"properties":{"lst_celsius":31.38,"thermal_weight":0.722,"elevation_m":10.7,"land_cover":"Urban and Built-up Lands"}},{"type":"Feature","geometry":{"type":"Point","coordinates":[107.225,-6.1926]},"properties":{"lst_celsius":31.21,"thermal_weight":0.708,"elevation_m":10.7,"land_cover":"Urban and Built-up Lands"}},{"type":"Feature","geometry":{"type":"Point","coordinates":[107.2375,-6.1926]},"properties":{"lst_celsius":31.02,"thermal_weight":0.694,"elevation_m":10.7,"land_cover":"Urban and Built-up Lands"}},{"type":"Feature","geometry":{"type":"Point","coordinates":[107.25,-6.1926]},"properties":{"lst_celsius":30.81,"thermal_weight":0.678,"elevation_m":10.7,"land_cover":"Urban and Built-up Lands"}},{"type":"Feature","geometry":{"type":"Point","coordinates":[107.2625,-6.1926]},"properties":{"lst_celsius":30.59,"thermal_weight":0.661,"elevation_m":10.7,"land_cover":"Urban and Built-up Lands"}},{"type":"Feature","geometry":{"type":"Point","coordinates":[107.275,-6.1926]},"properties":{"lst_celsius":30.13,"thermal_weight":0.625,"elevation_m":10.7,"land_cover":"Cropland / Natural Vegetation Mosaics"}},{"type":"Feature","geometry":{"type":"Point","coordinates":[107.2875,-6.1926]},"properties":{"lst_celsius":30.13,"thermal_weight":0.625,"elevation_m":10.7,"land_cover":"Cropland / Natural Vegetation Mosaics"}},{"type":"Feature","geometry":{"type":"Point","coordinates":[107.3,-6.1926]},"properties":{"lst_celsius":30.13,"thermal_weight":0.625,"elevation_m":10.7,"land_cover":"Cropland / Natural Vegetation Mosaics"}},{"type":"Feature","geometry":{"type":"Point","coordinates":[106.5,-6.1806]},"properties":{"lst_celsius":30.54,"thermal_weight":0.657,"elevation_m":10.3,"land_cover":"Urban and Built-up Lands"}},{"type":"Feature","geometry":{"type":"Point","coordinates":[106.5125,-6.1806]},"properties":{"lst_celsius":30.88,"thermal_weight":0.683,"elevation_m":10.3,"land_cover":"Urban and Built-up Lands"}},{"type":"Feature","geometry":{"type":"Point","coordinates":[106.525,-6.1806]},"properties":{"lst_celsius":31.21,"thermal_weight":0.708,"elevation_m":10.3,"land_cover":"Urban and Built-up Lands"}},{"type":"Feature","geometry":{"type":"Point","coordinates":[106.5375,-6.1806]},"properties":{"lst_celsius":31.55,"thermal_weight":0.735,"elevation_m":10.3,"land_cover":"Urban and Built-up Lands"}},{"type":"Feature","geometry":{"type":"Point","coordinates":[106.55,-6.1806]},"properties":{"lst_celsius":31.89,"thermal_weight":0.761,"elevation_m":10.3,"land_cover":"Urban and Built-up Lands"}},{"type":"Feature","geometry":{"type":"Point","coordinates":[106.5625,-6.1806]},"properties":{"lst_celsius":32.23,"thermal_weight":0.787,"elevation_m":10.3,"land_cover":"Urban and Built-up Lands"}},{"type":"Feature","geometry":{"type":"Point","coordinates":[106.575,-6.1806]},"properties":{"lst_celsius":32.57,"thermal_weight":0.813,"elevation_m":10.3,"land_cover":"Urban and Built-up Lands"}},{"type":"Feature","geometry":{"type":"Point","coordinates":[106.5875,-6.1806]},"properties":{"lst_celsius":32.9,"thermal_weight":0.838,"elevation_m":10.3,"land_cover":"Urban and Built-up Lands"}},{"type":"Feature","geometry":{"type":"Point","coordinates":[106.6,-6.1806]},"properties":{"lst_celsius":33.24,"thermal_weight":0.865,"elevation_m":10.3,"land_cover":"Urban and Built-up Lands"}},{"type":"Feature","geometry":{"type":"Point","coordinates":[106.6125,-6.1806]},"properties":{"lst_celsius":33.57,"thermal_weight":0.89,"elevation_m":10.3,"land_cover":"Urban and Built-up Lands"}},{"type":"Feature","geometry":{"type":"Point","coordinates":[106.625,-6.1806]},"properties":{"lst_celsius":33.89,"thermal_weight":0.915,"elevation_m":10.3,"land_cover":"Urban and Built-up Lands"}},{"type":"Feature","geometry":{"type":"Point","coordinates":[106.6375,-6.1806]},"properties":{"lst_celsius":34.03,"thermal_weight":0.925,"elevation_m":10.3,"land_cover":"Urban and Built-up Lands"}},{"type":"Feature","geometry":{"type":"Point","coordinates":[106.65,-6.1806]},"properties":{"lst_celsius":33.77,"thermal_weight":0.905,"elevation_m":10.3,"land_cover":"Urban and Built-up Lands"}},{"type":"Feature","geometry":{"type":"Point","coordinates":[106.6625,-6.1806]},"properties":{"lst_celsius":33.44,"thermal_weight":0.88,"elevation_m":10.3,"land_cover":"Urban and Built-up Lands"}},{"type":"Feature","geometry":{"type":"Point","coordinates":[106.675,-6.1806]},"properties":{"lst_celsius":33.11,"thermal_weight":0.855,"elevation_m":10.3,"land_cover":"Urban and Built-up Lands"}},{"type":"Feature","geometry":{"type":"Point","coordinates":[106.6875,-6.1806]},"properties":{"lst_celsius":32.77,"thermal_weight":0.828,"elevation_m":10.3,"land_cover":"Urban and Built-up Lands"}},{"type":"Feature","geometry":{"type":"Point","coordinates":[106.7,-6.1806]},"properties":{"lst_celsius":32.43,"thermal_weight":0.802,"elevation_m":10.3,"land_cover":"Urban and Built-up Lands"}},{"type":"Feature","geometry":{"type":"Point","coordinates":[106.7125,-6.1806]},"properties":{"lst_celsius":32.09,"thermal_weight":0.776,"elevation_m":10.3,"land_cover":"Urban and Built-up Lands"}},{"type":"Feature","geometry":{"type":"Point","coordinates":[106.725,-6.1806]},"properties":{"lst_celsius":32.4,"thermal_weight":0.8,"elevation_m":10.3,"land_cover":"Urban and Built-up Lands"}},{"type":"Feature","geometry":{"type":"Point","coordinates":[106.7375,-6.1806]},"properties":{"lst_celsius":32.75,"thermal_weight":0.827,"elevation_m":10.3,"land_cover":"Urban and Built-up Lands"}},{"type":"Feature","geometry":{"type":"Point","coordinates":[106.75,-6.1806]},"properties":{"lst_celsius":33.09,"thermal_weight":0.853,"elevation_m":10.3,"land_cover":"Urban and Built-up Lands"}},{"type":"Feature","geometry":{"type":"Point","coordinates":[106.7625,-6.1806]},"properties":{"lst_celsius":33.41,"thermal_weight":0.878,"elevation_m":10.3,"land_cover":"Urban and Built-up Lands"}},{"type":"Feature","geometry":{"type":"Point","coordinates":[106.775,-6.1806]},"properties":{"lst_celsius":33.66,"thermal_weight":0.897,"elevation_m":10.3,"land_cover":"Urban and Built-up Lands"}},{"type":"Feature","geometry":{"type":"Point","coordinates":[106.7875,-6.1806]},"properties":{"lst_celsius":33.74,"thermal_weight":0.903,"elevation_m":10.3,"land_cover":"Urban and Built-up Lands"}},{"type":"Feature","geometry":{"type":"Point","coordinates":[106.8,-6.1806]},"properties":{"lst_celsius":33.57,"thermal_weight":0.89,"elevation_m":10.3,"land_cover":"Urban and Built-up Lands"}},{"type":"Feature","geometry":{"type":"Point","coordinates":[106.8125,-6.1806]},"properties":{"lst_celsius":33.98,"thermal_weight":0.922,"elevation_m":10.3,"land_cover":"Urban and Built-up Lands"}},{"type":"Feature","geometry":{"type":"Point","coordinates":[106.825,-6.1806]},"properties":{"lst_celsius":34.25,"thermal_weight":0.942,"elevation_m":10.3,"land_cover":"Urban and Built-up Lands"}},{"type":"Feature","geometry":{"type":"Point","coordinates":[106.8375,-6.1806]},"properties":{"lst_celsius":34.09,"thermal_weight":0.93,"elevation_m":10.3,"land_cover":"Urban and Built-up Lands"}},{"type":"Feature","geometry":{"type":"Point","coordinates":[106.85,-6.1806]},"properties":{"lst_celsius":33.78,"thermal_weight":0.906,"elevation_m":10.3,"land_cover":"Urban and Built-up Lands"}},{"type":"Feature","geometry":{"type":"Point","coordinates":[106.8625,-6.1806]},"properties":{"lst_celsius":33.45,"thermal_weight":0.881,"elevation_m":10.3,"land_cover":"Urban and Built-up Lands"}},{"type":"Feature","geometry":{"type":"Point","coordinates":[106.875,-6.1806]},"properties":{"lst_celsius":33.12,"thermal_weight":0.855,"elevation_m":10.3,"land_cover":"Urban and Built-up Lands"}},{"type":"Feature","geometry":{"type":"Point","coordinates":[106.8875,-6.1806]},"properties":{"lst_celsius":32.79,"thermal_weight":0.83,"elevation_m":10.3,"land_cover":"Urban and Built-up Lands"}},{"type":"Feature","geometry":{"type":"Point","coordinates":[106.9,-6.1806]},"properties":{"lst_celsius":32.33,"thermal_weight":0.795,"elevation_m":10.3,"land_cover":"Urban and Built-up Lands"}},{"type":"Feature","geometry":{"type":"Point","coordinates":[106.9125,-6.1806]},"properties":{"lst_celsius":32.22,"thermal_weight":0.786,"elevation_m":10.3,"land_cover":"Urban and Built-up Lands"}},{"type":"Feature","geometry":{"type":"Point","coordinates":[106.925,-6.1806]},"properties":{"lst_celsius":32.04,"thermal_weight":0.772,"elevation_m":10.3,"land_cover":"Urban and Built-up Lands"}},{"type":"Feature","geometry":{"type":"Point","coordinates":[106.9375,-6.1806]},"properties":{"lst_celsius":32.34,"thermal_weight":0.795,"elevation_m":10.3,"land_cover":"Urban and Built-up Lands"}},{"type":"Feature","geometry":{"type":"Point","coordinates":[106.95,-6.1806]},"properties":{"lst_celsius":32.57,"thermal_weight":0.813,"elevation_m":10.3,"land_cover":"Urban and Built-up Lands"}},{"type":"Feature","geometry":{"type":"Point","coordinates":[106.9625,-6.1806]},"properties":{"lst_celsius":32.77,"thermal_weight":0.828,"elevation_m":10.3,"land_cover":"Urban and Built-up Lands"}},{"type":"Feature","geometry":{"type":"Point","coordinates":[106.975,-6.1806]},"properties":{"lst_celsius":32.92,"thermal_weight":0.84,"elevation_m":10.3,"land_cover":"Urban and Built-up Lands"}},{"type":"Feature","geometry":{"type":"Point","coordinates":[106.9875,-6.1806]},"properties":{"lst_celsius":33,"thermal_weight":0.846,"elevation_m":10.3,"land_cover":"Urban and Built-up Lands"}},{"type":"Feature","geometry":{"type":"Point","coordinates":[107,-6.1806]},"properties":{"lst_celsius":33.01,"thermal_weight":0.847,"elevation_m":10.3,"land_cover":"Urban and Built-up Lands"}},{"type":"Feature","geometry":{"type":"Point","coordinates":[107.0125,-6.1806]},"properties":{"lst_celsius":32.94,"thermal_weight":0.842,"elevation_m":10.3,"land_cover":"Urban and Built-up Lands"}},{"type":"Feature","geometry":{"type":"Point","coordinates":[107.025,-6.1806]},"properties":{"lst_celsius":32.8,"thermal_weight":0.831,"elevation_m":10.3,"land_cover":"Urban and Built-up Lands"}},{"type":"Feature","geometry":{"type":"Point","coordinates":[107.0375,-6.1806]},"properties":{"lst_celsius":32.61,"thermal_weight":0.816,"elevation_m":10.3,"land_cover":"Urban and Built-up Lands"}},{"type":"Feature","geometry":{"type":"Point","coordinates":[107.05,-6.1806]},"properties":{"lst_celsius":32.39,"thermal_weight":0.799,"elevation_m":10.3,"land_cover":"Urban and Built-up Lands"}},{"type":"Feature","geometry":{"type":"Point","coordinates":[107.0625,-6.1806]},"properties":{"lst_celsius":32.13,"thermal_weight":0.779,"elevation_m":10.3,"land_cover":"Urban and Built-up Lands"}},{"type":"Feature","geometry":{"type":"Point","coordinates":[107.075,-6.1806]},"properties":{"lst_celsius":31.86,"thermal_weight":0.758,"elevation_m":10.3,"land_cover":"Urban and Built-up Lands"}},{"type":"Feature","geometry":{"type":"Point","coordinates":[107.0875,-6.1806]},"properties":{"lst_celsius":31.57,"thermal_weight":0.736,"elevation_m":10.3,"land_cover":"Urban and Built-up Lands"}},{"type":"Feature","geometry":{"type":"Point","coordinates":[107.1,-6.1806]},"properties":{"lst_celsius":31.27,"thermal_weight":0.713,"elevation_m":10.3,"land_cover":"Urban and Built-up Lands"}},{"type":"Feature","geometry":{"type":"Point","coordinates":[107.1125,-6.1806]},"properties":{"lst_celsius":31.33,"thermal_weight":0.718,"elevation_m":10.3,"land_cover":"Urban and Built-up Lands"}},{"type":"Feature","geometry":{"type":"Point","coordinates":[107.125,-6.1806]},"properties":{"lst_celsius":31.41,"thermal_weight":0.724,"elevation_m":10.3,"land_cover":"Urban and Built-up Lands"}},{"type":"Feature","geometry":{"type":"Point","coordinates":[107.1375,-6.1806]},"properties":{"lst_celsius":31.46,"thermal_weight":0.728,"elevation_m":10.3,"land_cover":"Urban and Built-up Lands"}},{"type":"Feature","geometry":{"type":"Point","coordinates":[107.15,-6.1806]},"properties":{"lst_celsius":31.47,"thermal_weight":0.728,"elevation_m":10.3,"land_cover":"Urban and Built-up Lands"}},{"type":"Feature","geometry":{"type":"Point","coordinates":[107.1625,-6.1806]},"properties":{"lst_celsius":31.46,"thermal_weight":0.728,"elevation_m":10.3,"land_cover":"Urban and Built-up Lands"}},{"type":"Feature","geometry":{"type":"Point","coordinates":[107.175,-6.1806]},"properties":{"lst_celsius":31.41,"thermal_weight":0.724,"elevation_m":10.3,"land_cover":"Urban and Built-up Lands"}},{"type":"Feature","geometry":{"type":"Point","coordinates":[107.1875,-6.1806]},"properties":{"lst_celsius":31.33,"thermal_weight":0.718,"elevation_m":10.3,"land_cover":"Urban and Built-up Lands"}},{"type":"Feature","geometry":{"type":"Point","coordinates":[107.2,-6.1806]},"properties":{"lst_celsius":31.22,"thermal_weight":0.709,"elevation_m":10.3,"land_cover":"Urban and Built-up Lands"}},{"type":"Feature","geometry":{"type":"Point","coordinates":[107.2125,-6.1806]},"properties":{"lst_celsius":31.09,"thermal_weight":0.699,"elevation_m":10.3,"land_cover":"Urban and Built-up Lands"}},{"type":"Feature","geometry":{"type":"Point","coordinates":[107.225,-6.1806]},"properties":{"lst_celsius":30.94,"thermal_weight":0.688,"elevation_m":10.3,"land_cover":"Urban and Built-up Lands"}},{"type":"Feature","geometry":{"type":"Point","coordinates":[107.2375,-6.1806]},"properties":{"lst_celsius":30.76,"thermal_weight":0.674,"elevation_m":10.3,"land_cover":"Urban and Built-up Lands"}},{"type":"Feature","geometry":{"type":"Point","coordinates":[107.25,-6.1806]},"properties":{"lst_celsius":30.57,"thermal_weight":0.659,"elevation_m":10.3,"land_cover":"Urban and Built-up Lands"}},{"type":"Feature","geometry":{"type":"Point","coordinates":[107.2625,-6.1806]},"properties":{"lst_celsius":30.13,"thermal_weight":0.625,"elevation_m":10.3,"land_cover":"Cropland / Natural Vegetation Mosaics"}},{"type":"Feature","geometry":{"type":"Point","coordinates":[107.275,-6.1806]},"properties":{"lst_celsius":30.13,"thermal_weight":0.625,"elevation_m":10.3,"land_cover":"Cropland / Natural Vegetation Mosaics"}},{"type":"Feature","geometry":{"type":"Point","coordinates":[107.2875,-6.1806]},"properties":{"lst_celsius":30.13,"thermal_weight":0.625,"elevation_m":10.3,"land_cover":"Cropland / Natural Vegetation Mosaics"}},{"type":"Feature","geometry":{"type":"Point","coordinates":[107.3,-6.1806]},"properties":{"lst_celsius":30.13,"thermal_weight":0.625,"elevation_m":10.3,"land_cover":"Cropland / Natural Vegetation Mosaics"}},{"type":"Feature","geometry":{"type":"Point","coordinates":[106.5,-6.1685]},"properties":{"lst_celsius":30.54,"thermal_weight":0.657,"elevation_m":9.9,"land_cover":"Urban and Built-up Lands"}},{"type":"Feature","geometry":{"type":"Point","coordinates":[106.5125,-6.1685]},"properties":{"lst_celsius":30.88,"thermal_weight":0.683,"elevation_m":9.9,"land_cover":"Urban and Built-up Lands"}},{"type":"Feature","geometry":{"type":"Point","coordinates":[106.525,-6.1685]},"properties":{"lst_celsius":31.21,"thermal_weight":0.708,"elevation_m":9.9,"land_cover":"Urban and Built-up Lands"}},{"type":"Feature","geometry":{"type":"Point","coordinates":[106.5375,-6.1685]},"properties":{"lst_celsius":31.55,"thermal_weight":0.735,"elevation_m":9.9,"land_cover":"Urban and Built-up Lands"}},{"type":"Feature","geometry":{"type":"Point","coordinates":[106.55,-6.1685]},"properties":{"lst_celsius":31.89,"thermal_weight":0.761,"elevation_m":9.9,"land_cover":"Urban and Built-up Lands"}},{"type":"Feature","geometry":{"type":"Point","coordinates":[106.5625,-6.1685]},"properties":{"lst_celsius":32.23,"thermal_weight":0.787,"elevation_m":9.9,"land_cover":"Urban and Built-up Lands"}},{"type":"Feature","geometry":{"type":"Point","coordinates":[106.575,-6.1685]},"properties":{"lst_celsius":32.56,"thermal_weight":0.812,"elevation_m":9.9,"land_cover":"Urban and Built-up Lands"}},{"type":"Feature","geometry":{"type":"Point","coordinates":[106.5875,-6.1685]},"properties":{"lst_celsius":32.9,"thermal_weight":0.838,"elevation_m":9.9,"land_cover":"Urban and Built-up Lands"}},{"type":"Feature","geometry":{"type":"Point","coordinates":[106.6,-6.1685]},"properties":{"lst_celsius":33.24,"thermal_weight":0.865,"elevation_m":9.9,"land_cover":"Urban and Built-up Lands"}},{"type":"Feature","geometry":{"type":"Point","coordinates":[106.6125,-6.1685]},"properties":{"lst_celsius":33.57,"thermal_weight":0.89,"elevation_m":9.9,"land_cover":"Urban and Built-up Lands"}},{"type":"Feature","geometry":{"type":"Point","coordinates":[106.625,-6.1685]},"properties":{"lst_celsius":33.88,"thermal_weight":0.914,"elevation_m":9.9,"land_cover":"Urban and Built-up Lands"}},{"type":"Feature","geometry":{"type":"Point","coordinates":[106.6375,-6.1685]},"properties":{"lst_celsius":34.01,"thermal_weight":0.924,"elevation_m":9.9,"land_cover":"Urban and Built-up Lands"}},{"type":"Feature","geometry":{"type":"Point","coordinates":[106.65,-6.1685]},"properties":{"lst_celsius":33.76,"thermal_weight":0.905,"elevation_m":9.9,"land_cover":"Urban and Built-up Lands"}},{"type":"Feature","geometry":{"type":"Point","coordinates":[106.6625,-6.1685]},"properties":{"lst_celsius":33.43,"thermal_weight":0.879,"elevation_m":9.9,"land_cover":"Urban and Built-up Lands"}},{"type":"Feature","geometry":{"type":"Point","coordinates":[106.675,-6.1685]},"properties":{"lst_celsius":33.1,"thermal_weight":0.854,"elevation_m":9.9,"land_cover":"Urban and Built-up Lands"}},{"type":"Feature","geometry":{"type":"Point","coordinates":[106.6875,-6.1685]},"properties":{"lst_celsius":32.77,"thermal_weight":0.828,"elevation_m":9.9,"land_cover":"Urban and Built-up Lands"}},{"type":"Feature","geometry":{"type":"Point","coordinates":[106.7,-6.1685]},"properties":{"lst_celsius":32.43,"thermal_weight":0.802,"elevation_m":9.9,"land_cover":"Urban and Built-up Lands"}},{"type":"Feature","geometry":{"type":"Point","coordinates":[106.7125,-6.1685]},"properties":{"lst_celsius":32.09,"thermal_weight":0.776,"elevation_m":9.9,"land_cover":"Urban and Built-up Lands"}},{"type":"Feature","geometry":{"type":"Point","coordinates":[106.725,-6.1685]},"properties":{"lst_celsius":32.46,"thermal_weight":0.805,"elevation_m":9.9,"land_cover":"Urban and Built-up Lands"}},{"type":"Feature","geometry":{"type":"Point","coordinates":[106.7375,-6.1685]},"properties":{"lst_celsius":32.82,"thermal_weight":0.832,"elevation_m":9.9,"land_cover":"Urban and Built-up Lands"}},{"type":"Feature","geometry":{"type":"Point","coordinates":[106.75,-6.1685]},"properties":{"lst_celsius":33.18,"thermal_weight":0.86,"elevation_m":9.9,"land_cover":"Urban and Built-up Lands"}},{"type":"Feature","geometry":{"type":"Point","coordinates":[106.7625,-6.1685]},"properties":{"lst_celsius":33.54,"thermal_weight":0.888,"elevation_m":9.9,"land_cover":"Urban and Built-up Lands"}},{"type":"Feature","geometry":{"type":"Point","coordinates":[106.775,-6.1685]},"properties":{"lst_celsius":33.89,"thermal_weight":0.915,"elevation_m":9.9,"land_cover":"Urban and Built-up Lands"}},{"type":"Feature","geometry":{"type":"Point","coordinates":[106.7875,-6.1685]},"properties":{"lst_celsius":34.07,"thermal_weight":0.928,"elevation_m":9.9,"land_cover":"Urban and Built-up Lands"}},{"type":"Feature","geometry":{"type":"Point","coordinates":[106.8,-6.1685]},"properties":{"lst_celsius":33.75,"thermal_weight":0.904,"elevation_m":9.9,"land_cover":"Urban and Built-up Lands"}},{"type":"Feature","geometry":{"type":"Point","coordinates":[106.8125,-6.1685]},"properties":{"lst_celsius":33.97,"thermal_weight":0.921,"elevation_m":9.9,"land_cover":"Urban and Built-up Lands"}},{"type":"Feature","geometry":{"type":"Point","coordinates":[106.825,-6.1685]},"properties":{"lst_celsius":34.21,"thermal_weight":0.939,"elevation_m":9.9,"land_cover":"Urban and Built-up Lands"}},{"type":"Feature","geometry":{"type":"Point","coordinates":[106.8375,-6.1685]},"properties":{"lst_celsius":34.07,"thermal_weight":0.928,"elevation_m":9.9,"land_cover":"Urban and Built-up Lands"}},{"type":"Feature","geometry":{"type":"Point","coordinates":[106.85,-6.1685]},"properties":{"lst_celsius":33.77,"thermal_weight":0.905,"elevation_m":9.9,"land_cover":"Urban and Built-up Lands"}},{"type":"Feature","geometry":{"type":"Point","coordinates":[106.8625,-6.1685]},"properties":{"lst_celsius":33.44,"thermal_weight":0.88,"elevation_m":9.9,"land_cover":"Urban and Built-up Lands"}},{"type":"Feature","geometry":{"type":"Point","coordinates":[106.875,-6.1685]},"properties":{"lst_celsius":33.11,"thermal_weight":0.855,"elevation_m":9.9,"land_cover":"Urban and Built-up Lands"}},{"type":"Feature","geometry":{"type":"Point","coordinates":[106.8875,-6.1685]},"properties":{"lst_celsius":32.72,"thermal_weight":0.825,"elevation_m":9.9,"land_cover":"Urban and Built-up Lands"}},{"type":"Feature","geometry":{"type":"Point","coordinates":[106.9,-6.1685]},"properties":{"lst_celsius":32.66,"thermal_weight":0.82,"elevation_m":9.9,"land_cover":"Urban and Built-up Lands"}},{"type":"Feature","geometry":{"type":"Point","coordinates":[106.9125,-6.1685]},"properties":{"lst_celsius":32.52,"thermal_weight":0.809,"elevation_m":9.9,"land_cover":"Urban and Built-up Lands"}},{"type":"Feature","geometry":{"type":"Point","coordinates":[106.925,-6.1685]},"properties":{"lst_celsius":32.32,"thermal_weight":0.794,"elevation_m":9.9,"land_cover":"Urban and Built-up Lands"}},{"type":"Feature","geometry":{"type":"Point","coordinates":[106.9375,-6.1685]},"properties":{"lst_celsius":32.08,"thermal_weight":0.775,"elevation_m":9.9,"land_cover":"Urban and Built-up Lands"}},{"type":"Feature","geometry":{"type":"Point","coordinates":[106.95,-6.1685]},"properties":{"lst_celsius":32.31,"thermal_weight":0.793,"elevation_m":9.9,"land_cover":"Urban and Built-up Lands"}},{"type":"Feature","geometry":{"type":"Point","coordinates":[106.9625,-6.1685]},"properties":{"lst_celsius":32.48,"thermal_weight":0.806,"elevation_m":9.9,"land_cover":"Urban and Built-up Lands"}},{"type":"Feature","geometry":{"type":"Point","coordinates":[106.975,-6.1685]},"properties":{"lst_celsius":32.61,"thermal_weight":0.816,"elevation_m":9.9,"land_cover":"Urban and Built-up Lands"}},{"type":"Feature","geometry":{"type":"Point","coordinates":[106.9875,-6.1685]},"properties":{"lst_celsius":32.68,"thermal_weight":0.822,"elevation_m":9.9,"land_cover":"Urban and Built-up Lands"}},{"type":"Feature","geometry":{"type":"Point","coordinates":[107,-6.1685]},"properties":{"lst_celsius":32.68,"thermal_weight":0.822,"elevation_m":9.9,"land_cover":"Urban and Built-up Lands"}},{"type":"Feature","geometry":{"type":"Point","coordinates":[107.0125,-6.1685]},"properties":{"lst_celsius":32.62,"thermal_weight":0.817,"elevation_m":9.9,"land_cover":"Urban and Built-up Lands"}},{"type":"Feature","geometry":{"type":"Point","coordinates":[107.025,-6.1685]},"properties":{"lst_celsius":32.51,"thermal_weight":0.808,"elevation_m":9.9,"land_cover":"Urban and Built-up Lands"}},{"type":"Feature","geometry":{"type":"Point","coordinates":[107.0375,-6.1685]},"properties":{"lst_celsius":32.35,"thermal_weight":0.796,"elevation_m":9.9,"land_cover":"Urban and Built-up Lands"}},{"type":"Feature","geometry":{"type":"Point","coordinates":[107.05,-6.1685]},"properties":{"lst_celsius":32.15,"thermal_weight":0.781,"elevation_m":9.9,"land_cover":"Urban and Built-up Lands"}},{"type":"Feature","geometry":{"type":"Point","coordinates":[107.0625,-6.1685]},"properties":{"lst_celsius":31.92,"thermal_weight":0.763,"elevation_m":9.9,"land_cover":"Urban and Built-up Lands"}},{"type":"Feature","geometry":{"type":"Point","coordinates":[107.075,-6.1685]},"properties":{"lst_celsius":31.66,"thermal_weight":0.743,"elevation_m":9.9,"land_cover":"Urban and Built-up Lands"}},{"type":"Feature","geometry":{"type":"Point","coordinates":[107.0875,-6.1685]},"properties":{"lst_celsius":31.39,"thermal_weight":0.722,"elevation_m":9.9,"land_cover":"Urban and Built-up Lands"}},{"type":"Feature","geometry":{"type":"Point","coordinates":[107.1,-6.1685]},"properties":{"lst_celsius":31.11,"thermal_weight":0.701,"elevation_m":9.9,"land_cover":"Urban and Built-up Lands"}},{"type":"Feature","geometry":{"type":"Point","coordinates":[107.1125,-6.1685]},"properties":{"lst_celsius":31.03,"thermal_weight":0.695,"elevation_m":9.9,"land_cover":"Urban and Built-up Lands"}},{"type":"Feature","geometry":{"type":"Point","coordinates":[107.125,-6.1685]},"properties":{"lst_celsius":31.1,"thermal_weight":0.7,"elevation_m":9.9,"land_cover":"Urban and Built-up Lands"}},{"type":"Feature","geometry":{"type":"Point","coordinates":[107.1375,-6.1685]},"properties":{"lst_celsius":31.14,"thermal_weight":0.703,"elevation_m":9.9,"land_cover":"Urban and Built-up Lands"}},{"type":"Feature","geometry":{"type":"Point","coordinates":[107.15,-6.1685]},"properties":{"lst_celsius":31.16,"thermal_weight":0.705,"elevation_m":9.9,"land_cover":"Urban and Built-up Lands"}},{"type":"Feature","geometry":{"type":"Point","coordinates":[107.1625,-6.1685]},"properties":{"lst_celsius":31.14,"thermal_weight":0.703,"elevation_m":9.9,"land_cover":"Urban and Built-up Lands"}},{"type":"Feature","geometry":{"type":"Point","coordinates":[107.175,-6.1685]},"properties":{"lst_celsius":31.1,"thermal_weight":0.7,"elevation_m":9.9,"land_cover":"Urban and Built-up Lands"}},{"type":"Feature","geometry":{"type":"Point","coordinates":[107.1875,-6.1685]},"properties":{"lst_celsius":31.03,"thermal_weight":0.695,"elevation_m":9.9,"land_cover":"Urban and Built-up Lands"}},{"type":"Feature","geometry":{"type":"Point","coordinates":[107.2,-6.1685]},"properties":{"lst_celsius":30.93,"thermal_weight":0.687,"elevation_m":9.9,"land_cover":"Urban and Built-up Lands"}},{"type":"Feature","geometry":{"type":"Point","coordinates":[107.2125,-6.1685]},"properties":{"lst_celsius":30.81,"thermal_weight":0.678,"elevation_m":9.9,"land_cover":"Urban and Built-up Lands"}},{"type":"Feature","geometry":{"type":"Point","coordinates":[107.225,-6.1685]},"properties":{"lst_celsius":30.66,"thermal_weight":0.666,"elevation_m":9.9,"land_cover":"Urban and Built-up Lands"}},{"type":"Feature","geometry":{"type":"Point","coordinates":[107.2375,-6.1685]},"properties":{"lst_celsius":30.5,"thermal_weight":0.654,"elevation_m":9.9,"land_cover":"Urban and Built-up Lands"}},{"type":"Feature","geometry":{"type":"Point","coordinates":[107.25,-6.1685]},"properties":{"lst_celsius":30.14,"thermal_weight":0.626,"elevation_m":9.9,"land_cover":"Cropland / Natural Vegetation Mosaics"}},{"type":"Feature","geometry":{"type":"Point","coordinates":[107.2625,-6.1685]},"properties":{"lst_celsius":30.14,"thermal_weight":0.626,"elevation_m":9.9,"land_cover":"Cropland / Natural Vegetation Mosaics"}},{"type":"Feature","geometry":{"type":"Point","coordinates":[107.275,-6.1685]},"properties":{"lst_celsius":30.14,"thermal_weight":0.626,"elevation_m":9.9,"land_cover":"Cropland / Natural Vegetation Mosaics"}},{"type":"Feature","geometry":{"type":"Point","coordinates":[107.2875,-6.1685]},"properties":{"lst_celsius":30.14,"thermal_weight":0.626,"elevation_m":9.9,"land_cover":"Cropland / Natural Vegetation Mosaics"}},{"type":"Feature","geometry":{"type":"Point","coordinates":[107.3,-6.1685]},"properties":{"lst_celsius":30.14,"thermal_weight":0.626,"elevation_m":9.9,"land_cover":"Cropland / Natural Vegetation Mosaics"}},{"type":"Feature","geometry":{"type":"Point","coordinates":[106.5,-6.1565]},"properties":{"lst_celsius":30.51,"thermal_weight":0.655,"elevation_m":9.5,"land_cover":"Urban and Built-up Lands"}},{"type":"Feature","geometry":{"type":"Point","coordinates":[106.5125,-6.1565]},"properties":{"lst_celsius":30.85,"thermal_weight":0.681,"elevation_m":9.5,"land_cover":"Urban and Built-up Lands"}},{"type":"Feature","geometry":{"type":"Point","coordinates":[106.525,-6.1565]},"properties":{"lst_celsius":31.18,"thermal_weight":0.706,"elevation_m":9.5,"land_cover":"Urban and Built-up Lands"}},{"type":"Feature","geometry":{"type":"Point","coordinates":[106.5375,-6.1565]},"properties":{"lst_celsius":31.51,"thermal_weight":0.732,"elevation_m":9.5,"land_cover":"Urban and Built-up Lands"}},{"type":"Feature","geometry":{"type":"Point","coordinates":[106.55,-6.1565]},"properties":{"lst_celsius":31.84,"thermal_weight":0.757,"elevation_m":9.5,"land_cover":"Urban and Built-up Lands"}},{"type":"Feature","geometry":{"type":"Point","coordinates":[106.5625,-6.1565]},"properties":{"lst_celsius":32.17,"thermal_weight":0.782,"elevation_m":9.5,"land_cover":"Urban and Built-up Lands"}},{"type":"Feature","geometry":{"type":"Point","coordinates":[106.575,-6.1565]},"properties":{"lst_celsius":32.5,"thermal_weight":0.808,"elevation_m":9.5,"land_cover":"Urban and Built-up Lands"}},{"type":"Feature","geometry":{"type":"Point","coordinates":[106.5875,-6.1565]},"properties":{"lst_celsius":32.82,"thermal_weight":0.832,"elevation_m":9.5,"land_cover":"Urban and Built-up Lands"}},{"type":"Feature","geometry":{"type":"Point","coordinates":[106.6,-6.1565]},"properties":{"lst_celsius":33.13,"thermal_weight":0.856,"elevation_m":9.5,"land_cover":"Urban and Built-up Lands"}},{"type":"Feature","geometry":{"type":"Point","coordinates":[106.6125,-6.1565]},"properties":{"lst_celsius":33.41,"thermal_weight":0.878,"elevation_m":9.5,"land_cover":"Urban and Built-up Lands"}},{"type":"Feature","geometry":{"type":"Point","coordinates":[106.625,-6.1565]},"properties":{"lst_celsius":33.63,"thermal_weight":0.895,"elevation_m":9.5,"land_cover":"Urban and Built-up Lands"}},{"type":"Feature","geometry":{"type":"Point","coordinates":[106.6375,-6.1565]},"properties":{"lst_celsius":33.69,"thermal_weight":0.899,"elevation_m":9.5,"land_cover":"Urban and Built-up Lands"}},{"type":"Feature","geometry":{"type":"Point","coordinates":[106.65,-6.1565]},"properties":{"lst_celsius":33.55,"thermal_weight":0.888,"elevation_m":9.5,"land_cover":"Urban and Built-up Lands"}},{"type":"Feature","geometry":{"type":"Point","coordinates":[106.6625,-6.1565]},"properties":{"lst_celsius":33.3,"thermal_weight":0.869,"elevation_m":9.5,"land_cover":"Urban and Built-up Lands"}},{"type":"Feature","geometry":{"type":"Point","coordinates":[106.675,-6.1565]},"properties":{"lst_celsius":33.01,"thermal_weight":0.847,"elevation_m":9.5,"land_cover":"Urban and Built-up Lands"}},{"type":"Feature","geometry":{"type":"Point","coordinates":[106.6875,-6.1565]},"properties":{"lst_celsius":32.69,"thermal_weight":0.822,"elevation_m":9.5,"land_cover":"Urban and Built-up Lands"}},{"type":"Feature","geometry":{"type":"Point","coordinates":[106.7,-6.1565]},"properties":{"lst_celsius":32.37,"thermal_weight":0.798,"elevation_m":9.5,"land_cover":"Urban and Built-up Lands"}},{"type":"Feature","geometry":{"type":"Point","coordinates":[106.7125,-6.1565]},"properties":{"lst_celsius":32.08,"thermal_weight":0.775,"elevation_m":9.5,"land_cover":"Urban and Built-up Lands"}},{"type":"Feature","geometry":{"type":"Point","coordinates":[106.725,-6.1565]},"properties":{"lst_celsius":32.44,"thermal_weight":0.803,"elevation_m":9.5,"land_cover":"Urban and Built-up Lands"}},{"type":"Feature","geometry":{"type":"Point","coordinates":[106.7375,-6.1565]},"properties":{"lst_celsius":32.8,"thermal_weight":0.831,"elevation_m":9.5,"land_cover":"Urban and Built-up Lands"}},{"type":"Feature","geometry":{"type":"Point","coordinates":[106.75,-6.1565]},"properties":{"lst_celsius":33.15,"thermal_weight":0.858,"elevation_m":9.5,"land_cover":"Urban and Built-up Lands"}},{"type":"Feature","geometry":{"type":"Point","coordinates":[106.7625,-6.1565]},"properties":{"lst_celsius":33.5,"thermal_weight":0.885,"elevation_m":9.5,"land_cover":"Urban and Built-up Lands"}},{"type":"Feature","geometry":{"type":"Point","coordinates":[106.775,-6.1565]},"properties":{"lst_celsius":33.82,"thermal_weight":0.909,"elevation_m":9.5,"land_cover":"Urban and Built-up Lands"}},{"type":"Feature","geometry":{"type":"Point","coordinates":[106.7875,-6.1565]},"properties":{"lst_celsius":33.94,"thermal_weight":0.918,"elevation_m":9.5,"land_cover":"Urban and Built-up Lands"}},{"type":"Feature","geometry":{"type":"Point","coordinates":[106.8,-6.1565]},"properties":{"lst_celsius":33.7,"thermal_weight":0.9,"elevation_m":9.5,"land_cover":"Urban and Built-up Lands"}},{"type":"Feature","geometry":{"type":"Point","coordinates":[106.8125,-6.1565]},"properties":{"lst_celsius":33.76,"thermal_weight":0.905,"elevation_m":9.5,"land_cover":"Urban and Built-up Lands"}},{"type":"Feature","geometry":{"type":"Point","coordinates":[106.825,-6.1565]},"properties":{"lst_celsius":33.89,"thermal_weight":0.915,"elevation_m":9.5,"land_cover":"Urban and Built-up Lands"}},{"type":"Feature","geometry":{"type":"Point","coordinates":[106.8375,-6.1565]},"properties":{"lst_celsius":33.83,"thermal_weight":0.91,"elevation_m":9.5,"land_cover":"Urban and Built-up Lands"}},{"type":"Feature","geometry":{"type":"Point","coordinates":[106.85,-6.1565]},"properties":{"lst_celsius":33.61,"thermal_weight":0.893,"elevation_m":9.5,"land_cover":"Urban and Built-up Lands"}},{"type":"Feature","geometry":{"type":"Point","coordinates":[106.8625,-6.1565]},"properties":{"lst_celsius":33.33,"thermal_weight":0.872,"elevation_m":9.5,"land_cover":"Urban and Built-up Lands"}},{"type":"Feature","geometry":{"type":"Point","coordinates":[106.875,-6.1565]},"properties":{"lst_celsius":33.03,"thermal_weight":0.848,"elevation_m":9.5,"land_cover":"Urban and Built-up Lands"}},{"type":"Feature","geometry":{"type":"Point","coordinates":[106.8875,-6.1565]},"properties":{"lst_celsius":33.07,"thermal_weight":0.852,"elevation_m":9.5,"land_cover":"Urban and Built-up Lands"}},{"type":"Feature","geometry":{"type":"Point","coordinates":[106.9,-6.1565]},"properties":{"lst_celsius":32.98,"thermal_weight":0.845,"elevation_m":9.5,"land_cover":"Urban and Built-up Lands"}},{"type":"Feature","geometry":{"type":"Point","coordinates":[106.9125,-6.1565]},"properties":{"lst_celsius":32.81,"thermal_weight":0.832,"elevation_m":9.5,"land_cover":"Urban and Built-up Lands"}},{"type":"Feature","geometry":{"type":"Point","coordinates":[106.925,-6.1565]},"properties":{"lst_celsius":32.57,"thermal_weight":0.813,"elevation_m":9.5,"land_cover":"Urban and Built-up Lands"}},{"type":"Feature","geometry":{"type":"Point","coordinates":[106.9375,-6.1565]},"properties":{"lst_celsius":32.29,"thermal_weight":0.792,"elevation_m":9.5,"land_cover":"Urban and Built-up Lands"}},{"type":"Feature","geometry":{"type":"Point","coordinates":[106.95,-6.1565]},"properties":{"lst_celsius":31.99,"thermal_weight":0.768,"elevation_m":9.5,"land_cover":"Urban and Built-up Lands"}},{"type":"Feature","geometry":{"type":"Point","coordinates":[106.9625,-6.1565]},"properties":{"lst_celsius":32.18,"thermal_weight":0.783,"elevation_m":9.5,"land_cover":"Urban and Built-up Lands"}},{"type":"Feature","geometry":{"type":"Point","coordinates":[106.975,-6.1565]},"properties":{"lst_celsius":32.29,"thermal_weight":0.792,"elevation_m":9.5,"land_cover":"Urban and Built-up Lands"}},{"type":"Feature","geometry":{"type":"Point","coordinates":[106.9875,-6.1565]},"properties":{"lst_celsius":32.35,"thermal_weight":0.796,"elevation_m":9.5,"land_cover":"Urban and Built-up Lands"}},{"type":"Feature","geometry":{"type":"Point","coordinates":[107,-6.1565]},"properties":{"lst_celsius":32.36,"thermal_weight":0.797,"elevation_m":9.5,"land_cover":"Urban and Built-up Lands"}},{"type":"Feature","geometry":{"type":"Point","coordinates":[107.0125,-6.1565]},"properties":{"lst_celsius":32.31,"thermal_weight":0.793,"elevation_m":9.5,"land_cover":"Urban and Built-up Lands"}},{"type":"Feature","geometry":{"type":"Point","coordinates":[107.025,-6.1565]},"properties":{"lst_celsius":32.21,"thermal_weight":0.785,"elevation_m":9.5,"land_cover":"Urban and Built-up Lands"}},{"type":"Feature","geometry":{"type":"Point","coordinates":[107.0375,-6.1565]},"properties":{"lst_celsius":32.07,"thermal_weight":0.775,"elevation_m":9.5,"land_cover":"Urban and Built-up Lands"}},{"type":"Feature","geometry":{"type":"Point","coordinates":[107.05,-6.1565]},"properties":{"lst_celsius":31.89,"thermal_weight":0.761,"elevation_m":9.5,"land_cover":"Urban and Built-up Lands"}},{"type":"Feature","geometry":{"type":"Point","coordinates":[107.0625,-6.1565]},"properties":{"lst_celsius":31.68,"thermal_weight":0.745,"elevation_m":9.5,"land_cover":"Urban and Built-up Lands"}},{"type":"Feature","geometry":{"type":"Point","coordinates":[107.075,-6.1565]},"properties":{"lst_celsius":31.44,"thermal_weight":0.726,"elevation_m":9.5,"land_cover":"Urban and Built-up Lands"}},{"type":"Feature","geometry":{"type":"Point","coordinates":[107.0875,-6.1565]},"properties":{"lst_celsius":31.19,"thermal_weight":0.707,"elevation_m":9.5,"land_cover":"Urban and Built-up Lands"}},{"type":"Feature","geometry":{"type":"Point","coordinates":[107.1,-6.1565]},"properties":{"lst_celsius":30.93,"thermal_weight":0.687,"elevation_m":9.5,"land_cover":"Urban and Built-up Lands"}},{"type":"Feature","geometry":{"type":"Point","coordinates":[107.1125,-6.1565]},"properties":{"lst_celsius":30.72,"thermal_weight":0.671,"elevation_m":9.5,"land_cover":"Urban and Built-up Lands"}},{"type":"Feature","geometry":{"type":"Point","coordinates":[107.125,-6.1565]},"properties":{"lst_celsius":30.79,"thermal_weight":0.676,"elevation_m":9.5,"land_cover":"Urban and Built-up Lands"}},{"type":"Feature","geometry":{"type":"Point","coordinates":[107.1375,-6.1565]},"properties":{"lst_celsius":30.83,"thermal_weight":0.679,"elevation_m":9.5,"land_cover":"Urban and Built-up Lands"}},{"type":"Feature","geometry":{"type":"Point","coordinates":[107.15,-6.1565]},"properties":{"lst_celsius":30.84,"thermal_weight":0.68,"elevation_m":9.5,"land_cover":"Urban and Built-up Lands"}},{"type":"Feature","geometry":{"type":"Point","coordinates":[107.1625,-6.1565]},"properties":{"lst_celsius":30.83,"thermal_weight":0.679,"elevation_m":9.5,"land_cover":"Urban and Built-up Lands"}},{"type":"Feature","geometry":{"type":"Point","coordinates":[107.175,-6.1565]},"properties":{"lst_celsius":30.79,"thermal_weight":0.676,"elevation_m":9.5,"land_cover":"Urban and Built-up Lands"}},{"type":"Feature","geometry":{"type":"Point","coordinates":[107.1875,-6.1565]},"properties":{"lst_celsius":30.72,"thermal_weight":0.671,"elevation_m":9.5,"land_cover":"Urban and Built-up Lands"}},{"type":"Feature","geometry":{"type":"Point","coordinates":[107.2,-6.1565]},"properties":{"lst_celsius":30.63,"thermal_weight":0.664,"elevation_m":9.5,"land_cover":"Urban and Built-up Lands"}},{"type":"Feature","geometry":{"type":"Point","coordinates":[107.2125,-6.1565]},"properties":{"lst_celsius":30.52,"thermal_weight":0.655,"elevation_m":9.5,"land_cover":"Urban and Built-up Lands"}},{"type":"Feature","geometry":{"type":"Point","coordinates":[107.225,-6.1565]},"properties":{"lst_celsius":30.38,"thermal_weight":0.645,"elevation_m":9.5,"land_cover":"Urban and Built-up Lands"}},{"type":"Feature","geometry":{"type":"Point","coordinates":[107.2375,-6.1565]},"properties":{"lst_celsius":30.14,"thermal_weight":0.626,"elevation_m":9.5,"land_cover":"Cropland / Natural Vegetation Mosaics"}},{"type":"Feature","geometry":{"type":"Point","coordinates":[107.25,-6.1565]},"properties":{"lst_celsius":30.14,"thermal_weight":0.626,"elevation_m":9.5,"land_cover":"Cropland / Natural Vegetation Mosaics"}},{"type":"Feature","geometry":{"type":"Point","coordinates":[107.2625,-6.1565]},"properties":{"lst_celsius":30.14,"thermal_weight":0.626,"elevation_m":9.5,"land_cover":"Cropland / Natural Vegetation Mosaics"}},{"type":"Feature","geometry":{"type":"Point","coordinates":[107.275,-6.1565]},"properties":{"lst_celsius":30.14,"thermal_weight":0.626,"elevation_m":9.5,"land_cover":"Cropland / Natural Vegetation Mosaics"}},{"type":"Feature","geometry":{"type":"Point","coordinates":[107.2875,-6.1565]},"properties":{"lst_celsius":30.14,"thermal_weight":0.626,"elevation_m":9.5,"land_cover":"Cropland / Natural Vegetation Mosaics"}},{"type":"Feature","geometry":{"type":"Point","coordinates":[107.3,-6.1565]},"properties":{"lst_celsius":30.14,"thermal_weight":0.626,"elevation_m":9.5,"land_cover":"Cropland / Natural Vegetation Mosaics"}},{"type":"Feature","geometry":{"type":"Point","coordinates":[106.5,-6.1444]},"properties":{"lst_celsius":30.45,"thermal_weight":0.65,"elevation_m":9.1,"land_cover":"Urban and Built-up Lands"}},{"type":"Feature","geometry":{"type":"Point","coordinates":[106.5125,-6.1444]},"properties":{"lst_celsius":30.78,"thermal_weight":0.675,"elevation_m":9.1,"land_cover":"Urban and Built-up Lands"}},{"type":"Feature","geometry":{"type":"Point","coordinates":[106.525,-6.1444]},"properties":{"lst_celsius":31.11,"thermal_weight":0.701,"elevation_m":9.1,"land_cover":"Urban and Built-up Lands"}},{"type":"Feature","geometry":{"type":"Point","coordinates":[106.5375,-6.1444]},"properties":{"lst_celsius":31.44,"thermal_weight":0.726,"elevation_m":9.1,"land_cover":"Urban and Built-up Lands"}},{"type":"Feature","geometry":{"type":"Point","coordinates":[106.55,-6.1444]},"properties":{"lst_celsius":31.76,"thermal_weight":0.751,"elevation_m":9.1,"land_cover":"Urban and Built-up Lands"}},{"type":"Feature","geometry":{"type":"Point","coordinates":[106.5625,-6.1444]},"properties":{"lst_celsius":32.07,"thermal_weight":0.775,"elevation_m":9.1,"land_cover":"Urban and Built-up Lands"}},{"type":"Feature","geometry":{"type":"Point","coordinates":[106.575,-6.1444]},"properties":{"lst_celsius":32.38,"thermal_weight":0.798,"elevation_m":9.1,"land_cover":"Urban and Built-up Lands"}},{"type":"Feature","geometry":{"type":"Point","coordinates":[106.5875,-6.1444]},"properties":{"lst_celsius":32.67,"thermal_weight":0.821,"elevation_m":9.1,"land_cover":"Urban and Built-up Lands"}},{"type":"Feature","geometry":{"type":"Point","coordinates":[106.6,-6.1444]},"properties":{"lst_celsius":32.94,"thermal_weight":0.842,"elevation_m":9.1,"land_cover":"Urban and Built-up Lands"}},{"type":"Feature","geometry":{"type":"Point","coordinates":[106.6125,-6.1444]},"properties":{"lst_celsius":33.17,"thermal_weight":0.859,"elevation_m":9.1,"land_cover":"Urban and Built-up Lands"}},{"type":"Feature","geometry":{"type":"Point","coordinates":[106.625,-6.1444]},"properties":{"lst_celsius":33.33,"thermal_weight":0.872,"elevation_m":9.1,"land_cover":"Urban and Built-up Lands"}},{"type":"Feature","geometry":{"type":"Point","coordinates":[106.6375,-6.1444]},"properties":{"lst_celsius":33.37,"thermal_weight":0.875,"elevation_m":9.1,"land_cover":"Urban and Built-up Lands"}},{"type":"Feature","geometry":{"type":"Point","coordinates":[106.65,-6.1444]},"properties":{"lst_celsius":33.28,"thermal_weight":0.868,"elevation_m":9.1,"land_cover":"Urban and Built-up Lands"}},{"type":"Feature","geometry":{"type":"Point","coordinates":[106.6625,-6.1444]},"properties":{"lst_celsius":33.09,"thermal_weight":0.853,"elevation_m":9.1,"land_cover":"Urban and Built-up Lands"}},{"type":"Feature","geometry":{"type":"Point","coordinates":[106.675,-6.1444]},"properties":{"lst_celsius":32.84,"thermal_weight":0.834,"elevation_m":9.1,"land_cover":"Urban and Built-up Lands"}},{"type":"Feature","geometry":{"type":"Point","coordinates":[106.6875,-6.1444]},"properties":{"lst_celsius":32.56,"thermal_weight":0.812,"elevation_m":9.1,"land_cover":"Urban and Built-up Lands"}},{"type":"Feature","geometry":{"type":"Point","coordinates":[106.7,-6.1444]},"properties":{"lst_celsius":32.26,"thermal_weight":0.789,"elevation_m":9.1,"land_cover":"Urban and Built-up Lands"}},{"type":"Feature","geometry":{"type":"Point","coordinates":[106.7125,-6.1444]},"properties":{"lst_celsius":32.02,"thermal_weight":0.771,"elevation_m":9.1,"land_cover":"Urban and Built-up Lands"}},{"type":"Feature","geometry":{"type":"Point","coordinates":[106.725,-6.1444]},"properties":{"lst_celsius":32.36,"thermal_weight":0.797,"elevation_m":9.1,"land_cover":"Urban and Built-up Lands"}},{"type":"Feature","geometry":{"type":"Point","coordinates":[106.7375,-6.1444]},"properties":{"lst_celsius":32.7,"thermal_weight":0.823,"elevation_m":9.1,"land_cover":"Urban and Built-up Lands"}},{"type":"Feature","geometry":{"type":"Point","coordinates":[106.75,-6.1444]},"properties":{"lst_celsius":33.02,"thermal_weight":0.848,"elevation_m":9.1,"land_cover":"Urban and Built-up Lands"}},{"type":"Feature","geometry":{"type":"Point","coordinates":[106.7625,-6.1444]},"properties":{"lst_celsius":33.32,"thermal_weight":0.871,"elevation_m":9.1,"land_cover":"Urban and Built-up Lands"}},{"type":"Feature","geometry":{"type":"Point","coordinates":[106.775,-6.1444]},"properties":{"lst_celsius":33.54,"thermal_weight":0.888,"elevation_m":9.1,"land_cover":"Urban and Built-up Lands"}},{"type":"Feature","geometry":{"type":"Point","coordinates":[106.7875,-6.1444]},"properties":{"lst_celsius":33.6,"thermal_weight":0.892,"elevation_m":9.1,"land_cover":"Urban and Built-up Lands"}},{"type":"Feature","geometry":{"type":"Point","coordinates":[106.8,-6.1444]},"properties":{"lst_celsius":33.46,"thermal_weight":0.882,"elevation_m":9.1,"land_cover":"Urban and Built-up Lands"}},{"type":"Feature","geometry":{"type":"Point","coordinates":[106.8125,-6.1444]},"properties":{"lst_celsius":33.49,"thermal_weight":0.884,"elevation_m":9.1,"land_cover":"Urban and Built-up Lands"}},{"type":"Feature","geometry":{"type":"Point","coordinates":[106.825,-6.1444]},"properties":{"lst_celsius":33.57,"thermal_weight":0.89,"elevation_m":9.1,"land_cover":"Urban and Built-up Lands"}},{"type":"Feature","geometry":{"type":"Point","coordinates":[106.8375,-6.1444]},"properties":{"lst_celsius":33.53,"thermal_weight":0.887,"elevation_m":9.1,"land_cover":"Urban and Built-up Lands"}},{"type":"Feature","geometry":{"type":"Point","coordinates":[106.85,-6.1444]},"properties":{"lst_celsius":33.38,"thermal_weight":0.875,"elevation_m":9.1,"land_cover":"Urban and Built-up Lands"}},{"type":"Feature","geometry":{"type":"Point","coordinates":[106.8625,-6.1444]},"properties":{"lst_celsius":33.16,"thermal_weight":0.858,"elevation_m":9.1,"land_cover":"Urban and Built-up Lands"}},{"type":"Feature","geometry":{"type":"Point","coordinates":[106.875,-6.1444]},"properties":{"lst_celsius":33.35,"thermal_weight":0.873,"elevation_m":9.1,"land_cover":"Urban and Built-up Lands"}},{"type":"Feature","geometry":{"type":"Point","coordinates":[106.8875,-6.1444]},"properties":{"lst_celsius":33.41,"thermal_weight":0.878,"elevation_m":9.1,"land_cover":"Urban and Built-up Lands"}},{"type":"Feature","geometry":{"type":"Point","coordinates":[106.9,-6.1444]},"properties":{"lst_celsius":33.29,"thermal_weight":0.868,"elevation_m":9.1,"land_cover":"Urban and Built-up Lands"}},{"type":"Feature","geometry":{"type":"Point","coordinates":[106.9125,-6.1444]},"properties":{"lst_celsius":33.06,"thermal_weight":0.851,"elevation_m":9.1,"land_cover":"Urban and Built-up Lands"}},{"type":"Feature","geometry":{"type":"Point","coordinates":[106.925,-6.1444]},"properties":{"lst_celsius":32.77,"thermal_weight":0.828,"elevation_m":9.1,"land_cover":"Urban and Built-up Lands"}},{"type":"Feature","geometry":{"type":"Point","coordinates":[106.9375,-6.1444]},"properties":{"lst_celsius":32.46,"thermal_weight":0.805,"elevation_m":9.1,"land_cover":"Urban and Built-up Lands"}},{"type":"Feature","geometry":{"type":"Point","coordinates":[106.95,-6.1444]},"properties":{"lst_celsius":32.14,"thermal_weight":0.78,"elevation_m":9.1,"land_cover":"Urban and Built-up Lands"}},{"type":"Feature","geometry":{"type":"Point","coordinates":[106.9625,-6.1444]},"properties":{"lst_celsius":31.8,"thermal_weight":0.754,"elevation_m":9.1,"land_cover":"Urban and Built-up Lands"}},{"type":"Feature","geometry":{"type":"Point","coordinates":[106.975,-6.1444]},"properties":{"lst_celsius":31.97,"thermal_weight":0.767,"elevation_m":9.1,"land_cover":"Urban and Built-up Lands"}},{"type":"Feature","geometry":{"type":"Point","coordinates":[106.9875,-6.1444]},"properties":{"lst_celsius":32.02,"thermal_weight":0.771,"elevation_m":9.1,"land_cover":"Urban and Built-up Lands"}},{"type":"Feature","geometry":{"type":"Point","coordinates":[107,-6.1444]},"properties":{"lst_celsius":32.03,"thermal_weight":0.772,"elevation_m":9.1,"land_cover":"Urban and Built-up Lands"}},{"type":"Feature","geometry":{"type":"Point","coordinates":[107.0125,-6.1444]},"properties":{"lst_celsius":31.99,"thermal_weight":0.768,"elevation_m":9.1,"land_cover":"Urban and Built-up Lands"}},{"type":"Feature","geometry":{"type":"Point","coordinates":[107.025,-6.1444]},"properties":{"lst_celsius":31.9,"thermal_weight":0.762,"elevation_m":9.1,"land_cover":"Urban and Built-up Lands"}},{"type":"Feature","geometry":{"type":"Point","coordinates":[107.0375,-6.1444]},"properties":{"lst_celsius":31.77,"thermal_weight":0.752,"elevation_m":9.1,"land_cover":"Urban and Built-up Lands"}},{"type":"Feature","geometry":{"type":"Point","coordinates":[107.05,-6.1444]},"properties":{"lst_celsius":31.61,"thermal_weight":0.739,"elevation_m":9.1,"land_cover":"Urban and Built-up Lands"}},{"type":"Feature","geometry":{"type":"Point","coordinates":[107.0625,-6.1444]},"properties":{"lst_celsius":31.42,"thermal_weight":0.725,"elevation_m":9.1,"land_cover":"Urban and Built-up Lands"}},{"type":"Feature","geometry":{"type":"Point","coordinates":[107.075,-6.1444]},"properties":{"lst_celsius":31.21,"thermal_weight":0.708,"elevation_m":9.1,"land_cover":"Urban and Built-up Lands"}},{"type":"Feature","geometry":{"type":"Point","coordinates":[107.0875,-6.1444]},"properties":{"lst_celsius":30.97,"thermal_weight":0.69,"elevation_m":9.1,"land_cover":"Urban and Built-up Lands"}},{"type":"Feature","geometry":{"type":"Point","coordinates":[107.1,-6.1444]},"properties":{"lst_celsius":30.72,"thermal_weight":0.671,"elevation_m":9.1,"land_cover":"Urban and Built-up Lands"}},{"type":"Feature","geometry":{"type":"Point","coordinates":[107.1125,-6.1444]},"properties":{"lst_celsius":30.46,"thermal_weight":0.651,"elevation_m":9.1,"land_cover":"Urban and Built-up Lands"}},{"type":"Feature","geometry":{"type":"Point","coordinates":[107.125,-6.1444]},"properties":{"lst_celsius":30.47,"thermal_weight":0.652,"elevation_m":9.1,"land_cover":"Urban and Built-up Lands"}},{"type":"Feature","geometry":{"type":"Point","coordinates":[107.1375,-6.1444]},"properties":{"lst_celsius":30.51,"thermal_weight":0.655,"elevation_m":9.1,"land_cover":"Urban and Built-up Lands"}},{"type":"Feature","geometry":{"type":"Point","coordinates":[107.15,-6.1444]},"properties":{"lst_celsius":30.52,"thermal_weight":0.655,"elevation_m":9.1,"land_cover":"Urban and Built-up Lands"}},{"type":"Feature","geometry":{"type":"Point","coordinates":[107.1625,-6.1444]},"properties":{"lst_celsius":30.51,"thermal_weight":0.655,"elevation_m":9.1,"land_cover":"Urban and Built-up Lands"}},{"type":"Feature","geometry":{"type":"Point","coordinates":[107.175,-6.1444]},"properties":{"lst_celsius":30.47,"thermal_weight":0.652,"elevation_m":9.1,"land_cover":"Urban and Built-up Lands"}},{"type":"Feature","geometry":{"type":"Point","coordinates":[107.1875,-6.1444]},"properties":{"lst_celsius":30.41,"thermal_weight":0.647,"elevation_m":9.1,"land_cover":"Urban and Built-up Lands"}},{"type":"Feature","geometry":{"type":"Point","coordinates":[107.2,-6.1444]},"properties":{"lst_celsius":30.14,"thermal_weight":0.626,"elevation_m":9.1,"land_cover":"Cropland / Natural Vegetation Mosaics"}},{"type":"Feature","geometry":{"type":"Point","coordinates":[107.2125,-6.1444]},"properties":{"lst_celsius":30.14,"thermal_weight":0.626,"elevation_m":9.1,"land_cover":"Cropland / Natural Vegetation Mosaics"}},{"type":"Feature","geometry":{"type":"Point","coordinates":[107.225,-6.1444]},"properties":{"lst_celsius":30.14,"thermal_weight":0.626,"elevation_m":9.1,"land_cover":"Cropland / Natural Vegetation Mosaics"}},{"type":"Feature","geometry":{"type":"Point","coordinates":[107.2375,-6.1444]},"properties":{"lst_celsius":30.14,"thermal_weight":0.626,"elevation_m":9.1,"land_cover":"Cropland / Natural Vegetation Mosaics"}},{"type":"Feature","geometry":{"type":"Point","coordinates":[107.25,-6.1444]},"properties":{"lst_celsius":30.14,"thermal_weight":0.626,"elevation_m":9.1,"land_cover":"Cropland / Natural Vegetation Mosaics"}},{"type":"Feature","geometry":{"type":"Point","coordinates":[107.2625,-6.1444]},"properties":{"lst_celsius":30.14,"thermal_weight":0.626,"elevation_m":9.1,"land_cover":"Cropland / Natural Vegetation Mosaics"}},{"type":"Feature","geometry":{"type":"Point","coordinates":[107.275,-6.1444]},"properties":{"lst_celsius":30.14,"thermal_weight":0.626,"elevation_m":9.1,"land_cover":"Cropland / Natural Vegetation Mosaics"}},{"type":"Feature","geometry":{"type":"Point","coordinates":[107.2875,-6.1444]},"properties":{"lst_celsius":30.14,"thermal_weight":0.626,"elevation_m":9.1,"land_cover":"Cropland / Natural Vegetation Mosaics"}},{"type":"Feature","geometry":{"type":"Point","coordinates":[107.3,-6.1444]},"properties":{"lst_celsius":30.14,"thermal_weight":0.626,"elevation_m":9.1,"land_cover":"Cropland / Natural Vegetation Mosaics"}},{"type":"Feature","geometry":{"type":"Point","coordinates":[106.5,-6.1324]},"properties":{"lst_celsius":30.37,"thermal_weight":0.644,"elevation_m":8.6,"land_cover":"Urban and Built-up Lands"}},{"type":"Feature","geometry":{"type":"Point","coordinates":[106.5125,-6.1324]},"properties":{"lst_celsius":30.69,"thermal_weight":0.668,"elevation_m":8.6,"land_cover":"Urban and Built-up Lands"}},{"type":"Feature","geometry":{"type":"Point","coordinates":[106.525,-6.1324]},"properties":{"lst_celsius":31.01,"thermal_weight":0.693,"elevation_m":8.6,"land_cover":"Urban and Built-up Lands"}},{"type":"Feature","geometry":{"type":"Point","coordinates":[106.5375,-6.1324]},"properties":{"lst_celsius":31.32,"thermal_weight":0.717,"elevation_m":8.6,"land_cover":"Urban and Built-up Lands"}},{"type":"Feature","geometry":{"type":"Point","coordinates":[106.55,-6.1324]},"properties":{"lst_celsius":31.63,"thermal_weight":0.741,"elevation_m":8.6,"land_cover":"Urban and Built-up Lands"}},{"type":"Feature","geometry":{"type":"Point","coordinates":[106.5625,-6.1324]},"properties":{"lst_celsius":31.93,"thermal_weight":0.764,"elevation_m":8.6,"land_cover":"Urban and Built-up Lands"}},{"type":"Feature","geometry":{"type":"Point","coordinates":[106.575,-6.1324]},"properties":{"lst_celsius":32.21,"thermal_weight":0.785,"elevation_m":8.6,"land_cover":"Urban and Built-up Lands"}},{"type":"Feature","geometry":{"type":"Point","coordinates":[106.5875,-6.1324]},"properties":{"lst_celsius":32.47,"thermal_weight":0.805,"elevation_m":8.6,"land_cover":"Urban and Built-up Lands"}},{"type":"Feature","geometry":{"type":"Point","coordinates":[106.6,-6.1324]},"properties":{"lst_celsius":32.71,"thermal_weight":0.824,"elevation_m":8.6,"land_cover":"Urban and Built-up Lands"}},{"type":"Feature","geometry":{"type":"Point","coordinates":[106.6125,-6.1324]},"properties":{"lst_celsius":32.9,"thermal_weight":0.838,"elevation_m":8.6,"land_cover":"Urban and Built-up Lands"}},{"type":"Feature","geometry":{"type":"Point","coordinates":[106.625,-6.1324]},"properties":{"lst_celsius":33.02,"thermal_weight":0.848,"elevation_m":8.6,"land_cover":"Urban and Built-up Lands"}},{"type":"Feature","geometry":{"type":"Point","coordinates":[106.6375,-6.1324]},"properties":{"lst_celsius":33.05,"thermal_weight":0.85,"elevation_m":8.6,"land_cover":"Urban and Built-up Lands"}},{"type":"Feature","geometry":{"type":"Point","coordinates":[106.65,-6.1324]},"properties":{"lst_celsius":32.98,"thermal_weight":0.845,"elevation_m":8.6,"land_cover":"Urban and Built-up Lands"}},{"type":"Feature","geometry":{"type":"Point","coordinates":[106.6625,-6.1324]},"properties":{"lst_celsius":32.83,"thermal_weight":0.833,"elevation_m":8.6,"land_cover":"Urban and Built-up Lands"}},{"type":"Feature","geometry":{"type":"Point","coordinates":[106.675,-6.1324]},"properties":{"lst_celsius":32.62,"thermal_weight":0.817,"elevation_m":8.6,"land_cover":"Urban and Built-up Lands"}},{"type":"Feature","geometry":{"type":"Point","coordinates":[106.6875,-6.1324]},"properties":{"lst_celsius":32.37,"thermal_weight":0.798,"elevation_m":8.6,"land_cover":"Urban and Built-up Lands"}},{"type":"Feature","geometry":{"type":"Point","coordinates":[106.7,-6.1324]},"properties":{"lst_celsius":32.1,"thermal_weight":0.777,"elevation_m":8.6,"land_cover":"Urban and Built-up Lands"}},{"type":"Feature","geometry":{"type":"Point","coordinates":[106.7125,-6.1324]},"properties":{"lst_celsius":31.9,"thermal_weight":0.762,"elevation_m":8.6,"land_cover":"Urban and Built-up Lands"}},{"type":"Feature","geometry":{"type":"Point","coordinates":[106.725,-6.1324]},"properties":{"lst_celsius":32.22,"thermal_weight":0.786,"elevation_m":8.6,"land_cover":"Urban and Built-up Lands"}},{"type":"Feature","geometry":{"type":"Point","coordinates":[106.7375,-6.1324]},"properties":{"lst_celsius":32.53,"thermal_weight":0.81,"elevation_m":8.6,"land_cover":"Urban and Built-up Lands"}},{"type":"Feature","geometry":{"type":"Point","coordinates":[106.75,-6.1324]},"properties":{"lst_celsius":32.81,"thermal_weight":0.832,"elevation_m":8.6,"land_cover":"Urban and Built-up Lands"}},{"type":"Feature","geometry":{"type":"Point","coordinates":[106.7625,-6.1324]},"properties":{"lst_celsius":33.05,"thermal_weight":0.85,"elevation_m":8.6,"land_cover":"Urban and Built-up Lands"}},{"type":"Feature","geometry":{"type":"Point","coordinates":[106.775,-6.1324]},"properties":{"lst_celsius":33.21,"thermal_weight":0.862,"elevation_m":8.6,"land_cover":"Urban and Built-up Lands"}},{"type":"Feature","geometry":{"type":"Point","coordinates":[106.7875,-6.1324]},"properties":{"lst_celsius":33.25,"thermal_weight":0.865,"elevation_m":8.6,"land_cover":"Urban and Built-up Lands"}},{"type":"Feature","geometry":{"type":"Point","coordinates":[106.8,-6.1324]},"properties":{"lst_celsius":33.16,"thermal_weight":0.858,"elevation_m":8.6,"land_cover":"Urban and Built-up Lands"}},{"type":"Feature","geometry":{"type":"Point","coordinates":[106.8125,-6.1324]},"properties":{"lst_celsius":33.19,"thermal_weight":0.861,"elevation_m":8.6,"land_cover":"Urban and Built-up Lands"}},{"type":"Feature","geometry":{"type":"Point","coordinates":[106.825,-6.1324]},"properties":{"lst_celsius":33.25,"thermal_weight":0.865,"elevation_m":8.6,"land_cover":"Urban and Built-up Lands"}},{"type":"Feature","geometry":{"type":"Point","coordinates":[106.8375,-6.1324]},"properties":{"lst_celsius":33.22,"thermal_weight":0.863,"elevation_m":8.6,"land_cover":"Urban and Built-up Lands"}},{"type":"Feature","geometry":{"type":"Point","coordinates":[106.85,-6.1324]},"properties":{"lst_celsius":33.05,"thermal_weight":0.85,"elevation_m":8.6,"land_cover":"Urban and Built-up Lands"}},{"type":"Feature","geometry":{"type":"Point","coordinates":[106.8625,-6.1324]},"properties":{"lst_celsius":33.37,"thermal_weight":0.875,"elevation_m":8.6,"land_cover":"Urban and Built-up Lands"}},{"type":"Feature","geometry":{"type":"Point","coordinates":[106.875,-6.1324]},"properties":{"lst_celsius":33.65,"thermal_weight":0.896,"elevation_m":8.6,"land_cover":"Urban and Built-up Lands"}},{"type":"Feature","geometry":{"type":"Point","coordinates":[106.8875,-6.1324]},"properties":{"lst_celsius":33.74,"thermal_weight":0.903,"elevation_m":8.6,"land_cover":"Urban and Built-up Lands"}},{"type":"Feature","geometry":{"type":"Point","coordinates":[106.9,-6.1324]},"properties":{"lst_celsius":33.55,"thermal_weight":0.888,"elevation_m":8.6,"land_cover":"Urban and Built-up Lands"}},{"type":"Feature","geometry":{"type":"Point","coordinates":[106.9125,-6.1324]},"properties":{"lst_celsius":33.25,"thermal_weight":0.865,"elevation_m":8.6,"land_cover":"Urban and Built-up Lands"}},{"type":"Feature","geometry":{"type":"Point","coordinates":[106.925,-6.1324]},"properties":{"lst_celsius":32.92,"thermal_weight":0.84,"elevation_m":8.6,"land_cover":"Urban and Built-up Lands"}},{"type":"Feature","geometry":{"type":"Point","coordinates":[106.9375,-6.1324]},"properties":{"lst_celsius":32.58,"thermal_weight":0.814,"elevation_m":8.6,"land_cover":"Urban and Built-up Lands"}},{"type":"Feature","geometry":{"type":"Point","coordinates":[106.95,-6.1324]},"properties":{"lst_celsius":32.23,"thermal_weight":0.787,"elevation_m":8.6,"land_cover":"Urban and Built-up Lands"}},{"type":"Feature","geometry":{"type":"Point","coordinates":[106.9625,-6.1324]},"properties":{"lst_celsius":31.88,"thermal_weight":0.76,"elevation_m":8.6,"land_cover":"Urban and Built-up Lands"}},{"type":"Feature","geometry":{"type":"Point","coordinates":[106.975,-6.1324]},"properties":{"lst_celsius":31.53,"thermal_weight":0.733,"elevation_m":8.6,"land_cover":"Urban and Built-up Lands"}},{"type":"Feature","geometry":{"type":"Point","coordinates":[106.9875,-6.1324]},"properties":{"lst_celsius":31.7,"thermal_weight":0.746,"elevation_m":8.6,"land_cover":"Urban and Built-up Lands"}},{"type":"Feature","geometry":{"type":"Point","coordinates":[107,-6.1324]},"properties":{"lst_celsius":31.7,"thermal_weight":0.746,"elevation_m":8.6,"land_cover":"Urban and Built-up Lands"}},{"type":"Feature","geometry":{"type":"Point","coordinates":[107.0125,-6.1324]},"properties":{"lst_celsius":31.67,"thermal_weight":0.744,"elevation_m":8.6,"land_cover":"Urban and Built-up Lands"}},{"type":"Feature","geometry":{"type":"Point","coordinates":[107.025,-6.1324]},"properties":{"lst_celsius":31.59,"thermal_weight":0.738,"elevation_m":8.6,"land_cover":"Urban and Built-up Lands"}},{"type":"Feature","geometry":{"type":"Point","coordinates":[107.0375,-6.1324]},"properties":{"lst_celsius":31.48,"thermal_weight":0.729,"elevation_m":8.6,"land_cover":"Urban and Built-up Lands"}},{"type":"Feature","geometry":{"type":"Point","coordinates":[107.05,-6.1324]},"properties":{"lst_celsius":31.33,"thermal_weight":0.718,"elevation_m":8.6,"land_cover":"Urban and Built-up Lands"}},{"type":"Feature","geometry":{"type":"Point","coordinates":[107.0625,-6.1324]},"properties":{"lst_celsius":31.16,"thermal_weight":0.705,"elevation_m":8.6,"land_cover":"Urban and Built-up Lands"}},{"type":"Feature","geometry":{"type":"Point","coordinates":[107.075,-6.1324]},"properties":{"lst_celsius":30.96,"thermal_weight":0.689,"elevation_m":8.6,"land_cover":"Urban and Built-up Lands"}},{"type":"Feature","geometry":{"type":"Point","coordinates":[107.0875,-6.1324]},"properties":{"lst_celsius":30.74,"thermal_weight":0.672,"elevation_m":8.6,"land_cover":"Urban and Built-up Lands"}},{"type":"Feature","geometry":{"type":"Point","coordinates":[107.1,-6.1324]},"properties":{"lst_celsius":30.5,"thermal_weight":0.654,"elevation_m":8.6,"land_cover":"Urban and Built-up Lands"}},{"type":"Feature","geometry":{"type":"Point","coordinates":[107.1125,-6.1324]},"properties":{"lst_celsius":30.14,"thermal_weight":0.626,"elevation_m":8.6,"land_cover":"Cropland / Natural Vegetation Mosaics"}},{"type":"Feature","geometry":{"type":"Point","coordinates":[107.125,-6.1324]},"properties":{"lst_celsius":30.14,"thermal_weight":0.626,"elevation_m":8.6,"land_cover":"Cropland / Natural Vegetation Mosaics"}},{"type":"Feature","geometry":{"type":"Point","coordinates":[107.1375,-6.1324]},"properties":{"lst_celsius":30.14,"thermal_weight":0.626,"elevation_m":8.6,"land_cover":"Cropland / Natural Vegetation Mosaics"}},{"type":"Feature","geometry":{"type":"Point","coordinates":[107.15,-6.1324]},"properties":{"lst_celsius":30.14,"thermal_weight":0.626,"elevation_m":8.6,"land_cover":"Cropland / Natural Vegetation Mosaics"}},{"type":"Feature","geometry":{"type":"Point","coordinates":[107.1625,-6.1324]},"properties":{"lst_celsius":30.14,"thermal_weight":0.626,"elevation_m":8.6,"land_cover":"Cropland / Natural Vegetation Mosaics"}},{"type":"Feature","geometry":{"type":"Point","coordinates":[107.175,-6.1324]},"properties":{"lst_celsius":30.14,"thermal_weight":0.626,"elevation_m":8.6,"land_cover":"Cropland / Natural Vegetation Mosaics"}},{"type":"Feature","geometry":{"type":"Point","coordinates":[107.1875,-6.1324]},"properties":{"lst_celsius":30.14,"thermal_weight":0.626,"elevation_m":8.6,"land_cover":"Cropland / Natural Vegetation Mosaics"}},{"type":"Feature","geometry":{"type":"Point","coordinates":[107.2,-6.1324]},"properties":{"lst_celsius":30.14,"thermal_weight":0.626,"elevation_m":8.6,"land_cover":"Cropland / Natural Vegetation Mosaics"}},{"type":"Feature","geometry":{"type":"Point","coordinates":[107.2125,-6.1324]},"properties":{"lst_celsius":30.14,"thermal_weight":0.626,"elevation_m":8.6,"land_cover":"Cropland / Natural Vegetation Mosaics"}},{"type":"Feature","geometry":{"type":"Point","coordinates":[107.225,-6.1324]},"properties":{"lst_celsius":30.14,"thermal_weight":0.626,"elevation_m":8.6,"land_cover":"Cropland / Natural Vegetation Mosaics"}},{"type":"Feature","geometry":{"type":"Point","coordinates":[107.2375,-6.1324]},"properties":{"lst_celsius":30.14,"thermal_weight":0.626,"elevation_m":8.6,"land_cover":"Cropland / Natural Vegetation Mosaics"}},{"type":"Feature","geometry":{"type":"Point","coordinates":[107.25,-6.1324]},"properties":{"lst_celsius":30.14,"thermal_weight":0.626,"elevation_m":8.6,"land_cover":"Cropland / Natural Vegetation Mosaics"}},{"type":"Feature","geometry":{"type":"Point","coordinates":[107.2625,-6.1324]},"properties":{"lst_celsius":30.14,"thermal_weight":0.626,"elevation_m":8.6,"land_cover":"Cropland / Natural Vegetation Mosaics"}},{"type":"Feature","geometry":{"type":"Point","coordinates":[107.275,-6.1324]},"properties":{"lst_celsius":30.14,"thermal_weight":0.626,"elevation_m":8.6,"land_cover":"Cropland / Natural Vegetation Mosaics"}},{"type":"Feature","geometry":{"type":"Point","coordinates":[107.2875,-6.1324]},"properties":{"lst_celsius":30.14,"thermal_weight":0.626,"elevation_m":8.6,"land_cover":"Cropland / Natural Vegetation Mosaics"}},{"type":"Feature","geometry":{"type":"Point","coordinates":[107.3,-6.1324]},"properties":{"lst_celsius":30.14,"thermal_weight":0.626,"elevation_m":8.6,"land_cover":"Cropland / Natural Vegetation Mosaics"}},{"type":"Feature","geometry":{"type":"Point","coordinates":[106.5,-6.1204]},"properties":{"lst_celsius":30.15,"thermal_weight":0.627,"elevation_m":8.2,"land_cover":"Cropland / Natural Vegetation Mosaics"}},{"type":"Feature","geometry":{"type":"Point","coordinates":[106.5125,-6.1204]},"properties":{"lst_celsius":30.58,"thermal_weight":0.66,"elevation_m":8.2,"land_cover":"Urban and Built-up Lands"}},{"type":"Feature","geometry":{"type":"Point","coordinates":[106.525,-6.1204]},"properties":{"lst_celsius":30.88,"thermal_weight":0.683,"elevation_m":8.2,"land_cover":"Urban and Built-up Lands"}},{"type":"Feature","geometry":{"type":"Point","coordinates":[106.5375,-6.1204]},"properties":{"lst_celsius":31.18,"thermal_weight":0.706,"elevation_m":8.2,"land_cover":"Urban and Built-up Lands"}},{"type":"Feature","geometry":{"type":"Point","coordinates":[106.55,-6.1204]},"properties":{"lst_celsius":31.47,"thermal_weight":0.728,"elevation_m":8.2,"land_cover":"Urban and Built-up Lands"}},{"type":"Feature","geometry":{"type":"Point","coordinates":[106.5625,-6.1204]},"properties":{"lst_celsius":31.75,"thermal_weight":0.75,"elevation_m":8.2,"land_cover":"Urban and Built-up Lands"}},{"type":"Feature","geometry":{"type":"Point","coordinates":[106.575,-6.1204]},"properties":{"lst_celsius":32.01,"thermal_weight":0.77,"elevation_m":8.2,"land_cover":"Urban and Built-up Lands"}},{"type":"Feature","geometry":{"type":"Point","coordinates":[106.5875,-6.1204]},"properties":{"lst_celsius":32.24,"thermal_weight":0.788,"elevation_m":8.2,"land_cover":"Urban and Built-up Lands"}},{"type":"Feature","geometry":{"type":"Point","coordinates":[106.6,-6.1204]},"properties":{"lst_celsius":32.45,"thermal_weight":0.804,"elevation_m":8.2,"land_cover":"Urban and Built-up Lands"}},{"type":"Feature","geometry":{"type":"Point","coordinates":[106.6125,-6.1204]},"properties":{"lst_celsius":32.6,"thermal_weight":0.815,"elevation_m":8.2,"land_cover":"Urban and Built-up Lands"}},{"type":"Feature","geometry":{"type":"Point","coordinates":[106.625,-6.1204]},"properties":{"lst_celsius":32.7,"thermal_weight":0.823,"elevation_m":8.2,"land_cover":"Urban and Built-up Lands"}},{"type":"Feature","geometry":{"type":"Point","coordinates":[106.6375,-6.1204]},"properties":{"lst_celsius":32.72,"thermal_weight":0.825,"elevation_m":8.2,"land_cover":"Urban and Built-up Lands"}},{"type":"Feature","geometry":{"type":"Point","coordinates":[106.65,-6.1204]},"properties":{"lst_celsius":32.67,"thermal_weight":0.821,"elevation_m":8.2,"land_cover":"Urban and Built-up Lands"}},{"type":"Feature","geometry":{"type":"Point","coordinates":[106.6625,-6.1204]},"properties":{"lst_celsius":32.55,"thermal_weight":0.812,"elevation_m":8.2,"land_cover":"Urban and Built-up Lands"}},{"type":"Feature","geometry":{"type":"Point","coordinates":[106.675,-6.1204]},"properties":{"lst_celsius":32.37,"thermal_weight":0.798,"elevation_m":8.2,"land_cover":"Urban and Built-up Lands"}},{"type":"Feature","geometry":{"type":"Point","coordinates":[106.6875,-6.1204]},"properties":{"lst_celsius":32.15,"thermal_weight":0.781,"elevation_m":8.2,"land_cover":"Urban and Built-up Lands"}},{"type":"Feature","geometry":{"type":"Point","coordinates":[106.7,-6.1204]},"properties":{"lst_celsius":31.91,"thermal_weight":0.762,"elevation_m":8.2,"land_cover":"Urban and Built-up Lands"}},{"type":"Feature","geometry":{"type":"Point","coordinates":[106.7125,-6.1204]},"properties":{"lst_celsius":31.74,"thermal_weight":0.749,"elevation_m":8.2,"land_cover":"Urban and Built-up Lands"}},{"type":"Feature","geometry":{"type":"Point","coordinates":[106.725,-6.1204]},"properties":{"lst_celsius":32.03,"thermal_weight":0.772,"elevation_m":8.2,"land_cover":"Urban and Built-up Lands"}},{"type":"Feature","geometry":{"type":"Point","coordinates":[106.7375,-6.1204]},"properties":{"lst_celsius":32.31,"thermal_weight":0.793,"elevation_m":8.2,"land_cover":"Urban and Built-up Lands"}},{"type":"Feature","geometry":{"type":"Point","coordinates":[106.75,-6.1204]},"properties":{"lst_celsius":32.56,"thermal_weight":0.812,"elevation_m":8.2,"land_cover":"Urban and Built-up Lands"}},{"type":"Feature","geometry":{"type":"Point","coordinates":[106.7625,-6.1204]},"properties":{"lst_celsius":32.75,"thermal_weight":0.827,"elevation_m":8.2,"land_cover":"Urban and Built-up Lands"}},{"type":"Feature","geometry":{"type":"Point","coordinates":[106.775,-6.1204]},"properties":{"lst_celsius":32.88,"thermal_weight":0.837,"elevation_m":8.2,"land_cover":"Urban and Built-up Lands"}},{"type":"Feature","geometry":{"type":"Point","coordinates":[106.7875,-6.1204]},"properties":{"lst_celsius":32.91,"thermal_weight":0.839,"elevation_m":8.2,"land_cover":"Urban and Built-up Lands"}},{"type":"Feature","geometry":{"type":"Point","coordinates":[106.8,-6.1204]},"properties":{"lst_celsius":32.84,"thermal_weight":0.834,"elevation_m":8.2,"land_cover":"Urban and Built-up Lands"}},{"type":"Feature","geometry":{"type":"Point","coordinates":[106.8125,-6.1204]},"properties":{"lst_celsius":32.89,"thermal_weight":0.838,"elevation_m":8.2,"land_cover":"Urban and Built-up Lands"}},{"type":"Feature","geometry":{"type":"Point","coordinates":[106.825,-6.1204]},"properties":{"lst_celsius":32.94,"thermal_weight":0.842,"elevation_m":8.2,"land_cover":"Urban and Built-up Lands"}},{"type":"Feature","geometry":{"type":"Point","coordinates":[106.8375,-6.1204]},"properties":{"lst_celsius":32.76,"thermal_weight":0.828,"elevation_m":8.2,"land_cover":"Urban and Built-up Lands"}},{"type":"Feature","geometry":{"type":"Point","coordinates":[106.85,-6.1204]},"properties":{"lst_celsius":33.11,"thermal_weight":0.855,"elevation_m":8.2,"land_cover":"Urban and Built-up Lands"}},{"type":"Feature","geometry":{"type":"Point","coordinates":[106.8625,-6.1204]},"properties":{"lst_celsius":33.46,"thermal_weight":0.882,"elevation_m":8.2,"land_cover":"Urban and Built-up Lands"}},{"type":"Feature","geometry":{"type":"Point","coordinates":[106.875,-6.1204]},"properties":{"lst_celsius":33.82,"thermal_weight":0.909,"elevation_m":8.2,"land_cover":"Urban and Built-up Lands"}},{"type":"Feature","geometry":{"type":"Point","coordinates":[106.8875,-6.1204]},"properties":{"lst_celsius":34.03,"thermal_weight":0.925,"elevation_m":8.2,"land_cover":"Urban and Built-up Lands"}},{"type":"Feature","geometry":{"type":"Point","coordinates":[106.9,-6.1204]},"properties":{"lst_celsius":33.68,"thermal_weight":0.898,"elevation_m":8.2,"land_cover":"Urban and Built-up Lands"}},{"type":"Feature","geometry":{"type":"Point","coordinates":[106.9125,-6.1204]},"properties":{"lst_celsius":33.32,"thermal_weight":0.871,"elevation_m":8.2,"land_cover":"Urban and Built-up Lands"}},{"type":"Feature","geometry":{"type":"Point","coordinates":[106.925,-6.1204]},"properties":{"lst_celsius":32.97,"thermal_weight":0.844,"elevation_m":8.2,"land_cover":"Urban and Built-up Lands"}},{"type":"Feature","geometry":{"type":"Point","coordinates":[106.9375,-6.1204]},"properties":{"lst_celsius":32.62,"thermal_weight":0.817,"elevation_m":8.2,"land_cover":"Urban and Built-up Lands"}},{"type":"Feature","geometry":{"type":"Point","coordinates":[106.95,-6.1204]},"properties":{"lst_celsius":32.26,"thermal_weight":0.789,"elevation_m":8.2,"land_cover":"Urban and Built-up Lands"}},{"type":"Feature","geometry":{"type":"Point","coordinates":[106.9625,-6.1204]},"properties":{"lst_celsius":31.91,"thermal_weight":0.762,"elevation_m":8.2,"land_cover":"Urban and Built-up Lands"}},{"type":"Feature","geometry":{"type":"Point","coordinates":[106.975,-6.1204]},"properties":{"lst_celsius":31.56,"thermal_weight":0.735,"elevation_m":8.2,"land_cover":"Urban and Built-up Lands"}},{"type":"Feature","geometry":{"type":"Point","coordinates":[106.9875,-6.1204]},"properties":{"lst_celsius":31.37,"thermal_weight":0.721,"elevation_m":8.2,"land_cover":"Urban and Built-up Lands"}},{"type":"Feature","geometry":{"type":"Point","coordinates":[107,-6.1204]},"properties":{"lst_celsius":31.38,"thermal_weight":0.722,"elevation_m":8.2,"land_cover":"Urban and Built-up Lands"}},{"type":"Feature","geometry":{"type":"Point","coordinates":[107.0125,-6.1204]},"properties":{"lst_celsius":31.34,"thermal_weight":0.718,"elevation_m":8.2,"land_cover":"Urban and Built-up Lands"}},{"type":"Feature","geometry":{"type":"Point","coordinates":[107.025,-6.1204]},"properties":{"lst_celsius":31.28,"thermal_weight":0.714,"elevation_m":8.2,"land_cover":"Urban and Built-up Lands"}},{"type":"Feature","geometry":{"type":"Point","coordinates":[107.0375,-6.1204]},"properties":{"lst_celsius":31.17,"thermal_weight":0.705,"elevation_m":8.2,"land_cover":"Urban and Built-up Lands"}},{"type":"Feature","geometry":{"type":"Point","coordinates":[107.05,-6.1204]},"properties":{"lst_celsius":31.04,"thermal_weight":0.695,"elevation_m":8.2,"land_cover":"Urban and Built-up Lands"}},{"type":"Feature","geometry":{"type":"Point","coordinates":[107.0625,-6.1204]},"properties":{"lst_celsius":30.88,"thermal_weight":0.683,"elevation_m":8.2,"land_cover":"Urban and Built-up Lands"}},{"type":"Feature","geometry":{"type":"Point","coordinates":[107.075,-6.1204]},"properties":{"lst_celsius":30.7,"thermal_weight":0.669,"elevation_m":8.2,"land_cover":"Urban and Built-up Lands"}},{"type":"Feature","geometry":{"type":"Point","coordinates":[107.0875,-6.1204]},"properties":{"lst_celsius":30.49,"thermal_weight":0.653,"elevation_m":8.2,"land_cover":"Urban and Built-up Lands"}},{"type":"Feature","geometry":{"type":"Point","coordinates":[107.1,-6.1204]},"properties":{"lst_celsius":30.15,"thermal_weight":0.627,"elevation_m":8.2,"land_cover":"Cropland / Natural Vegetation Mosaics"}},{"type":"Feature","geometry":{"type":"Point","coordinates":[107.1125,-6.1204]},"properties":{"lst_celsius":30.15,"thermal_weight":0.627,"elevation_m":8.2,"land_cover":"Cropland / Natural Vegetation Mosaics"}},{"type":"Feature","geometry":{"type":"Point","coordinates":[107.125,-6.1204]},"properties":{"lst_celsius":30.15,"thermal_weight":0.627,"elevation_m":8.2,"land_cover":"Cropland / Natural Vegetation Mosaics"}},{"type":"Feature","geometry":{"type":"Point","coordinates":[107.1375,-6.1204]},"properties":{"lst_celsius":30.15,"thermal_weight":0.627,"elevation_m":8.2,"land_cover":"Cropland / Natural Vegetation Mosaics"}},{"type":"Feature","geometry":{"type":"Point","coordinates":[107.15,-6.1204]},"properties":{"lst_celsius":30.15,"thermal_weight":0.627,"elevation_m":8.2,"land_cover":"Cropland / Natural Vegetation Mosaics"}},{"type":"Feature","geometry":{"type":"Point","coordinates":[107.1625,-6.1204]},"properties":{"lst_celsius":30.15,"thermal_weight":0.627,"elevation_m":8.2,"land_cover":"Cropland / Natural Vegetation Mosaics"}},{"type":"Feature","geometry":{"type":"Point","coordinates":[107.175,-6.1204]},"properties":{"lst_celsius":30.15,"thermal_weight":0.627,"elevation_m":8.2,"land_cover":"Cropland / Natural Vegetation Mosaics"}},{"type":"Feature","geometry":{"type":"Point","coordinates":[107.1875,-6.1204]},"properties":{"lst_celsius":30.15,"thermal_weight":0.627,"elevation_m":8.2,"land_cover":"Cropland / Natural Vegetation Mosaics"}},{"type":"Feature","geometry":{"type":"Point","coordinates":[107.2,-6.1204]},"properties":{"lst_celsius":30.15,"thermal_weight":0.627,"elevation_m":8.2,"land_cover":"Cropland / Natural Vegetation Mosaics"}},{"type":"Feature","geometry":{"type":"Point","coordinates":[107.2125,-6.1204]},"properties":{"lst_celsius":30.15,"thermal_weight":0.627,"elevation_m":8.2,"land_cover":"Cropland / Natural Vegetation Mosaics"}},{"type":"Feature","geometry":{"type":"Point","coordinates":[107.225,-6.1204]},"properties":{"lst_celsius":30.15,"thermal_weight":0.627,"elevation_m":8.2,"land_cover":"Cropland / Natural Vegetation Mosaics"}},{"type":"Feature","geometry":{"type":"Point","coordinates":[107.2375,-6.1204]},"properties":{"lst_celsius":30.15,"thermal_weight":0.627,"elevation_m":8.2,"land_cover":"Cropland / Natural Vegetation Mosaics"}},{"type":"Feature","geometry":{"type":"Point","coordinates":[107.25,-6.1204]},"properties":{"lst_celsius":30.15,"thermal_weight":0.627,"elevation_m":8.2,"land_cover":"Cropland / Natural Vegetation Mosaics"}},{"type":"Feature","geometry":{"type":"Point","coordinates":[107.2625,-6.1204]},"properties":{"lst_celsius":30.15,"thermal_weight":0.627,"elevation_m":8.2,"land_cover":"Cropland / Natural Vegetation Mosaics"}},{"type":"Feature","geometry":{"type":"Point","coordinates":[107.275,-6.1204]},"properties":{"lst_celsius":30.15,"thermal_weight":0.627,"elevation_m":8.2,"land_cover":"Cropland / Natural Vegetation Mosaics"}},{"type":"Feature","geometry":{"type":"Point","coordinates":[107.2875,-6.1204]},"properties":{"lst_celsius":30.15,"thermal_weight":0.627,"elevation_m":8.2,"land_cover":"Cropland / Natural Vegetation Mosaics"}},{"type":"Feature","geometry":{"type":"Point","coordinates":[107.3,-6.1204]},"properties":{"lst_celsius":30.15,"thermal_weight":0.627,"elevation_m":8.2,"land_cover":"Cropland / Natural Vegetation Mosaics"}},{"type":"Feature","geometry":{"type":"Point","coordinates":[106.5,-6.1083]},"properties":{"lst_celsius":30.15,"thermal_weight":0.627,"elevation_m":7.8,"land_cover":"Cropland / Natural Vegetation Mosaics"}},{"type":"Feature","geometry":{"type":"Point","coordinates":[106.5125,-6.1083]},"properties":{"lst_celsius":30.43,"thermal_weight":0.648,"elevation_m":7.8,"land_cover":"Urban and Built-up Lands"}},{"type":"Feature","geometry":{"type":"Point","coordinates":[106.525,-6.1083]},"properties":{"lst_celsius":30.73,"thermal_weight":0.672,"elevation_m":7.8,"land_cover":"Urban and Built-up Lands"}},{"type":"Feature","geometry":{"type":"Point","coordinates":[106.5375,-6.1083]},"properties":{"lst_celsius":31.01,"thermal_weight":0.693,"elevation_m":7.8,"land_cover":"Urban and Built-up Lands"}},{"type":"Feature","geometry":{"type":"Point","coordinates":[106.55,-6.1083]},"properties":{"lst_celsius":31.28,"thermal_weight":0.714,"elevation_m":7.8,"land_cover":"Urban and Built-up Lands"}},{"type":"Feature","geometry":{"type":"Point","coordinates":[106.5625,-6.1083]},"properties":{"lst_celsius":31.54,"thermal_weight":0.734,"elevation_m":7.8,"land_cover":"Urban and Built-up Lands"}},{"type":"Feature","geometry":{"type":"Point","coordinates":[106.575,-6.1083]},"properties":{"lst_celsius":31.78,"thermal_weight":0.752,"elevation_m":7.8,"land_cover":"Urban and Built-up Lands"}},{"type":"Feature","geometry":{"type":"Point","coordinates":[106.5875,-6.1083]},"properties":{"lst_celsius":31.99,"thermal_weight":0.768,"elevation_m":7.8,"land_cover":"Urban and Built-up Lands"}},{"type":"Feature","geometry":{"type":"Point","coordinates":[106.6,-6.1083]},"properties":{"lst_celsius":32.17,"thermal_weight":0.782,"elevation_m":7.8,"land_cover":"Urban and Built-up Lands"}},{"type":"Feature","geometry":{"type":"Point","coordinates":[106.6125,-6.1083]},"properties":{"lst_celsius":32.3,"thermal_weight":0.792,"elevation_m":7.8,"land_cover":"Urban and Built-up Lands"}},{"type":"Feature","geometry":{"type":"Point","coordinates":[106.625,-6.1083]},"properties":{"lst_celsius":32.38,"thermal_weight":0.798,"elevation_m":7.8,"land_cover":"Urban and Built-up Lands"}},{"type":"Feature","geometry":{"type":"Point","coordinates":[106.6375,-6.1083]},"properties":{"lst_celsius":32.4,"thermal_weight":0.8,"elevation_m":7.8,"land_cover":"Urban and Built-up Lands"}},{"type":"Feature","geometry":{"type":"Point","coordinates":[106.65,-6.1083]},"properties":{"lst_celsius":32.35,"thermal_weight":0.796,"elevation_m":7.8,"land_cover":"Urban and Built-up Lands"}},{"type":"Feature","geometry":{"type":"Point","coordinates":[106.6625,-6.1083]},"properties":{"lst_celsius":32.25,"thermal_weight":0.788,"elevation_m":7.8,"land_cover":"Urban and Built-up Lands"}},{"type":"Feature","geometry":{"type":"Point","coordinates":[106.675,-6.1083]},"properties":{"lst_celsius":32.1,"thermal_weight":0.777,"elevation_m":7.8,"land_cover":"Urban and Built-up Lands"}},{"type":"Feature","geometry":{"type":"Point","coordinates":[106.6875,-6.1083]},"properties":{"lst_celsius":31.91,"thermal_weight":0.762,"elevation_m":7.8,"land_cover":"Urban and Built-up Lands"}},{"type":"Feature","geometry":{"type":"Point","coordinates":[106.7,-6.1083]},"properties":{"lst_celsius":31.69,"thermal_weight":0.745,"elevation_m":7.8,"land_cover":"Urban and Built-up Lands"}},{"type":"Feature","geometry":{"type":"Point","coordinates":[106.7125,-6.1083]},"properties":{"lst_celsius":31.54,"thermal_weight":0.734,"elevation_m":7.8,"land_cover":"Urban and Built-up Lands"}},{"type":"Feature","geometry":{"type":"Point","coordinates":[106.725,-6.1083]},"properties":{"lst_celsius":31.81,"thermal_weight":0.755,"elevation_m":7.8,"land_cover":"Urban and Built-up Lands"}},{"type":"Feature","geometry":{"type":"Point","coordinates":[106.7375,-6.1083]},"properties":{"lst_celsius":32.06,"thermal_weight":0.774,"elevation_m":7.8,"land_cover":"Urban and Built-up Lands"}},{"type":"Feature","geometry":{"type":"Point","coordinates":[106.75,-6.1083]},"properties":{"lst_celsius":32.27,"thermal_weight":0.79,"elevation_m":7.8,"land_cover":"Urban and Built-up Lands"}},{"type":"Feature","geometry":{"type":"Point","coordinates":[106.7625,-6.1083]},"properties":{"lst_celsius":32.44,"thermal_weight":0.803,"elevation_m":7.8,"land_cover":"Urban and Built-up Lands"}},{"type":"Feature","geometry":{"type":"Point","coordinates":[106.775,-6.1083]},"properties":{"lst_celsius":32.54,"thermal_weight":0.811,"elevation_m":7.8,"land_cover":"Urban and Built-up Lands"}},{"type":"Feature","geometry":{"type":"Point","coordinates":[106.7875,-6.1083]},"properties":{"lst_celsius":32.56,"thermal_weight":0.812,"elevation_m":7.8,"land_cover":"Urban and Built-up Lands"}},{"type":"Feature","geometry":{"type":"Point","coordinates":[106.8,-6.1083]},"properties":{"lst_celsius":32.5,"thermal_weight":0.808,"elevation_m":7.8,"land_cover":"Urban and Built-up Lands"}},{"type":"Feature","geometry":{"type":"Point","coordinates":[106.8125,-6.1083]},"properties":{"lst_celsius":32.58,"thermal_weight":0.814,"elevation_m":7.8,"land_cover":"Urban and Built-up Lands"}},{"type":"Feature","geometry":{"type":"Point","coordinates":[106.825,-6.1083]},"properties":{"lst_celsius":32.62,"thermal_weight":0.817,"elevation_m":7.8,"land_cover":"Urban and Built-up Lands"}},{"type":"Feature","geometry":{"type":"Point","coordinates":[106.8375,-6.1083]},"properties":{"lst_celsius":32.72,"thermal_weight":0.825,"elevation_m":7.8,"land_cover":"Urban and Built-up Lands"}},{"type":"Feature","geometry":{"type":"Point","coordinates":[106.85,-6.1083]},"properties":{"lst_celsius":33.06,"thermal_weight":0.851,"elevation_m":7.8,"land_cover":"Urban and Built-up Lands"}},{"type":"Feature","geometry":{"type":"Point","coordinates":[106.8625,-6.1083]},"properties":{"lst_celsius":33.38,"thermal_weight":0.875,"elevation_m":7.8,"land_cover":"Urban and Built-up Lands"}},{"type":"Feature","geometry":{"type":"Point","coordinates":[106.875,-6.1083]},"properties":{"lst_celsius":33.67,"thermal_weight":0.898,"elevation_m":7.8,"land_cover":"Urban and Built-up Lands"}},{"type":"Feature","geometry":{"type":"Point","coordinates":[106.8875,-6.1083]},"properties":{"lst_celsius":33.76,"thermal_weight":0.905,"elevation_m":7.8,"land_cover":"Urban and Built-up Lands"}},{"type":"Feature","geometry":{"type":"Point","coordinates":[106.9,-6.1083]},"properties":{"lst_celsius":33.56,"thermal_weight":0.889,"elevation_m":7.8,"land_cover":"Urban and Built-up Lands"}},{"type":"Feature","geometry":{"type":"Point","coordinates":[106.9125,-6.1083]},"properties":{"lst_celsius":33.26,"thermal_weight":0.866,"elevation_m":7.8,"land_cover":"Urban and Built-up Lands"}},{"type":"Feature","geometry":{"type":"Point","coordinates":[106.925,-6.1083]},"properties":{"lst_celsius":32.92,"thermal_weight":0.84,"elevation_m":7.8,"land_cover":"Urban and Built-up Lands"}},{"type":"Feature","geometry":{"type":"Point","coordinates":[106.9375,-6.1083]},"properties":{"lst_celsius":32.58,"thermal_weight":0.814,"elevation_m":7.8,"land_cover":"Urban and Built-up Lands"}},{"type":"Feature","geometry":{"type":"Point","coordinates":[106.95,-6.1083]},"properties":{"lst_celsius":32.24,"thermal_weight":0.788,"elevation_m":7.8,"land_cover":"Urban and Built-up Lands"}},{"type":"Feature","geometry":{"type":"Point","coordinates":[106.9625,-6.1083]},"properties":{"lst_celsius":31.89,"thermal_weight":0.761,"elevation_m":7.8,"land_cover":"Urban and Built-up Lands"}},{"type":"Feature","geometry":{"type":"Point","coordinates":[106.975,-6.1083]},"properties":{"lst_celsius":31.54,"thermal_weight":0.734,"elevation_m":7.8,"land_cover":"Urban and Built-up Lands"}},{"type":"Feature","geometry":{"type":"Point","coordinates":[106.9875,-6.1083]},"properties":{"lst_celsius":31.19,"thermal_weight":0.707,"elevation_m":7.8,"land_cover":"Urban and Built-up Lands"}},{"type":"Feature","geometry":{"type":"Point","coordinates":[107,-6.1083]},"properties":{"lst_celsius":31.05,"thermal_weight":0.696,"elevation_m":7.8,"land_cover":"Urban and Built-up Lands"}},{"type":"Feature","geometry":{"type":"Point","coordinates":[107.0125,-6.1083]},"properties":{"lst_celsius":31.02,"thermal_weight":0.694,"elevation_m":7.8,"land_cover":"Urban and Built-up Lands"}},{"type":"Feature","geometry":{"type":"Point","coordinates":[107.025,-6.1083]},"properties":{"lst_celsius":30.96,"thermal_weight":0.689,"elevation_m":7.8,"land_cover":"Urban and Built-up Lands"}},{"type":"Feature","geometry":{"type":"Point","coordinates":[107.0375,-6.1083]},"properties":{"lst_celsius":30.87,"thermal_weight":0.682,"elevation_m":7.8,"land_cover":"Urban and Built-up Lands"}},{"type":"Feature","geometry":{"type":"Point","coordinates":[107.05,-6.1083]},"properties":{"lst_celsius":30.75,"thermal_weight":0.673,"elevation_m":7.8,"land_cover":"Urban and Built-up Lands"}},{"type":"Feature","geometry":{"type":"Point","coordinates":[107.0625,-6.1083]},"properties":{"lst_celsius":30.6,"thermal_weight":0.662,"elevation_m":7.8,"land_cover":"Urban and Built-up Lands"}},{"type":"Feature","geometry":{"type":"Point","coordinates":[107.075,-6.1083]},"properties":{"lst_celsius":30.43,"thermal_weight":0.648,"elevation_m":7.8,"land_cover":"Urban and Built-up Lands"}},{"type":"Feature","geometry":{"type":"Point","coordinates":[107.0875,-6.1083]},"properties":{"lst_celsius":30.15,"thermal_weight":0.627,"elevation_m":7.8,"land_cover":"Cropland / Natural Vegetation Mosaics"}},{"type":"Feature","geometry":{"type":"Point","coordinates":[107.1,-6.1083]},"properties":{"lst_celsius":30.15,"thermal_weight":0.627,"elevation_m":7.8,"land_cover":"Cropland / Natural Vegetation Mosaics"}},{"type":"Feature","geometry":{"type":"Point","coordinates":[107.1125,-6.1083]},"properties":{"lst_celsius":30.15,"thermal_weight":0.627,"elevation_m":7.8,"land_cover":"Cropland / Natural Vegetation Mosaics"}},{"type":"Feature","geometry":{"type":"Point","coordinates":[107.125,-6.1083]},"properties":{"lst_celsius":30.15,"thermal_weight":0.627,"elevation_m":7.8,"land_cover":"Cropland / Natural Vegetation Mosaics"}},{"type":"Feature","geometry":{"type":"Point","coordinates":[107.1375,-6.1083]},"properties":{"lst_celsius":30.15,"thermal_weight":0.627,"elevation_m":7.8,"land_cover":"Cropland / Natural Vegetation Mosaics"}},{"type":"Feature","geometry":{"type":"Point","coordinates":[107.15,-6.1083]},"properties":{"lst_celsius":30.15,"thermal_weight":0.627,"elevation_m":7.8,"land_cover":"Cropland / Natural Vegetation Mosaics"}},{"type":"Feature","geometry":{"type":"Point","coordinates":[107.1625,-6.1083]},"properties":{"lst_celsius":30.15,"thermal_weight":0.627,"elevation_m":7.8,"land_cover":"Cropland / Natural Vegetation Mosaics"}},{"type":"Feature","geometry":{"type":"Point","coordinates":[107.175,-6.1083]},"properties":{"lst_celsius":30.15,"thermal_weight":0.627,"elevation_m":7.8,"land_cover":"Cropland / Natural Vegetation Mosaics"}},{"type":"Feature","geometry":{"type":"Point","coordinates":[107.1875,-6.1083]},"properties":{"lst_celsius":30.15,"thermal_weight":0.627,"elevation_m":7.8,"land_cover":"Cropland / Natural Vegetation Mosaics"}},{"type":"Feature","geometry":{"type":"Point","coordinates":[107.2,-6.1083]},"properties":{"lst_celsius":30.15,"thermal_weight":0.627,"elevation_m":7.8,"land_cover":"Cropland / Natural Vegetation Mosaics"}},{"type":"Feature","geometry":{"type":"Point","coordinates":[107.2125,-6.1083]},"properties":{"lst_celsius":30.15,"thermal_weight":0.627,"elevation_m":7.8,"land_cover":"Cropland / Natural Vegetation Mosaics"}},{"type":"Feature","geometry":{"type":"Point","coordinates":[107.225,-6.1083]},"properties":{"lst_celsius":30.15,"thermal_weight":0.627,"elevation_m":7.8,"land_cover":"Cropland / Natural Vegetation Mosaics"}},{"type":"Feature","geometry":{"type":"Point","coordinates":[107.2375,-6.1083]},"properties":{"lst_celsius":30.15,"thermal_weight":0.627,"elevation_m":7.8,"land_cover":"Cropland / Natural Vegetation Mosaics"}},{"type":"Feature","geometry":{"type":"Point","coordinates":[107.25,-6.1083]},"properties":{"lst_celsius":30.15,"thermal_weight":0.627,"elevation_m":7.8,"land_cover":"Cropland / Natural Vegetation Mosaics"}},{"type":"Feature","geometry":{"type":"Point","coordinates":[107.2625,-6.1083]},"properties":{"lst_celsius":30.15,"thermal_weight":0.627,"elevation_m":7.8,"land_cover":"Cropland / Natural Vegetation Mosaics"}},{"type":"Feature","geometry":{"type":"Point","coordinates":[107.275,-6.1083]},"properties":{"lst_celsius":30.15,"thermal_weight":0.627,"elevation_m":7.8,"land_cover":"Cropland / Natural Vegetation Mosaics"}},{"type":"Feature","geometry":{"type":"Point","coordinates":[107.2875,-6.1083]},"properties":{"lst_celsius":30.15,"thermal_weight":0.627,"elevation_m":7.8,"land_cover":"Cropland / Natural Vegetation Mosaics"}},{"type":"Feature","geometry":{"type":"Point","coordinates":[107.3,-6.1083]},"properties":{"lst_celsius":30.15,"thermal_weight":0.627,"elevation_m":7.8,"land_cover":"Cropland / Natural Vegetation Mosaics"}},{"type":"Feature","geometry":{"type":"Point","coordinates":[106.5,-6.0963]},"properties":{"lst_celsius":30.15,"thermal_weight":0.627,"elevation_m":7.4,"land_cover":"Cropland / Natural Vegetation Mosaics"}},{"type":"Feature","geometry":{"type":"Point","coordinates":[106.5125,-6.0963]},"properties":{"lst_celsius":30.15,"thermal_weight":0.627,"elevation_m":7.4,"land_cover":"Cropland / Natural Vegetation Mosaics"}},{"type":"Feature","geometry":{"type":"Point","coordinates":[106.525,-6.0963]},"properties":{"lst_celsius":30.55,"thermal_weight":0.658,"elevation_m":7.4,"land_cover":"Urban and Built-up Lands"}},{"type":"Feature","geometry":{"type":"Point","coordinates":[106.5375,-6.0963]},"properties":{"lst_celsius":30.82,"thermal_weight":0.678,"elevation_m":7.4,"land_cover":"Urban and Built-up Lands"}},{"type":"Feature","geometry":{"type":"Point","coordinates":[106.55,-6.0963]},"properties":{"lst_celsius":31.07,"thermal_weight":0.698,"elevation_m":7.4,"land_cover":"Urban and Built-up Lands"}},{"type":"Feature","geometry":{"type":"Point","coordinates":[106.5625,-6.0963]},"properties":{"lst_celsius":31.31,"thermal_weight":0.716,"elevation_m":7.4,"land_cover":"Urban and Built-up Lands"}},{"type":"Feature","geometry":{"type":"Point","coordinates":[106.575,-6.0963]},"properties":{"lst_celsius":31.53,"thermal_weight":0.733,"elevation_m":7.4,"land_cover":"Urban and Built-up Lands"}},{"type":"Feature","geometry":{"type":"Point","coordinates":[106.5875,-6.0963]},"properties":{"lst_celsius":31.72,"thermal_weight":0.748,"elevation_m":7.4,"land_cover":"Urban and Built-up Lands"}},{"type":"Feature","geometry":{"type":"Point","coordinates":[106.6,-6.0963]},"properties":{"lst_celsius":31.88,"thermal_weight":0.76,"elevation_m":7.4,"land_cover":"Urban and Built-up Lands"}},{"type":"Feature","geometry":{"type":"Point","coordinates":[106.6125,-6.0963]},"properties":{"lst_celsius":31.99,"thermal_weight":0.768,"elevation_m":7.4,"land_cover":"Urban and Built-up Lands"}},{"type":"Feature","geometry":{"type":"Point","coordinates":[106.625,-6.0963]},"properties":{"lst_celsius":32.06,"thermal_weight":0.774,"elevation_m":7.4,"land_cover":"Urban and Built-up Lands"}},{"type":"Feature","geometry":{"type":"Point","coordinates":[106.6375,-6.0963]},"properties":{"lst_celsius":32.08,"thermal_weight":0.775,"elevation_m":7.4,"land_cover":"Urban and Built-up Lands"}},{"type":"Feature","geometry":{"type":"Point","coordinates":[106.65,-6.0963]},"properties":{"lst_celsius":32.04,"thermal_weight":0.772,"elevation_m":7.4,"land_cover":"Urban and Built-up Lands"}},{"type":"Feature","geometry":{"type":"Point","coordinates":[106.6625,-6.0963]},"properties":{"lst_celsius":31.95,"thermal_weight":0.765,"elevation_m":7.4,"land_cover":"Urban and Built-up Lands"}},{"type":"Feature","geometry":{"type":"Point","coordinates":[106.675,-6.0963]},"properties":{"lst_celsius":31.82,"thermal_weight":0.755,"elevation_m":7.4,"land_cover":"Urban and Built-up Lands"}},{"type":"Feature","geometry":{"type":"Point","coordinates":[106.6875,-6.0963]},"properties":{"lst_celsius":31.65,"thermal_weight":0.742,"elevation_m":7.4,"land_cover":"Urban and Built-up Lands"}},{"type":"Feature","geometry":{"type":"Point","coordinates":[106.7,-6.0963]},"properties":{"lst_celsius":31.45,"thermal_weight":0.727,"elevation_m":7.4,"land_cover":"Urban and Built-up Lands"}},{"type":"Feature","geometry":{"type":"Point","coordinates":[106.7125,-6.0963]},"properties":{"lst_celsius":31.31,"thermal_weight":0.716,"elevation_m":7.4,"land_cover":"Urban and Built-up Lands"}},{"type":"Feature","geometry":{"type":"Point","coordinates":[106.725,-6.0963]},"properties":{"lst_celsius":31.56,"thermal_weight":0.735,"elevation_m":7.4,"land_cover":"Urban and Built-up Lands"}},{"type":"Feature","geometry":{"type":"Point","coordinates":[106.7375,-6.0963]},"properties":{"lst_celsius":31.78,"thermal_weight":0.752,"elevation_m":7.4,"land_cover":"Urban and Built-up Lands"}},{"type":"Feature","geometry":{"type":"Point","coordinates":[106.75,-6.0963]},"properties":{"lst_celsius":31.97,"thermal_weight":0.767,"elevation_m":7.4,"land_cover":"Urban and Built-up Lands"}},{"type":"Feature","geometry":{"type":"Point","coordinates":[106.7625,-6.0963]},"properties":{"lst_celsius":32.11,"thermal_weight":0.778,"elevation_m":7.4,"land_cover":"Urban and Built-up Lands"}},{"type":"Feature","geometry":{"type":"Point","coordinates":[106.775,-6.0963]},"properties":{"lst_celsius":32.19,"thermal_weight":0.784,"elevation_m":7.4,"land_cover":"Urban and Built-up Lands"}},{"type":"Feature","geometry":{"type":"Point","coordinates":[106.7875,-6.0963]},"properties":{"lst_celsius":32.21,"thermal_weight":0.785,"elevation_m":7.4,"land_cover":"Urban and Built-up Lands"}},{"type":"Feature","geometry":{"type":"Point","coordinates":[106.8,-6.0963]},"properties":{"lst_celsius":32.17,"thermal_weight":0.782,"elevation_m":7.4,"land_cover":"Urban and Built-up Lands"}},{"type":"Feature","geometry":{"type":"Point","coordinates":[106.8125,-6.0963]},"properties":{"lst_celsius":32.26,"thermal_weight":0.789,"elevation_m":7.4,"land_cover":"Urban and Built-up Lands"}},{"type":"Feature","geometry":{"type":"Point","coordinates":[106.825,-6.0963]},"properties":{"lst_celsius":32.28,"thermal_weight":0.791,"elevation_m":7.4,"land_cover":"Urban and Built-up Lands"}},{"type":"Feature","geometry":{"type":"Point","coordinates":[106.8375,-6.0963]},"properties":{"lst_celsius":32.6,"thermal_weight":0.815,"elevation_m":7.4,"land_cover":"Urban and Built-up Lands"}},{"type":"Feature","geometry":{"type":"Point","coordinates":[106.85,-6.0963]},"properties":{"lst_celsius":32.91,"thermal_weight":0.839,"elevation_m":7.4,"land_cover":"Urban and Built-up Lands"}},{"type":"Feature","geometry":{"type":"Point","coordinates":[106.8625,-6.0963]},"properties":{"lst_celsius":33.18,"thermal_weight":0.86,"elevation_m":7.4,"land_cover":"Urban and Built-up Lands"}},{"type":"Feature","geometry":{"type":"Point","coordinates":[106.875,-6.0963]},"properties":{"lst_celsius":33.37,"thermal_weight":0.875,"elevation_m":7.4,"land_cover":"Urban and Built-up Lands"}},{"type":"Feature","geometry":{"type":"Point","coordinates":[106.8875,-6.0963]},"properties":{"lst_celsius":33.43,"thermal_weight":0.879,"elevation_m":7.4,"land_cover":"Urban and Built-up Lands"}},{"type":"Feature","geometry":{"type":"Point","coordinates":[106.9,-6.0963]},"properties":{"lst_celsius":33.31,"thermal_weight":0.87,"elevation_m":7.4,"land_cover":"Urban and Built-up Lands"}},{"type":"Feature","geometry":{"type":"Point","coordinates":[106.9125,-6.0963]},"properties":{"lst_celsius":33.08,"thermal_weight":0.852,"elevation_m":7.4,"land_cover":"Urban and Built-up Lands"}},{"type":"Feature","geometry":{"type":"Point","coordinates":[106.925,-6.0963]},"properties":{"lst_celsius":32.79,"thermal_weight":0.83,"elevation_m":7.4,"land_cover":"Urban and Built-up Lands"}},{"type":"Feature","geometry":{"type":"Point","coordinates":[106.9375,-6.0963]},"properties":{"lst_celsius":32.48,"thermal_weight":0.806,"elevation_m":7.4,"land_cover":"Urban and Built-up Lands"}},{"type":"Feature","geometry":{"type":"Point","coordinates":[106.95,-6.0963]},"properties":{"lst_celsius":32.15,"thermal_weight":0.781,"elevation_m":7.4,"land_cover":"Urban and Built-up Lands"}},{"type":"Feature","geometry":{"type":"Point","coordinates":[106.9625,-6.0963]},"properties":{"lst_celsius":31.81,"thermal_weight":0.755,"elevation_m":7.4,"land_cover":"Urban and Built-up Lands"}},{"type":"Feature","geometry":{"type":"Point","coordinates":[106.975,-6.0963]},"properties":{"lst_celsius":31.48,"thermal_weight":0.729,"elevation_m":7.4,"land_cover":"Urban and Built-up Lands"}},{"type":"Feature","geometry":{"type":"Point","coordinates":[106.9875,-6.0963]},"properties":{"lst_celsius":31.13,"thermal_weight":0.702,"elevation_m":7.4,"land_cover":"Urban and Built-up Lands"}},{"type":"Feature","geometry":{"type":"Point","coordinates":[107,-6.0963]},"properties":{"lst_celsius":30.79,"thermal_weight":0.676,"elevation_m":7.4,"land_cover":"Urban and Built-up Lands"}},{"type":"Feature","geometry":{"type":"Point","coordinates":[107.0125,-6.0963]},"properties":{"lst_celsius":30.7,"thermal_weight":0.669,"elevation_m":7.4,"land_cover":"Urban and Built-up Lands"}},{"type":"Feature","geometry":{"type":"Point","coordinates":[107.025,-6.0963]},"properties":{"lst_celsius":30.64,"thermal_weight":0.665,"elevation_m":7.4,"land_cover":"Urban and Built-up Lands"}},{"type":"Feature","geometry":{"type":"Point","coordinates":[107.0375,-6.0963]},"properties":{"lst_celsius":30.56,"thermal_weight":0.658,"elevation_m":7.4,"land_cover":"Urban and Built-up Lands"}},{"type":"Feature","geometry":{"type":"Point","coordinates":[107.05,-6.0963]},"properties":{"lst_celsius":30.45,"thermal_weight":0.65,"elevation_m":7.4,"land_cover":"Urban and Built-up Lands"}},{"type":"Feature","geometry":{"type":"Point","coordinates":[107.0625,-6.0963]},"properties":{"lst_celsius":30.15,"thermal_weight":0.627,"elevation_m":7.4,"land_cover":"Cropland / Natural Vegetation Mosaics"}},{"type":"Feature","geometry":{"type":"Point","coordinates":[107.075,-6.0963]},"properties":{"lst_celsius":30.15,"thermal_weight":0.627,"elevation_m":7.4,"land_cover":"Cropland / Natural Vegetation Mosaics"}},{"type":"Feature","geometry":{"type":"Point","coordinates":[107.0875,-6.0963]},"properties":{"lst_celsius":30.15,"thermal_weight":0.627,"elevation_m":7.4,"land_cover":"Cropland / Natural Vegetation Mosaics"}},{"type":"Feature","geometry":{"type":"Point","coordinates":[107.1,-6.0963]},"properties":{"lst_celsius":30.15,"thermal_weight":0.627,"elevation_m":7.4,"land_cover":"Cropland / Natural Vegetation Mosaics"}},{"type":"Feature","geometry":{"type":"Point","coordinates":[107.1125,-6.0963]},"properties":{"lst_celsius":30.15,"thermal_weight":0.627,"elevation_m":7.4,"land_cover":"Cropland / Natural Vegetation Mosaics"}},{"type":"Feature","geometry":{"type":"Point","coordinates":[107.125,-6.0963]},"properties":{"lst_celsius":30.15,"thermal_weight":0.627,"elevation_m":7.4,"land_cover":"Cropland / Natural Vegetation Mosaics"}},{"type":"Feature","geometry":{"type":"Point","coordinates":[107.1375,-6.0963]},"properties":{"lst_celsius":30.15,"thermal_weight":0.627,"elevation_m":7.4,"land_cover":"Cropland / Natural Vegetation Mosaics"}},{"type":"Feature","geometry":{"type":"Point","coordinates":[107.15,-6.0963]},"properties":{"lst_celsius":30.15,"thermal_weight":0.627,"elevation_m":7.4,"land_cover":"Cropland / Natural Vegetation Mosaics"}},{"type":"Feature","geometry":{"type":"Point","coordinates":[107.1625,-6.0963]},"properties":{"lst_celsius":30.15,"thermal_weight":0.627,"elevation_m":7.4,"land_cover":"Cropland / Natural Vegetation Mosaics"}},{"type":"Feature","geometry":{"type":"Point","coordinates":[107.175,-6.0963]},"properties":{"lst_celsius":30.15,"thermal_weight":0.627,"elevation_m":7.4,"land_cover":"Cropland / Natural Vegetation Mosaics"}},{"type":"Feature","geometry":{"type":"Point","coordinates":[107.1875,-6.0963]},"properties":{"lst_celsius":30.15,"thermal_weight":0.627,"elevation_m":7.4,"land_cover":"Cropland / Natural Vegetation Mosaics"}},{"type":"Feature","geometry":{"type":"Point","coordinates":[107.2,-6.0963]},"properties":{"lst_celsius":30.15,"thermal_weight":0.627,"elevation_m":7.4,"land_cover":"Cropland / Natural Vegetation Mosaics"}},{"type":"Feature","geometry":{"type":"Point","coordinates":[107.2125,-6.0963]},"properties":{"lst_celsius":30.15,"thermal_weight":0.627,"elevation_m":7.4,"land_cover":"Cropland / Natural Vegetation Mosaics"}},{"type":"Feature","geometry":{"type":"Point","coordinates":[107.225,-6.0963]},"properties":{"lst_celsius":30.15,"thermal_weight":0.627,"elevation_m":7.4,"land_cover":"Cropland / Natural Vegetation Mosaics"}},{"type":"Feature","geometry":{"type":"Point","coordinates":[107.2375,-6.0963]},"properties":{"lst_celsius":30.15,"thermal_weight":0.627,"elevation_m":7.4,"land_cover":"Cropland / Natural Vegetation Mosaics"}},{"type":"Feature","geometry":{"type":"Point","coordinates":[107.25,-6.0963]},"properties":{"lst_celsius":30.15,"thermal_weight":0.627,"elevation_m":7.4,"land_cover":"Cropland / Natural Vegetation Mosaics"}},{"type":"Feature","geometry":{"type":"Point","coordinates":[107.2625,-6.0963]},"properties":{"lst_celsius":30.15,"thermal_weight":0.627,"elevation_m":7.4,"land_cover":"Cropland / Natural Vegetation Mosaics"}},{"type":"Feature","geometry":{"type":"Point","coordinates":[107.275,-6.0963]},"properties":{"lst_celsius":30.15,"thermal_weight":0.627,"elevation_m":7.4,"land_cover":"Cropland / Natural Vegetation Mosaics"}},{"type":"Feature","geometry":{"type":"Point","coordinates":[107.2875,-6.0963]},"properties":{"lst_celsius":30.15,"thermal_weight":0.627,"elevation_m":7.4,"land_cover":"Cropland / Natural Vegetation Mosaics"}},{"type":"Feature","geometry":{"type":"Point","coordinates":[107.3,-6.0963]},"properties":{"lst_celsius":30.15,"thermal_weight":0.627,"elevation_m":7.4,"land_cover":"Cropland / Natural Vegetation Mosaics"}},{"type":"Feature","geometry":{"type":"Point","coordinates":[106.5,-6.0843]},"properties":{"lst_celsius":30.15,"thermal_weight":0.627,"elevation_m":6.9,"land_cover":"Cropland / Natural Vegetation Mosaics"}},{"type":"Feature","geometry":{"type":"Point","coordinates":[106.5125,-6.0843]},"properties":{"lst_celsius":30.15,"thermal_weight":0.627,"elevation_m":6.9,"land_cover":"Cropland / Natural Vegetation Mosaics"}},{"type":"Feature","geometry":{"type":"Point","coordinates":[106.525,-6.0843]},"properties":{"lst_celsius":30.15,"thermal_weight":0.627,"elevation_m":6.9,"land_cover":"Cropland / Natural Vegetation Mosaics"}},{"type":"Feature","geometry":{"type":"Point","coordinates":[106.5375,-6.0843]},"properties":{"lst_celsius":30.61,"thermal_weight":0.662,"elevation_m":6.9,"land_cover":"Urban and Built-up Lands"}},{"type":"Feature","geometry":{"type":"Point","coordinates":[106.55,-6.0843]},"properties":{"lst_celsius":30.85,"thermal_weight":0.681,"elevation_m":6.9,"land_cover":"Urban and Built-up Lands"}},{"type":"Feature","geometry":{"type":"Point","coordinates":[106.5625,-6.0843]},"properties":{"lst_celsius":31.07,"thermal_weight":0.698,"elevation_m":6.9,"land_cover":"Urban and Built-up Lands"}},{"type":"Feature","geometry":{"type":"Point","coordinates":[106.575,-6.0843]},"properties":{"lst_celsius":31.27,"thermal_weight":0.713,"elevation_m":6.9,"land_cover":"Urban and Built-up Lands"}},{"type":"Feature","geometry":{"type":"Point","coordinates":[106.5875,-6.0843]},"properties":{"lst_celsius":31.44,"thermal_weight":0.726,"elevation_m":6.9,"land_cover":"Urban and Built-up Lands"}},{"type":"Feature","geometry":{"type":"Point","coordinates":[106.6,-6.0843]},"properties":{"lst_celsius":31.58,"thermal_weight":0.737,"elevation_m":6.9,"land_cover":"Urban and Built-up Lands"}},{"type":"Feature","geometry":{"type":"Point","coordinates":[106.6125,-6.0843]},"properties":{"lst_celsius":31.68,"thermal_weight":0.745,"elevation_m":6.9,"land_cover":"Urban and Built-up Lands"}},{"type":"Feature","geometry":{"type":"Point","coordinates":[106.625,-6.0843]},"properties":{"lst_celsius":31.74,"thermal_weight":0.749,"elevation_m":6.9,"land_cover":"Urban and Built-up Lands"}},{"type":"Feature","geometry":{"type":"Point","coordinates":[106.6375,-6.0843]},"properties":{"lst_celsius":31.75,"thermal_weight":0.75,"elevation_m":6.9,"land_cover":"Urban and Built-up Lands"}},{"type":"Feature","geometry":{"type":"Point","coordinates":[106.65,-6.0843]},"properties":{"lst_celsius":31.72,"thermal_weight":0.748,"elevation_m":6.9,"land_cover":"Urban and Built-up Lands"}},{"type":"Feature","geometry":{"type":"Point","coordinates":[106.6625,-6.0843]},"properties":{"lst_celsius":31.64,"thermal_weight":0.742,"elevation_m":6.9,"land_cover":"Urban and Built-up Lands"}},{"type":"Feature","geometry":{"type":"Point","coordinates":[106.675,-6.0843]},"properties":{"lst_celsius":31.53,"thermal_weight":0.733,"elevation_m":6.9,"land_cover":"Urban and Built-up Lands"}},{"type":"Feature","geometry":{"type":"Point","coordinates":[106.6875,-6.0843]},"properties":{"lst_celsius":31.37,"thermal_weight":0.721,"elevation_m":6.9,"land_cover":"Urban and Built-up Lands"}},{"type":"Feature","geometry":{"type":"Point","coordinates":[106.7,-6.0843]},"properties":{"lst_celsius":31.19,"thermal_weight":0.707,"elevation_m":6.9,"land_cover":"Urban and Built-up Lands"}},{"type":"Feature","geometry":{"type":"Point","coordinates":[106.7125,-6.0843]},"properties":{"lst_celsius":31.06,"thermal_weight":0.697,"elevation_m":6.9,"land_cover":"Urban and Built-up Lands"}},{"type":"Feature","geometry":{"type":"Point","coordinates":[106.725,-6.0843]},"properties":{"lst_celsius":31.29,"thermal_weight":0.715,"elevation_m":6.9,"land_cover":"Urban and Built-up Lands"}},{"type":"Feature","geometry":{"type":"Point","coordinates":[106.7375,-6.0843]},"properties":{"lst_celsius":31.49,"thermal_weight":0.73,"elevation_m":6.9,"land_cover":"Urban and Built-up Lands"}},{"type":"Feature","geometry":{"type":"Point","coordinates":[106.75,-6.0843]},"properties":{"lst_celsius":31.66,"thermal_weight":0.743,"elevation_m":6.9,"land_cover":"Urban and Built-up Lands"}},{"type":"Feature","geometry":{"type":"Point","coordinates":[106.7625,-6.0843]},"properties":{"lst_celsius":31.78,"thermal_weight":0.752,"elevation_m":6.9,"land_cover":"Urban and Built-up Lands"}},{"type":"Feature","geometry":{"type":"Point","coordinates":[106.775,-6.0843]},"properties":{"lst_celsius":31.85,"thermal_weight":0.758,"elevation_m":6.9,"land_cover":"Urban and Built-up Lands"}},{"type":"Feature","geometry":{"type":"Point","coordinates":[106.7875,-6.0843]},"properties":{"lst_celsius":31.87,"thermal_weight":0.759,"elevation_m":6.9,"land_cover":"Urban and Built-up Lands"}},{"type":"Feature","geometry":{"type":"Point","coordinates":[106.8,-6.0843]},"properties":{"lst_celsius":31.83,"thermal_weight":0.756,"elevation_m":6.9,"land_cover":"Urban and Built-up Lands"}},{"type":"Feature","geometry":{"type":"Point","coordinates":[106.8125,-6.0843]},"properties":{"lst_celsius":31.95,"thermal_weight":0.765,"elevation_m":6.9,"land_cover":"Urban and Built-up Lands"}},{"type":"Feature","geometry":{"type":"Point","coordinates":[106.825,-6.0843]},"properties":{"lst_celsius":32.13,"thermal_weight":0.779,"elevation_m":6.9,"land_cover":"Urban and Built-up Lands"}},{"type":"Feature","geometry":{"type":"Point","coordinates":[106.8375,-6.0843]},"properties":{"lst_celsius":32.42,"thermal_weight":0.802,"elevation_m":6.9,"land_cover":"Urban and Built-up Lands"}},{"type":"Feature","geometry":{"type":"Point","coordinates":[106.85,-6.0843]},"properties":{"lst_celsius":32.69,"thermal_weight":0.822,"elevation_m":6.9,"land_cover":"Urban and Built-up Lands"}},{"type":"Feature","geometry":{"type":"Point","coordinates":[106.8625,-6.0843]},"properties":{"lst_celsius":32.91,"thermal_weight":0.839,"elevation_m":6.9,"land_cover":"Urban and Built-up Lands"}},{"type":"Feature","geometry":{"type":"Point","coordinates":[106.875,-6.0843]},"properties":{"lst_celsius":33.05,"thermal_weight":0.85,"elevation_m":6.9,"land_cover":"Urban and Built-up Lands"}},{"type":"Feature","geometry":{"type":"Point","coordinates":[106.8875,-6.0843]},"properties":{"lst_celsius":33.09,"thermal_weight":0.853,"elevation_m":6.9,"land_cover":"Urban and Built-up Lands"}},{"type":"Feature","geometry":{"type":"Point","coordinates":[106.9,-6.0843]},"properties":{"lst_celsius":33.01,"thermal_weight":0.847,"elevation_m":6.9,"land_cover":"Urban and Built-up Lands"}},{"type":"Feature","geometry":{"type":"Point","coordinates":[106.9125,-6.0843]},"properties":{"lst_celsius":32.83,"thermal_weight":0.833,"elevation_m":6.9,"land_cover":"Urban and Built-up Lands"}},{"type":"Feature","geometry":{"type":"Point","coordinates":[106.925,-6.0843]},"properties":{"lst_celsius":32.59,"thermal_weight":0.815,"elevation_m":6.9,"land_cover":"Urban and Built-up Lands"}},{"type":"Feature","geometry":{"type":"Point","coordinates":[106.9375,-6.0843]},"properties":{"lst_celsius":32.31,"thermal_weight":0.793,"elevation_m":6.9,"land_cover":"Urban and Built-up Lands"}},{"type":"Feature","geometry":{"type":"Point","coordinates":[106.95,-6.0843]},"properties":{"lst_celsius":32.01,"thermal_weight":0.77,"elevation_m":6.9,"land_cover":"Urban and Built-up Lands"}},{"type":"Feature","geometry":{"type":"Point","coordinates":[106.9625,-6.0843]},"properties":{"lst_celsius":31.7,"thermal_weight":0.746,"elevation_m":6.9,"land_cover":"Urban and Built-up Lands"}},{"type":"Feature","geometry":{"type":"Point","coordinates":[106.975,-6.0843]},"properties":{"lst_celsius":31.37,"thermal_weight":0.721,"elevation_m":6.9,"land_cover":"Urban and Built-up Lands"}},{"type":"Feature","geometry":{"type":"Point","coordinates":[106.9875,-6.0843]},"properties":{"lst_celsius":31.04,"thermal_weight":0.695,"elevation_m":6.9,"land_cover":"Urban and Built-up Lands"}},{"type":"Feature","geometry":{"type":"Point","coordinates":[107,-6.0843]},"properties":{"lst_celsius":30.71,"thermal_weight":0.67,"elevation_m":6.9,"land_cover":"Urban and Built-up Lands"}},{"type":"Feature","geometry":{"type":"Point","coordinates":[107.0125,-6.0843]},"properties":{"lst_celsius":30.37,"thermal_weight":0.644,"elevation_m":6.9,"land_cover":"Urban and Built-up Lands"}},{"type":"Feature","geometry":{"type":"Point","coordinates":[107.025,-6.0843]},"properties":{"lst_celsius":30.15,"thermal_weight":0.627,"elevation_m":6.9,"land_cover":"Cropland / Natural Vegetation Mosaics"}},{"type":"Feature","geometry":{"type":"Point","coordinates":[107.0375,-6.0843]},"properties":{"lst_celsius":30.15,"thermal_weight":0.627,"elevation_m":6.9,"land_cover":"Cropland / Natural Vegetation Mosaics"}},{"type":"Feature","geometry":{"type":"Point","coordinates":[107.05,-6.0843]},"properties":{"lst_celsius":30.15,"thermal_weight":0.627,"elevation_m":6.9,"land_cover":"Cropland / Natural Vegetation Mosaics"}},{"type":"Feature","geometry":{"type":"Point","coordinates":[107.0625,-6.0843]},"properties":{"lst_celsius":30.15,"thermal_weight":0.627,"elevation_m":6.9,"land_cover":"Cropland / Natural Vegetation Mosaics"}},{"type":"Feature","geometry":{"type":"Point","coordinates":[107.075,-6.0843]},"properties":{"lst_celsius":30.15,"thermal_weight":0.627,"elevation_m":6.9,"land_cover":"Cropland / Natural Vegetation Mosaics"}},{"type":"Feature","geometry":{"type":"Point","coordinates":[107.0875,-6.0843]},"properties":{"lst_celsius":30.15,"thermal_weight":0.627,"elevation_m":6.9,"land_cover":"Cropland / Natural Vegetation Mosaics"}},{"type":"Feature","geometry":{"type":"Point","coordinates":[107.1,-6.0843]},"properties":{"lst_celsius":30.15,"thermal_weight":0.627,"elevation_m":6.9,"land_cover":"Cropland / Natural Vegetation Mosaics"}},{"type":"Feature","geometry":{"type":"Point","coordinates":[107.1125,-6.0843]},"properties":{"lst_celsius":30.15,"thermal_weight":0.627,"elevation_m":6.9,"land_cover":"Cropland / Natural Vegetation Mosaics"}},{"type":"Feature","geometry":{"type":"Point","coordinates":[107.125,-6.0843]},"properties":{"lst_celsius":30.15,"thermal_weight":0.627,"elevation_m":6.9,"land_cover":"Cropland / Natural Vegetation Mosaics"}},{"type":"Feature","geometry":{"type":"Point","coordinates":[107.1375,-6.0843]},"properties":{"lst_celsius":30.15,"thermal_weight":0.627,"elevation_m":6.9,"land_cover":"Cropland / Natural Vegetation Mosaics"}},{"type":"Feature","geometry":{"type":"Point","coordinates":[107.15,-6.0843]},"properties":{"lst_celsius":30.15,"thermal_weight":0.627,"elevation_m":6.9,"land_cover":"Cropland / Natural Vegetation Mosaics"}},{"type":"Feature","geometry":{"type":"Point","coordinates":[107.1625,-6.0843]},"properties":{"lst_celsius":30.15,"thermal_weight":0.627,"elevation_m":6.9,"land_cover":"Cropland / Natural Vegetation Mosaics"}},{"type":"Feature","geometry":{"type":"Point","coordinates":[107.175,-6.0843]},"properties":{"lst_celsius":30.15,"thermal_weight":0.627,"elevation_m":6.9,"land_cover":"Cropland / Natural Vegetation Mosaics"}},{"type":"Feature","geometry":{"type":"Point","coordinates":[107.1875,-6.0843]},"properties":{"lst_celsius":30.15,"thermal_weight":0.627,"elevation_m":6.9,"land_cover":"Cropland / Natural Vegetation Mosaics"}},{"type":"Feature","geometry":{"type":"Point","coordinates":[107.2,-6.0843]},"properties":{"lst_celsius":30.15,"thermal_weight":0.627,"elevation_m":6.9,"land_cover":"Cropland / Natural Vegetation Mosaics"}},{"type":"Feature","geometry":{"type":"Point","coordinates":[107.2125,-6.0843]},"properties":{"lst_celsius":30.15,"thermal_weight":0.627,"elevation_m":6.9,"land_cover":"Cropland / Natural Vegetation Mosaics"}},{"type":"Feature","geometry":{"type":"Point","coordinates":[107.225,-6.0843]},"properties":{"lst_celsius":30.15,"thermal_weight":0.627,"elevation_m":6.9,"land_cover":"Cropland / Natural Vegetation Mosaics"}},{"type":"Feature","geometry":{"type":"Point","coordinates":[107.2375,-6.0843]},"properties":{"lst_celsius":30.15,"thermal_weight":0.627,"elevation_m":6.9,"land_cover":"Cropland / Natural Vegetation Mosaics"}},{"type":"Feature","geometry":{"type":"Point","coordinates":[107.25,-6.0843]},"properties":{"lst_celsius":30.15,"thermal_weight":0.627,"elevation_m":6.9,"land_cover":"Cropland / Natural Vegetation Mosaics"}},{"type":"Feature","geometry":{"type":"Point","coordinates":[107.2625,-6.0843]},"properties":{"lst_celsius":30.15,"thermal_weight":0.627,"elevation_m":6.9,"land_cover":"Cropland / Natural Vegetation Mosaics"}},{"type":"Feature","geometry":{"type":"Point","coordinates":[107.275,-6.0843]},"properties":{"lst_celsius":30.15,"thermal_weight":0.627,"elevation_m":6.9,"land_cover":"Cropland / Natural Vegetation Mosaics"}},{"type":"Feature","geometry":{"type":"Point","coordinates":[107.2875,-6.0843]},"properties":{"lst_celsius":30.15,"thermal_weight":0.627,"elevation_m":6.9,"land_cover":"Cropland / Natural Vegetation Mosaics"}},{"type":"Feature","geometry":{"type":"Point","coordinates":[107.3,-6.0843]},"properties":{"lst_celsius":30.15,"thermal_weight":0.627,"elevation_m":6.9,"land_cover":"Cropland / Natural Vegetation Mosaics"}},{"type":"Feature","geometry":{"type":"Point","coordinates":[106.5,-6.0722]},"properties":{"lst_celsius":28.2,"thermal_weight":0.477,"elevation_m":0,"land_cover":"Water Bodies (Laut Jawa)"}},{"type":"Feature","geometry":{"type":"Point","coordinates":[106.5125,-6.0722]},"properties":{"lst_celsius":28.2,"thermal_weight":0.477,"elevation_m":0,"land_cover":"Water Bodies (Laut Jawa)"}},{"type":"Feature","geometry":{"type":"Point","coordinates":[106.525,-6.0722]},"properties":{"lst_celsius":28.2,"thermal_weight":0.477,"elevation_m":0,"land_cover":"Water Bodies (Laut Jawa)"}},{"type":"Feature","geometry":{"type":"Point","coordinates":[106.5375,-6.0722]},"properties":{"lst_celsius":28.2,"thermal_weight":0.477,"elevation_m":0,"land_cover":"Water Bodies (Laut Jawa)"}},{"type":"Feature","geometry":{"type":"Point","coordinates":[106.55,-6.0722]},"properties":{"lst_celsius":28.2,"thermal_weight":0.477,"elevation_m":0,"land_cover":"Water Bodies (Laut Jawa)"}},{"type":"Feature","geometry":{"type":"Point","coordinates":[106.5625,-6.0722]},"properties":{"lst_celsius":28.2,"thermal_weight":0.477,"elevation_m":0,"land_cover":"Water Bodies (Laut Jawa)"}},{"type":"Feature","geometry":{"type":"Point","coordinates":[106.575,-6.0722]},"properties":{"lst_celsius":28.2,"thermal_weight":0.477,"elevation_m":0,"land_cover":"Water Bodies (Laut Jawa)"}},{"type":"Feature","geometry":{"type":"Point","coordinates":[106.5875,-6.0722]},"properties":{"lst_celsius":28.2,"thermal_weight":0.477,"elevation_m":0,"land_cover":"Water Bodies (Laut Jawa)"}},{"type":"Feature","geometry":{"type":"Point","coordinates":[106.6,-6.0722]},"properties":{"lst_celsius":28.2,"thermal_weight":0.477,"elevation_m":0,"land_cover":"Water Bodies (Laut Jawa)"}},{"type":"Feature","geometry":{"type":"Point","coordinates":[106.6125,-6.0722]},"properties":{"lst_celsius":28.2,"thermal_weight":0.477,"elevation_m":0,"land_cover":"Water Bodies (Laut Jawa)"}},{"type":"Feature","geometry":{"type":"Point","coordinates":[106.625,-6.0722]},"properties":{"lst_celsius":28.2,"thermal_weight":0.477,"elevation_m":0,"land_cover":"Water Bodies (Laut Jawa)"}},{"type":"Feature","geometry":{"type":"Point","coordinates":[106.6375,-6.0722]},"properties":{"lst_celsius":28.2,"thermal_weight":0.477,"elevation_m":0,"land_cover":"Water Bodies (Laut Jawa)"}},{"type":"Feature","geometry":{"type":"Point","coordinates":[106.65,-6.0722]},"properties":{"lst_celsius":28.2,"thermal_weight":0.477,"elevation_m":0,"land_cover":"Water Bodies (Laut Jawa)"}},{"type":"Feature","geometry":{"type":"Point","coordinates":[106.6625,-6.0722]},"properties":{"lst_celsius":28.2,"thermal_weight":0.477,"elevation_m":0,"land_cover":"Water Bodies (Laut Jawa)"}},{"type":"Feature","geometry":{"type":"Point","coordinates":[106.675,-6.0722]},"properties":{"lst_celsius":28.2,"thermal_weight":0.477,"elevation_m":0,"land_cover":"Water Bodies (Laut Jawa)"}},{"type":"Feature","geometry":{"type":"Point","coordinates":[106.6875,-6.0722]},"properties":{"lst_celsius":28.2,"thermal_weight":0.477,"elevation_m":0,"land_cover":"Water Bodies (Laut Jawa)"}},{"type":"Feature","geometry":{"type":"Point","coordinates":[106.7,-6.0722]},"properties":{"lst_celsius":28.2,"thermal_weight":0.477,"elevation_m":0,"land_cover":"Water Bodies (Laut Jawa)"}},{"type":"Feature","geometry":{"type":"Point","coordinates":[106.7125,-6.0722]},"properties":{"lst_celsius":28.2,"thermal_weight":0.477,"elevation_m":0,"land_cover":"Water Bodies (Laut Jawa)"}},{"type":"Feature","geometry":{"type":"Point","coordinates":[106.725,-6.0722]},"properties":{"lst_celsius":28.2,"thermal_weight":0.477,"elevation_m":0,"land_cover":"Water Bodies (Laut Jawa)"}},{"type":"Feature","geometry":{"type":"Point","coordinates":[106.7375,-6.0722]},"properties":{"lst_celsius":28.2,"thermal_weight":0.477,"elevation_m":0,"land_cover":"Water Bodies (Laut Jawa)"}},{"type":"Feature","geometry":{"type":"Point","coordinates":[106.75,-6.0722]},"properties":{"lst_celsius":28.2,"thermal_weight":0.477,"elevation_m":0,"land_cover":"Water Bodies (Laut Jawa)"}},{"type":"Feature","geometry":{"type":"Point","coordinates":[106.7625,-6.0722]},"properties":{"lst_celsius":28.2,"thermal_weight":0.477,"elevation_m":0,"land_cover":"Water Bodies (Laut Jawa)"}},{"type":"Feature","geometry":{"type":"Point","coordinates":[106.775,-6.0722]},"properties":{"lst_celsius":28.2,"thermal_weight":0.477,"elevation_m":0,"land_cover":"Water Bodies (Laut Jawa)"}},{"type":"Feature","geometry":{"type":"Point","coordinates":[106.7875,-6.0722]},"properties":{"lst_celsius":28.2,"thermal_weight":0.477,"elevation_m":0,"land_cover":"Water Bodies (Laut Jawa)"}},{"type":"Feature","geometry":{"type":"Point","coordinates":[106.8,-6.0722]},"properties":{"lst_celsius":28.2,"thermal_weight":0.477,"elevation_m":0,"land_cover":"Water Bodies (Laut Jawa)"}},{"type":"Feature","geometry":{"type":"Point","coordinates":[106.8125,-6.0722]},"properties":{"lst_celsius":28.2,"thermal_weight":0.477,"elevation_m":0,"land_cover":"Water Bodies (Laut Jawa)"}},{"type":"Feature","geometry":{"type":"Point","coordinates":[106.825,-6.0722]},"properties":{"lst_celsius":28.2,"thermal_weight":0.477,"elevation_m":0,"land_cover":"Water Bodies (Laut Jawa)"}},{"type":"Feature","geometry":{"type":"Point","coordinates":[106.8375,-6.0722]},"properties":{"lst_celsius":28.2,"thermal_weight":0.477,"elevation_m":0,"land_cover":"Water Bodies (Laut Jawa)"}},{"type":"Feature","geometry":{"type":"Point","coordinates":[106.85,-6.0722]},"properties":{"lst_celsius":28.2,"thermal_weight":0.477,"elevation_m":0,"land_cover":"Water Bodies (Laut Jawa)"}},{"type":"Feature","geometry":{"type":"Point","coordinates":[106.8625,-6.0722]},"properties":{"lst_celsius":28.2,"thermal_weight":0.477,"elevation_m":0,"land_cover":"Water Bodies (Laut Jawa)"}},{"type":"Feature","geometry":{"type":"Point","coordinates":[106.875,-6.0722]},"properties":{"lst_celsius":28.2,"thermal_weight":0.477,"elevation_m":0,"land_cover":"Water Bodies (Laut Jawa)"}},{"type":"Feature","geometry":{"type":"Point","coordinates":[106.8875,-6.0722]},"properties":{"lst_celsius":28.2,"thermal_weight":0.477,"elevation_m":0,"land_cover":"Water Bodies (Laut Jawa)"}},{"type":"Feature","geometry":{"type":"Point","coordinates":[106.9,-6.0722]},"properties":{"lst_celsius":28.2,"thermal_weight":0.477,"elevation_m":0,"land_cover":"Water Bodies (Laut Jawa)"}},{"type":"Feature","geometry":{"type":"Point","coordinates":[106.9125,-6.0722]},"properties":{"lst_celsius":28.2,"thermal_weight":0.477,"elevation_m":0,"land_cover":"Water Bodies (Laut Jawa)"}},{"type":"Feature","geometry":{"type":"Point","coordinates":[106.925,-6.0722]},"properties":{"lst_celsius":28.2,"thermal_weight":0.477,"elevation_m":0,"land_cover":"Water Bodies (Laut Jawa)"}},{"type":"Feature","geometry":{"type":"Point","coordinates":[106.9375,-6.0722]},"properties":{"lst_celsius":28.2,"thermal_weight":0.477,"elevation_m":0,"land_cover":"Water Bodies (Laut Jawa)"}},{"type":"Feature","geometry":{"type":"Point","coordinates":[106.95,-6.0722]},"properties":{"lst_celsius":28.2,"thermal_weight":0.477,"elevation_m":0,"land_cover":"Water Bodies (Laut Jawa)"}},{"type":"Feature","geometry":{"type":"Point","coordinates":[106.9625,-6.0722]},"properties":{"lst_celsius":28.2,"thermal_weight":0.477,"elevation_m":0,"land_cover":"Water Bodies (Laut Jawa)"}},{"type":"Feature","geometry":{"type":"Point","coordinates":[106.975,-6.0722]},"properties":{"lst_celsius":28.2,"thermal_weight":0.477,"elevation_m":0,"land_cover":"Water Bodies (Laut Jawa)"}},{"type":"Feature","geometry":{"type":"Point","coordinates":[106.9875,-6.0722]},"properties":{"lst_celsius":28.2,"thermal_weight":0.477,"elevation_m":0,"land_cover":"Water Bodies (Laut Jawa)"}},{"type":"Feature","geometry":{"type":"Point","coordinates":[107,-6.0722]},"properties":{"lst_celsius":28.2,"thermal_weight":0.477,"elevation_m":0,"land_cover":"Water Bodies (Laut Jawa)"}},{"type":"Feature","geometry":{"type":"Point","coordinates":[107.0125,-6.0722]},"properties":{"lst_celsius":28.2,"thermal_weight":0.477,"elevation_m":0,"land_cover":"Water Bodies (Laut Jawa)"}},{"type":"Feature","geometry":{"type":"Point","coordinates":[107.025,-6.0722]},"properties":{"lst_celsius":28.2,"thermal_weight":0.477,"elevation_m":0,"land_cover":"Water Bodies (Laut Jawa)"}},{"type":"Feature","geometry":{"type":"Point","coordinates":[107.0375,-6.0722]},"properties":{"lst_celsius":28.2,"thermal_weight":0.477,"elevation_m":0,"land_cover":"Water Bodies (Laut Jawa)"}},{"type":"Feature","geometry":{"type":"Point","coordinates":[107.05,-6.0722]},"properties":{"lst_celsius":28.2,"thermal_weight":0.477,"elevation_m":0,"land_cover":"Water Bodies (Laut Jawa)"}},{"type":"Feature","geometry":{"type":"Point","coordinates":[107.0625,-6.0722]},"properties":{"lst_celsius":28.2,"thermal_weight":0.477,"elevation_m":0,"land_cover":"Water Bodies (Laut Jawa)"}},{"type":"Feature","geometry":{"type":"Point","coordinates":[107.075,-6.0722]},"properties":{"lst_celsius":28.2,"thermal_weight":0.477,"elevation_m":0,"land_cover":"Water Bodies (Laut Jawa)"}},{"type":"Feature","geometry":{"type":"Point","coordinates":[107.0875,-6.0722]},"properties":{"lst_celsius":28.2,"thermal_weight":0.477,"elevation_m":0,"land_cover":"Water Bodies (Laut Jawa)"}},{"type":"Feature","geometry":{"type":"Point","coordinates":[107.1,-6.0722]},"properties":{"lst_celsius":28.2,"thermal_weight":0.477,"elevation_m":0,"land_cover":"Water Bodies (Laut Jawa)"}},{"type":"Feature","geometry":{"type":"Point","coordinates":[107.1125,-6.0722]},"properties":{"lst_celsius":28.2,"thermal_weight":0.477,"elevation_m":0,"land_cover":"Water Bodies (Laut Jawa)"}},{"type":"Feature","geometry":{"type":"Point","coordinates":[107.125,-6.0722]},"properties":{"lst_celsius":28.2,"thermal_weight":0.477,"elevation_m":0,"land_cover":"Water Bodies (Laut Jawa)"}},{"type":"Feature","geometry":{"type":"Point","coordinates":[107.1375,-6.0722]},"properties":{"lst_celsius":28.2,"thermal_weight":0.477,"elevation_m":0,"land_cover":"Water Bodies (Laut Jawa)"}},{"type":"Feature","geometry":{"type":"Point","coordinates":[107.15,-6.0722]},"properties":{"lst_celsius":28.2,"thermal_weight":0.477,"elevation_m":0,"land_cover":"Water Bodies (Laut Jawa)"}},{"type":"Feature","geometry":{"type":"Point","coordinates":[107.1625,-6.0722]},"properties":{"lst_celsius":28.2,"thermal_weight":0.477,"elevation_m":0,"land_cover":"Water Bodies (Laut Jawa)"}},{"type":"Feature","geometry":{"type":"Point","coordinates":[107.175,-6.0722]},"properties":{"lst_celsius":28.2,"thermal_weight":0.477,"elevation_m":0,"land_cover":"Water Bodies (Laut Jawa)"}},{"type":"Feature","geometry":{"type":"Point","coordinates":[107.1875,-6.0722]},"properties":{"lst_celsius":28.2,"thermal_weight":0.477,"elevation_m":0,"land_cover":"Water Bodies (Laut Jawa)"}},{"type":"Feature","geometry":{"type":"Point","coordinates":[107.2,-6.0722]},"properties":{"lst_celsius":28.2,"thermal_weight":0.477,"elevation_m":0,"land_cover":"Water Bodies (Laut Jawa)"}},{"type":"Feature","geometry":{"type":"Point","coordinates":[107.2125,-6.0722]},"properties":{"lst_celsius":28.2,"thermal_weight":0.477,"elevation_m":0,"land_cover":"Water Bodies (Laut Jawa)"}},{"type":"Feature","geometry":{"type":"Point","coordinates":[107.225,-6.0722]},"properties":{"lst_celsius":28.2,"thermal_weight":0.477,"elevation_m":0,"land_cover":"Water Bodies (Laut Jawa)"}},{"type":"Feature","geometry":{"type":"Point","coordinates":[107.2375,-6.0722]},"properties":{"lst_celsius":28.2,"thermal_weight":0.477,"elevation_m":0,"land_cover":"Water Bodies (Laut Jawa)"}},{"type":"Feature","geometry":{"type":"Point","coordinates":[107.25,-6.0722]},"properties":{"lst_celsius":28.2,"thermal_weight":0.477,"elevation_m":0,"land_cover":"Water Bodies (Laut Jawa)"}},{"type":"Feature","geometry":{"type":"Point","coordinates":[107.2625,-6.0722]},"properties":{"lst_celsius":28.2,"thermal_weight":0.477,"elevation_m":0,"land_cover":"Water Bodies (Laut Jawa)"}},{"type":"Feature","geometry":{"type":"Point","coordinates":[107.275,-6.0722]},"properties":{"lst_celsius":28.2,"thermal_weight":0.477,"elevation_m":0,"land_cover":"Water Bodies (Laut Jawa)"}},{"type":"Feature","geometry":{"type":"Point","coordinates":[107.2875,-6.0722]},"properties":{"lst_celsius":28.2,"thermal_weight":0.477,"elevation_m":0,"land_cover":"Water Bodies (Laut Jawa)"}},{"type":"Feature","geometry":{"type":"Point","coordinates":[107.3,-6.0722]},"properties":{"lst_celsius":28.2,"thermal_weight":0.477,"elevation_m":0,"land_cover":"Water Bodies (Laut Jawa)"}},{"type":"Feature","geometry":{"type":"Point","coordinates":[106.5,-6.0602]},"properties":{"lst_celsius":28.2,"thermal_weight":0.477,"elevation_m":0,"land_cover":"Water Bodies (Laut Jawa)"}},{"type":"Feature","geometry":{"type":"Point","coordinates":[106.5125,-6.0602]},"properties":{"lst_celsius":28.2,"thermal_weight":0.477,"elevation_m":0,"land_cover":"Water Bodies (Laut Jawa)"}},{"type":"Feature","geometry":{"type":"Point","coordinates":[106.525,-6.0602]},"properties":{"lst_celsius":28.2,"thermal_weight":0.477,"elevation_m":0,"land_cover":"Water Bodies (Laut Jawa)"}},{"type":"Feature","geometry":{"type":"Point","coordinates":[106.5375,-6.0602]},"properties":{"lst_celsius":28.2,"thermal_weight":0.477,"elevation_m":0,"land_cover":"Water Bodies (Laut Jawa)"}},{"type":"Feature","geometry":{"type":"Point","coordinates":[106.55,-6.0602]},"properties":{"lst_celsius":28.2,"thermal_weight":0.477,"elevation_m":0,"land_cover":"Water Bodies (Laut Jawa)"}},{"type":"Feature","geometry":{"type":"Point","coordinates":[106.5625,-6.0602]},"properties":{"lst_celsius":28.2,"thermal_weight":0.477,"elevation_m":0,"land_cover":"Water Bodies (Laut Jawa)"}},{"type":"Feature","geometry":{"type":"Point","coordinates":[106.575,-6.0602]},"properties":{"lst_celsius":28.2,"thermal_weight":0.477,"elevation_m":0,"land_cover":"Water Bodies (Laut Jawa)"}},{"type":"Feature","geometry":{"type":"Point","coordinates":[106.5875,-6.0602]},"properties":{"lst_celsius":28.2,"thermal_weight":0.477,"elevation_m":0,"land_cover":"Water Bodies (Laut Jawa)"}},{"type":"Feature","geometry":{"type":"Point","coordinates":[106.6,-6.0602]},"properties":{"lst_celsius":28.2,"thermal_weight":0.477,"elevation_m":0,"land_cover":"Water Bodies (Laut Jawa)"}},{"type":"Feature","geometry":{"type":"Point","coordinates":[106.6125,-6.0602]},"properties":{"lst_celsius":28.2,"thermal_weight":0.477,"elevation_m":0,"land_cover":"Water Bodies (Laut Jawa)"}},{"type":"Feature","geometry":{"type":"Point","coordinates":[106.625,-6.0602]},"properties":{"lst_celsius":28.2,"thermal_weight":0.477,"elevation_m":0,"land_cover":"Water Bodies (Laut Jawa)"}},{"type":"Feature","geometry":{"type":"Point","coordinates":[106.6375,-6.0602]},"properties":{"lst_celsius":28.2,"thermal_weight":0.477,"elevation_m":0,"land_cover":"Water Bodies (Laut Jawa)"}},{"type":"Feature","geometry":{"type":"Point","coordinates":[106.65,-6.0602]},"properties":{"lst_celsius":28.2,"thermal_weight":0.477,"elevation_m":0,"land_cover":"Water Bodies (Laut Jawa)"}},{"type":"Feature","geometry":{"type":"Point","coordinates":[106.6625,-6.0602]},"properties":{"lst_celsius":28.2,"thermal_weight":0.477,"elevation_m":0,"land_cover":"Water Bodies (Laut Jawa)"}},{"type":"Feature","geometry":{"type":"Point","coordinates":[106.675,-6.0602]},"properties":{"lst_celsius":28.2,"thermal_weight":0.477,"elevation_m":0,"land_cover":"Water Bodies (Laut Jawa)"}},{"type":"Feature","geometry":{"type":"Point","coordinates":[106.6875,-6.0602]},"properties":{"lst_celsius":28.2,"thermal_weight":0.477,"elevation_m":0,"land_cover":"Water Bodies (Laut Jawa)"}},{"type":"Feature","geometry":{"type":"Point","coordinates":[106.7,-6.0602]},"properties":{"lst_celsius":28.2,"thermal_weight":0.477,"elevation_m":0,"land_cover":"Water Bodies (Laut Jawa)"}},{"type":"Feature","geometry":{"type":"Point","coordinates":[106.7125,-6.0602]},"properties":{"lst_celsius":28.2,"thermal_weight":0.477,"elevation_m":0,"land_cover":"Water Bodies (Laut Jawa)"}},{"type":"Feature","geometry":{"type":"Point","coordinates":[106.725,-6.0602]},"properties":{"lst_celsius":28.2,"thermal_weight":0.477,"elevation_m":0,"land_cover":"Water Bodies (Laut Jawa)"}},{"type":"Feature","geometry":{"type":"Point","coordinates":[106.7375,-6.0602]},"properties":{"lst_celsius":28.2,"thermal_weight":0.477,"elevation_m":0,"land_cover":"Water Bodies (Laut Jawa)"}},{"type":"Feature","geometry":{"type":"Point","coordinates":[106.75,-6.0602]},"properties":{"lst_celsius":28.2,"thermal_weight":0.477,"elevation_m":0,"land_cover":"Water Bodies (Laut Jawa)"}},{"type":"Feature","geometry":{"type":"Point","coordinates":[106.7625,-6.0602]},"properties":{"lst_celsius":28.2,"thermal_weight":0.477,"elevation_m":0,"land_cover":"Water Bodies (Laut Jawa)"}},{"type":"Feature","geometry":{"type":"Point","coordinates":[106.775,-6.0602]},"properties":{"lst_celsius":28.2,"thermal_weight":0.477,"elevation_m":0,"land_cover":"Water Bodies (Laut Jawa)"}},{"type":"Feature","geometry":{"type":"Point","coordinates":[106.7875,-6.0602]},"properties":{"lst_celsius":28.2,"thermal_weight":0.477,"elevation_m":0,"land_cover":"Water Bodies (Laut Jawa)"}},{"type":"Feature","geometry":{"type":"Point","coordinates":[106.8,-6.0602]},"properties":{"lst_celsius":28.2,"thermal_weight":0.477,"elevation_m":0,"land_cover":"Water Bodies (Laut Jawa)"}},{"type":"Feature","geometry":{"type":"Point","coordinates":[106.8125,-6.0602]},"properties":{"lst_celsius":28.2,"thermal_weight":0.477,"elevation_m":0,"land_cover":"Water Bodies (Laut Jawa)"}},{"type":"Feature","geometry":{"type":"Point","coordinates":[106.825,-6.0602]},"properties":{"lst_celsius":28.2,"thermal_weight":0.477,"elevation_m":0,"land_cover":"Water Bodies (Laut Jawa)"}},{"type":"Feature","geometry":{"type":"Point","coordinates":[106.8375,-6.0602]},"properties":{"lst_celsius":28.2,"thermal_weight":0.477,"elevation_m":0,"land_cover":"Water Bodies (Laut Jawa)"}},{"type":"Feature","geometry":{"type":"Point","coordinates":[106.85,-6.0602]},"properties":{"lst_celsius":28.2,"thermal_weight":0.477,"elevation_m":0,"land_cover":"Water Bodies (Laut Jawa)"}},{"type":"Feature","geometry":{"type":"Point","coordinates":[106.8625,-6.0602]},"properties":{"lst_celsius":28.2,"thermal_weight":0.477,"elevation_m":0,"land_cover":"Water Bodies (Laut Jawa)"}},{"type":"Feature","geometry":{"type":"Point","coordinates":[106.875,-6.0602]},"properties":{"lst_celsius":28.2,"thermal_weight":0.477,"elevation_m":0,"land_cover":"Water Bodies (Laut Jawa)"}},{"type":"Feature","geometry":{"type":"Point","coordinates":[106.8875,-6.0602]},"properties":{"lst_celsius":28.2,"thermal_weight":0.477,"elevation_m":0,"land_cover":"Water Bodies (Laut Jawa)"}},{"type":"Feature","geometry":{"type":"Point","coordinates":[106.9,-6.0602]},"properties":{"lst_celsius":28.2,"thermal_weight":0.477,"elevation_m":0,"land_cover":"Water Bodies (Laut Jawa)"}},{"type":"Feature","geometry":{"type":"Point","coordinates":[106.9125,-6.0602]},"properties":{"lst_celsius":28.2,"thermal_weight":0.477,"elevation_m":0,"land_cover":"Water Bodies (Laut Jawa)"}},{"type":"Feature","geometry":{"type":"Point","coordinates":[106.925,-6.0602]},"properties":{"lst_celsius":28.2,"thermal_weight":0.477,"elevation_m":0,"land_cover":"Water Bodies (Laut Jawa)"}},{"type":"Feature","geometry":{"type":"Point","coordinates":[106.9375,-6.0602]},"properties":{"lst_celsius":28.2,"thermal_weight":0.477,"elevation_m":0,"land_cover":"Water Bodies (Laut Jawa)"}},{"type":"Feature","geometry":{"type":"Point","coordinates":[106.95,-6.0602]},"properties":{"lst_celsius":28.2,"thermal_weight":0.477,"elevation_m":0,"land_cover":"Water Bodies (Laut Jawa)"}},{"type":"Feature","geometry":{"type":"Point","coordinates":[106.9625,-6.0602]},"properties":{"lst_celsius":28.2,"thermal_weight":0.477,"elevation_m":0,"land_cover":"Water Bodies (Laut Jawa)"}},{"type":"Feature","geometry":{"type":"Point","coordinates":[106.975,-6.0602]},"properties":{"lst_celsius":28.2,"thermal_weight":0.477,"elevation_m":0,"land_cover":"Water Bodies (Laut Jawa)"}},{"type":"Feature","geometry":{"type":"Point","coordinates":[106.9875,-6.0602]},"properties":{"lst_celsius":28.2,"thermal_weight":0.477,"elevation_m":0,"land_cover":"Water Bodies (Laut Jawa)"}},{"type":"Feature","geometry":{"type":"Point","coordinates":[107,-6.0602]},"properties":{"lst_celsius":28.2,"thermal_weight":0.477,"elevation_m":0,"land_cover":"Water Bodies (Laut Jawa)"}},{"type":"Feature","geometry":{"type":"Point","coordinates":[107.0125,-6.0602]},"properties":{"lst_celsius":28.2,"thermal_weight":0.477,"elevation_m":0,"land_cover":"Water Bodies (Laut Jawa)"}},{"type":"Feature","geometry":{"type":"Point","coordinates":[107.025,-6.0602]},"properties":{"lst_celsius":28.2,"thermal_weight":0.477,"elevation_m":0,"land_cover":"Water Bodies (Laut Jawa)"}},{"type":"Feature","geometry":{"type":"Point","coordinates":[107.0375,-6.0602]},"properties":{"lst_celsius":28.2,"thermal_weight":0.477,"elevation_m":0,"land_cover":"Water Bodies (Laut Jawa)"}},{"type":"Feature","geometry":{"type":"Point","coordinates":[107.05,-6.0602]},"properties":{"lst_celsius":28.2,"thermal_weight":0.477,"elevation_m":0,"land_cover":"Water Bodies (Laut Jawa)"}},{"type":"Feature","geometry":{"type":"Point","coordinates":[107.0625,-6.0602]},"properties":{"lst_celsius":28.2,"thermal_weight":0.477,"elevation_m":0,"land_cover":"Water Bodies (Laut Jawa)"}},{"type":"Feature","geometry":{"type":"Point","coordinates":[107.075,-6.0602]},"properties":{"lst_celsius":28.2,"thermal_weight":0.477,"elevation_m":0,"land_cover":"Water Bodies (Laut Jawa)"}},{"type":"Feature","geometry":{"type":"Point","coordinates":[107.0875,-6.0602]},"properties":{"lst_celsius":28.2,"thermal_weight":0.477,"elevation_m":0,"land_cover":"Water Bodies (Laut Jawa)"}},{"type":"Feature","geometry":{"type":"Point","coordinates":[107.1,-6.0602]},"properties":{"lst_celsius":28.2,"thermal_weight":0.477,"elevation_m":0,"land_cover":"Water Bodies (Laut Jawa)"}},{"type":"Feature","geometry":{"type":"Point","coordinates":[107.1125,-6.0602]},"properties":{"lst_celsius":28.2,"thermal_weight":0.477,"elevation_m":0,"land_cover":"Water Bodies (Laut Jawa)"}},{"type":"Feature","geometry":{"type":"Point","coordinates":[107.125,-6.0602]},"properties":{"lst_celsius":28.2,"thermal_weight":0.477,"elevation_m":0,"land_cover":"Water Bodies (Laut Jawa)"}},{"type":"Feature","geometry":{"type":"Point","coordinates":[107.1375,-6.0602]},"properties":{"lst_celsius":28.2,"thermal_weight":0.477,"elevation_m":0,"land_cover":"Water Bodies (Laut Jawa)"}},{"type":"Feature","geometry":{"type":"Point","coordinates":[107.15,-6.0602]},"properties":{"lst_celsius":28.2,"thermal_weight":0.477,"elevation_m":0,"land_cover":"Water Bodies (Laut Jawa)"}},{"type":"Feature","geometry":{"type":"Point","coordinates":[107.1625,-6.0602]},"properties":{"lst_celsius":28.2,"thermal_weight":0.477,"elevation_m":0,"land_cover":"Water Bodies (Laut Jawa)"}},{"type":"Feature","geometry":{"type":"Point","coordinates":[107.175,-6.0602]},"properties":{"lst_celsius":28.2,"thermal_weight":0.477,"elevation_m":0,"land_cover":"Water Bodies (Laut Jawa)"}},{"type":"Feature","geometry":{"type":"Point","coordinates":[107.1875,-6.0602]},"properties":{"lst_celsius":28.2,"thermal_weight":0.477,"elevation_m":0,"land_cover":"Water Bodies (Laut Jawa)"}},{"type":"Feature","geometry":{"type":"Point","coordinates":[107.2,-6.0602]},"properties":{"lst_celsius":28.2,"thermal_weight":0.477,"elevation_m":0,"land_cover":"Water Bodies (Laut Jawa)"}},{"type":"Feature","geometry":{"type":"Point","coordinates":[107.2125,-6.0602]},"properties":{"lst_celsius":28.2,"thermal_weight":0.477,"elevation_m":0,"land_cover":"Water Bodies (Laut Jawa)"}},{"type":"Feature","geometry":{"type":"Point","coordinates":[107.225,-6.0602]},"properties":{"lst_celsius":28.2,"thermal_weight":0.477,"elevation_m":0,"land_cover":"Water Bodies (Laut Jawa)"}},{"type":"Feature","geometry":{"type":"Point","coordinates":[107.2375,-6.0602]},"properties":{"lst_celsius":28.2,"thermal_weight":0.477,"elevation_m":0,"land_cover":"Water Bodies (Laut Jawa)"}},{"type":"Feature","geometry":{"type":"Point","coordinates":[107.25,-6.0602]},"properties":{"lst_celsius":28.2,"thermal_weight":0.477,"elevation_m":0,"land_cover":"Water Bodies (Laut Jawa)"}},{"type":"Feature","geometry":{"type":"Point","coordinates":[107.2625,-6.0602]},"properties":{"lst_celsius":28.2,"thermal_weight":0.477,"elevation_m":0,"land_cover":"Water Bodies (Laut Jawa)"}},{"type":"Feature","geometry":{"type":"Point","coordinates":[107.275,-6.0602]},"properties":{"lst_celsius":28.2,"thermal_weight":0.477,"elevation_m":0,"land_cover":"Water Bodies (Laut Jawa)"}},{"type":"Feature","geometry":{"type":"Point","coordinates":[107.2875,-6.0602]},"properties":{"lst_celsius":28.2,"thermal_weight":0.477,"elevation_m":0,"land_cover":"Water Bodies (Laut Jawa)"}},{"type":"Feature","geometry":{"type":"Point","coordinates":[107.3,-6.0602]},"properties":{"lst_celsius":28.2,"thermal_weight":0.477,"elevation_m":0,"land_cover":"Water Bodies (Laut Jawa)"}},{"type":"Feature","geometry":{"type":"Point","coordinates":[106.5,-6.0481]},"properties":{"lst_celsius":28.2,"thermal_weight":0.477,"elevation_m":0,"land_cover":"Water Bodies (Laut Jawa)"}},{"type":"Feature","geometry":{"type":"Point","coordinates":[106.5125,-6.0481]},"properties":{"lst_celsius":28.2,"thermal_weight":0.477,"elevation_m":0,"land_cover":"Water Bodies (Laut Jawa)"}},{"type":"Feature","geometry":{"type":"Point","coordinates":[106.525,-6.0481]},"properties":{"lst_celsius":28.2,"thermal_weight":0.477,"elevation_m":0,"land_cover":"Water Bodies (Laut Jawa)"}},{"type":"Feature","geometry":{"type":"Point","coordinates":[106.5375,-6.0481]},"properties":{"lst_celsius":28.2,"thermal_weight":0.477,"elevation_m":0,"land_cover":"Water Bodies (Laut Jawa)"}},{"type":"Feature","geometry":{"type":"Point","coordinates":[106.55,-6.0481]},"properties":{"lst_celsius":28.2,"thermal_weight":0.477,"elevation_m":0,"land_cover":"Water Bodies (Laut Jawa)"}},{"type":"Feature","geometry":{"type":"Point","coordinates":[106.5625,-6.0481]},"properties":{"lst_celsius":28.2,"thermal_weight":0.477,"elevation_m":0,"land_cover":"Water Bodies (Laut Jawa)"}},{"type":"Feature","geometry":{"type":"Point","coordinates":[106.575,-6.0481]},"properties":{"lst_celsius":28.2,"thermal_weight":0.477,"elevation_m":0,"land_cover":"Water Bodies (Laut Jawa)"}},{"type":"Feature","geometry":{"type":"Point","coordinates":[106.5875,-6.0481]},"properties":{"lst_celsius":28.2,"thermal_weight":0.477,"elevation_m":0,"land_cover":"Water Bodies (Laut Jawa)"}},{"type":"Feature","geometry":{"type":"Point","coordinates":[106.6,-6.0481]},"properties":{"lst_celsius":28.2,"thermal_weight":0.477,"elevation_m":0,"land_cover":"Water Bodies (Laut Jawa)"}},{"type":"Feature","geometry":{"type":"Point","coordinates":[106.6125,-6.0481]},"properties":{"lst_celsius":28.2,"thermal_weight":0.477,"elevation_m":0,"land_cover":"Water Bodies (Laut Jawa)"}},{"type":"Feature","geometry":{"type":"Point","coordinates":[106.625,-6.0481]},"properties":{"lst_celsius":28.2,"thermal_weight":0.477,"elevation_m":0,"land_cover":"Water Bodies (Laut Jawa)"}},{"type":"Feature","geometry":{"type":"Point","coordinates":[106.6375,-6.0481]},"properties":{"lst_celsius":28.2,"thermal_weight":0.477,"elevation_m":0,"land_cover":"Water Bodies (Laut Jawa)"}},{"type":"Feature","geometry":{"type":"Point","coordinates":[106.65,-6.0481]},"properties":{"lst_celsius":28.2,"thermal_weight":0.477,"elevation_m":0,"land_cover":"Water Bodies (Laut Jawa)"}},{"type":"Feature","geometry":{"type":"Point","coordinates":[106.6625,-6.0481]},"properties":{"lst_celsius":28.2,"thermal_weight":0.477,"elevation_m":0,"land_cover":"Water Bodies (Laut Jawa)"}},{"type":"Feature","geometry":{"type":"Point","coordinates":[106.675,-6.0481]},"properties":{"lst_celsius":28.2,"thermal_weight":0.477,"elevation_m":0,"land_cover":"Water Bodies (Laut Jawa)"}},{"type":"Feature","geometry":{"type":"Point","coordinates":[106.6875,-6.0481]},"properties":{"lst_celsius":28.2,"thermal_weight":0.477,"elevation_m":0,"land_cover":"Water Bodies (Laut Jawa)"}},{"type":"Feature","geometry":{"type":"Point","coordinates":[106.7,-6.0481]},"properties":{"lst_celsius":28.2,"thermal_weight":0.477,"elevation_m":0,"land_cover":"Water Bodies (Laut Jawa)"}},{"type":"Feature","geometry":{"type":"Point","coordinates":[106.7125,-6.0481]},"properties":{"lst_celsius":28.2,"thermal_weight":0.477,"elevation_m":0,"land_cover":"Water Bodies (Laut Jawa)"}},{"type":"Feature","geometry":{"type":"Point","coordinates":[106.725,-6.0481]},"properties":{"lst_celsius":28.2,"thermal_weight":0.477,"elevation_m":0,"land_cover":"Water Bodies (Laut Jawa)"}},{"type":"Feature","geometry":{"type":"Point","coordinates":[106.7375,-6.0481]},"properties":{"lst_celsius":28.2,"thermal_weight":0.477,"elevation_m":0,"land_cover":"Water Bodies (Laut Jawa)"}},{"type":"Feature","geometry":{"type":"Point","coordinates":[106.75,-6.0481]},"properties":{"lst_celsius":28.2,"thermal_weight":0.477,"elevation_m":0,"land_cover":"Water Bodies (Laut Jawa)"}},{"type":"Feature","geometry":{"type":"Point","coordinates":[106.7625,-6.0481]},"properties":{"lst_celsius":28.2,"thermal_weight":0.477,"elevation_m":0,"land_cover":"Water Bodies (Laut Jawa)"}},{"type":"Feature","geometry":{"type":"Point","coordinates":[106.775,-6.0481]},"properties":{"lst_celsius":28.2,"thermal_weight":0.477,"elevation_m":0,"land_cover":"Water Bodies (Laut Jawa)"}},{"type":"Feature","geometry":{"type":"Point","coordinates":[106.7875,-6.0481]},"properties":{"lst_celsius":28.2,"thermal_weight":0.477,"elevation_m":0,"land_cover":"Water Bodies (Laut Jawa)"}},{"type":"Feature","geometry":{"type":"Point","coordinates":[106.8,-6.0481]},"properties":{"lst_celsius":28.2,"thermal_weight":0.477,"elevation_m":0,"land_cover":"Water Bodies (Laut Jawa)"}},{"type":"Feature","geometry":{"type":"Point","coordinates":[106.8125,-6.0481]},"properties":{"lst_celsius":28.2,"thermal_weight":0.477,"elevation_m":0,"land_cover":"Water Bodies (Laut Jawa)"}},{"type":"Feature","geometry":{"type":"Point","coordinates":[106.825,-6.0481]},"properties":{"lst_celsius":28.2,"thermal_weight":0.477,"elevation_m":0,"land_cover":"Water Bodies (Laut Jawa)"}},{"type":"Feature","geometry":{"type":"Point","coordinates":[106.8375,-6.0481]},"properties":{"lst_celsius":28.2,"thermal_weight":0.477,"elevation_m":0,"land_cover":"Water Bodies (Laut Jawa)"}},{"type":"Feature","geometry":{"type":"Point","coordinates":[106.85,-6.0481]},"properties":{"lst_celsius":28.2,"thermal_weight":0.477,"elevation_m":0,"land_cover":"Water Bodies (Laut Jawa)"}},{"type":"Feature","geometry":{"type":"Point","coordinates":[106.8625,-6.0481]},"properties":{"lst_celsius":28.2,"thermal_weight":0.477,"elevation_m":0,"land_cover":"Water Bodies (Laut Jawa)"}},{"type":"Feature","geometry":{"type":"Point","coordinates":[106.875,-6.0481]},"properties":{"lst_celsius":28.2,"thermal_weight":0.477,"elevation_m":0,"land_cover":"Water Bodies (Laut Jawa)"}},{"type":"Feature","geometry":{"type":"Point","coordinates":[106.8875,-6.0481]},"properties":{"lst_celsius":28.2,"thermal_weight":0.477,"elevation_m":0,"land_cover":"Water Bodies (Laut Jawa)"}},{"type":"Feature","geometry":{"type":"Point","coordinates":[106.9,-6.0481]},"properties":{"lst_celsius":28.2,"thermal_weight":0.477,"elevation_m":0,"land_cover":"Water Bodies (Laut Jawa)"}},{"type":"Feature","geometry":{"type":"Point","coordinates":[106.9125,-6.0481]},"properties":{"lst_celsius":28.2,"thermal_weight":0.477,"elevation_m":0,"land_cover":"Water Bodies (Laut Jawa)"}},{"type":"Feature","geometry":{"type":"Point","coordinates":[106.925,-6.0481]},"properties":{"lst_celsius":28.2,"thermal_weight":0.477,"elevation_m":0,"land_cover":"Water Bodies (Laut Jawa)"}},{"type":"Feature","geometry":{"type":"Point","coordinates":[106.9375,-6.0481]},"properties":{"lst_celsius":28.2,"thermal_weight":0.477,"elevation_m":0,"land_cover":"Water Bodies (Laut Jawa)"}},{"type":"Feature","geometry":{"type":"Point","coordinates":[106.95,-6.0481]},"properties":{"lst_celsius":28.2,"thermal_weight":0.477,"elevation_m":0,"land_cover":"Water Bodies (Laut Jawa)"}},{"type":"Feature","geometry":{"type":"Point","coordinates":[106.9625,-6.0481]},"properties":{"lst_celsius":28.2,"thermal_weight":0.477,"elevation_m":0,"land_cover":"Water Bodies (Laut Jawa)"}},{"type":"Feature","geometry":{"type":"Point","coordinates":[106.975,-6.0481]},"properties":{"lst_celsius":28.2,"thermal_weight":0.477,"elevation_m":0,"land_cover":"Water Bodies (Laut Jawa)"}},{"type":"Feature","geometry":{"type":"Point","coordinates":[106.9875,-6.0481]},"properties":{"lst_celsius":28.2,"thermal_weight":0.477,"elevation_m":0,"land_cover":"Water Bodies (Laut Jawa)"}},{"type":"Feature","geometry":{"type":"Point","coordinates":[107,-6.0481]},"properties":{"lst_celsius":28.2,"thermal_weight":0.477,"elevation_m":0,"land_cover":"Water Bodies (Laut Jawa)"}},{"type":"Feature","geometry":{"type":"Point","coordinates":[107.0125,-6.0481]},"properties":{"lst_celsius":28.2,"thermal_weight":0.477,"elevation_m":0,"land_cover":"Water Bodies (Laut Jawa)"}},{"type":"Feature","geometry":{"type":"Point","coordinates":[107.025,-6.0481]},"properties":{"lst_celsius":28.2,"thermal_weight":0.477,"elevation_m":0,"land_cover":"Water Bodies (Laut Jawa)"}},{"type":"Feature","geometry":{"type":"Point","coordinates":[107.0375,-6.0481]},"properties":{"lst_celsius":28.2,"thermal_weight":0.477,"elevation_m":0,"land_cover":"Water Bodies (Laut Jawa)"}},{"type":"Feature","geometry":{"type":"Point","coordinates":[107.05,-6.0481]},"properties":{"lst_celsius":28.2,"thermal_weight":0.477,"elevation_m":0,"land_cover":"Water Bodies (Laut Jawa)"}},{"type":"Feature","geometry":{"type":"Point","coordinates":[107.0625,-6.0481]},"properties":{"lst_celsius":28.2,"thermal_weight":0.477,"elevation_m":0,"land_cover":"Water Bodies (Laut Jawa)"}},{"type":"Feature","geometry":{"type":"Point","coordinates":[107.075,-6.0481]},"properties":{"lst_celsius":28.2,"thermal_weight":0.477,"elevation_m":0,"land_cover":"Water Bodies (Laut Jawa)"}},{"type":"Feature","geometry":{"type":"Point","coordinates":[107.0875,-6.0481]},"properties":{"lst_celsius":28.2,"thermal_weight":0.477,"elevation_m":0,"land_cover":"Water Bodies (Laut Jawa)"}},{"type":"Feature","geometry":{"type":"Point","coordinates":[107.1,-6.0481]},"properties":{"lst_celsius":28.2,"thermal_weight":0.477,"elevation_m":0,"land_cover":"Water Bodies (Laut Jawa)"}},{"type":"Feature","geometry":{"type":"Point","coordinates":[107.1125,-6.0481]},"properties":{"lst_celsius":28.2,"thermal_weight":0.477,"elevation_m":0,"land_cover":"Water Bodies (Laut Jawa)"}},{"type":"Feature","geometry":{"type":"Point","coordinates":[107.125,-6.0481]},"properties":{"lst_celsius":28.2,"thermal_weight":0.477,"elevation_m":0,"land_cover":"Water Bodies (Laut Jawa)"}},{"type":"Feature","geometry":{"type":"Point","coordinates":[107.1375,-6.0481]},"properties":{"lst_celsius":28.2,"thermal_weight":0.477,"elevation_m":0,"land_cover":"Water Bodies (Laut Jawa)"}},{"type":"Feature","geometry":{"type":"Point","coordinates":[107.15,-6.0481]},"properties":{"lst_celsius":28.2,"thermal_weight":0.477,"elevation_m":0,"land_cover":"Water Bodies (Laut Jawa)"}},{"type":"Feature","geometry":{"type":"Point","coordinates":[107.1625,-6.0481]},"properties":{"lst_celsius":28.2,"thermal_weight":0.477,"elevation_m":0,"land_cover":"Water Bodies (Laut Jawa)"}},{"type":"Feature","geometry":{"type":"Point","coordinates":[107.175,-6.0481]},"properties":{"lst_celsius":28.2,"thermal_weight":0.477,"elevation_m":0,"land_cover":"Water Bodies (Laut Jawa)"}},{"type":"Feature","geometry":{"type":"Point","coordinates":[107.1875,-6.0481]},"properties":{"lst_celsius":28.2,"thermal_weight":0.477,"elevation_m":0,"land_cover":"Water Bodies (Laut Jawa)"}},{"type":"Feature","geometry":{"type":"Point","coordinates":[107.2,-6.0481]},"properties":{"lst_celsius":28.2,"thermal_weight":0.477,"elevation_m":0,"land_cover":"Water Bodies (Laut Jawa)"}},{"type":"Feature","geometry":{"type":"Point","coordinates":[107.2125,-6.0481]},"properties":{"lst_celsius":28.2,"thermal_weight":0.477,"elevation_m":0,"land_cover":"Water Bodies (Laut Jawa)"}},{"type":"Feature","geometry":{"type":"Point","coordinates":[107.225,-6.0481]},"properties":{"lst_celsius":28.2,"thermal_weight":0.477,"elevation_m":0,"land_cover":"Water Bodies (Laut Jawa)"}},{"type":"Feature","geometry":{"type":"Point","coordinates":[107.2375,-6.0481]},"properties":{"lst_celsius":28.2,"thermal_weight":0.477,"elevation_m":0,"land_cover":"Water Bodies (Laut Jawa)"}},{"type":"Feature","geometry":{"type":"Point","coordinates":[107.25,-6.0481]},"properties":{"lst_celsius":28.2,"thermal_weight":0.477,"elevation_m":0,"land_cover":"Water Bodies (Laut Jawa)"}},{"type":"Feature","geometry":{"type":"Point","coordinates":[107.2625,-6.0481]},"properties":{"lst_celsius":28.2,"thermal_weight":0.477,"elevation_m":0,"land_cover":"Water Bodies (Laut Jawa)"}},{"type":"Feature","geometry":{"type":"Point","coordinates":[107.275,-6.0481]},"properties":{"lst_celsius":28.2,"thermal_weight":0.477,"elevation_m":0,"land_cover":"Water Bodies (Laut Jawa)"}},{"type":"Feature","geometry":{"type":"Point","coordinates":[107.2875,-6.0481]},"properties":{"lst_celsius":28.2,"thermal_weight":0.477,"elevation_m":0,"land_cover":"Water Bodies (Laut Jawa)"}},{"type":"Feature","geometry":{"type":"Point","coordinates":[107.3,-6.0481]},"properties":{"lst_celsius":28.2,"thermal_weight":0.477,"elevation_m":0,"land_cover":"Water Bodies (Laut Jawa)"}},{"type":"Feature","geometry":{"type":"Point","coordinates":[106.5,-6.0361]},"properties":{"lst_celsius":28.2,"thermal_weight":0.477,"elevation_m":0,"land_cover":"Water Bodies (Laut Jawa)"}},{"type":"Feature","geometry":{"type":"Point","coordinates":[106.5125,-6.0361]},"properties":{"lst_celsius":28.2,"thermal_weight":0.477,"elevation_m":0,"land_cover":"Water Bodies (Laut Jawa)"}},{"type":"Feature","geometry":{"type":"Point","coordinates":[106.525,-6.0361]},"properties":{"lst_celsius":28.2,"thermal_weight":0.477,"elevation_m":0,"land_cover":"Water Bodies (Laut Jawa)"}},{"type":"Feature","geometry":{"type":"Point","coordinates":[106.5375,-6.0361]},"properties":{"lst_celsius":28.2,"thermal_weight":0.477,"elevation_m":0,"land_cover":"Water Bodies (Laut Jawa)"}},{"type":"Feature","geometry":{"type":"Point","coordinates":[106.55,-6.0361]},"properties":{"lst_celsius":28.2,"thermal_weight":0.477,"elevation_m":0,"land_cover":"Water Bodies (Laut Jawa)"}},{"type":"Feature","geometry":{"type":"Point","coordinates":[106.5625,-6.0361]},"properties":{"lst_celsius":28.2,"thermal_weight":0.477,"elevation_m":0,"land_cover":"Water Bodies (Laut Jawa)"}},{"type":"Feature","geometry":{"type":"Point","coordinates":[106.575,-6.0361]},"properties":{"lst_celsius":28.2,"thermal_weight":0.477,"elevation_m":0,"land_cover":"Water Bodies (Laut Jawa)"}},{"type":"Feature","geometry":{"type":"Point","coordinates":[106.5875,-6.0361]},"properties":{"lst_celsius":28.2,"thermal_weight":0.477,"elevation_m":0,"land_cover":"Water Bodies (Laut Jawa)"}},{"type":"Feature","geometry":{"type":"Point","coordinates":[106.6,-6.0361]},"properties":{"lst_celsius":28.2,"thermal_weight":0.477,"elevation_m":0,"land_cover":"Water Bodies (Laut Jawa)"}},{"type":"Feature","geometry":{"type":"Point","coordinates":[106.6125,-6.0361]},"properties":{"lst_celsius":28.2,"thermal_weight":0.477,"elevation_m":0,"land_cover":"Water Bodies (Laut Jawa)"}},{"type":"Feature","geometry":{"type":"Point","coordinates":[106.625,-6.0361]},"properties":{"lst_celsius":28.2,"thermal_weight":0.477,"elevation_m":0,"land_cover":"Water Bodies (Laut Jawa)"}},{"type":"Feature","geometry":{"type":"Point","coordinates":[106.6375,-6.0361]},"properties":{"lst_celsius":28.2,"thermal_weight":0.477,"elevation_m":0,"land_cover":"Water Bodies (Laut Jawa)"}},{"type":"Feature","geometry":{"type":"Point","coordinates":[106.65,-6.0361]},"properties":{"lst_celsius":28.2,"thermal_weight":0.477,"elevation_m":0,"land_cover":"Water Bodies (Laut Jawa)"}},{"type":"Feature","geometry":{"type":"Point","coordinates":[106.6625,-6.0361]},"properties":{"lst_celsius":28.2,"thermal_weight":0.477,"elevation_m":0,"land_cover":"Water Bodies (Laut Jawa)"}},{"type":"Feature","geometry":{"type":"Point","coordinates":[106.675,-6.0361]},"properties":{"lst_celsius":28.2,"thermal_weight":0.477,"elevation_m":0,"land_cover":"Water Bodies (Laut Jawa)"}},{"type":"Feature","geometry":{"type":"Point","coordinates":[106.6875,-6.0361]},"properties":{"lst_celsius":28.2,"thermal_weight":0.477,"elevation_m":0,"land_cover":"Water Bodies (Laut Jawa)"}},{"type":"Feature","geometry":{"type":"Point","coordinates":[106.7,-6.0361]},"properties":{"lst_celsius":28.2,"thermal_weight":0.477,"elevation_m":0,"land_cover":"Water Bodies (Laut Jawa)"}},{"type":"Feature","geometry":{"type":"Point","coordinates":[106.7125,-6.0361]},"properties":{"lst_celsius":28.2,"thermal_weight":0.477,"elevation_m":0,"land_cover":"Water Bodies (Laut Jawa)"}},{"type":"Feature","geometry":{"type":"Point","coordinates":[106.725,-6.0361]},"properties":{"lst_celsius":28.2,"thermal_weight":0.477,"elevation_m":0,"land_cover":"Water Bodies (Laut Jawa)"}},{"type":"Feature","geometry":{"type":"Point","coordinates":[106.7375,-6.0361]},"properties":{"lst_celsius":28.2,"thermal_weight":0.477,"elevation_m":0,"land_cover":"Water Bodies (Laut Jawa)"}},{"type":"Feature","geometry":{"type":"Point","coordinates":[106.75,-6.0361]},"properties":{"lst_celsius":28.2,"thermal_weight":0.477,"elevation_m":0,"land_cover":"Water Bodies (Laut Jawa)"}},{"type":"Feature","geometry":{"type":"Point","coordinates":[106.7625,-6.0361]},"properties":{"lst_celsius":28.2,"thermal_weight":0.477,"elevation_m":0,"land_cover":"Water Bodies (Laut Jawa)"}},{"type":"Feature","geometry":{"type":"Point","coordinates":[106.775,-6.0361]},"properties":{"lst_celsius":28.2,"thermal_weight":0.477,"elevation_m":0,"land_cover":"Water Bodies (Laut Jawa)"}},{"type":"Feature","geometry":{"type":"Point","coordinates":[106.7875,-6.0361]},"properties":{"lst_celsius":28.2,"thermal_weight":0.477,"elevation_m":0,"land_cover":"Water Bodies (Laut Jawa)"}},{"type":"Feature","geometry":{"type":"Point","coordinates":[106.8,-6.0361]},"properties":{"lst_celsius":28.2,"thermal_weight":0.477,"elevation_m":0,"land_cover":"Water Bodies (Laut Jawa)"}},{"type":"Feature","geometry":{"type":"Point","coordinates":[106.8125,-6.0361]},"properties":{"lst_celsius":28.2,"thermal_weight":0.477,"elevation_m":0,"land_cover":"Water Bodies (Laut Jawa)"}},{"type":"Feature","geometry":{"type":"Point","coordinates":[106.825,-6.0361]},"properties":{"lst_celsius":28.2,"thermal_weight":0.477,"elevation_m":0,"land_cover":"Water Bodies (Laut Jawa)"}},{"type":"Feature","geometry":{"type":"Point","coordinates":[106.8375,-6.0361]},"properties":{"lst_celsius":28.2,"thermal_weight":0.477,"elevation_m":0,"land_cover":"Water Bodies (Laut Jawa)"}},{"type":"Feature","geometry":{"type":"Point","coordinates":[106.85,-6.0361]},"properties":{"lst_celsius":28.2,"thermal_weight":0.477,"elevation_m":0,"land_cover":"Water Bodies (Laut Jawa)"}},{"type":"Feature","geometry":{"type":"Point","coordinates":[106.8625,-6.0361]},"properties":{"lst_celsius":28.2,"thermal_weight":0.477,"elevation_m":0,"land_cover":"Water Bodies (Laut Jawa)"}},{"type":"Feature","geometry":{"type":"Point","coordinates":[106.875,-6.0361]},"properties":{"lst_celsius":28.2,"thermal_weight":0.477,"elevation_m":0,"land_cover":"Water Bodies (Laut Jawa)"}},{"type":"Feature","geometry":{"type":"Point","coordinates":[106.8875,-6.0361]},"properties":{"lst_celsius":28.2,"thermal_weight":0.477,"elevation_m":0,"land_cover":"Water Bodies (Laut Jawa)"}},{"type":"Feature","geometry":{"type":"Point","coordinates":[106.9,-6.0361]},"properties":{"lst_celsius":28.2,"thermal_weight":0.477,"elevation_m":0,"land_cover":"Water Bodies (Laut Jawa)"}},{"type":"Feature","geometry":{"type":"Point","coordinates":[106.9125,-6.0361]},"properties":{"lst_celsius":28.2,"thermal_weight":0.477,"elevation_m":0,"land_cover":"Water Bodies (Laut Jawa)"}},{"type":"Feature","geometry":{"type":"Point","coordinates":[106.925,-6.0361]},"properties":{"lst_celsius":28.2,"thermal_weight":0.477,"elevation_m":0,"land_cover":"Water Bodies (Laut Jawa)"}},{"type":"Feature","geometry":{"type":"Point","coordinates":[106.9375,-6.0361]},"properties":{"lst_celsius":28.2,"thermal_weight":0.477,"elevation_m":0,"land_cover":"Water Bodies (Laut Jawa)"}},{"type":"Feature","geometry":{"type":"Point","coordinates":[106.95,-6.0361]},"properties":{"lst_celsius":28.2,"thermal_weight":0.477,"elevation_m":0,"land_cover":"Water Bodies (Laut Jawa)"}},{"type":"Feature","geometry":{"type":"Point","coordinates":[106.9625,-6.0361]},"properties":{"lst_celsius":28.2,"thermal_weight":0.477,"elevation_m":0,"land_cover":"Water Bodies (Laut Jawa)"}},{"type":"Feature","geometry":{"type":"Point","coordinates":[106.975,-6.0361]},"properties":{"lst_celsius":28.2,"thermal_weight":0.477,"elevation_m":0,"land_cover":"Water Bodies (Laut Jawa)"}},{"type":"Feature","geometry":{"type":"Point","coordinates":[106.9875,-6.0361]},"properties":{"lst_celsius":28.2,"thermal_weight":0.477,"elevation_m":0,"land_cover":"Water Bodies (Laut Jawa)"}},{"type":"Feature","geometry":{"type":"Point","coordinates":[107,-6.0361]},"properties":{"lst_celsius":28.2,"thermal_weight":0.477,"elevation_m":0,"land_cover":"Water Bodies (Laut Jawa)"}},{"type":"Feature","geometry":{"type":"Point","coordinates":[107.0125,-6.0361]},"properties":{"lst_celsius":28.2,"thermal_weight":0.477,"elevation_m":0,"land_cover":"Water Bodies (Laut Jawa)"}},{"type":"Feature","geometry":{"type":"Point","coordinates":[107.025,-6.0361]},"properties":{"lst_celsius":28.2,"thermal_weight":0.477,"elevation_m":0,"land_cover":"Water Bodies (Laut Jawa)"}},{"type":"Feature","geometry":{"type":"Point","coordinates":[107.0375,-6.0361]},"properties":{"lst_celsius":28.2,"thermal_weight":0.477,"elevation_m":0,"land_cover":"Water Bodies (Laut Jawa)"}},{"type":"Feature","geometry":{"type":"Point","coordinates":[107.05,-6.0361]},"properties":{"lst_celsius":28.2,"thermal_weight":0.477,"elevation_m":0,"land_cover":"Water Bodies (Laut Jawa)"}},{"type":"Feature","geometry":{"type":"Point","coordinates":[107.0625,-6.0361]},"properties":{"lst_celsius":28.2,"thermal_weight":0.477,"elevation_m":0,"land_cover":"Water Bodies (Laut Jawa)"}},{"type":"Feature","geometry":{"type":"Point","coordinates":[107.075,-6.0361]},"properties":{"lst_celsius":28.2,"thermal_weight":0.477,"elevation_m":0,"land_cover":"Water Bodies (Laut Jawa)"}},{"type":"Feature","geometry":{"type":"Point","coordinates":[107.0875,-6.0361]},"properties":{"lst_celsius":28.2,"thermal_weight":0.477,"elevation_m":0,"land_cover":"Water Bodies (Laut Jawa)"}},{"type":"Feature","geometry":{"type":"Point","coordinates":[107.1,-6.0361]},"properties":{"lst_celsius":28.2,"thermal_weight":0.477,"elevation_m":0,"land_cover":"Water Bodies (Laut Jawa)"}},{"type":"Feature","geometry":{"type":"Point","coordinates":[107.1125,-6.0361]},"properties":{"lst_celsius":28.2,"thermal_weight":0.477,"elevation_m":0,"land_cover":"Water Bodies (Laut Jawa)"}},{"type":"Feature","geometry":{"type":"Point","coordinates":[107.125,-6.0361]},"properties":{"lst_celsius":28.2,"thermal_weight":0.477,"elevation_m":0,"land_cover":"Water Bodies (Laut Jawa)"}},{"type":"Feature","geometry":{"type":"Point","coordinates":[107.1375,-6.0361]},"properties":{"lst_celsius":28.2,"thermal_weight":0.477,"elevation_m":0,"land_cover":"Water Bodies (Laut Jawa)"}},{"type":"Feature","geometry":{"type":"Point","coordinates":[107.15,-6.0361]},"properties":{"lst_celsius":28.2,"thermal_weight":0.477,"elevation_m":0,"land_cover":"Water Bodies (Laut Jawa)"}},{"type":"Feature","geometry":{"type":"Point","coordinates":[107.1625,-6.0361]},"properties":{"lst_celsius":28.2,"thermal_weight":0.477,"elevation_m":0,"land_cover":"Water Bodies (Laut Jawa)"}},{"type":"Feature","geometry":{"type":"Point","coordinates":[107.175,-6.0361]},"properties":{"lst_celsius":28.2,"thermal_weight":0.477,"elevation_m":0,"land_cover":"Water Bodies (Laut Jawa)"}},{"type":"Feature","geometry":{"type":"Point","coordinates":[107.1875,-6.0361]},"properties":{"lst_celsius":28.2,"thermal_weight":0.477,"elevation_m":0,"land_cover":"Water Bodies (Laut Jawa)"}},{"type":"Feature","geometry":{"type":"Point","coordinates":[107.2,-6.0361]},"properties":{"lst_celsius":28.2,"thermal_weight":0.477,"elevation_m":0,"land_cover":"Water Bodies (Laut Jawa)"}},{"type":"Feature","geometry":{"type":"Point","coordinates":[107.2125,-6.0361]},"properties":{"lst_celsius":28.2,"thermal_weight":0.477,"elevation_m":0,"land_cover":"Water Bodies (Laut Jawa)"}},{"type":"Feature","geometry":{"type":"Point","coordinates":[107.225,-6.0361]},"properties":{"lst_celsius":28.2,"thermal_weight":0.477,"elevation_m":0,"land_cover":"Water Bodies (Laut Jawa)"}},{"type":"Feature","geometry":{"type":"Point","coordinates":[107.2375,-6.0361]},"properties":{"lst_celsius":28.2,"thermal_weight":0.477,"elevation_m":0,"land_cover":"Water Bodies (Laut Jawa)"}},{"type":"Feature","geometry":{"type":"Point","coordinates":[107.25,-6.0361]},"properties":{"lst_celsius":28.2,"thermal_weight":0.477,"elevation_m":0,"land_cover":"Water Bodies (Laut Jawa)"}},{"type":"Feature","geometry":{"type":"Point","coordinates":[107.2625,-6.0361]},"properties":{"lst_celsius":28.2,"thermal_weight":0.477,"elevation_m":0,"land_cover":"Water Bodies (Laut Jawa)"}},{"type":"Feature","geometry":{"type":"Point","coordinates":[107.275,-6.0361]},"properties":{"lst_celsius":28.2,"thermal_weight":0.477,"elevation_m":0,"land_cover":"Water Bodies (Laut Jawa)"}},{"type":"Feature","geometry":{"type":"Point","coordinates":[107.2875,-6.0361]},"properties":{"lst_celsius":28.2,"thermal_weight":0.477,"elevation_m":0,"land_cover":"Water Bodies (Laut Jawa)"}},{"type":"Feature","geometry":{"type":"Point","coordinates":[107.3,-6.0361]},"properties":{"lst_celsius":28.2,"thermal_weight":0.477,"elevation_m":0,"land_cover":"Water Bodies (Laut Jawa)"}},{"type":"Feature","geometry":{"type":"Point","coordinates":[106.5,-6.0241]},"properties":{"lst_celsius":28.2,"thermal_weight":0.477,"elevation_m":0,"land_cover":"Water Bodies (Laut Jawa)"}},{"type":"Feature","geometry":{"type":"Point","coordinates":[106.5125,-6.0241]},"properties":{"lst_celsius":28.2,"thermal_weight":0.477,"elevation_m":0,"land_cover":"Water Bodies (Laut Jawa)"}},{"type":"Feature","geometry":{"type":"Point","coordinates":[106.525,-6.0241]},"properties":{"lst_celsius":28.2,"thermal_weight":0.477,"elevation_m":0,"land_cover":"Water Bodies (Laut Jawa)"}},{"type":"Feature","geometry":{"type":"Point","coordinates":[106.5375,-6.0241]},"properties":{"lst_celsius":28.2,"thermal_weight":0.477,"elevation_m":0,"land_cover":"Water Bodies (Laut Jawa)"}},{"type":"Feature","geometry":{"type":"Point","coordinates":[106.55,-6.0241]},"properties":{"lst_celsius":28.2,"thermal_weight":0.477,"elevation_m":0,"land_cover":"Water Bodies (Laut Jawa)"}},{"type":"Feature","geometry":{"type":"Point","coordinates":[106.5625,-6.0241]},"properties":{"lst_celsius":28.2,"thermal_weight":0.477,"elevation_m":0,"land_cover":"Water Bodies (Laut Jawa)"}},{"type":"Feature","geometry":{"type":"Point","coordinates":[106.575,-6.0241]},"properties":{"lst_celsius":28.2,"thermal_weight":0.477,"elevation_m":0,"land_cover":"Water Bodies (Laut Jawa)"}},{"type":"Feature","geometry":{"type":"Point","coordinates":[106.5875,-6.0241]},"properties":{"lst_celsius":28.2,"thermal_weight":0.477,"elevation_m":0,"land_cover":"Water Bodies (Laut Jawa)"}},{"type":"Feature","geometry":{"type":"Point","coordinates":[106.6,-6.0241]},"properties":{"lst_celsius":28.2,"thermal_weight":0.477,"elevation_m":0,"land_cover":"Water Bodies (Laut Jawa)"}},{"type":"Feature","geometry":{"type":"Point","coordinates":[106.6125,-6.0241]},"properties":{"lst_celsius":28.2,"thermal_weight":0.477,"elevation_m":0,"land_cover":"Water Bodies (Laut Jawa)"}},{"type":"Feature","geometry":{"type":"Point","coordinates":[106.625,-6.0241]},"properties":{"lst_celsius":28.2,"thermal_weight":0.477,"elevation_m":0,"land_cover":"Water Bodies (Laut Jawa)"}},{"type":"Feature","geometry":{"type":"Point","coordinates":[106.6375,-6.0241]},"properties":{"lst_celsius":28.2,"thermal_weight":0.477,"elevation_m":0,"land_cover":"Water Bodies (Laut Jawa)"}},{"type":"Feature","geometry":{"type":"Point","coordinates":[106.65,-6.0241]},"properties":{"lst_celsius":28.2,"thermal_weight":0.477,"elevation_m":0,"land_cover":"Water Bodies (Laut Jawa)"}},{"type":"Feature","geometry":{"type":"Point","coordinates":[106.6625,-6.0241]},"properties":{"lst_celsius":28.2,"thermal_weight":0.477,"elevation_m":0,"land_cover":"Water Bodies (Laut Jawa)"}},{"type":"Feature","geometry":{"type":"Point","coordinates":[106.675,-6.0241]},"properties":{"lst_celsius":28.2,"thermal_weight":0.477,"elevation_m":0,"land_cover":"Water Bodies (Laut Jawa)"}},{"type":"Feature","geometry":{"type":"Point","coordinates":[106.6875,-6.0241]},"properties":{"lst_celsius":28.2,"thermal_weight":0.477,"elevation_m":0,"land_cover":"Water Bodies (Laut Jawa)"}},{"type":"Feature","geometry":{"type":"Point","coordinates":[106.7,-6.0241]},"properties":{"lst_celsius":28.2,"thermal_weight":0.477,"elevation_m":0,"land_cover":"Water Bodies (Laut Jawa)"}},{"type":"Feature","geometry":{"type":"Point","coordinates":[106.7125,-6.0241]},"properties":{"lst_celsius":28.2,"thermal_weight":0.477,"elevation_m":0,"land_cover":"Water Bodies (Laut Jawa)"}},{"type":"Feature","geometry":{"type":"Point","coordinates":[106.725,-6.0241]},"properties":{"lst_celsius":28.2,"thermal_weight":0.477,"elevation_m":0,"land_cover":"Water Bodies (Laut Jawa)"}},{"type":"Feature","geometry":{"type":"Point","coordinates":[106.7375,-6.0241]},"properties":{"lst_celsius":28.2,"thermal_weight":0.477,"elevation_m":0,"land_cover":"Water Bodies (Laut Jawa)"}},{"type":"Feature","geometry":{"type":"Point","coordinates":[106.75,-6.0241]},"properties":{"lst_celsius":28.2,"thermal_weight":0.477,"elevation_m":0,"land_cover":"Water Bodies (Laut Jawa)"}},{"type":"Feature","geometry":{"type":"Point","coordinates":[106.7625,-6.0241]},"properties":{"lst_celsius":28.2,"thermal_weight":0.477,"elevation_m":0,"land_cover":"Water Bodies (Laut Jawa)"}},{"type":"Feature","geometry":{"type":"Point","coordinates":[106.775,-6.0241]},"properties":{"lst_celsius":28.2,"thermal_weight":0.477,"elevation_m":0,"land_cover":"Water Bodies (Laut Jawa)"}},{"type":"Feature","geometry":{"type":"Point","coordinates":[106.7875,-6.0241]},"properties":{"lst_celsius":28.2,"thermal_weight":0.477,"elevation_m":0,"land_cover":"Water Bodies (Laut Jawa)"}},{"type":"Feature","geometry":{"type":"Point","coordinates":[106.8,-6.0241]},"properties":{"lst_celsius":28.2,"thermal_weight":0.477,"elevation_m":0,"land_cover":"Water Bodies (Laut Jawa)"}},{"type":"Feature","geometry":{"type":"Point","coordinates":[106.8125,-6.0241]},"properties":{"lst_celsius":28.2,"thermal_weight":0.477,"elevation_m":0,"land_cover":"Water Bodies (Laut Jawa)"}},{"type":"Feature","geometry":{"type":"Point","coordinates":[106.825,-6.0241]},"properties":{"lst_celsius":28.2,"thermal_weight":0.477,"elevation_m":0,"land_cover":"Water Bodies (Laut Jawa)"}},{"type":"Feature","geometry":{"type":"Point","coordinates":[106.8375,-6.0241]},"properties":{"lst_celsius":28.2,"thermal_weight":0.477,"elevation_m":0,"land_cover":"Water Bodies (Laut Jawa)"}},{"type":"Feature","geometry":{"type":"Point","coordinates":[106.85,-6.0241]},"properties":{"lst_celsius":28.2,"thermal_weight":0.477,"elevation_m":0,"land_cover":"Water Bodies (Laut Jawa)"}},{"type":"Feature","geometry":{"type":"Point","coordinates":[106.8625,-6.0241]},"properties":{"lst_celsius":28.2,"thermal_weight":0.477,"elevation_m":0,"land_cover":"Water Bodies (Laut Jawa)"}},{"type":"Feature","geometry":{"type":"Point","coordinates":[106.875,-6.0241]},"properties":{"lst_celsius":28.2,"thermal_weight":0.477,"elevation_m":0,"land_cover":"Water Bodies (Laut Jawa)"}},{"type":"Feature","geometry":{"type":"Point","coordinates":[106.8875,-6.0241]},"properties":{"lst_celsius":28.2,"thermal_weight":0.477,"elevation_m":0,"land_cover":"Water Bodies (Laut Jawa)"}},{"type":"Feature","geometry":{"type":"Point","coordinates":[106.9,-6.0241]},"properties":{"lst_celsius":28.2,"thermal_weight":0.477,"elevation_m":0,"land_cover":"Water Bodies (Laut Jawa)"}},{"type":"Feature","geometry":{"type":"Point","coordinates":[106.9125,-6.0241]},"properties":{"lst_celsius":28.2,"thermal_weight":0.477,"elevation_m":0,"land_cover":"Water Bodies (Laut Jawa)"}},{"type":"Feature","geometry":{"type":"Point","coordinates":[106.925,-6.0241]},"properties":{"lst_celsius":28.2,"thermal_weight":0.477,"elevation_m":0,"land_cover":"Water Bodies (Laut Jawa)"}},{"type":"Feature","geometry":{"type":"Point","coordinates":[106.9375,-6.0241]},"properties":{"lst_celsius":28.2,"thermal_weight":0.477,"elevation_m":0,"land_cover":"Water Bodies (Laut Jawa)"}},{"type":"Feature","geometry":{"type":"Point","coordinates":[106.95,-6.0241]},"properties":{"lst_celsius":28.2,"thermal_weight":0.477,"elevation_m":0,"land_cover":"Water Bodies (Laut Jawa)"}},{"type":"Feature","geometry":{"type":"Point","coordinates":[106.9625,-6.0241]},"properties":{"lst_celsius":28.2,"thermal_weight":0.477,"elevation_m":0,"land_cover":"Water Bodies (Laut Jawa)"}},{"type":"Feature","geometry":{"type":"Point","coordinates":[106.975,-6.0241]},"properties":{"lst_celsius":28.2,"thermal_weight":0.477,"elevation_m":0,"land_cover":"Water Bodies (Laut Jawa)"}},{"type":"Feature","geometry":{"type":"Point","coordinates":[106.9875,-6.0241]},"properties":{"lst_celsius":28.2,"thermal_weight":0.477,"elevation_m":0,"land_cover":"Water Bodies (Laut Jawa)"}},{"type":"Feature","geometry":{"type":"Point","coordinates":[107,-6.0241]},"properties":{"lst_celsius":28.2,"thermal_weight":0.477,"elevation_m":0,"land_cover":"Water Bodies (Laut Jawa)"}},{"type":"Feature","geometry":{"type":"Point","coordinates":[107.0125,-6.0241]},"properties":{"lst_celsius":28.2,"thermal_weight":0.477,"elevation_m":0,"land_cover":"Water Bodies (Laut Jawa)"}},{"type":"Feature","geometry":{"type":"Point","coordinates":[107.025,-6.0241]},"properties":{"lst_celsius":28.2,"thermal_weight":0.477,"elevation_m":0,"land_cover":"Water Bodies (Laut Jawa)"}},{"type":"Feature","geometry":{"type":"Point","coordinates":[107.0375,-6.0241]},"properties":{"lst_celsius":28.2,"thermal_weight":0.477,"elevation_m":0,"land_cover":"Water Bodies (Laut Jawa)"}},{"type":"Feature","geometry":{"type":"Point","coordinates":[107.05,-6.0241]},"properties":{"lst_celsius":28.2,"thermal_weight":0.477,"elevation_m":0,"land_cover":"Water Bodies (Laut Jawa)"}},{"type":"Feature","geometry":{"type":"Point","coordinates":[107.0625,-6.0241]},"properties":{"lst_celsius":28.2,"thermal_weight":0.477,"elevation_m":0,"land_cover":"Water Bodies (Laut Jawa)"}},{"type":"Feature","geometry":{"type":"Point","coordinates":[107.075,-6.0241]},"properties":{"lst_celsius":28.2,"thermal_weight":0.477,"elevation_m":0,"land_cover":"Water Bodies (Laut Jawa)"}},{"type":"Feature","geometry":{"type":"Point","coordinates":[107.0875,-6.0241]},"properties":{"lst_celsius":28.2,"thermal_weight":0.477,"elevation_m":0,"land_cover":"Water Bodies (Laut Jawa)"}},{"type":"Feature","geometry":{"type":"Point","coordinates":[107.1,-6.0241]},"properties":{"lst_celsius":28.2,"thermal_weight":0.477,"elevation_m":0,"land_cover":"Water Bodies (Laut Jawa)"}},{"type":"Feature","geometry":{"type":"Point","coordinates":[107.1125,-6.0241]},"properties":{"lst_celsius":28.2,"thermal_weight":0.477,"elevation_m":0,"land_cover":"Water Bodies (Laut Jawa)"}},{"type":"Feature","geometry":{"type":"Point","coordinates":[107.125,-6.0241]},"properties":{"lst_celsius":28.2,"thermal_weight":0.477,"elevation_m":0,"land_cover":"Water Bodies (Laut Jawa)"}},{"type":"Feature","geometry":{"type":"Point","coordinates":[107.1375,-6.0241]},"properties":{"lst_celsius":28.2,"thermal_weight":0.477,"elevation_m":0,"land_cover":"Water Bodies (Laut Jawa)"}},{"type":"Feature","geometry":{"type":"Point","coordinates":[107.15,-6.0241]},"properties":{"lst_celsius":28.2,"thermal_weight":0.477,"elevation_m":0,"land_cover":"Water Bodies (Laut Jawa)"}},{"type":"Feature","geometry":{"type":"Point","coordinates":[107.1625,-6.0241]},"properties":{"lst_celsius":28.2,"thermal_weight":0.477,"elevation_m":0,"land_cover":"Water Bodies (Laut Jawa)"}},{"type":"Feature","geometry":{"type":"Point","coordinates":[107.175,-6.0241]},"properties":{"lst_celsius":28.2,"thermal_weight":0.477,"elevation_m":0,"land_cover":"Water Bodies (Laut Jawa)"}},{"type":"Feature","geometry":{"type":"Point","coordinates":[107.1875,-6.0241]},"properties":{"lst_celsius":28.2,"thermal_weight":0.477,"elevation_m":0,"land_cover":"Water Bodies (Laut Jawa)"}},{"type":"Feature","geometry":{"type":"Point","coordinates":[107.2,-6.0241]},"properties":{"lst_celsius":28.2,"thermal_weight":0.477,"elevation_m":0,"land_cover":"Water Bodies (Laut Jawa)"}},{"type":"Feature","geometry":{"type":"Point","coordinates":[107.2125,-6.0241]},"properties":{"lst_celsius":28.2,"thermal_weight":0.477,"elevation_m":0,"land_cover":"Water Bodies (Laut Jawa)"}},{"type":"Feature","geometry":{"type":"Point","coordinates":[107.225,-6.0241]},"properties":{"lst_celsius":28.2,"thermal_weight":0.477,"elevation_m":0,"land_cover":"Water Bodies (Laut Jawa)"}},{"type":"Feature","geometry":{"type":"Point","coordinates":[107.2375,-6.0241]},"properties":{"lst_celsius":28.2,"thermal_weight":0.477,"elevation_m":0,"land_cover":"Water Bodies (Laut Jawa)"}},{"type":"Feature","geometry":{"type":"Point","coordinates":[107.25,-6.0241]},"properties":{"lst_celsius":28.2,"thermal_weight":0.477,"elevation_m":0,"land_cover":"Water Bodies (Laut Jawa)"}},{"type":"Feature","geometry":{"type":"Point","coordinates":[107.2625,-6.0241]},"properties":{"lst_celsius":28.2,"thermal_weight":0.477,"elevation_m":0,"land_cover":"Water Bodies (Laut Jawa)"}},{"type":"Feature","geometry":{"type":"Point","coordinates":[107.275,-6.0241]},"properties":{"lst_celsius":28.2,"thermal_weight":0.477,"elevation_m":0,"land_cover":"Water Bodies (Laut Jawa)"}},{"type":"Feature","geometry":{"type":"Point","coordinates":[107.2875,-6.0241]},"properties":{"lst_celsius":28.2,"thermal_weight":0.477,"elevation_m":0,"land_cover":"Water Bodies (Laut Jawa)"}},{"type":"Feature","geometry":{"type":"Point","coordinates":[107.3,-6.0241]},"properties":{"lst_celsius":28.2,"thermal_weight":0.477,"elevation_m":0,"land_cover":"Water Bodies (Laut Jawa)"}},{"type":"Feature","geometry":{"type":"Point","coordinates":[106.5,-6.012]},"properties":{"lst_celsius":28.2,"thermal_weight":0.477,"elevation_m":0,"land_cover":"Water Bodies (Laut Jawa)"}},{"type":"Feature","geometry":{"type":"Point","coordinates":[106.5125,-6.012]},"properties":{"lst_celsius":28.2,"thermal_weight":0.477,"elevation_m":0,"land_cover":"Water Bodies (Laut Jawa)"}},{"type":"Feature","geometry":{"type":"Point","coordinates":[106.525,-6.012]},"properties":{"lst_celsius":28.2,"thermal_weight":0.477,"elevation_m":0,"land_cover":"Water Bodies (Laut Jawa)"}},{"type":"Feature","geometry":{"type":"Point","coordinates":[106.5375,-6.012]},"properties":{"lst_celsius":28.2,"thermal_weight":0.477,"elevation_m":0,"land_cover":"Water Bodies (Laut Jawa)"}},{"type":"Feature","geometry":{"type":"Point","coordinates":[106.55,-6.012]},"properties":{"lst_celsius":28.2,"thermal_weight":0.477,"elevation_m":0,"land_cover":"Water Bodies (Laut Jawa)"}},{"type":"Feature","geometry":{"type":"Point","coordinates":[106.5625,-6.012]},"properties":{"lst_celsius":28.2,"thermal_weight":0.477,"elevation_m":0,"land_cover":"Water Bodies (Laut Jawa)"}},{"type":"Feature","geometry":{"type":"Point","coordinates":[106.575,-6.012]},"properties":{"lst_celsius":28.2,"thermal_weight":0.477,"elevation_m":0,"land_cover":"Water Bodies (Laut Jawa)"}},{"type":"Feature","geometry":{"type":"Point","coordinates":[106.5875,-6.012]},"properties":{"lst_celsius":28.2,"thermal_weight":0.477,"elevation_m":0,"land_cover":"Water Bodies (Laut Jawa)"}},{"type":"Feature","geometry":{"type":"Point","coordinates":[106.6,-6.012]},"properties":{"lst_celsius":28.2,"thermal_weight":0.477,"elevation_m":0,"land_cover":"Water Bodies (Laut Jawa)"}},{"type":"Feature","geometry":{"type":"Point","coordinates":[106.6125,-6.012]},"properties":{"lst_celsius":28.2,"thermal_weight":0.477,"elevation_m":0,"land_cover":"Water Bodies (Laut Jawa)"}},{"type":"Feature","geometry":{"type":"Point","coordinates":[106.625,-6.012]},"properties":{"lst_celsius":28.2,"thermal_weight":0.477,"elevation_m":0,"land_cover":"Water Bodies (Laut Jawa)"}},{"type":"Feature","geometry":{"type":"Point","coordinates":[106.6375,-6.012]},"properties":{"lst_celsius":28.2,"thermal_weight":0.477,"elevation_m":0,"land_cover":"Water Bodies (Laut Jawa)"}},{"type":"Feature","geometry":{"type":"Point","coordinates":[106.65,-6.012]},"properties":{"lst_celsius":28.2,"thermal_weight":0.477,"elevation_m":0,"land_cover":"Water Bodies (Laut Jawa)"}},{"type":"Feature","geometry":{"type":"Point","coordinates":[106.6625,-6.012]},"properties":{"lst_celsius":28.2,"thermal_weight":0.477,"elevation_m":0,"land_cover":"Water Bodies (Laut Jawa)"}},{"type":"Feature","geometry":{"type":"Point","coordinates":[106.675,-6.012]},"properties":{"lst_celsius":28.2,"thermal_weight":0.477,"elevation_m":0,"land_cover":"Water Bodies (Laut Jawa)"}},{"type":"Feature","geometry":{"type":"Point","coordinates":[106.6875,-6.012]},"properties":{"lst_celsius":28.2,"thermal_weight":0.477,"elevation_m":0,"land_cover":"Water Bodies (Laut Jawa)"}},{"type":"Feature","geometry":{"type":"Point","coordinates":[106.7,-6.012]},"properties":{"lst_celsius":28.2,"thermal_weight":0.477,"elevation_m":0,"land_cover":"Water Bodies (Laut Jawa)"}},{"type":"Feature","geometry":{"type":"Point","coordinates":[106.7125,-6.012]},"properties":{"lst_celsius":28.2,"thermal_weight":0.477,"elevation_m":0,"land_cover":"Water Bodies (Laut Jawa)"}},{"type":"Feature","geometry":{"type":"Point","coordinates":[106.725,-6.012]},"properties":{"lst_celsius":28.2,"thermal_weight":0.477,"elevation_m":0,"land_cover":"Water Bodies (Laut Jawa)"}},{"type":"Feature","geometry":{"type":"Point","coordinates":[106.7375,-6.012]},"properties":{"lst_celsius":28.2,"thermal_weight":0.477,"elevation_m":0,"land_cover":"Water Bodies (Laut Jawa)"}},{"type":"Feature","geometry":{"type":"Point","coordinates":[106.75,-6.012]},"properties":{"lst_celsius":28.2,"thermal_weight":0.477,"elevation_m":0,"land_cover":"Water Bodies (Laut Jawa)"}},{"type":"Feature","geometry":{"type":"Point","coordinates":[106.7625,-6.012]},"properties":{"lst_celsius":28.2,"thermal_weight":0.477,"elevation_m":0,"land_cover":"Water Bodies (Laut Jawa)"}},{"type":"Feature","geometry":{"type":"Point","coordinates":[106.775,-6.012]},"properties":{"lst_celsius":28.2,"thermal_weight":0.477,"elevation_m":0,"land_cover":"Water Bodies (Laut Jawa)"}},{"type":"Feature","geometry":{"type":"Point","coordinates":[106.7875,-6.012]},"properties":{"lst_celsius":28.2,"thermal_weight":0.477,"elevation_m":0,"land_cover":"Water Bodies (Laut Jawa)"}},{"type":"Feature","geometry":{"type":"Point","coordinates":[106.8,-6.012]},"properties":{"lst_celsius":28.2,"thermal_weight":0.477,"elevation_m":0,"land_cover":"Water Bodies (Laut Jawa)"}},{"type":"Feature","geometry":{"type":"Point","coordinates":[106.8125,-6.012]},"properties":{"lst_celsius":28.2,"thermal_weight":0.477,"elevation_m":0,"land_cover":"Water Bodies (Laut Jawa)"}},{"type":"Feature","geometry":{"type":"Point","coordinates":[106.825,-6.012]},"properties":{"lst_celsius":28.2,"thermal_weight":0.477,"elevation_m":0,"land_cover":"Water Bodies (Laut Jawa)"}},{"type":"Feature","geometry":{"type":"Point","coordinates":[106.8375,-6.012]},"properties":{"lst_celsius":28.2,"thermal_weight":0.477,"elevation_m":0,"land_cover":"Water Bodies (Laut Jawa)"}},{"type":"Feature","geometry":{"type":"Point","coordinates":[106.85,-6.012]},"properties":{"lst_celsius":28.2,"thermal_weight":0.477,"elevation_m":0,"land_cover":"Water Bodies (Laut Jawa)"}},{"type":"Feature","geometry":{"type":"Point","coordinates":[106.8625,-6.012]},"properties":{"lst_celsius":28.2,"thermal_weight":0.477,"elevation_m":0,"land_cover":"Water Bodies (Laut Jawa)"}},{"type":"Feature","geometry":{"type":"Point","coordinates":[106.875,-6.012]},"properties":{"lst_celsius":28.2,"thermal_weight":0.477,"elevation_m":0,"land_cover":"Water Bodies (Laut Jawa)"}},{"type":"Feature","geometry":{"type":"Point","coordinates":[106.8875,-6.012]},"properties":{"lst_celsius":28.2,"thermal_weight":0.477,"elevation_m":0,"land_cover":"Water Bodies (Laut Jawa)"}},{"type":"Feature","geometry":{"type":"Point","coordinates":[106.9,-6.012]},"properties":{"lst_celsius":28.2,"thermal_weight":0.477,"elevation_m":0,"land_cover":"Water Bodies (Laut Jawa)"}},{"type":"Feature","geometry":{"type":"Point","coordinates":[106.9125,-6.012]},"properties":{"lst_celsius":28.2,"thermal_weight":0.477,"elevation_m":0,"land_cover":"Water Bodies (Laut Jawa)"}},{"type":"Feature","geometry":{"type":"Point","coordinates":[106.925,-6.012]},"properties":{"lst_celsius":28.2,"thermal_weight":0.477,"elevation_m":0,"land_cover":"Water Bodies (Laut Jawa)"}},{"type":"Feature","geometry":{"type":"Point","coordinates":[106.9375,-6.012]},"properties":{"lst_celsius":28.2,"thermal_weight":0.477,"elevation_m":0,"land_cover":"Water Bodies (Laut Jawa)"}},{"type":"Feature","geometry":{"type":"Point","coordinates":[106.95,-6.012]},"properties":{"lst_celsius":28.2,"thermal_weight":0.477,"elevation_m":0,"land_cover":"Water Bodies (Laut Jawa)"}},{"type":"Feature","geometry":{"type":"Point","coordinates":[106.9625,-6.012]},"properties":{"lst_celsius":28.2,"thermal_weight":0.477,"elevation_m":0,"land_cover":"Water Bodies (Laut Jawa)"}},{"type":"Feature","geometry":{"type":"Point","coordinates":[106.975,-6.012]},"properties":{"lst_celsius":28.2,"thermal_weight":0.477,"elevation_m":0,"land_cover":"Water Bodies (Laut Jawa)"}},{"type":"Feature","geometry":{"type":"Point","coordinates":[106.9875,-6.012]},"properties":{"lst_celsius":28.2,"thermal_weight":0.477,"elevation_m":0,"land_cover":"Water Bodies (Laut Jawa)"}},{"type":"Feature","geometry":{"type":"Point","coordinates":[107,-6.012]},"properties":{"lst_celsius":28.2,"thermal_weight":0.477,"elevation_m":0,"land_cover":"Water Bodies (Laut Jawa)"}},{"type":"Feature","geometry":{"type":"Point","coordinates":[107.0125,-6.012]},"properties":{"lst_celsius":28.2,"thermal_weight":0.477,"elevation_m":0,"land_cover":"Water Bodies (Laut Jawa)"}},{"type":"Feature","geometry":{"type":"Point","coordinates":[107.025,-6.012]},"properties":{"lst_celsius":28.2,"thermal_weight":0.477,"elevation_m":0,"land_cover":"Water Bodies (Laut Jawa)"}},{"type":"Feature","geometry":{"type":"Point","coordinates":[107.0375,-6.012]},"properties":{"lst_celsius":28.2,"thermal_weight":0.477,"elevation_m":0,"land_cover":"Water Bodies (Laut Jawa)"}},{"type":"Feature","geometry":{"type":"Point","coordinates":[107.05,-6.012]},"properties":{"lst_celsius":28.2,"thermal_weight":0.477,"elevation_m":0,"land_cover":"Water Bodies (Laut Jawa)"}},{"type":"Feature","geometry":{"type":"Point","coordinates":[107.0625,-6.012]},"properties":{"lst_celsius":28.2,"thermal_weight":0.477,"elevation_m":0,"land_cover":"Water Bodies (Laut Jawa)"}},{"type":"Feature","geometry":{"type":"Point","coordinates":[107.075,-6.012]},"properties":{"lst_celsius":28.2,"thermal_weight":0.477,"elevation_m":0,"land_cover":"Water Bodies (Laut Jawa)"}},{"type":"Feature","geometry":{"type":"Point","coordinates":[107.0875,-6.012]},"properties":{"lst_celsius":28.2,"thermal_weight":0.477,"elevation_m":0,"land_cover":"Water Bodies (Laut Jawa)"}},{"type":"Feature","geometry":{"type":"Point","coordinates":[107.1,-6.012]},"properties":{"lst_celsius":28.2,"thermal_weight":0.477,"elevation_m":0,"land_cover":"Water Bodies (Laut Jawa)"}},{"type":"Feature","geometry":{"type":"Point","coordinates":[107.1125,-6.012]},"properties":{"lst_celsius":28.2,"thermal_weight":0.477,"elevation_m":0,"land_cover":"Water Bodies (Laut Jawa)"}},{"type":"Feature","geometry":{"type":"Point","coordinates":[107.125,-6.012]},"properties":{"lst_celsius":28.2,"thermal_weight":0.477,"elevation_m":0,"land_cover":"Water Bodies (Laut Jawa)"}},{"type":"Feature","geometry":{"type":"Point","coordinates":[107.1375,-6.012]},"properties":{"lst_celsius":28.2,"thermal_weight":0.477,"elevation_m":0,"land_cover":"Water Bodies (Laut Jawa)"}},{"type":"Feature","geometry":{"type":"Point","coordinates":[107.15,-6.012]},"properties":{"lst_celsius":28.2,"thermal_weight":0.477,"elevation_m":0,"land_cover":"Water Bodies (Laut Jawa)"}},{"type":"Feature","geometry":{"type":"Point","coordinates":[107.1625,-6.012]},"properties":{"lst_celsius":28.2,"thermal_weight":0.477,"elevation_m":0,"land_cover":"Water Bodies (Laut Jawa)"}},{"type":"Feature","geometry":{"type":"Point","coordinates":[107.175,-6.012]},"properties":{"lst_celsius":28.2,"thermal_weight":0.477,"elevation_m":0,"land_cover":"Water Bodies (Laut Jawa)"}},{"type":"Feature","geometry":{"type":"Point","coordinates":[107.1875,-6.012]},"properties":{"lst_celsius":28.2,"thermal_weight":0.477,"elevation_m":0,"land_cover":"Water Bodies (Laut Jawa)"}},{"type":"Feature","geometry":{"type":"Point","coordinates":[107.2,-6.012]},"properties":{"lst_celsius":28.2,"thermal_weight":0.477,"elevation_m":0,"land_cover":"Water Bodies (Laut Jawa)"}},{"type":"Feature","geometry":{"type":"Point","coordinates":[107.2125,-6.012]},"properties":{"lst_celsius":28.2,"thermal_weight":0.477,"elevation_m":0,"land_cover":"Water Bodies (Laut Jawa)"}},{"type":"Feature","geometry":{"type":"Point","coordinates":[107.225,-6.012]},"properties":{"lst_celsius":28.2,"thermal_weight":0.477,"elevation_m":0,"land_cover":"Water Bodies (Laut Jawa)"}},{"type":"Feature","geometry":{"type":"Point","coordinates":[107.2375,-6.012]},"properties":{"lst_celsius":28.2,"thermal_weight":0.477,"elevation_m":0,"land_cover":"Water Bodies (Laut Jawa)"}},{"type":"Feature","geometry":{"type":"Point","coordinates":[107.25,-6.012]},"properties":{"lst_celsius":28.2,"thermal_weight":0.477,"elevation_m":0,"land_cover":"Water Bodies (Laut Jawa)"}},{"type":"Feature","geometry":{"type":"Point","coordinates":[107.2625,-6.012]},"properties":{"lst_celsius":28.2,"thermal_weight":0.477,"elevation_m":0,"land_cover":"Water Bodies (Laut Jawa)"}},{"type":"Feature","geometry":{"type":"Point","coordinates":[107.275,-6.012]},"properties":{"lst_celsius":28.2,"thermal_weight":0.477,"elevation_m":0,"land_cover":"Water Bodies (Laut Jawa)"}},{"type":"Feature","geometry":{"type":"Point","coordinates":[107.2875,-6.012]},"properties":{"lst_celsius":28.2,"thermal_weight":0.477,"elevation_m":0,"land_cover":"Water Bodies (Laut Jawa)"}},{"type":"Feature","geometry":{"type":"Point","coordinates":[107.3,-6.012]},"properties":{"lst_celsius":28.2,"thermal_weight":0.477,"elevation_m":0,"land_cover":"Water Bodies (Laut Jawa)"}},{"type":"Feature","geometry":{"type":"Point","coordinates":[106.5,-6]},"properties":{"lst_celsius":28.2,"thermal_weight":0.477,"elevation_m":0,"land_cover":"Water Bodies (Laut Jawa)"}},{"type":"Feature","geometry":{"type":"Point","coordinates":[106.5125,-6]},"properties":{"lst_celsius":28.2,"thermal_weight":0.477,"elevation_m":0,"land_cover":"Water Bodies (Laut Jawa)"}},{"type":"Feature","geometry":{"type":"Point","coordinates":[106.525,-6]},"properties":{"lst_celsius":28.2,"thermal_weight":0.477,"elevation_m":0,"land_cover":"Water Bodies (Laut Jawa)"}},{"type":"Feature","geometry":{"type":"Point","coordinates":[106.5375,-6]},"properties":{"lst_celsius":28.2,"thermal_weight":0.477,"elevation_m":0,"land_cover":"Water Bodies (Laut Jawa)"}},{"type":"Feature","geometry":{"type":"Point","coordinates":[106.55,-6]},"properties":{"lst_celsius":28.2,"thermal_weight":0.477,"elevation_m":0,"land_cover":"Water Bodies (Laut Jawa)"}},{"type":"Feature","geometry":{"type":"Point","coordinates":[106.5625,-6]},"properties":{"lst_celsius":28.2,"thermal_weight":0.477,"elevation_m":0,"land_cover":"Water Bodies (Laut Jawa)"}},{"type":"Feature","geometry":{"type":"Point","coordinates":[106.575,-6]},"properties":{"lst_celsius":28.2,"thermal_weight":0.477,"elevation_m":0,"land_cover":"Water Bodies (Laut Jawa)"}},{"type":"Feature","geometry":{"type":"Point","coordinates":[106.5875,-6]},"properties":{"lst_celsius":28.2,"thermal_weight":0.477,"elevation_m":0,"land_cover":"Water Bodies (Laut Jawa)"}},{"type":"Feature","geometry":{"type":"Point","coordinates":[106.6,-6]},"properties":{"lst_celsius":28.2,"thermal_weight":0.477,"elevation_m":0,"land_cover":"Water Bodies (Laut Jawa)"}},{"type":"Feature","geometry":{"type":"Point","coordinates":[106.6125,-6]},"properties":{"lst_celsius":28.2,"thermal_weight":0.477,"elevation_m":0,"land_cover":"Water Bodies (Laut Jawa)"}},{"type":"Feature","geometry":{"type":"Point","coordinates":[106.625,-6]},"properties":{"lst_celsius":28.2,"thermal_weight":0.477,"elevation_m":0,"land_cover":"Water Bodies (Laut Jawa)"}},{"type":"Feature","geometry":{"type":"Point","coordinates":[106.6375,-6]},"properties":{"lst_celsius":28.2,"thermal_weight":0.477,"elevation_m":0,"land_cover":"Water Bodies (Laut Jawa)"}},{"type":"Feature","geometry":{"type":"Point","coordinates":[106.65,-6]},"properties":{"lst_celsius":28.2,"thermal_weight":0.477,"elevation_m":0,"land_cover":"Water Bodies (Laut Jawa)"}},{"type":"Feature","geometry":{"type":"Point","coordinates":[106.6625,-6]},"properties":{"lst_celsius":28.2,"thermal_weight":0.477,"elevation_m":0,"land_cover":"Water Bodies (Laut Jawa)"}},{"type":"Feature","geometry":{"type":"Point","coordinates":[106.675,-6]},"properties":{"lst_celsius":28.2,"thermal_weight":0.477,"elevation_m":0,"land_cover":"Water Bodies (Laut Jawa)"}},{"type":"Feature","geometry":{"type":"Point","coordinates":[106.6875,-6]},"properties":{"lst_celsius":28.2,"thermal_weight":0.477,"elevation_m":0,"land_cover":"Water Bodies (Laut Jawa)"}},{"type":"Feature","geometry":{"type":"Point","coordinates":[106.7,-6]},"properties":{"lst_celsius":28.2,"thermal_weight":0.477,"elevation_m":0,"land_cover":"Water Bodies (Laut Jawa)"}},{"type":"Feature","geometry":{"type":"Point","coordinates":[106.7125,-6]},"properties":{"lst_celsius":28.2,"thermal_weight":0.477,"elevation_m":0,"land_cover":"Water Bodies (Laut Jawa)"}},{"type":"Feature","geometry":{"type":"Point","coordinates":[106.725,-6]},"properties":{"lst_celsius":28.2,"thermal_weight":0.477,"elevation_m":0,"land_cover":"Water Bodies (Laut Jawa)"}},{"type":"Feature","geometry":{"type":"Point","coordinates":[106.7375,-6]},"properties":{"lst_celsius":28.2,"thermal_weight":0.477,"elevation_m":0,"land_cover":"Water Bodies (Laut Jawa)"}},{"type":"Feature","geometry":{"type":"Point","coordinates":[106.75,-6]},"properties":{"lst_celsius":28.2,"thermal_weight":0.477,"elevation_m":0,"land_cover":"Water Bodies (Laut Jawa)"}},{"type":"Feature","geometry":{"type":"Point","coordinates":[106.7625,-6]},"properties":{"lst_celsius":28.2,"thermal_weight":0.477,"elevation_m":0,"land_cover":"Water Bodies (Laut Jawa)"}},{"type":"Feature","geometry":{"type":"Point","coordinates":[106.775,-6]},"properties":{"lst_celsius":28.2,"thermal_weight":0.477,"elevation_m":0,"land_cover":"Water Bodies (Laut Jawa)"}},{"type":"Feature","geometry":{"type":"Point","coordinates":[106.7875,-6]},"properties":{"lst_celsius":28.2,"thermal_weight":0.477,"elevation_m":0,"land_cover":"Water Bodies (Laut Jawa)"}},{"type":"Feature","geometry":{"type":"Point","coordinates":[106.8,-6]},"properties":{"lst_celsius":28.2,"thermal_weight":0.477,"elevation_m":0,"land_cover":"Water Bodies (Laut Jawa)"}},{"type":"Feature","geometry":{"type":"Point","coordinates":[106.8125,-6]},"properties":{"lst_celsius":28.2,"thermal_weight":0.477,"elevation_m":0,"land_cover":"Water Bodies (Laut Jawa)"}},{"type":"Feature","geometry":{"type":"Point","coordinates":[106.825,-6]},"properties":{"lst_celsius":28.2,"thermal_weight":0.477,"elevation_m":0,"land_cover":"Water Bodies (Laut Jawa)"}},{"type":"Feature","geometry":{"type":"Point","coordinates":[106.8375,-6]},"properties":{"lst_celsius":28.2,"thermal_weight":0.477,"elevation_m":0,"land_cover":"Water Bodies (Laut Jawa)"}},{"type":"Feature","geometry":{"type":"Point","coordinates":[106.85,-6]},"properties":{"lst_celsius":28.2,"thermal_weight":0.477,"elevation_m":0,"land_cover":"Water Bodies (Laut Jawa)"}},{"type":"Feature","geometry":{"type":"Point","coordinates":[106.8625,-6]},"properties":{"lst_celsius":28.2,"thermal_weight":0.477,"elevation_m":0,"land_cover":"Water Bodies (Laut Jawa)"}},{"type":"Feature","geometry":{"type":"Point","coordinates":[106.875,-6]},"properties":{"lst_celsius":28.2,"thermal_weight":0.477,"elevation_m":0,"land_cover":"Water Bodies (Laut Jawa)"}},{"type":"Feature","geometry":{"type":"Point","coordinates":[106.8875,-6]},"properties":{"lst_celsius":28.2,"thermal_weight":0.477,"elevation_m":0,"land_cover":"Water Bodies (Laut Jawa)"}},{"type":"Feature","geometry":{"type":"Point","coordinates":[106.9,-6]},"properties":{"lst_celsius":28.2,"thermal_weight":0.477,"elevation_m":0,"land_cover":"Water Bodies (Laut Jawa)"}},{"type":"Feature","geometry":{"type":"Point","coordinates":[106.9125,-6]},"properties":{"lst_celsius":28.2,"thermal_weight":0.477,"elevation_m":0,"land_cover":"Water Bodies (Laut Jawa)"}},{"type":"Feature","geometry":{"type":"Point","coordinates":[106.925,-6]},"properties":{"lst_celsius":28.2,"thermal_weight":0.477,"elevation_m":0,"land_cover":"Water Bodies (Laut Jawa)"}},{"type":"Feature","geometry":{"type":"Point","coordinates":[106.9375,-6]},"properties":{"lst_celsius":28.2,"thermal_weight":0.477,"elevation_m":0,"land_cover":"Water Bodies (Laut Jawa)"}},{"type":"Feature","geometry":{"type":"Point","coordinates":[106.95,-6]},"properties":{"lst_celsius":28.2,"thermal_weight":0.477,"elevation_m":0,"land_cover":"Water Bodies (Laut Jawa)"}},{"type":"Feature","geometry":{"type":"Point","coordinates":[106.9625,-6]},"properties":{"lst_celsius":28.2,"thermal_weight":0.477,"elevation_m":0,"land_cover":"Water Bodies (Laut Jawa)"}},{"type":"Feature","geometry":{"type":"Point","coordinates":[106.975,-6]},"properties":{"lst_celsius":28.2,"thermal_weight":0.477,"elevation_m":0,"land_cover":"Water Bodies (Laut Jawa)"}},{"type":"Feature","geometry":{"type":"Point","coordinates":[106.9875,-6]},"properties":{"lst_celsius":28.2,"thermal_weight":0.477,"elevation_m":0,"land_cover":"Water Bodies (Laut Jawa)"}},{"type":"Feature","geometry":{"type":"Point","coordinates":[107,-6]},"properties":{"lst_celsius":28.2,"thermal_weight":0.477,"elevation_m":0,"land_cover":"Water Bodies (Laut Jawa)"}},{"type":"Feature","geometry":{"type":"Point","coordinates":[107.0125,-6]},"properties":{"lst_celsius":28.2,"thermal_weight":0.477,"elevation_m":0,"land_cover":"Water Bodies (Laut Jawa)"}},{"type":"Feature","geometry":{"type":"Point","coordinates":[107.025,-6]},"properties":{"lst_celsius":28.2,"thermal_weight":0.477,"elevation_m":0,"land_cover":"Water Bodies (Laut Jawa)"}},{"type":"Feature","geometry":{"type":"Point","coordinates":[107.0375,-6]},"properties":{"lst_celsius":28.2,"thermal_weight":0.477,"elevation_m":0,"land_cover":"Water Bodies (Laut Jawa)"}},{"type":"Feature","geometry":{"type":"Point","coordinates":[107.05,-6]},"properties":{"lst_celsius":28.2,"thermal_weight":0.477,"elevation_m":0,"land_cover":"Water Bodies (Laut Jawa)"}},{"type":"Feature","geometry":{"type":"Point","coordinates":[107.0625,-6]},"properties":{"lst_celsius":28.2,"thermal_weight":0.477,"elevation_m":0,"land_cover":"Water Bodies (Laut Jawa)"}},{"type":"Feature","geometry":{"type":"Point","coordinates":[107.075,-6]},"properties":{"lst_celsius":28.2,"thermal_weight":0.477,"elevation_m":0,"land_cover":"Water Bodies (Laut Jawa)"}},{"type":"Feature","geometry":{"type":"Point","coordinates":[107.0875,-6]},"properties":{"lst_celsius":28.2,"thermal_weight":0.477,"elevation_m":0,"land_cover":"Water Bodies (Laut Jawa)"}},{"type":"Feature","geometry":{"type":"Point","coordinates":[107.1,-6]},"properties":{"lst_celsius":28.2,"thermal_weight":0.477,"elevation_m":0,"land_cover":"Water Bodies (Laut Jawa)"}},{"type":"Feature","geometry":{"type":"Point","coordinates":[107.1125,-6]},"properties":{"lst_celsius":28.2,"thermal_weight":0.477,"elevation_m":0,"land_cover":"Water Bodies (Laut Jawa)"}},{"type":"Feature","geometry":{"type":"Point","coordinates":[107.125,-6]},"properties":{"lst_celsius":28.2,"thermal_weight":0.477,"elevation_m":0,"land_cover":"Water Bodies (Laut Jawa)"}},{"type":"Feature","geometry":{"type":"Point","coordinates":[107.1375,-6]},"properties":{"lst_celsius":28.2,"thermal_weight":0.477,"elevation_m":0,"land_cover":"Water Bodies (Laut Jawa)"}},{"type":"Feature","geometry":{"type":"Point","coordinates":[107.15,-6]},"properties":{"lst_celsius":28.2,"thermal_weight":0.477,"elevation_m":0,"land_cover":"Water Bodies (Laut Jawa)"}},{"type":"Feature","geometry":{"type":"Point","coordinates":[107.1625,-6]},"properties":{"lst_celsius":28.2,"thermal_weight":0.477,"elevation_m":0,"land_cover":"Water Bodies (Laut Jawa)"}},{"type":"Feature","geometry":{"type":"Point","coordinates":[107.175,-6]},"properties":{"lst_celsius":28.2,"thermal_weight":0.477,"elevation_m":0,"land_cover":"Water Bodies (Laut Jawa)"}},{"type":"Feature","geometry":{"type":"Point","coordinates":[107.1875,-6]},"properties":{"lst_celsius":28.2,"thermal_weight":0.477,"elevation_m":0,"land_cover":"Water Bodies (Laut Jawa)"}},{"type":"Feature","geometry":{"type":"Point","coordinates":[107.2,-6]},"properties":{"lst_celsius":28.2,"thermal_weight":0.477,"elevation_m":0,"land_cover":"Water Bodies (Laut Jawa)"}},{"type":"Feature","geometry":{"type":"Point","coordinates":[107.2125,-6]},"properties":{"lst_celsius":28.2,"thermal_weight":0.477,"elevation_m":0,"land_cover":"Water Bodies (Laut Jawa)"}},{"type":"Feature","geometry":{"type":"Point","coordinates":[107.225,-6]},"properties":{"lst_celsius":28.2,"thermal_weight":0.477,"elevation_m":0,"land_cover":"Water Bodies (Laut Jawa)"}},{"type":"Feature","geometry":{"type":"Point","coordinates":[107.2375,-6]},"properties":{"lst_celsius":28.2,"thermal_weight":0.477,"elevation_m":0,"land_cover":"Water Bodies (Laut Jawa)"}},{"type":"Feature","geometry":{"type":"Point","coordinates":[107.25,-6]},"properties":{"lst_celsius":28.2,"thermal_weight":0.477,"elevation_m":0,"land_cover":"Water Bodies (Laut Jawa)"}},{"type":"Feature","geometry":{"type":"Point","coordinates":[107.2625,-6]},"properties":{"lst_celsius":28.2,"thermal_weight":0.477,"elevation_m":0,"land_cover":"Water Bodies (Laut Jawa)"}},{"type":"Feature","geometry":{"type":"Point","coordinates":[107.275,-6]},"properties":{"lst_celsius":28.2,"thermal_weight":0.477,"elevation_m":0,"land_cover":"Water Bodies (Laut Jawa)"}},{"type":"Feature","geometry":{"type":"Point","coordinates":[107.2875,-6]},"properties":{"lst_celsius":28.2,"thermal_weight":0.477,"elevation_m":0,"land_cover":"Water Bodies (Laut Jawa)"}},{"type":"Feature","geometry":{"type":"Point","coordinates":[107.3,-6]},"properties":{"lst_celsius":28.2,"thermal_weight":0.477,"elevation_m":0,"land_cover":"Water Bodies (Laut Jawa)"}}]}