{"type":"FeatureCollection","features":[{"type":"Feature","geometry":{"type":"Polygon","coordinates":[[[106.5,-6.65],[106.5125,-6.65],[106.5125,-6.638],[106.5,-6.638],[106.5,-6.65]]]},"properties":{"lc_code":1,"lc_name":"Evergreen Broadleaf Forest"}},{"type":"Feature","geometry":{"type":"Polygon","coordinates":[[[106.5125,-6.65],[106.525,-6.65],[106.525,-6.638],[106.5125,-6.638],[106.5125,-6.65]]]},"properties":{"lc_code":1,"lc_name":"Evergreen Broadleaf Forest"}},{"type":"Feature","geometry":{"type":"Polygon","coordinates":[[[106.525,-6.65],[106.5375,-6.65],[106.5375,-6.638],[106.525,-6.638],[106.525,-6.65]]]},"properties":{"lc_code":1,"lc_name":"Evergreen Broadleaf Forest"}},{"type":"Feature","geometry":{"type":"Polygon","coordinates":[[[106.5375,-6.65],[106.55,-6.65],[106.55,-6.638],[106.5375,-6.638],[106.5375,-6.65]]]},"properties":{"lc_code":1,"lc_name":"Evergreen Broadleaf Forest"}},{"type":"Feature","geometry":{"type":"Polygon","coordinates":[[[106.55,-6.65],[106.5625,-6.65],[106.5625,-6.638],[106.55,-6.638],[106.55,-6.65]]]},"properties":{"lc_code":1,"lc_name":"Evergreen Broadleaf Forest"}},{"type":"Feature","geometry":{"type":"Polygon","coordinates":[[[106.5625,-6.65],[106.575,-6.65],[106.575,-6.638],[106.5625,-6.638],[106.5625,-6.65]]]},"properties":{"lc_code":1,"lc_name":"Evergreen Broadleaf Forest"}},{"type":"Feature","geometry":{"type":"Polygon","coordinates":[[[106.575,-6.65],[106.5875,-6.65],[106.5875,-6.638],[106.575,-6.638],[106.575,-6.65]]]},"properties":{"lc_code":1,"lc_name":"Evergreen Broadleaf Forest"}},{"type":"Feature","geometry":{"type":"Polygon","coordinates":[[[106.5875,-6.65],[106.6,-6.65],[106.6,-6.638],[106.5875,-6.638],[106.5875,-6.65]]]},"properties":{"lc_code":1,"lc_name":"Evergreen Broadleaf Forest"}},{"type":"Feature","geometry":{"type":"Polygon","coordinates":[[[106.6,-6.65],[106.6125,-6.65],[106.6125,-6.638],[106.6,-6.638],[106.6,-6.65]]]},"properties":{"lc_code":1,"lc_name":"Evergreen Broadleaf Forest"}},{"type":"Feature","geometry":{"type":"Polygon","coordinates":[[[106.6125,-6.65],[106.625,-6.65],[106.625,-6.638],[106.6125,-6.638],[106.6125,-6.65]]]},"properties":{"lc_code":1,"lc_name":"Evergreen Broadleaf Forest"}},{"type":"Feature","geometry":{"type":"Polygon","coordinates":[[[106.625,-6.65],[106.6375,-6.65],[106.6375,-6.638],[106.625,-6.638],[106.625,-6.65]]]},"properties":{"lc_code":1,"lc_name":"Evergreen Broadleaf Forest"}},{"type":"Feature","geometry":{"type":"Polygon","coordinates":[[[106.6375,-6.65],[106.65,-6.65],[106.65,-6.638],[106.6375,-6.638],[106.6375,-6.65]]]},"properties":{"lc_code":1,"lc_name":"Evergreen Broadleaf Forest"}},{"type":"Feature","geometry":{"type":"Polygon","coordinates":[[[106.65,-6.65],[106.6625,-6.65],[106.6625,-6.638],[106.65,-6.638],[106.65,-6.65]]]},"properties":{"lc_code":1,"lc_name":"Evergreen Broadleaf Forest"}},{"type":"Feature","geometry":{"type":"Polygon","coordinates":[[[106.6625,-6.65],[106.675,-6.65],[106.675,-6.638],[106.6625,-6.638],[106.6625,-6.65]]]},"properties":{"lc_code":1,"lc_name":"Evergreen Broadleaf Forest"}},{"type":"Feature","geometry":{"type":"Polygon","coordinates":[[[106.675,-6.65],[106.6875,-6.65],[106.6875,-6.638],[106.675,-6.638],[106.675,-6.65]]]},"properties":{"lc_code":1,"lc_name":"Evergreen Broadleaf Forest"}},{"type":"Feature","geometry":{"type":"Polygon","coordinates":[[[106.6875,-6.65],[106.7,-6.65],[106.7,-6.638],[106.6875,-6.638],[106.6875,-6.65]]]},"properties":{"lc_code":1,"lc_name":"Evergreen Broadleaf Forest"}},{"type":"Feature","geometry":{"type":"Polygon","coordinates":[[[106.7,-6.65],[106.7125,-6.65],[106.7125,-6.638],[106.7,-6.638],[106.7,-6.65]]]},"properties":{"lc_code":1,"lc_name":"Evergreen Broadleaf Forest"}},{"type":"Feature","geometry":{"type":"Polygon","coordinates":[[[106.7125,-6.65],[106.725,-6.65],[106.725,-6.638],[106.7125,-6.638],[106.7125,-6.65]]]},"properties":{"lc_code":1,"lc_name":"Evergreen Broadleaf Forest"}},{"type":"Feature","geometry":{"type":"Polygon","coordinates":[[[106.725,-6.65],[106.7375,-6.65],[106.7375,-6.638],[106.725,-6.638],[106.725,-6.65]]]},"properties":{"lc_code":1,"lc_name":"Evergreen Broadleaf Forest"}},{"type":"Feature","geometry":{"type":"Polygon","coordinates":[[[106.7375,-6.65],[106.75,-6.65],[106.75,-6.638],[106.7375,-6.638],[106.7375,-6.65]]]},"properties":{"lc_code":1,"lc_name":"Evergreen Broadleaf Forest"}},{"type":"Feature","geometry":{"type":"Polygon","coordinates":[[[106.75,-6.65],[106.7625,-6.65],[106.7625,-6.638],[106.75,-6.638],[106.75,-6.65]]]},"properties":{"lc_code":1,"lc_name":"Evergreen Broadleaf Forest"}},{"type":"Feature","geometry":{"type":"Polygon","coordinates":[[[106.7625,-6.65],[106.775,-6.65],[106.775,-6.638],[106.7625,-6.638],[106.7625,-6.65]]]},"properties":{"lc_code":1,"lc_name":"Evergreen Broadleaf Forest"}},{"type":"Feature","geometry":{"type":"Polygon","coordinates":[[[106.775,-6.65],[106.7875,-6.65],[106.7875,-6.638],[106.775,-6.638],[106.775,-6.65]]]},"properties":{"lc_code":1,"lc_name":"Evergreen Broadleaf Forest"}},{"type":"Feature","geometry":{"type":"Polygon","coordinates":[[[106.7875,-6.65],[106.8,-6.65],[106.8,-6.638],[106.7875,-6.638],[106.7875,-6.65]]]},"properties":{"lc_code":1,"lc_name":"Evergreen Broadleaf Forest"}},{"type":"Feature","geometry":{"type":"Polygon","coordinates":[[[106.8,-6.65],[106.8125,-6.65],[106.8125,-6.638],[106.8,-6.638],[106.8,-6.65]]]},"properties":{"lc_code":1,"lc_name":"Evergreen Broadleaf Forest"}},{"type":"Feature","geometry":{"type":"Polygon","coordinates":[[[106.8125,-6.65],[106.825,-6.65],[106.825,-6.638],[106.8125,-6.638],[106.8125,-6.65]]]},"properties":{"lc_code":1,"lc_name":"Evergreen Broadleaf Forest"}},{"type":"Feature","geometry":{"type":"Polygon","coordinates":[[[106.825,-6.65],[106.8375,-6.65],[106.8375,-6.638],[106.825,-6.638],[106.825,-6.65]]]},"properties":{"lc_code":1,"lc_name":"Evergreen Broadleaf Forest"}},{"type":"Feature","geometry":{"type":"Polygon","coordinates":[[[106.8375,-6.65],[106.85,-6.65],[106.85,-6.638],[106.8375,-6.638],[106.8375,-6.65]]]},"properties":{"lc_code":1,"lc_name":"Evergreen Broadleaf Forest"}},{"type":"Feature","geometry":{"type":"Polygon","coordinates":[[[106.85,-6.65],[106.8625,-6.65],[106.8625,-6.638],[106.85,-6.638],[106.85,-6.65]]]},"properties":{"lc_code":1,"lc_name":"Evergreen Broadleaf Forest"}},{"type":"Feature","geometry":{"type":"Polygon","coordinates":[[[106.8625,-6.65],[106.875,-6.65],[106.875,-6.638],[106.8625,-6.638],[106.8625,-6.65]]]},"properties":{"lc_code":1,"lc_name":"Evergreen Broadleaf Forest"}},{"type":"Feature","geometry":{"type":"Polygon","coordinates":[[[106.875,-6.65],[106.8875,-6.65],[106.8875,-6.638],[106.875,-6.638],[106.875,-6.65]]]},"properties":{"lc_code":1,"lc_name":"Evergreen Broadleaf Forest"}},{"type":"Feature","geometry":{"type":"Polygon","coordinates":[[[106.8875,-6.65],[106.9,-6.65],[106.9,-6.638],[106.8875,-6.638],[106.8875,-6.65]]]},"properties":{"lc_code":1,"lc_name":"Evergreen Broadleaf Forest"}},{"type":"Feature","geometry":{"type":"Polygon","coordinates":[[[106.9,-6.65],[106.9125,-6.65],[106.9125,-6.638],[106.9,-6.638],[106.9,-6.65]]]},"properties":{"lc_code":1,"lc_name":"Evergreen Broadleaf Forest"}},{"type":"Feature","geometry":{"type":"Polygon","coordinates":[[[106.9125,-6.65],[106.925,-6.65],[106.925,-6.638],[106.9125,-6.638],[106.9125,-6.65]]]},"properties":{"lc_code":1,"lc_name":"Evergreen Broadleaf Forest"}},{"type":"Feature","geometry":{"type":"Polygon","coordinates":[[[106.925,-6.65],[106.9375,-6.65],[106.9375,-6.638],[106.925,-6.638],[106.925,-6.65]]]},"properties":{"lc_code":1,"lc_name":"Evergreen Broadleaf Forest"}},{"type":"Feature","geometry":{"type":"Polygon","coordinates":[[[106.9375,-6.65],[106.95,-6.65],[106.95,-6.638],[106.9375,-6.638],[106.9375,-6.65]]]},"properties":{"lc_code":1,"lc_name":"Evergreen Broadleaf Forest"}},{"type":"Feature","geometry":{"type":"Polygon","coordinates":[[[106.95,-6.65],[106.9625,-6.65],[106.9625,-6.638],[106.95,-6.638],[106.95,-6.65]]]},"properties":{"lc_code":1,"lc_name":"Evergreen Broadleaf Forest"}},{"type":"Feature","geometry":{"type":"Polygon","coordinates":[[[106.9625,-6.65],[106.975,-6.65],[106.975,-6.638],[106.9625,-6.638],[106.9625,-6.65]]]},"properties":{"lc_code":1,"lc_name":"Evergreen Broadleaf Forest"}},{"type":"Feature","geometry":{"type":"Polygon","coordinates":[[[106.975,-6.65],[106.9875,-6.65],[106.9875,-6.638],[106.975,-6.638],[106.975,-6.65]]]},"properties":{"lc_code":1,"lc_name":"Evergreen Broadleaf Forest"}},{"type":"Feature","geometry":{"type":"Polygon","coordinates":[[[106.9875,-6.65],[107,-6.65],[107,-6.638],[106.9875,-6.638],[106.9875,-6.65]]]},"properties":{"lc_code":1,"lc_name":"Evergreen Broadleaf Forest"}},{"type":"Feature","geometry":{"type":"Polygon","coordinates":[[[107,-6.65],[107.0125,-6.65],[107.0125,-6.638],[107,-6.638],[107,-6.65]]]},"properties":{"lc_code":1,"lc_name":"Evergreen Broadleaf Forest"}},{"type":"Feature","geometry":{"type":"Polygon","coordinates":[[[107.0125,-6.65],[107.025,-6.65],[107.025,-6.638],[107.0125,-6.638],[107.0125,-6.65]]]},"properties":{"lc_code":1,"lc_name":"Evergreen Broadleaf Forest"}},{"type":"Feature","geometry":{"type":"Polygon","coordinates":[[[107.025,-6.65],[107.0375,-6.65],[107.0375,-6.638],[107.025,-6.638],[107.025,-6.65]]]},"properties":{"lc_code":1,"lc_name":"Evergreen Broadleaf Forest"}},{"type":"Feature","geometry":{"type":"Polygon","coordinates":[[[107.0375,-6.65],[107.05,-6.65],[107.05,-6.638],[107.0375,-6.638],[107.0375,-6.65]]]},"properties":{"lc_code":1,"lc_name":"Evergreen Broadleaf Forest"}},{"type":"Feature","geometry":{"type":"Polygon","coordinates":[[[107.05,-6.65],[107.0625,-6.65],[107.0625,-6.638],[107.05,-6.638],[107.05,-6.65]]]},"properties":{"lc_code":1,"lc_name":"Evergreen Broadleaf Forest"}},{"type":"Feature","geometry":{"type":"Polygon","coordinates":[[[107.0625,-6.65],[107.075,-6.65],[107.075,-6.638],[107.0625,-6.638],[107.0625,-6.65]]]},"properties":{"lc_code":1,"lc_name":"Evergreen Broadleaf Forest"}},{"type":"Feature","geometry":{"type":"Polygon","coordinates":[[[107.075,-6.65],[107.0875,-6.65],[107.0875,-6.638],[107.075,-6.638],[107.075,-6.65]]]},"properties":{"lc_code":1,"lc_name":"Evergreen Broadleaf Forest"}},{"type":"Feature","geometry":{"type":"Polygon","coordinates":[[[107.0875,-6.65],[107.1,-6.65],[107.1,-6.638],[107.0875,-6.638],[107.0875,-6.65]]]},"properties":{"lc_code":1,"lc_name":"Evergreen Broadleaf Forest"}},{"type":"Feature","geometry":{"type":"Polygon","coordinates":[[[107.1,-6.65],[107.1125,-6.65],[107.1125,-6.638],[107.1,-6.638],[107.1,-6.65]]]},"properties":{"lc_code":1,"lc_name":"Evergreen Broadleaf Forest"}},{"type":"Feature","geometry":{"type":"Polygon","coordinates":[[[107.1125,-6.65],[107.125,-6.65],[107.125,-6.638],[107.1125,-6.638],[107.1125,-6.65]]]},"properties":{"lc_code":1,"lc_name":"Evergreen Broadleaf Forest"}},{"type":"Feature","geometry":{"type":"Polygon","coordinates":[[[107.125,-6.65],[107.1375,-6.65],[107.1375,-6.638],[107.125,-6.638],[107.125,-6.65]]]},"properties":{"lc_code":1,"lc_name":"Evergreen Broadleaf Forest"}},{"type":"Feature","geometry":{"type":"Polygon","coordinates":[[[107.1375,-6.65],[107.15,-6.65],[107.15,-6.638],[107.1375,-6.638],[107.1375,-6.65]]]},"properties":{"lc_code":1,"lc_name":"Evergreen Broadleaf Forest"}},{"type":"Feature","geometry":{"type":"Polygon","coordinates":[[[107.15,-6.65],[107.1625,-6.65],[107.1625,-6.638],[107.15,-6.638],[107.15,-6.65]]]},"properties":{"lc_code":1,"lc_name":"Evergreen Broadleaf Forest"}},{"type":"Feature","geometry":{"type":"Polygon","coordinates":[[[107.1625,-6.65],[107.175,-6.65],[107.175,-6.638],[107.1625,-6.638],[107.1625,-6.65]]]},"properties":{"lc_code":1,"lc_name":"Evergreen Broadleaf Forest"}},{"type":"Feature","geometry":{"type":"Polygon","coordinates":[[[107.175,-6.65],[107.1875,-6.65],[107.1875,-6.638],[107.175,-6.638],[107.175,-6.65]]]},"properties":{"lc_code":1,"lc_name":"Evergreen Broadleaf Forest"}},{"type":"Feature","geometry":{"type":"Polygon","coordinates":[[[107.1875,-6.65],[107.2,-6.65],[107.2,-6.638],[107.1875,-6.638],[107.1875,-6.65]]]},"properties":{"lc_code":1,"lc_name":"Evergreen Broadleaf Forest"}},{"type":"Feature","geometry":{"type":"Polygon","coordinates":[[[107.2,-6.65],[107.2125,-6.65],[107.2125,-6.638],[107.2,-6.638],[107.2,-6.65]]]},"properties":{"lc_code":1,"lc_name":"Evergreen Broadleaf Forest"}},{"type":"Feature","geometry":{"type":"Polygon","coordinates":[[[107.2125,-6.65],[107.225,-6.65],[107.225,-6.638],[107.2125,-6.638],[107.2125,-6.65]]]},"properties":{"lc_code":1,"lc_name":"Evergreen Broadleaf Forest"}},{"type":"Feature","geometry":{"type":"Polygon","coordinates":[[[107.225,-6.65],[107.2375,-6.65],[107.2375,-6.638],[107.225,-6.638],[107.225,-6.65]]]},"properties":{"lc_code":1,"lc_name":"Evergreen Broadleaf Forest"}},{"type":"Feature","geometry":{"type":"Polygon","coordinates":[[[107.2375,-6.65],[107.25,-6.65],[107.25,-6.638],[107.2375,-6.638],[107.2375,-6.65]]]},"properties":{"lc_code":1,"lc_name":"Evergreen Broadleaf Forest"}},{"type":"Feature","geometry":{"type":"Polygon","coordinates":[[[107.25,-6.65],[107.2625,-6.65],[107.2625,-6.638],[107.25,-6.638],[107.25,-6.65]]]},"properties":{"lc_code":1,"lc_name":"Evergreen Broadleaf Forest"}},{"type":"Feature","geometry":{"type":"Polygon","coordinates":[[[107.2625,-6.65],[107.275,-6.65],[107.275,-6.638],[107.2625,-6.638],[107.2625,-6.65]]]},"properties":{"lc_code":1,"lc_name":"Evergreen Broadleaf Forest"}},{"type":"Feature","geometry":{"type":"Polygon","coordinates":[[[107.275,-6.65],[107.2875,-6.65],[107.2875,-6.638],[107.275,-6.638],[107.275,-6.65]]]},"properties":{"lc_code":1,"lc_name":"Evergreen Broadleaf Forest"}},{"type":"Feature","geometry":{"type":"Polygon","coordinates":[[[107.2875,-6.65],[107.3,-6.65],[107.3,-6.638],[107.2875,-6.638],[107.2875,-6.65]]]},"properties":{"lc_code":1,"lc_name":"Evergreen Broadleaf Forest"}},{"type":"Feature","geometry":{"type":"Polygon","coordinates":[[[106.5,-6.638],[106.5125,-6.638],[106.5125,-6.6259],[106.5,-6.6259],[106.5,-6.638]]]},"properties":{"lc_code":1,"lc_name":"Evergreen Broadleaf Forest"}},{"type":"Feature","geometry":{"type":"Polygon","coordinates":[[[106.5125,-6.638],[106.525,-6.638],[106.525,-6.6259],[106.5125,-6.6259],[106.5125,-6.638]]]},"properties":{"lc_code":1,"lc_name":"Evergreen Broadleaf Forest"}},{"type":"Feature","geometry":{"type":"Polygon","coordinates":[[[106.525,-6.638],[106.5375,-6.638],[106.5375,-6.6259],[106.525,-6.6259],[106.525,-6.638]]]},"properties":{"lc_code":1,"lc_name":"Evergreen Broadleaf Forest"}},{"type":"Feature","geometry":{"type":"Polygon","coordinates":[[[106.5375,-6.638],[106.55,-6.638],[106.55,-6.6259],[106.5375,-6.6259],[106.5375,-6.638]]]},"properties":{"lc_code":1,"lc_name":"Evergreen Broadleaf Forest"}},{"type":"Feature","geometry":{"type":"Polygon","coordinates":[[[106.55,-6.638],[106.5625,-6.638],[106.5625,-6.6259],[106.55,-6.6259],[106.55,-6.638]]]},"properties":{"lc_code":1,"lc_name":"Evergreen Broadleaf Forest"}},{"type":"Feature","geometry":{"type":"Polygon","coordinates":[[[106.5625,-6.638],[106.575,-6.638],[106.575,-6.6259],[106.5625,-6.6259],[106.5625,-6.638]]]},"properties":{"lc_code":1,"lc_name":"Evergreen Broadleaf Forest"}},{"type":"Feature","geometry":{"type":"Polygon","coordinates":[[[106.575,-6.638],[106.5875,-6.638],[106.5875,-6.6259],[106.575,-6.6259],[106.575,-6.638]]]},"properties":{"lc_code":1,"lc_name":"Evergreen Broadleaf Forest"}},{"type":"Feature","geometry":{"type":"Polygon","coordinates":[[[106.5875,-6.638],[106.6,-6.638],[106.6,-6.6259],[106.5875,-6.6259],[106.5875,-6.638]]]},"properties":{"lc_code":1,"lc_name":"Evergreen Broadleaf Forest"}},{"type":"Feature","geometry":{"type":"Polygon","coordinates":[[[106.6,-6.638],[106.6125,-6.638],[106.6125,-6.6259],[106.6,-6.6259],[106.6,-6.638]]]},"properties":{"lc_code":1,"lc_name":"Evergreen Broadleaf Forest"}},{"type":"Feature","geometry":{"type":"Polygon","coordinates":[[[106.6125,-6.638],[106.625,-6.638],[106.625,-6.6259],[106.6125,-6.6259],[106.6125,-6.638]]]},"properties":{"lc_code":1,"lc_name":"Evergreen Broadleaf Forest"}},{"type":"Feature","geometry":{"type":"Polygon","coordinates":[[[106.625,-6.638],[106.6375,-6.638],[106.6375,-6.6259],[106.625,-6.6259],[106.625,-6.638]]]},"properties":{"lc_code":1,"lc_name":"Evergreen Broadleaf Forest"}},{"type":"Feature","geometry":{"type":"Polygon","coordinates":[[[106.6375,-6.638],[106.65,-6.638],[106.65,-6.6259],[106.6375,-6.6259],[106.6375,-6.638]]]},"properties":{"lc_code":1,"lc_name":"Evergreen Broadleaf Forest"}},{"type":"Feature","geometry":{"type":"Polygon","coordinates":[[[106.65,-6.638],[106.6625,-6.638],[106.6625,-6.6259],[106.65,-6.6259],[106.65,-6.638]]]},"properties":{"lc_code":1,"lc_name":"Evergreen Broadleaf Forest"}},{"type":"Feature","geometry":{"type":"Polygon","coordinates":[[[106.6625,-6.638],[106.675,-6.638],[106.675,-6.6259],[106.6625,-6.6259],[106.6625,-6.638]]]},"properties":{"lc_code":1,"lc_name":"Evergreen Broadleaf Forest"}},{"type":"Feature","geometry":{"type":"Polygon","coordinates":[[[106.675,-6.638],[106.6875,-6.638],[106.6875,-6.6259],[106.675,-6.6259],[106.675,-6.638]]]},"properties":{"lc_code":1,"lc_name":"Evergreen Broadleaf Forest"}},{"type":"Feature","geometry":{"type":"Polygon","coordinates":[[[106.6875,-6.638],[106.7,-6.638],[106.7,-6.6259],[106.6875,-6.6259],[106.6875,-6.638]]]},"properties":{"lc_code":1,"lc_name":"Evergreen Broadleaf Forest"}},{"type":"Feature","geometry":{"type":"Polygon","coordinates":[[[106.7,-6.638],[106.7125,-6.638],[106.7125,-6.6259],[106.7,-6.6259],[106.7,-6.638]]]},"properties":{"lc_code":1,"lc_name":"Evergreen Broadleaf Forest"}},{"type":"Feature","geometry":{"type":"Polygon","coordinates":[[[106.7125,-6.638],[106.725,-6.638],[106.725,-6.6259],[106.7125,-6.6259],[106.7125,-6.638]]]},"properties":{"lc_code":1,"lc_name":"Evergreen Broadleaf Forest"}},{"type":"Feature","geometry":{"type":"Polygon","coordinates":[[[106.725,-6.638],[106.7375,-6.638],[106.7375,-6.6259],[106.725,-6.6259],[106.725,-6.638]]]},"properties":{"lc_code":1,"lc_name":"Evergreen Broadleaf Forest"}},{"type":"Feature","geometry":{"type":"Polygon","coordinates":[[[106.7375,-6.638],[106.75,-6.638],[106.75,-6.6259],[106.7375,-6.6259],[106.7375,-6.638]]]},"properties":{"lc_code":1,"lc_name":"Evergreen Broadleaf Forest"}},{"type":"Feature","geometry":{"type":"Polygon","coordinates":[[[106.75,-6.638],[106.7625,-6.638],[106.7625,-6.6259],[106.75,-6.6259],[106.75,-6.638]]]},"properties":{"lc_code":1,"lc_name":"Evergreen Broadleaf Forest"}},{"type":"Feature","geometry":{"type":"Polygon","coordinates":[[[106.7625,-6.638],[106.775,-6.638],[106.775,-6.6259],[106.7625,-6.6259],[106.7625,-6.638]]]},"properties":{"lc_code":1,"lc_name":"Evergreen Broadleaf Forest"}},{"type":"Feature","geometry":{"type":"Polygon","coordinates":[[[106.775,-6.638],[106.7875,-6.638],[106.7875,-6.6259],[106.775,-6.6259],[106.775,-6.638]]]},"properties":{"lc_code":1,"lc_name":"Evergreen Broadleaf Forest"}},{"type":"Feature","geometry":{"type":"Polygon","coordinates":[[[106.7875,-6.638],[106.8,-6.638],[106.8,-6.6259],[106.7875,-6.6259],[106.7875,-6.638]]]},"properties":{"lc_code":1,"lc_name":"Evergreen Broadleaf Forest"}},{"type":"Feature","geometry":{"type":"Polygon","coordinates":[[[106.8,-6.638],[106.8125,-6.638],[106.8125,-6.6259],[106.8,-6.6259],[106.8,-6.638]]]},"properties":{"lc_code":1,"lc_name":"Evergreen Broadleaf Forest"}},{"type":"Feature","geometry":{"type":"Polygon","coordinates":[[[106.8125,-6.638],[106.825,-6.638],[106.825,-6.6259],[106.8125,-6.6259],[106.8125,-6.638]]]},"properties":{"lc_code":1,"lc_name":"Evergreen Broadleaf Forest"}},{"type":"Feature","geometry":{"type":"Polygon","coordinates":[[[106.825,-6.638],[106.8375,-6.638],[106.8375,-6.6259],[106.825,-6.6259],[106.825,-6.638]]]},"properties":{"lc_code":1,"lc_name":"Evergreen Broadleaf Forest"}},{"type":"Feature","geometry":{"type":"Polygon","coordinates":[[[106.8375,-6.638],[106.85,-6.638],[106.85,-6.6259],[106.8375,-6.6259],[106.8375,-6.638]]]},"properties":{"lc_code":1,"lc_name":"Evergreen Broadleaf Forest"}},{"type":"Feature","geometry":{"type":"Polygon","coordinates":[[[106.85,-6.638],[106.8625,-6.638],[106.8625,-6.6259],[106.85,-6.6259],[106.85,-6.638]]]},"properties":{"lc_code":1,"lc_name":"Evergreen Broadleaf Forest"}},{"type":"Feature","geometry":{"type":"Polygon","coordinates":[[[106.8625,-6.638],[106.875,-6.638],[106.875,-6.6259],[106.8625,-6.6259],[106.8625,-6.638]]]},"properties":{"lc_code":1,"lc_name":"Evergreen Broadleaf Forest"}},{"type":"Feature","geometry":{"type":"Polygon","coordinates":[[[106.875,-6.638],[106.8875,-6.638],[106.8875,-6.6259],[106.875,-6.6259],[106.875,-6.638]]]},"properties":{"lc_code":1,"lc_name":"Evergreen Broadleaf Forest"}},{"type":"Feature","geometry":{"type":"Polygon","coordinates":[[[106.8875,-6.638],[106.9,-6.638],[106.9,-6.6259],[106.8875,-6.6259],[106.8875,-6.638]]]},"properties":{"lc_code":1,"lc_name":"Evergreen Broadleaf Forest"}},{"type":"Feature","geometry":{"type":"Polygon","coordinates":[[[106.9,-6.638],[106.9125,-6.638],[106.9125,-6.6259],[106.9,-6.6259],[106.9,-6.638]]]},"properties":{"lc_code":1,"lc_name":"Evergreen Broadleaf Forest"}},{"type":"Feature","geometry":{"type":"Polygon","coordinates":[[[106.9125,-6.638],[106.925,-6.638],[106.925,-6.6259],[106.9125,-6.6259],[106.9125,-6.638]]]},"properties":{"lc_code":1,"lc_name":"Evergreen Broadleaf Forest"}},{"type":"Feature","geometry":{"type":"Polygon","coordinates":[[[106.925,-6.638],[106.9375,-6.638],[106.9375,-6.6259],[106.925,-6.6259],[106.925,-6.638]]]},"properties":{"lc_code":1,"lc_name":"Evergreen Broadleaf Forest"}},{"type":"Feature","geometry":{"type":"Polygon","coordinates":[[[106.9375,-6.638],[106.95,-6.638],[106.95,-6.6259],[106.9375,-6.6259],[106.9375,-6.638]]]},"properties":{"lc_code":1,"lc_name":"Evergreen Broadleaf Forest"}},{"type":"Feature","geometry":{"type":"Polygon","coordinates":[[[106.95,-6.638],[106.9625,-6.638],[106.9625,-6.6259],[106.95,-6.6259],[106.95,-6.638]]]},"properties":{"lc_code":1,"lc_name":"Evergreen Broadleaf Forest"}},{"type":"Feature","geometry":{"type":"Polygon","coordinates":[[[106.9625,-6.638],[106.975,-6.638],[106.975,-6.6259],[106.9625,-6.6259],[106.9625,-6.638]]]},"properties":{"lc_code":1,"lc_name":"Evergreen Broadleaf Forest"}},{"type":"Feature","geometry":{"type":"Polygon","coordinates":[[[106.975,-6.638],[106.9875,-6.638],[106.9875,-6.6259],[106.975,-6.6259],[106.975,-6.638]]]},"properties":{"lc_code":1,"lc_name":"Evergreen Broadleaf Forest"}},{"type":"Feature","geometry":{"type":"Polygon","coordinates":[[[106.9875,-6.638],[107,-6.638],[107,-6.6259],[106.9875,-6.6259],[106.9875,-6.638]]]},"properties":{"lc_code":1,"lc_name":"Evergreen Broadleaf Forest"}},{"type":"Feature","geometry":{"type":"Polygon","coordinates":[[[107,-6.638],[107.0125,-6.638],[107.0125,-6.6259],[107,-6.6259],[107,-6.638]]]},"properties":{"lc_code":1,"lc_name":"Evergreen Broadleaf Forest"}},{"type":"Feature","geometry":{"type":"Polygon","coordinates":[[[107.0125,-6.638],[107.025,-6.638],[107.025,-6.6259],[107.0125,-6.6259],[107.0125,-6.638]]]},"properties":{"lc_code":1,"lc_name":"Evergreen Broadleaf Forest"}},{"type":"Feature","geometry":{"type":"Polygon","coordinates":[[[107.025,-6.638],[107.0375,-6.638],[107.0375,-6.6259],[107.025,-6.6259],[107.025,-6.638]]]},"properties":{"lc_code":1,"lc_name":"Evergreen Broadleaf Forest"}},{"type":"Feature","geometry":{"type":"Polygon","coordinates":[[[107.0375,-6.638],[107.05,-6.638],[107.05,-6.6259],[107.0375,-6.6259],[107.0375,-6.638]]]},"properties":{"lc_code":1,"lc_name":"Evergreen Broadleaf Forest"}},{"type":"Feature","geometry":{"type":"Polygon","coordinates":[[[107.05,-6.638],[107.0625,-6.638],[107.0625,-6.6259],[107.05,-6.6259],[107.05,-6.638]]]},"properties":{"lc_code":1,"lc_name":"Evergreen Broadleaf Forest"}},{"type":"Feature","geometry":{"type":"Polygon","coordinates":[[[107.0625,-6.638],[107.075,-6.638],[107.075,-6.6259],[107.0625,-6.6259],[107.0625,-6.638]]]},"properties":{"lc_code":1,"lc_name":"Evergreen Broadleaf Forest"}},{"type":"Feature","geometry":{"type":"Polygon","coordinates":[[[107.075,-6.638],[107.0875,-6.638],[107.0875,-6.6259],[107.075,-6.6259],[107.075,-6.638]]]},"properties":{"lc_code":1,"lc_name":"Evergreen Broadleaf Forest"}},{"type":"Feature","geometry":{"type":"Polygon","coordinates":[[[107.0875,-6.638],[107.1,-6.638],[107.1,-6.6259],[107.0875,-6.6259],[107.0875,-6.638]]]},"properties":{"lc_code":1,"lc_name":"Evergreen Broadleaf Forest"}},{"type":"Feature","geometry":{"type":"Polygon","coordinates":[[[107.1,-6.638],[107.1125,-6.638],[107.1125,-6.6259],[107.1,-6.6259],[107.1,-6.638]]]},"properties":{"lc_code":1,"lc_name":"Evergreen Broadleaf Forest"}},{"type":"Feature","geometry":{"type":"Polygon","coordinates":[[[107.1125,-6.638],[107.125,-6.638],[107.125,-6.6259],[107.1125,-6.6259],[107.1125,-6.638]]]},"properties":{"lc_code":1,"lc_name":"Evergreen Broadleaf Forest"}},{"type":"Feature","geometry":{"type":"Polygon","coordinates":[[[107.125,-6.638],[107.1375,-6.638],[107.1375,-6.6259],[107.125,-6.6259],[107.125,-6.638]]]},"properties":{"lc_code":1,"lc_name":"Evergreen Broadleaf Forest"}},{"type":"Feature","geometry":{"type":"Polygon","coordinates":[[[107.1375,-6.638],[107.15,-6.638],[107.15,-6.6259],[107.1375,-6.6259],[107.1375,-6.638]]]},"properties":{"lc_code":1,"lc_name":"Evergreen Broadleaf Forest"}},{"type":"Feature","geometry":{"type":"Polygon","coordinates":[[[107.15,-6.638],[107.1625,-6.638],[107.1625,-6.6259],[107.15,-6.6259],[107.15,-6.638]]]},"properties":{"lc_code":1,"lc_name":"Evergreen Broadleaf Forest"}},{"type":"Feature","geometry":{"type":"Polygon","coordinates":[[[107.1625,-6.638],[107.175,-6.638],[107.175,-6.6259],[107.1625,-6.6259],[107.1625,-6.638]]]},"properties":{"lc_code":1,"lc_name":"Evergreen Broadleaf Forest"}},{"type":"Feature","geometry":{"type":"Polygon","coordinates":[[[107.175,-6.638],[107.1875,-6.638],[107.1875,-6.6259],[107.175,-6.6259],[107.175,-6.638]]]},"properties":{"lc_code":1,"lc_name":"Evergreen Broadleaf Forest"}},{"type":"Feature","geometry":{"type":"Polygon","coordinates":[[[107.1875,-6.638],[107.2,-6.638],[107.2,-6.6259],[107.1875,-6.6259],[107.1875,-6.638]]]},"properties":{"lc_code":1,"lc_name":"Evergreen Broadleaf Forest"}},{"type":"Feature","geometry":{"type":"Polygon","coordinates":[[[107.2,-6.638],[107.2125,-6.638],[107.2125,-6.6259],[107.2,-6.6259],[107.2,-6.638]]]},"properties":{"lc_code":1,"lc_name":"Evergreen Broadleaf Forest"}},{"type":"Feature","geometry":{"type":"Polygon","coordinates":[[[107.2125,-6.638],[107.225,-6.638],[107.225,-6.6259],[107.2125,-6.6259],[107.2125,-6.638]]]},"properties":{"lc_code":1,"lc_name":"Evergreen Broadleaf Forest"}},{"type":"Feature","geometry":{"type":"Polygon","coordinates":[[[107.225,-6.638],[107.2375,-6.638],[107.2375,-6.6259],[107.225,-6.6259],[107.225,-6.638]]]},"properties":{"lc_code":1,"lc_name":"Evergreen Broadleaf Forest"}},{"type":"Feature","geometry":{"type":"Polygon","coordinates":[[[107.2375,-6.638],[107.25,-6.638],[107.25,-6.6259],[107.2375,-6.6259],[107.2375,-6.638]]]},"properties":{"lc_code":1,"lc_name":"Evergreen Broadleaf Forest"}},{"type":"Feature","geometry":{"type":"Polygon","coordinates":[[[107.25,-6.638],[107.2625,-6.638],[107.2625,-6.6259],[107.25,-6.6259],[107.25,-6.638]]]},"properties":{"lc_code":1,"lc_name":"Evergreen Broadleaf Forest"}},{"type":"Feature","geometry":{"type":"Polygon","coordinates":[[[107.2625,-6.638],[107.275,-6.638],[107.275,-6.6259],[107.2625,-6.6259],[107.2625,-6.638]]]},"properties":{"lc_code":1,"lc_name":"Evergreen Broadleaf Forest"}},{"type":"Feature","geometry":{"type":"Polygon","coordinates":[[[107.275,-6.638],[107.2875,-6.638],[107.2875,-6.6259],[107.275,-6.6259],[107.275,-6.638]]]},"properties":{"lc_code":1,"lc_name":"Evergreen Broadleaf Forest"}},{"type":"Feature","geometry":{"type":"Polygon","coordinates":[[[107.2875,-6.638],[107.3,-6.638],[107.3,-6.6259],[107.2875,-6.6259],[107.2875,-6.638]]]},"properties":{"lc_code":1,"lc_name":"Evergreen Broadleaf Forest"}},{"type":"Feature","geometry":{"type":"Polygon","coordinates":[[[106.5,-6.6259],[106.5125,-6.6259],[106.5125,-6.6139],[106.5,-6.6139],[106.5,-6.6259]]]},"properties":{"lc_code":1,"lc_name":"Evergreen Broadleaf Forest"}},{"type":"Feature","geometry":{"type":"Polygon","coordinates":[[[106.5125,-6.6259],[106.525,-6.6259],[106.525,-6.6139],[106.5125,-6.6139],[106.5125,-6.6259]]]},"properties":{"lc_code":1,"lc_name":"Evergreen Broadleaf Forest"}},{"type":"Feature","geometry":{"type":"Polygon","coordinates":[[[106.525,-6.6259],[106.5375,-6.6259],[106.5375,-6.6139],[106.525,-6.6139],[106.525,-6.6259]]]},"properties":{"lc_code":1,"lc_name":"Evergreen Broadleaf Forest"}},{"type":"Feature","geometry":{"type":"Polygon","coordinates":[[[106.5375,-6.6259],[106.55,-6.6259],[106.55,-6.6139],[106.5375,-6.6139],[106.5375,-6.6259]]]},"properties":{"lc_code":1,"lc_name":"Evergreen Broadleaf Forest"}},{"type":"Feature","geometry":{"type":"Polygon","coordinates":[[[106.55,-6.6259],[106.5625,-6.6259],[106.5625,-6.6139],[106.55,-6.6139],[106.55,-6.6259]]]},"properties":{"lc_code":1,"lc_name":"Evergreen Broadleaf Forest"}},{"type":"Feature","geometry":{"type":"Polygon","coordinates":[[[106.5625,-6.6259],[106.575,-6.6259],[106.575,-6.6139],[106.5625,-6.6139],[106.5625,-6.6259]]]},"properties":{"lc_code":1,"lc_name":"Evergreen Broadleaf Forest"}},{"type":"Feature","geometry":{"type":"Polygon","coordinates":[[[106.575,-6.6259],[106.5875,-6.6259],[106.5875,-6.6139],[106.575,-6.6139],[106.575,-6.6259]]]},"properties":{"lc_code":1,"lc_name":"Evergreen Broadleaf Forest"}},{"type":"Feature","geometry":{"type":"Polygon","coordinates":[[[106.5875,-6.6259],[106.6,-6.6259],[106.6,-6.6139],[106.5875,-6.6139],[106.5875,-6.6259]]]},"properties":{"lc_code":1,"lc_name":"Evergreen Broadleaf Forest"}},{"type":"Feature","geometry":{"type":"Polygon","coordinates":[[[106.6,-6.6259],[106.6125,-6.6259],[106.6125,-6.6139],[106.6,-6.6139],[106.6,-6.6259]]]},"properties":{"lc_code":1,"lc_name":"Evergreen Broadleaf Forest"}},{"type":"Feature","geometry":{"type":"Polygon","coordinates":[[[106.6125,-6.6259],[106.625,-6.6259],[106.625,-6.6139],[106.6125,-6.6139],[106.6125,-6.6259]]]},"properties":{"lc_code":1,"lc_name":"Evergreen Broadleaf Forest"}},{"type":"Feature","geometry":{"type":"Polygon","coordinates":[[[106.625,-6.6259],[106.6375,-6.6259],[106.6375,-6.6139],[106.625,-6.6139],[106.625,-6.6259]]]},"properties":{"lc_code":1,"lc_name":"Evergreen Broadleaf Forest"}},{"type":"Feature","geometry":{"type":"Polygon","coordinates":[[[106.6375,-6.6259],[106.65,-6.6259],[106.65,-6.6139],[106.6375,-6.6139],[106.6375,-6.6259]]]},"properties":{"lc_code":1,"lc_name":"Evergreen Broadleaf Forest"}},{"type":"Feature","geometry":{"type":"Polygon","coordinates":[[[106.65,-6.6259],[106.6625,-6.6259],[106.6625,-6.6139],[106.65,-6.6139],[106.65,-6.6259]]]},"properties":{"lc_code":1,"lc_name":"Evergreen Broadleaf Forest"}},{"type":"Feature","geometry":{"type":"Polygon","coordinates":[[[106.6625,-6.6259],[106.675,-6.6259],[106.675,-6.6139],[106.6625,-6.6139],[106.6625,-6.6259]]]},"properties":{"lc_code":1,"lc_name":"Evergreen Broadleaf Forest"}},{"type":"Feature","geometry":{"type":"Polygon","coordinates":[[[106.675,-6.6259],[106.6875,-6.6259],[106.6875,-6.6139],[106.675,-6.6139],[106.675,-6.6259]]]},"properties":{"lc_code":1,"lc_name":"Evergreen Broadleaf Forest"}},{"type":"Feature","geometry":{"type":"Polygon","coordinates":[[[106.6875,-6.6259],[106.7,-6.6259],[106.7,-6.6139],[106.6875,-6.6139],[106.6875,-6.6259]]]},"properties":{"lc_code":1,"lc_name":"Evergreen Broadleaf Forest"}},{"type":"Feature","geometry":{"type":"Polygon","coordinates":[[[106.7,-6.6259],[106.7125,-6.6259],[106.7125,-6.6139],[106.7,-6.6139],[106.7,-6.6259]]]},"properties":{"lc_code":1,"lc_name":"Evergreen Broadleaf Forest"}},{"type":"Feature","geometry":{"type":"Polygon","coordinates":[[[106.7125,-6.6259],[106.725,-6.6259],[106.725,-6.6139],[106.7125,-6.6139],[106.7125,-6.6259]]]},"properties":{"lc_code":1,"lc_name":"Evergreen Broadleaf Forest"}},{"type":"Feature","geometry":{"type":"Polygon","coordinates":[[[106.725,-6.6259],[106.7375,-6.6259],[106.7375,-6.6139],[106.725,-6.6139],[106.725,-6.6259]]]},"properties":{"lc_code":1,"lc_name":"Evergreen Broadleaf Forest"}},{"type":"Feature","geometry":{"type":"Polygon","coordinates":[[[106.7375,-6.6259],[106.75,-6.6259],[106.75,-6.6139],[106.7375,-6.6139],[106.7375,-6.6259]]]},"properties":{"lc_code":1,"lc_name":"Evergreen Broadleaf Forest"}},{"type":"Feature","geometry":{"type":"Polygon","coordinates":[[[106.75,-6.6259],[106.7625,-6.6259],[106.7625,-6.6139],[106.75,-6.6139],[106.75,-6.6259]]]},"properties":{"lc_code":1,"lc_name":"Evergreen Broadleaf Forest"}},{"type":"Feature","geometry":{"type":"Polygon","coordinates":[[[106.7625,-6.6259],[106.775,-6.6259],[106.775,-6.6139],[106.7625,-6.6139],[106.7625,-6.6259]]]},"properties":{"lc_code":1,"lc_name":"Evergreen Broadleaf Forest"}},{"type":"Feature","geometry":{"type":"Polygon","coordinates":[[[106.775,-6.6259],[106.7875,-6.6259],[106.7875,-6.6139],[106.775,-6.6139],[106.775,-6.6259]]]},"properties":{"lc_code":1,"lc_name":"Evergreen Broadleaf Forest"}},{"type":"Feature","geometry":{"type":"Polygon","coordinates":[[[106.7875,-6.6259],[106.8,-6.6259],[106.8,-6.6139],[106.7875,-6.6139],[106.7875,-6.6259]]]},"properties":{"lc_code":1,"lc_name":"Evergreen Broadleaf Forest"}},{"type":"Feature","geometry":{"type":"Polygon","coordinates":[[[106.8,-6.6259],[106.8125,-6.6259],[106.8125,-6.6139],[106.8,-6.6139],[106.8,-6.6259]]]},"properties":{"lc_code":1,"lc_name":"Evergreen Broadleaf Forest"}},{"type":"Feature","geometry":{"type":"Polygon","coordinates":[[[106.8125,-6.6259],[106.825,-6.6259],[106.825,-6.6139],[106.8125,-6.6139],[106.8125,-6.6259]]]},"properties":{"lc_code":1,"lc_name":"Evergreen Broadleaf Forest"}},{"type":"Feature","geometry":{"type":"Polygon","coordinates":[[[106.825,-6.6259],[106.8375,-6.6259],[106.8375,-6.6139],[106.825,-6.6139],[106.825,-6.6259]]]},"properties":{"lc_code":1,"lc_name":"Evergreen Broadleaf Forest"}},{"type":"Feature","geometry":{"type":"Polygon","coordinates":[[[106.8375,-6.6259],[106.85,-6.6259],[106.85,-6.6139],[106.8375,-6.6139],[106.8375,-6.6259]]]},"properties":{"lc_code":1,"lc_name":"Evergreen Broadleaf Forest"}},{"type":"Feature","geometry":{"type":"Polygon","coordinates":[[[106.85,-6.6259],[106.8625,-6.6259],[106.8625,-6.6139],[106.85,-6.6139],[106.85,-6.6259]]]},"properties":{"lc_code":1,"lc_name":"Evergreen Broadleaf Forest"}},{"type":"Feature","geometry":{"type":"Polygon","coordinates":[[[106.8625,-6.6259],[106.875,-6.6259],[106.875,-6.6139],[106.8625,-6.6139],[106.8625,-6.6259]]]},"properties":{"lc_code":1,"lc_name":"Evergreen Broadleaf Forest"}},{"type":"Feature","geometry":{"type":"Polygon","coordinates":[[[106.875,-6.6259],[106.8875,-6.6259],[106.8875,-6.6139],[106.875,-6.6139],[106.875,-6.6259]]]},"properties":{"lc_code":1,"lc_name":"Evergreen Broadleaf Forest"}},{"type":"Feature","geometry":{"type":"Polygon","coordinates":[[[106.8875,-6.6259],[106.9,-6.6259],[106.9,-6.6139],[106.8875,-6.6139],[106.8875,-6.6259]]]},"properties":{"lc_code":1,"lc_name":"Evergreen Broadleaf Forest"}},{"type":"Feature","geometry":{"type":"Polygon","coordinates":[[[106.9,-6.6259],[106.9125,-6.6259],[106.9125,-6.6139],[106.9,-6.6139],[106.9,-6.6259]]]},"properties":{"lc_code":1,"lc_name":"Evergreen Broadleaf Forest"}},{"type":"Feature","geometry":{"type":"Polygon","coordinates":[[[106.9125,-6.6259],[106.925,-6.6259],[106.925,-6.6139],[106.9125,-6.6139],[106.9125,-6.6259]]]},"properties":{"lc_code":1,"lc_name":"Evergreen Broadleaf Forest"}},{"type":"Feature","geometry":{"type":"Polygon","coordinates":[[[106.925,-6.6259],[106.9375,-6.6259],[106.9375,-6.6139],[106.925,-6.6139],[106.925,-6.6259]]]},"properties":{"lc_code":1,"lc_name":"Evergreen Broadleaf Forest"}},{"type":"Feature","geometry":{"type":"Polygon","coordinates":[[[106.9375,-6.6259],[106.95,-6.6259],[106.95,-6.6139],[106.9375,-6.6139],[106.9375,-6.6259]]]},"properties":{"lc_code":1,"lc_name":"Evergreen Broadleaf Forest"}},{"type":"Feature","geometry":{"type":"Polygon","coordinates":[[[106.95,-6.6259],[106.9625,-6.6259],[106.9625,-6.6139],[106.95,-6.6139],[106.95,-6.6259]]]},"properties":{"lc_code":1,"lc_name":"Evergreen Broadleaf Forest"}},{"type":"Feature","geometry":{"type":"Polygon","coordinates":[[[106.9625,-6.6259],[106.975,-6.6259],[106.975,-6.6139],[106.9625,-6.6139],[106.9625,-6.6259]]]},"properties":{"lc_code":1,"lc_name":"Evergreen Broadleaf Forest"}},{"type":"Feature","geometry":{"type":"Polygon","coordinates":[[[106.975,-6.6259],[106.9875,-6.6259],[106.9875,-6.6139],[106.975,-6.6139],[106.975,-6.6259]]]},"properties":{"lc_code":1,"lc_name":"Evergreen Broadleaf Forest"}},{"type":"Feature","geometry":{"type":"Polygon","coordinates":[[[106.9875,-6.6259],[107,-6.6259],[107,-6.6139],[106.9875,-6.6139],[106.9875,-6.6259]]]},"properties":{"lc_code":1,"lc_name":"Evergreen Broadleaf Forest"}},{"type":"Feature","geometry":{"type":"Polygon","coordinates":[[[107,-6.6259],[107.0125,-6.6259],[107.0125,-6.6139],[107,-6.6139],[107,-6.6259]]]},"properties":{"lc_code":1,"lc_name":"Evergreen Broadleaf Forest"}},{"type":"Feature","geometry":{"type":"Polygon","coordinates":[[[107.0125,-6.6259],[107.025,-6.6259],[107.025,-6.6139],[107.0125,-6.6139],[107.0125,-6.6259]]]},"properties":{"lc_code":1,"lc_name":"Evergreen Broadleaf Forest"}},{"type":"Feature","geometry":{"type":"Polygon","coordinates":[[[107.025,-6.6259],[107.0375,-6.6259],[107.0375,-6.6139],[107.025,-6.6139],[107.025,-6.6259]]]},"properties":{"lc_code":1,"lc_name":"Evergreen Broadleaf Forest"}},{"type":"Feature","geometry":{"type":"Polygon","coordinates":[[[107.0375,-6.6259],[107.05,-6.6259],[107.05,-6.6139],[107.0375,-6.6139],[107.0375,-6.6259]]]},"properties":{"lc_code":1,"lc_name":"Evergreen Broadleaf Forest"}},{"type":"Feature","geometry":{"type":"Polygon","coordinates":[[[107.05,-6.6259],[107.0625,-6.6259],[107.0625,-6.6139],[107.05,-6.6139],[107.05,-6.6259]]]},"properties":{"lc_code":1,"lc_name":"Evergreen Broadleaf Forest"}},{"type":"Feature","geometry":{"type":"Polygon","coordinates":[[[107.0625,-6.6259],[107.075,-6.6259],[107.075,-6.6139],[107.0625,-6.6139],[107.0625,-6.6259]]]},"properties":{"lc_code":1,"lc_name":"Evergreen Broadleaf Forest"}},{"type":"Feature","geometry":{"type":"Polygon","coordinates":[[[107.075,-6.6259],[107.0875,-6.6259],[107.0875,-6.6139],[107.075,-6.6139],[107.075,-6.6259]]]},"properties":{"lc_code":1,"lc_name":"Evergreen Broadleaf Forest"}},{"type":"Feature","geometry":{"type":"Polygon","coordinates":[[[107.0875,-6.6259],[107.1,-6.6259],[107.1,-6.6139],[107.0875,-6.6139],[107.0875,-6.6259]]]},"properties":{"lc_code":1,"lc_name":"Evergreen Broadleaf Forest"}},{"type":"Feature","geometry":{"type":"Polygon","coordinates":[[[107.1,-6.6259],[107.1125,-6.6259],[107.1125,-6.6139],[107.1,-6.6139],[107.1,-6.6259]]]},"properties":{"lc_code":1,"lc_name":"Evergreen Broadleaf Forest"}},{"type":"Feature","geometry":{"type":"Polygon","coordinates":[[[107.1125,-6.6259],[107.125,-6.6259],[107.125,-6.6139],[107.1125,-6.6139],[107.1125,-6.6259]]]},"properties":{"lc_code":1,"lc_name":"Evergreen Broadleaf Forest"}},{"type":"Feature","geometry":{"type":"Polygon","coordinates":[[[107.125,-6.6259],[107.1375,-6.6259],[107.1375,-6.6139],[107.125,-6.6139],[107.125,-6.6259]]]},"properties":{"lc_code":1,"lc_name":"Evergreen Broadleaf Forest"}},{"type":"Feature","geometry":{"type":"Polygon","coordinates":[[[107.1375,-6.6259],[107.15,-6.6259],[107.15,-6.6139],[107.1375,-6.6139],[107.1375,-6.6259]]]},"properties":{"lc_code":1,"lc_name":"Evergreen Broadleaf Forest"}},{"type":"Feature","geometry":{"type":"Polygon","coordinates":[[[107.15,-6.6259],[107.1625,-6.6259],[107.1625,-6.6139],[107.15,-6.6139],[107.15,-6.6259]]]},"properties":{"lc_code":1,"lc_name":"Evergreen Broadleaf Forest"}},{"type":"Feature","geometry":{"type":"Polygon","coordinates":[[[107.1625,-6.6259],[107.175,-6.6259],[107.175,-6.6139],[107.1625,-6.6139],[107.1625,-6.6259]]]},"properties":{"lc_code":1,"lc_name":"Evergreen Broadleaf Forest"}},{"type":"Feature","geometry":{"type":"Polygon","coordinates":[[[107.175,-6.6259],[107.1875,-6.6259],[107.1875,-6.6139],[107.175,-6.6139],[107.175,-6.6259]]]},"properties":{"lc_code":1,"lc_name":"Evergreen Broadleaf Forest"}},{"type":"Feature","geometry":{"type":"Polygon","coordinates":[[[107.1875,-6.6259],[107.2,-6.6259],[107.2,-6.6139],[107.1875,-6.6139],[107.1875,-6.6259]]]},"properties":{"lc_code":1,"lc_name":"Evergreen Broadleaf Forest"}},{"type":"Feature","geometry":{"type":"Polygon","coordinates":[[[107.2,-6.6259],[107.2125,-6.6259],[107.2125,-6.6139],[107.2,-6.6139],[107.2,-6.6259]]]},"properties":{"lc_code":1,"lc_name":"Evergreen Broadleaf Forest"}},{"type":"Feature","geometry":{"type":"Polygon","coordinates":[[[107.2125,-6.6259],[107.225,-6.6259],[107.225,-6.6139],[107.2125,-6.6139],[107.2125,-6.6259]]]},"properties":{"lc_code":1,"lc_name":"Evergreen Broadleaf Forest"}},{"type":"Feature","geometry":{"type":"Polygon","coordinates":[[[107.225,-6.6259],[107.2375,-6.6259],[107.2375,-6.6139],[107.225,-6.6139],[107.225,-6.6259]]]},"properties":{"lc_code":1,"lc_name":"Evergreen Broadleaf Forest"}},{"type":"Feature","geometry":{"type":"Polygon","coordinates":[[[107.2375,-6.6259],[107.25,-6.6259],[107.25,-6.6139],[107.2375,-6.6139],[107.2375,-6.6259]]]},"properties":{"lc_code":1,"lc_name":"Evergreen Broadleaf Forest"}},{"type":"Feature","geometry":{"type":"Polygon","coordinates":[[[107.25,-6.6259],[107.2625,-6.6259],[107.2625,-6.6139],[107.25,-6.6139],[107.25,-6.6259]]]},"properties":{"lc_code":1,"lc_name":"Evergreen Broadleaf Forest"}},{"type":"Feature","geometry":{"type":"Polygon","coordinates":[[[107.2625,-6.6259],[107.275,-6.6259],[107.275,-6.6139],[107.2625,-6.6139],[107.2625,-6.6259]]]},"properties":{"lc_code":1,"lc_name":"Evergreen Broadleaf Forest"}},{"type":"Feature","geometry":{"type":"Polygon","coordinates":[[[107.275,-6.6259],[107.2875,-6.6259],[107.2875,-6.6139],[107.275,-6.6139],[107.275,-6.6259]]]},"properties":{"lc_code":1,"lc_name":"Evergreen Broadleaf Forest"}},{"type":"Feature","geometry":{"type":"Polygon","coordinates":[[[107.2875,-6.6259],[107.3,-6.6259],[107.3,-6.6139],[107.2875,-6.6139],[107.2875,-6.6259]]]},"properties":{"lc_code":1,"lc_name":"Evergreen Broadleaf Forest"}},{"type":"Feature","geometry":{"type":"Polygon","coordinates":[[[106.5,-6.6139],[106.5125,-6.6139],[106.5125,-6.6019],[106.5,-6.6019],[106.5,-6.6139]]]},"properties":{"lc_code":1,"lc_name":"Evergreen Broadleaf Forest"}},{"type":"Feature","geometry":{"type":"Polygon","coordinates":[[[106.5125,-6.6139],[106.525,-6.6139],[106.525,-6.6019],[106.5125,-6.6019],[106.5125,-6.6139]]]},"properties":{"lc_code":1,"lc_name":"Evergreen Broadleaf Forest"}},{"type":"Feature","geometry":{"type":"Polygon","coordinates":[[[106.525,-6.6139],[106.5375,-6.6139],[106.5375,-6.6019],[106.525,-6.6019],[106.525,-6.6139]]]},"properties":{"lc_code":1,"lc_name":"Evergreen Broadleaf Forest"}},{"type":"Feature","geometry":{"type":"Polygon","coordinates":[[[106.5375,-6.6139],[106.55,-6.6139],[106.55,-6.6019],[106.5375,-6.6019],[106.5375,-6.6139]]]},"properties":{"lc_code":1,"lc_name":"Evergreen Broadleaf Forest"}},{"type":"Feature","geometry":{"type":"Polygon","coordinates":[[[106.55,-6.6139],[106.5625,-6.6139],[106.5625,-6.6019],[106.55,-6.6019],[106.55,-6.6139]]]},"properties":{"lc_code":1,"lc_name":"Evergreen Broadleaf Forest"}},{"type":"Feature","geometry":{"type":"Polygon","coordinates":[[[106.5625,-6.6139],[106.575,-6.6139],[106.575,-6.6019],[106.5625,-6.6019],[106.5625,-6.6139]]]},"properties":{"lc_code":1,"lc_name":"Evergreen Broadleaf Forest"}},{"type":"Feature","geometry":{"type":"Polygon","coordinates":[[[106.575,-6.6139],[106.5875,-6.6139],[106.5875,-6.6019],[106.575,-6.6019],[106.575,-6.6139]]]},"properties":{"lc_code":1,"lc_name":"Evergreen Broadleaf Forest"}},{"type":"Feature","geometry":{"type":"Polygon","coordinates":[[[106.5875,-6.6139],[106.6,-6.6139],[106.6,-6.6019],[106.5875,-6.6019],[106.5875,-6.6139]]]},"properties":{"lc_code":1,"lc_name":"Evergreen Broadleaf Forest"}},{"type":"Feature","geometry":{"type":"Polygon","coordinates":[[[106.6,-6.6139],[106.6125,-6.6139],[106.6125,-6.6019],[106.6,-6.6019],[106.6,-6.6139]]]},"properties":{"lc_code":1,"lc_name":"Evergreen Broadleaf Forest"}},{"type":"Feature","geometry":{"type":"Polygon","coordinates":[[[106.6125,-6.6139],[106.625,-6.6139],[106.625,-6.6019],[106.6125,-6.6019],[106.6125,-6.6139]]]},"properties":{"lc_code":1,"lc_name":"Evergreen Broadleaf Forest"}},{"type":"Feature","geometry":{"type":"Polygon","coordinates":[[[106.625,-6.6139],[106.6375,-6.6139],[106.6375,-6.6019],[106.625,-6.6019],[106.625,-6.6139]]]},"properties":{"lc_code":1,"lc_name":"Evergreen Broadleaf Forest"}},{"type":"Feature","geometry":{"type":"Polygon","coordinates":[[[106.6375,-6.6139],[106.65,-6.6139],[106.65,-6.6019],[106.6375,-6.6019],[106.6375,-6.6139]]]},"properties":{"lc_code":1,"lc_name":"Evergreen Broadleaf Forest"}},{"type":"Feature","geometry":{"type":"Polygon","coordinates":[[[106.65,-6.6139],[106.6625,-6.6139],[106.6625,-6.6019],[106.65,-6.6019],[106.65,-6.6139]]]},"properties":{"lc_code":1,"lc_name":"Evergreen Broadleaf Forest"}},{"type":"Feature","geometry":{"type":"Polygon","coordinates":[[[106.6625,-6.6139],[106.675,-6.6139],[106.675,-6.6019],[106.6625,-6.6019],[106.6625,-6.6139]]]},"properties":{"lc_code":1,"lc_name":"Evergreen Broadleaf Forest"}},{"type":"Feature","geometry":{"type":"Polygon","coordinates":[[[106.675,-6.6139],[106.6875,-6.6139],[106.6875,-6.6019],[106.675,-6.6019],[106.675,-6.6139]]]},"properties":{"lc_code":1,"lc_name":"Evergreen Broadleaf Forest"}},{"type":"Feature","geometry":{"type":"Polygon","coordinates":[[[106.6875,-6.6139],[106.7,-6.6139],[106.7,-6.6019],[106.6875,-6.6019],[106.6875,-6.6139]]]},"properties":{"lc_code":1,"lc_name":"Evergreen Broadleaf Forest"}},{"type":"Feature","geometry":{"type":"Polygon","coordinates":[[[106.7,-6.6139],[106.7125,-6.6139],[106.7125,-6.6019],[106.7,-6.6019],[106.7,-6.6139]]]},"properties":{"lc_code":1,"lc_name":"Evergreen Broadleaf Forest"}},{"type":"Feature","geometry":{"type":"Polygon","coordinates":[[[106.7125,-6.6139],[106.725,-6.6139],[106.725,-6.6019],[106.7125,-6.6019],[106.7125,-6.6139]]]},"properties":{"lc_code":1,"lc_name":"Evergreen Broadleaf Forest"}},{"type":"Feature","geometry":{"type":"Polygon","coordinates":[[[106.725,-6.6139],[106.7375,-6.6139],[106.7375,-6.6019],[106.725,-6.6019],[106.725,-6.6139]]]},"properties":{"lc_code":1,"lc_name":"Evergreen Broadleaf Forest"}},{"type":"Feature","geometry":{"type":"Polygon","coordinates":[[[106.7375,-6.6139],[106.75,-6.6139],[106.75,-6.6019],[106.7375,-6.6019],[106.7375,-6.6139]]]},"properties":{"lc_code":1,"lc_name":"Evergreen Broadleaf Forest"}},{"type":"Feature","geometry":{"type":"Polygon","coordinates":[[[106.75,-6.6139],[106.7625,-6.6139],[106.7625,-6.6019],[106.75,-6.6019],[106.75,-6.6139]]]},"properties":{"lc_code":1,"lc_name":"Evergreen Broadleaf Forest"}},{"type":"Feature","geometry":{"type":"Polygon","coordinates":[[[106.7625,-6.6139],[106.775,-6.6139],[106.775,-6.6019],[106.7625,-6.6019],[106.7625,-6.6139]]]},"properties":{"lc_code":1,"lc_name":"Evergreen Broadleaf Forest"}},{"type":"Feature","geometry":{"type":"Polygon","coordinates":[[[106.775,-6.6139],[106.7875,-6.6139],[106.7875,-6.6019],[106.775,-6.6019],[106.775,-6.6139]]]},"properties":{"lc_code":1,"lc_name":"Evergreen Broadleaf Forest"}},{"type":"Feature","geometry":{"type":"Polygon","coordinates":[[[106.7875,-6.6139],[106.8,-6.6139],[106.8,-6.6019],[106.7875,-6.6019],[106.7875,-6.6139]]]},"properties":{"lc_code":1,"lc_name":"Evergreen Broadleaf Forest"}},{"type":"Feature","geometry":{"type":"Polygon","coordinates":[[[106.8,-6.6139],[106.8125,-6.6139],[106.8125,-6.6019],[106.8,-6.6019],[106.8,-6.6139]]]},"properties":{"lc_code":1,"lc_name":"Evergreen Broadleaf Forest"}},{"type":"Feature","geometry":{"type":"Polygon","coordinates":[[[106.8125,-6.6139],[106.825,-6.6139],[106.825,-6.6019],[106.8125,-6.6019],[106.8125,-6.6139]]]},"properties":{"lc_code":1,"lc_name":"Evergreen Broadleaf Forest"}},{"type":"Feature","geometry":{"type":"Polygon","coordinates":[[[106.825,-6.6139],[106.8375,-6.6139],[106.8375,-6.6019],[106.825,-6.6019],[106.825,-6.6139]]]},"properties":{"lc_code":1,"lc_name":"Evergreen Broadleaf Forest"}},{"type":"Feature","geometry":{"type":"Polygon","coordinates":[[[106.8375,-6.6139],[106.85,-6.6139],[106.85,-6.6019],[106.8375,-6.6019],[106.8375,-6.6139]]]},"properties":{"lc_code":1,"lc_name":"Evergreen Broadleaf Forest"}},{"type":"Feature","geometry":{"type":"Polygon","coordinates":[[[106.85,-6.6139],[106.8625,-6.6139],[106.8625,-6.6019],[106.85,-6.6019],[106.85,-6.6139]]]},"properties":{"lc_code":1,"lc_name":"Evergreen Broadleaf Forest"}},{"type":"Feature","geometry":{"type":"Polygon","coordinates":[[[106.8625,-6.6139],[106.875,-6.6139],[106.875,-6.6019],[106.8625,-6.6019],[106.8625,-6.6139]]]},"properties":{"lc_code":1,"lc_name":"Evergreen Broadleaf Forest"}},{"type":"Feature","geometry":{"type":"Polygon","coordinates":[[[106.875,-6.6139],[106.8875,-6.6139],[106.8875,-6.6019],[106.875,-6.6019],[106.875,-6.6139]]]},"properties":{"lc_code":1,"lc_name":"Evergreen Broadleaf Forest"}},{"type":"Feature","geometry":{"type":"Polygon","coordinates":[[[106.8875,-6.6139],[106.9,-6.6139],[106.9,-6.6019],[106.8875,-6.6019],[106.8875,-6.6139]]]},"properties":{"lc_code":1,"lc_name":"Evergreen Broadleaf Forest"}},{"type":"Feature","geometry":{"type":"Polygon","coordinates":[[[106.9,-6.6139],[106.9125,-6.6139],[106.9125,-6.6019],[106.9,-6.6019],[106.9,-6.6139]]]},"properties":{"lc_code":1,"lc_name":"Evergreen Broadleaf Forest"}},{"type":"Feature","geometry":{"type":"Polygon","coordinates":[[[106.9125,-6.6139],[106.925,-6.6139],[106.925,-6.6019],[106.9125,-6.6019],[106.9125,-6.6139]]]},"properties":{"lc_code":1,"lc_name":"Evergreen Broadleaf Forest"}},{"type":"Feature","geometry":{"type":"Polygon","coordinates":[[[106.925,-6.6139],[106.9375,-6.6139],[106.9375,-6.6019],[106.925,-6.6019],[106.925,-6.6139]]]},"properties":{"lc_code":1,"lc_name":"Evergreen Broadleaf Forest"}},{"type":"Feature","geometry":{"type":"Polygon","coordinates":[[[106.9375,-6.6139],[106.95,-6.6139],[106.95,-6.6019],[106.9375,-6.6019],[106.9375,-6.6139]]]},"properties":{"lc_code":1,"lc_name":"Evergreen Broadleaf Forest"}},{"type":"Feature","geometry":{"type":"Polygon","coordinates":[[[106.95,-6.6139],[106.9625,-6.6139],[106.9625,-6.6019],[106.95,-6.6019],[106.95,-6.6139]]]},"properties":{"lc_code":1,"lc_name":"Evergreen Broadleaf Forest"}},{"type":"Feature","geometry":{"type":"Polygon","coordinates":[[[106.9625,-6.6139],[106.975,-6.6139],[106.975,-6.6019],[106.9625,-6.6019],[106.9625,-6.6139]]]},"properties":{"lc_code":1,"lc_name":"Evergreen Broadleaf Forest"}},{"type":"Feature","geometry":{"type":"Polygon","coordinates":[[[106.975,-6.6139],[106.9875,-6.6139],[106.9875,-6.6019],[106.975,-6.6019],[106.975,-6.6139]]]},"properties":{"lc_code":1,"lc_name":"Evergreen Broadleaf Forest"}},{"type":"Feature","geometry":{"type":"Polygon","coordinates":[[[106.9875,-6.6139],[107,-6.6139],[107,-6.6019],[106.9875,-6.6019],[106.9875,-6.6139]]]},"properties":{"lc_code":1,"lc_name":"Evergreen Broadleaf Forest"}},{"type":"Feature","geometry":{"type":"Polygon","coordinates":[[[107,-6.6139],[107.0125,-6.6139],[107.0125,-6.6019],[107,-6.6019],[107,-6.6139]]]},"properties":{"lc_code":1,"lc_name":"Evergreen Broadleaf Forest"}},{"type":"Feature","geometry":{"type":"Polygon","coordinates":[[[107.0125,-6.6139],[107.025,-6.6139],[107.025,-6.6019],[107.0125,-6.6019],[107.0125,-6.6139]]]},"properties":{"lc_code":1,"lc_name":"Evergreen Broadleaf Forest"}},{"type":"Feature","geometry":{"type":"Polygon","coordinates":[[[107.025,-6.6139],[107.0375,-6.6139],[107.0375,-6.6019],[107.025,-6.6019],[107.025,-6.6139]]]},"properties":{"lc_code":1,"lc_name":"Evergreen Broadleaf Forest"}},{"type":"Feature","geometry":{"type":"Polygon","coordinates":[[[107.0375,-6.6139],[107.05,-6.6139],[107.05,-6.6019],[107.0375,-6.6019],[107.0375,-6.6139]]]},"properties":{"lc_code":1,"lc_name":"Evergreen Broadleaf Forest"}},{"type":"Feature","geometry":{"type":"Polygon","coordinates":[[[107.05,-6.6139],[107.0625,-6.6139],[107.0625,-6.6019],[107.05,-6.6019],[107.05,-6.6139]]]},"properties":{"lc_code":1,"lc_name":"Evergreen Broadleaf Forest"}},{"type":"Feature","geometry":{"type":"Polygon","coordinates":[[[107.0625,-6.6139],[107.075,-6.6139],[107.075,-6.6019],[107.0625,-6.6019],[107.0625,-6.6139]]]},"properties":{"lc_code":1,"lc_name":"Evergreen Broadleaf Forest"}},{"type":"Feature","geometry":{"type":"Polygon","coordinates":[[[107.075,-6.6139],[107.0875,-6.6139],[107.0875,-6.6019],[107.075,-6.6019],[107.075,-6.6139]]]},"properties":{"lc_code":1,"lc_name":"Evergreen Broadleaf Forest"}},{"type":"Feature","geometry":{"type":"Polygon","coordinates":[[[107.0875,-6.6139],[107.1,-6.6139],[107.1,-6.6019],[107.0875,-6.6019],[107.0875,-6.6139]]]},"properties":{"lc_code":1,"lc_name":"Evergreen Broadleaf Forest"}},{"type":"Feature","geometry":{"type":"Polygon","coordinates":[[[107.1,-6.6139],[107.1125,-6.6139],[107.1125,-6.6019],[107.1,-6.6019],[107.1,-6.6139]]]},"properties":{"lc_code":1,"lc_name":"Evergreen Broadleaf Forest"}},{"type":"Feature","geometry":{"type":"Polygon","coordinates":[[[107.1125,-6.6139],[107.125,-6.6139],[107.125,-6.6019],[107.1125,-6.6019],[107.1125,-6.6139]]]},"properties":{"lc_code":1,"lc_name":"Evergreen Broadleaf Forest"}},{"type":"Feature","geometry":{"type":"Polygon","coordinates":[[[107.125,-6.6139],[107.1375,-6.6139],[107.1375,-6.6019],[107.125,-6.6019],[107.125,-6.6139]]]},"properties":{"lc_code":1,"lc_name":"Evergreen Broadleaf Forest"}},{"type":"Feature","geometry":{"type":"Polygon","coordinates":[[[107.1375,-6.6139],[107.15,-6.6139],[107.15,-6.6019],[107.1375,-6.6019],[107.1375,-6.6139]]]},"properties":{"lc_code":1,"lc_name":"Evergreen Broadleaf Forest"}},{"type":"Feature","geometry":{"type":"Polygon","coordinates":[[[107.15,-6.6139],[107.1625,-6.6139],[107.1625,-6.6019],[107.15,-6.6019],[107.15,-6.6139]]]},"properties":{"lc_code":1,"lc_name":"Evergreen Broadleaf Forest"}},{"type":"Feature","geometry":{"type":"Polygon","coordinates":[[[107.1625,-6.6139],[107.175,-6.6139],[107.175,-6.6019],[107.1625,-6.6019],[107.1625,-6.6139]]]},"properties":{"lc_code":1,"lc_name":"Evergreen Broadleaf Forest"}},{"type":"Feature","geometry":{"type":"Polygon","coordinates":[[[107.175,-6.6139],[107.1875,-6.6139],[107.1875,-6.6019],[107.175,-6.6019],[107.175,-6.6139]]]},"properties":{"lc_code":1,"lc_name":"Evergreen Broadleaf Forest"}},{"type":"Feature","geometry":{"type":"Polygon","coordinates":[[[107.1875,-6.6139],[107.2,-6.6139],[107.2,-6.6019],[107.1875,-6.6019],[107.1875,-6.6139]]]},"properties":{"lc_code":1,"lc_name":"Evergreen Broadleaf Forest"}},{"type":"Feature","geometry":{"type":"Polygon","coordinates":[[[107.2,-6.6139],[107.2125,-6.6139],[107.2125,-6.6019],[107.2,-6.6019],[107.2,-6.6139]]]},"properties":{"lc_code":1,"lc_name":"Evergreen Broadleaf Forest"}},{"type":"Feature","geometry":{"type":"Polygon","coordinates":[[[107.2125,-6.6139],[107.225,-6.6139],[107.225,-6.6019],[107.2125,-6.6019],[107.2125,-6.6139]]]},"properties":{"lc_code":1,"lc_name":"Evergreen Broadleaf Forest"}},{"type":"Feature","geometry":{"type":"Polygon","coordinates":[[[107.225,-6.6139],[107.2375,-6.6139],[107.2375,-6.6019],[107.225,-6.6019],[107.225,-6.6139]]]},"properties":{"lc_code":1,"lc_name":"Evergreen Broadleaf Forest"}},{"type":"Feature","geometry":{"type":"Polygon","coordinates":[[[107.2375,-6.6139],[107.25,-6.6139],[107.25,-6.6019],[107.2375,-6.6019],[107.2375,-6.6139]]]},"properties":{"lc_code":1,"lc_name":"Evergreen Broadleaf Forest"}},{"type":"Feature","geometry":{"type":"Polygon","coordinates":[[[107.25,-6.6139],[107.2625,-6.6139],[107.2625,-6.6019],[107.25,-6.6019],[107.25,-6.6139]]]},"properties":{"lc_code":1,"lc_name":"Evergreen Broadleaf Forest"}},{"type":"Feature","geometry":{"type":"Polygon","coordinates":[[[107.2625,-6.6139],[107.275,-6.6139],[107.275,-6.6019],[107.2625,-6.6019],[107.2625,-6.6139]]]},"properties":{"lc_code":1,"lc_name":"Evergreen Broadleaf Forest"}},{"type":"Feature","geometry":{"type":"Polygon","coordinates":[[[107.275,-6.6139],[107.2875,-6.6139],[107.2875,-6.6019],[107.275,-6.6019],[107.275,-6.6139]]]},"properties":{"lc_code":1,"lc_name":"Evergreen Broadleaf Forest"}},{"type":"Feature","geometry":{"type":"Polygon","coordinates":[[[107.2875,-6.6139],[107.3,-6.6139],[107.3,-6.6019],[107.2875,-6.6019],[107.2875,-6.6139]]]},"properties":{"lc_code":1,"lc_name":"Evergreen Broadleaf Forest"}},{"type":"Feature","geometry":{"type":"Polygon","coordinates":[[[106.5,-6.6019],[106.5125,-6.6019],[106.5125,-6.5898],[106.5,-6.5898],[106.5,-6.6019]]]},"properties":{"lc_code":1,"lc_name":"Evergreen Broadleaf Forest"}},{"type":"Feature","geometry":{"type":"Polygon","coordinates":[[[106.5125,-6.6019],[106.525,-6.6019],[106.525,-6.5898],[106.5125,-6.5898],[106.5125,-6.6019]]]},"properties":{"lc_code":1,"lc_name":"Evergreen Broadleaf Forest"}},{"type":"Feature","geometry":{"type":"Polygon","coordinates":[[[106.525,-6.6019],[106.5375,-6.6019],[106.5375,-6.5898],[106.525,-6.5898],[106.525,-6.6019]]]},"properties":{"lc_code":1,"lc_name":"Evergreen Broadleaf Forest"}},{"type":"Feature","geometry":{"type":"Polygon","coordinates":[[[106.5375,-6.6019],[106.55,-6.6019],[106.55,-6.5898],[106.5375,-6.5898],[106.5375,-6.6019]]]},"properties":{"lc_code":1,"lc_name":"Evergreen Broadleaf Forest"}},{"type":"Feature","geometry":{"type":"Polygon","coordinates":[[[106.55,-6.6019],[106.5625,-6.6019],[106.5625,-6.5898],[106.55,-6.5898],[106.55,-6.6019]]]},"properties":{"lc_code":1,"lc_name":"Evergreen Broadleaf Forest"}},{"type":"Feature","geometry":{"type":"Polygon","coordinates":[[[106.5625,-6.6019],[106.575,-6.6019],[106.575,-6.5898],[106.5625,-6.5898],[106.5625,-6.6019]]]},"properties":{"lc_code":1,"lc_name":"Evergreen Broadleaf Forest"}},{"type":"Feature","geometry":{"type":"Polygon","coordinates":[[[106.575,-6.6019],[106.5875,-6.6019],[106.5875,-6.5898],[106.575,-6.5898],[106.575,-6.6019]]]},"properties":{"lc_code":1,"lc_name":"Evergreen Broadleaf Forest"}},{"type":"Feature","geometry":{"type":"Polygon","coordinates":[[[106.5875,-6.6019],[106.6,-6.6019],[106.6,-6.5898],[106.5875,-6.5898],[106.5875,-6.6019]]]},"properties":{"lc_code":1,"lc_name":"Evergreen Broadleaf Forest"}},{"type":"Feature","geometry":{"type":"Polygon","coordinates":[[[106.6,-6.6019],[106.6125,-6.6019],[106.6125,-6.5898],[106.6,-6.5898],[106.6,-6.6019]]]},"properties":{"lc_code":1,"lc_name":"Evergreen Broadleaf Forest"}},{"type":"Feature","geometry":{"type":"Polygon","coordinates":[[[106.6125,-6.6019],[106.625,-6.6019],[106.625,-6.5898],[106.6125,-6.5898],[106.6125,-6.6019]]]},"properties":{"lc_code":1,"lc_name":"Evergreen Broadleaf Forest"}},{"type":"Feature","geometry":{"type":"Polygon","coordinates":[[[106.625,-6.6019],[106.6375,-6.6019],[106.6375,-6.5898],[106.625,-6.5898],[106.625,-6.6019]]]},"properties":{"lc_code":1,"lc_name":"Evergreen Broadleaf Forest"}},{"type":"Feature","geometry":{"type":"Polygon","coordinates":[[[106.6375,-6.6019],[106.65,-6.6019],[106.65,-6.5898],[106.6375,-6.5898],[106.6375,-6.6019]]]},"properties":{"lc_code":1,"lc_name":"Evergreen Broadleaf Forest"}},{"type":"Feature","geometry":{"type":"Polygon","coordinates":[[[106.65,-6.6019],[106.6625,-6.6019],[106.6625,-6.5898],[106.65,-6.5898],[106.65,-6.6019]]]},"properties":{"lc_code":1,"lc_name":"Evergreen Broadleaf Forest"}},{"type":"Feature","geometry":{"type":"Polygon","coordinates":[[[106.6625,-6.6019],[106.675,-6.6019],[106.675,-6.5898],[106.6625,-6.5898],[106.6625,-6.6019]]]},"properties":{"lc_code":1,"lc_name":"Evergreen Broadleaf Forest"}},{"type":"Feature","geometry":{"type":"Polygon","coordinates":[[[106.675,-6.6019],[106.6875,-6.6019],[106.6875,-6.5898],[106.675,-6.5898],[106.675,-6.6019]]]},"properties":{"lc_code":1,"lc_name":"Evergreen Broadleaf Forest"}},{"type":"Feature","geometry":{"type":"Polygon","coordinates":[[[106.6875,-6.6019],[106.7,-6.6019],[106.7,-6.5898],[106.6875,-6.5898],[106.6875,-6.6019]]]},"properties":{"lc_code":1,"lc_name":"Evergreen Broadleaf Forest"}},{"type":"Feature","geometry":{"type":"Polygon","coordinates":[[[106.7,-6.6019],[106.7125,-6.6019],[106.7125,-6.5898],[106.7,-6.5898],[106.7,-6.6019]]]},"properties":{"lc_code":1,"lc_name":"Evergreen Broadleaf Forest"}},{"type":"Feature","geometry":{"type":"Polygon","coordinates":[[[106.7125,-6.6019],[106.725,-6.6019],[106.725,-6.5898],[106.7125,-6.5898],[106.7125,-6.6019]]]},"properties":{"lc_code":1,"lc_name":"Evergreen Broadleaf Forest"}},{"type":"Feature","geometry":{"type":"Polygon","coordinates":[[[106.725,-6.6019],[106.7375,-6.6019],[106.7375,-6.5898],[106.725,-6.5898],[106.725,-6.6019]]]},"properties":{"lc_code":1,"lc_name":"Evergreen Broadleaf Forest"}},{"type":"Feature","geometry":{"type":"Polygon","coordinates":[[[106.7375,-6.6019],[106.75,-6.6019],[106.75,-6.5898],[106.7375,-6.5898],[106.7375,-6.6019]]]},"properties":{"lc_code":1,"lc_name":"Evergreen Broadleaf Forest"}},{"type":"Feature","geometry":{"type":"Polygon","coordinates":[[[106.75,-6.6019],[106.7625,-6.6019],[106.7625,-6.5898],[106.75,-6.5898],[106.75,-6.6019]]]},"properties":{"lc_code":1,"lc_name":"Evergreen Broadleaf Forest"}},{"type":"Feature","geometry":{"type":"Polygon","coordinates":[[[106.7625,-6.6019],[106.775,-6.6019],[106.775,-6.5898],[106.7625,-6.5898],[106.7625,-6.6019]]]},"properties":{"lc_code":1,"lc_name":"Evergreen Broadleaf Forest"}},{"type":"Feature","geometry":{"type":"Polygon","coordinates":[[[106.775,-6.6019],[106.7875,-6.6019],[106.7875,-6.5898],[106.775,-6.5898],[106.775,-6.6019]]]},"properties":{"lc_code":1,"lc_name":"Evergreen Broadleaf Forest"}},{"type":"Feature","geometry":{"type":"Polygon","coordinates":[[[106.7875,-6.6019],[106.8,-6.6019],[106.8,-6.5898],[106.7875,-6.5898],[106.7875,-6.6019]]]},"properties":{"lc_code":1,"lc_name":"Evergreen Broadleaf Forest"}},{"type":"Feature","geometry":{"type":"Polygon","coordinates":[[[106.8,-6.6019],[106.8125,-6.6019],[106.8125,-6.5898],[106.8,-6.5898],[106.8,-6.6019]]]},"properties":{"lc_code":1,"lc_name":"Evergreen Broadleaf Forest"}},{"type":"Feature","geometry":{"type":"Polygon","coordinates":[[[106.8125,-6.6019],[106.825,-6.6019],[106.825,-6.5898],[106.8125,-6.5898],[106.8125,-6.6019]]]},"properties":{"lc_code":1,"lc_name":"Evergreen Broadleaf Forest"}},{"type":"Feature","geometry":{"type":"Polygon","coordinates":[[[106.825,-6.6019],[106.8375,-6.6019],[106.8375,-6.5898],[106.825,-6.5898],[106.825,-6.6019]]]},"properties":{"lc_code":1,"lc_name":"Evergreen Broadleaf Forest"}},{"type":"Feature","geometry":{"type":"Polygon","coordinates":[[[106.8375,-6.6019],[106.85,-6.6019],[106.85,-6.5898],[106.8375,-6.5898],[106.8375,-6.6019]]]},"properties":{"lc_code":1,"lc_name":"Evergreen Broadleaf Forest"}},{"type":"Feature","geometry":{"type":"Polygon","coordinates":[[[106.85,-6.6019],[106.8625,-6.6019],[106.8625,-6.5898],[106.85,-6.5898],[106.85,-6.6019]]]},"properties":{"lc_code":1,"lc_name":"Evergreen Broadleaf Forest"}},{"type":"Feature","geometry":{"type":"Polygon","coordinates":[[[106.8625,-6.6019],[106.875,-6.6019],[106.875,-6.5898],[106.8625,-6.5898],[106.8625,-6.6019]]]},"properties":{"lc_code":1,"lc_name":"Evergreen Broadleaf Forest"}},{"type":"Feature","geometry":{"type":"Polygon","coordinates":[[[106.875,-6.6019],[106.8875,-6.6019],[106.8875,-6.5898],[106.875,-6.5898],[106.875,-6.6019]]]},"properties":{"lc_code":1,"lc_name":"Evergreen Broadleaf Forest"}},{"type":"Feature","geometry":{"type":"Polygon","coordinates":[[[106.8875,-6.6019],[106.9,-6.6019],[106.9,-6.5898],[106.8875,-6.5898],[106.8875,-6.6019]]]},"properties":{"lc_code":1,"lc_name":"Evergreen Broadleaf Forest"}},{"type":"Feature","geometry":{"type":"Polygon","coordinates":[[[106.9,-6.6019],[106.9125,-6.6019],[106.9125,-6.5898],[106.9,-6.5898],[106.9,-6.6019]]]},"properties":{"lc_code":1,"lc_name":"Evergreen Broadleaf Forest"}},{"type":"Feature","geometry":{"type":"Polygon","coordinates":[[[106.9125,-6.6019],[106.925,-6.6019],[106.925,-6.5898],[106.9125,-6.5898],[106.9125,-6.6019]]]},"properties":{"lc_code":1,"lc_name":"Evergreen Broadleaf Forest"}},{"type":"Feature","geometry":{"type":"Polygon","coordinates":[[[106.925,-6.6019],[106.9375,-6.6019],[106.9375,-6.5898],[106.925,-6.5898],[106.925,-6.6019]]]},"properties":{"lc_code":1,"lc_name":"Evergreen Broadleaf Forest"}},{"type":"Feature","geometry":{"type":"Polygon","coordinates":[[[106.9375,-6.6019],[106.95,-6.6019],[106.95,-6.5898],[106.9375,-6.5898],[106.9375,-6.6019]]]},"properties":{"lc_code":1,"lc_name":"Evergreen Broadleaf Forest"}},{"type":"Feature","geometry":{"type":"Polygon","coordinates":[[[106.95,-6.6019],[106.9625,-6.6019],[106.9625,-6.5898],[106.95,-6.5898],[106.95,-6.6019]]]},"properties":{"lc_code":1,"lc_name":"Evergreen Broadleaf Forest"}},{"type":"Feature","geometry":{"type":"Polygon","coordinates":[[[106.9625,-6.6019],[106.975,-6.6019],[106.975,-6.5898],[106.9625,-6.5898],[106.9625,-6.6019]]]},"properties":{"lc_code":1,"lc_name":"Evergreen Broadleaf Forest"}},{"type":"Feature","geometry":{"type":"Polygon","coordinates":[[[106.975,-6.6019],[106.9875,-6.6019],[106.9875,-6.5898],[106.975,-6.5898],[106.975,-6.6019]]]},"properties":{"lc_code":1,"lc_name":"Evergreen Broadleaf Forest"}},{"type":"Feature","geometry":{"type":"Polygon","coordinates":[[[106.9875,-6.6019],[107,-6.6019],[107,-6.5898],[106.9875,-6.5898],[106.9875,-6.6019]]]},"properties":{"lc_code":1,"lc_name":"Evergreen Broadleaf Forest"}},{"type":"Feature","geometry":{"type":"Polygon","coordinates":[[[107,-6.6019],[107.0125,-6.6019],[107.0125,-6.5898],[107,-6.5898],[107,-6.6019]]]},"properties":{"lc_code":1,"lc_name":"Evergreen Broadleaf Forest"}},{"type":"Feature","geometry":{"type":"Polygon","coordinates":[[[107.0125,-6.6019],[107.025,-6.6019],[107.025,-6.5898],[107.0125,-6.5898],[107.0125,-6.6019]]]},"properties":{"lc_code":1,"lc_name":"Evergreen Broadleaf Forest"}},{"type":"Feature","geometry":{"type":"Polygon","coordinates":[[[107.025,-6.6019],[107.0375,-6.6019],[107.0375,-6.5898],[107.025,-6.5898],[107.025,-6.6019]]]},"properties":{"lc_code":1,"lc_name":"Evergreen Broadleaf Forest"}},{"type":"Feature","geometry":{"type":"Polygon","coordinates":[[[107.0375,-6.6019],[107.05,-6.6019],[107.05,-6.5898],[107.0375,-6.5898],[107.0375,-6.6019]]]},"properties":{"lc_code":1,"lc_name":"Evergreen Broadleaf Forest"}},{"type":"Feature","geometry":{"type":"Polygon","coordinates":[[[107.05,-6.6019],[107.0625,-6.6019],[107.0625,-6.5898],[107.05,-6.5898],[107.05,-6.6019]]]},"properties":{"lc_code":1,"lc_name":"Evergreen Broadleaf Forest"}},{"type":"Feature","geometry":{"type":"Polygon","coordinates":[[[107.0625,-6.6019],[107.075,-6.6019],[107.075,-6.5898],[107.0625,-6.5898],[107.0625,-6.6019]]]},"properties":{"lc_code":1,"lc_name":"Evergreen Broadleaf Forest"}},{"type":"Feature","geometry":{"type":"Polygon","coordinates":[[[107.075,-6.6019],[107.0875,-6.6019],[107.0875,-6.5898],[107.075,-6.5898],[107.075,-6.6019]]]},"properties":{"lc_code":1,"lc_name":"Evergreen Broadleaf Forest"}},{"type":"Feature","geometry":{"type":"Polygon","coordinates":[[[107.0875,-6.6019],[107.1,-6.6019],[107.1,-6.5898],[107.0875,-6.5898],[107.0875,-6.6019]]]},"properties":{"lc_code":1,"lc_name":"Evergreen Broadleaf Forest"}},{"type":"Feature","geometry":{"type":"Polygon","coordinates":[[[107.1,-6.6019],[107.1125,-6.6019],[107.1125,-6.5898],[107.1,-6.5898],[107.1,-6.6019]]]},"properties":{"lc_code":1,"lc_name":"Evergreen Broadleaf Forest"}},{"type":"Feature","geometry":{"type":"Polygon","coordinates":[[[107.1125,-6.6019],[107.125,-6.6019],[107.125,-6.5898],[107.1125,-6.5898],[107.1125,-6.6019]]]},"properties":{"lc_code":1,"lc_name":"Evergreen Broadleaf Forest"}},{"type":"Feature","geometry":{"type":"Polygon","coordinates":[[[107.125,-6.6019],[107.1375,-6.6019],[107.1375,-6.5898],[107.125,-6.5898],[107.125,-6.6019]]]},"properties":{"lc_code":1,"lc_name":"Evergreen Broadleaf Forest"}},{"type":"Feature","geometry":{"type":"Polygon","coordinates":[[[107.1375,-6.6019],[107.15,-6.6019],[107.15,-6.5898],[107.1375,-6.5898],[107.1375,-6.6019]]]},"properties":{"lc_code":1,"lc_name":"Evergreen Broadleaf Forest"}},{"type":"Feature","geometry":{"type":"Polygon","coordinates":[[[107.15,-6.6019],[107.1625,-6.6019],[107.1625,-6.5898],[107.15,-6.5898],[107.15,-6.6019]]]},"properties":{"lc_code":1,"lc_name":"Evergreen Broadleaf Forest"}},{"type":"Feature","geometry":{"type":"Polygon","coordinates":[[[107.1625,-6.6019],[107.175,-6.6019],[107.175,-6.5898],[107.1625,-6.5898],[107.1625,-6.6019]]]},"properties":{"lc_code":1,"lc_name":"Evergreen Broadleaf Forest"}},{"type":"Feature","geometry":{"type":"Polygon","coordinates":[[[107.175,-6.6019],[107.1875,-6.6019],[107.1875,-6.5898],[107.175,-6.5898],[107.175,-6.6019]]]},"properties":{"lc_code":1,"lc_name":"Evergreen Broadleaf Forest"}},{"type":"Feature","geometry":{"type":"Polygon","coordinates":[[[107.1875,-6.6019],[107.2,-6.6019],[107.2,-6.5898],[107.1875,-6.5898],[107.1875,-6.6019]]]},"properties":{"lc_code":1,"lc_name":"Evergreen Broadleaf Forest"}},{"type":"Feature","geometry":{"type":"Polygon","coordinates":[[[107.2,-6.6019],[107.2125,-6.6019],[107.2125,-6.5898],[107.2,-6.5898],[107.2,-6.6019]]]},"properties":{"lc_code":1,"lc_name":"Evergreen Broadleaf Forest"}},{"type":"Feature","geometry":{"type":"Polygon","coordinates":[[[107.2125,-6.6019],[107.225,-6.6019],[107.225,-6.5898],[107.2125,-6.5898],[107.2125,-6.6019]]]},"properties":{"lc_code":1,"lc_name":"Evergreen Broadleaf Forest"}},{"type":"Feature","geometry":{"type":"Polygon","coordinates":[[[107.225,-6.6019],[107.2375,-6.6019],[107.2375,-6.5898],[107.225,-6.5898],[107.225,-6.6019]]]},"properties":{"lc_code":1,"lc_name":"Evergreen Broadleaf Forest"}},{"type":"Feature","geometry":{"type":"Polygon","coordinates":[[[107.2375,-6.6019],[107.25,-6.6019],[107.25,-6.5898],[107.2375,-6.5898],[107.2375,-6.6019]]]},"properties":{"lc_code":1,"lc_name":"Evergreen Broadleaf Forest"}},{"type":"Feature","geometry":{"type":"Polygon","coordinates":[[[107.25,-6.6019],[107.2625,-6.6019],[107.2625,-6.5898],[107.25,-6.5898],[107.25,-6.6019]]]},"properties":{"lc_code":1,"lc_name":"Evergreen Broadleaf Forest"}},{"type":"Feature","geometry":{"type":"Polygon","coordinates":[[[107.2625,-6.6019],[107.275,-6.6019],[107.275,-6.5898],[107.2625,-6.5898],[107.2625,-6.6019]]]},"properties":{"lc_code":1,"lc_name":"Evergreen Broadleaf Forest"}},{"type":"Feature","geometry":{"type":"Polygon","coordinates":[[[107.275,-6.6019],[107.2875,-6.6019],[107.2875,-6.5898],[107.275,-6.5898],[107.275,-6.6019]]]},"properties":{"lc_code":1,"lc_name":"Evergreen Broadleaf Forest"}},{"type":"Feature","geometry":{"type":"Polygon","coordinates":[[[107.2875,-6.6019],[107.3,-6.6019],[107.3,-6.5898],[107.2875,-6.5898],[107.2875,-6.6019]]]},"properties":{"lc_code":1,"lc_name":"Evergreen Broadleaf Forest"}},{"type":"Feature","geometry":{"type":"Polygon","coordinates":[[[106.5,-6.5898],[106.5125,-6.5898],[106.5125,-6.5778],[106.5,-6.5778],[106.5,-6.5898]]]},"properties":{"lc_code":1,"lc_name":"Evergreen Broadleaf Forest"}},{"type":"Feature","geometry":{"type":"Polygon","coordinates":[[[106.5125,-6.5898],[106.525,-6.5898],[106.525,-6.5778],[106.5125,-6.5778],[106.5125,-6.5898]]]},"properties":{"lc_code":1,"lc_name":"Evergreen Broadleaf Forest"}},{"type":"Feature","geometry":{"type":"Polygon","coordinates":[[[106.525,-6.5898],[106.5375,-6.5898],[106.5375,-6.5778],[106.525,-6.5778],[106.525,-6.5898]]]},"properties":{"lc_code":1,"lc_name":"Evergreen Broadleaf Forest"}},{"type":"Feature","geometry":{"type":"Polygon","coordinates":[[[106.5375,-6.5898],[106.55,-6.5898],[106.55,-6.5778],[106.5375,-6.5778],[106.5375,-6.5898]]]},"properties":{"lc_code":1,"lc_name":"Evergreen Broadleaf Forest"}},{"type":"Feature","geometry":{"type":"Polygon","coordinates":[[[106.55,-6.5898],[106.5625,-6.5898],[106.5625,-6.5778],[106.55,-6.5778],[106.55,-6.5898]]]},"properties":{"lc_code":1,"lc_name":"Evergreen Broadleaf Forest"}},{"type":"Feature","geometry":{"type":"Polygon","coordinates":[[[106.5625,-6.5898],[106.575,-6.5898],[106.575,-6.5778],[106.5625,-6.5778],[106.5625,-6.5898]]]},"properties":{"lc_code":1,"lc_name":"Evergreen Broadleaf Forest"}},{"type":"Feature","geometry":{"type":"Polygon","coordinates":[[[106.575,-6.5898],[106.5875,-6.5898],[106.5875,-6.5778],[106.575,-6.5778],[106.575,-6.5898]]]},"properties":{"lc_code":1,"lc_name":"Evergreen Broadleaf Forest"}},{"type":"Feature","geometry":{"type":"Polygon","coordinates":[[[106.5875,-6.5898],[106.6,-6.5898],[106.6,-6.5778],[106.5875,-6.5778],[106.5875,-6.5898]]]},"properties":{"lc_code":1,"lc_name":"Evergreen Broadleaf Forest"}},{"type":"Feature","geometry":{"type":"Polygon","coordinates":[[[106.6,-6.5898],[106.6125,-6.5898],[106.6125,-6.5778],[106.6,-6.5778],[106.6,-6.5898]]]},"properties":{"lc_code":1,"lc_name":"Evergreen Broadleaf Forest"}},{"type":"Feature","geometry":{"type":"Polygon","coordinates":[[[106.6125,-6.5898],[106.625,-6.5898],[106.625,-6.5778],[106.6125,-6.5778],[106.6125,-6.5898]]]},"properties":{"lc_code":1,"lc_name":"Evergreen Broadleaf Forest"}},{"type":"Feature","geometry":{"type":"Polygon","coordinates":[[[106.625,-6.5898],[106.6375,-6.5898],[106.6375,-6.5778],[106.625,-6.5778],[106.625,-6.5898]]]},"properties":{"lc_code":1,"lc_name":"Evergreen Broadleaf Forest"}},{"type":"Feature","geometry":{"type":"Polygon","coordinates":[[[106.6375,-6.5898],[106.65,-6.5898],[106.65,-6.5778],[106.6375,-6.5778],[106.6375,-6.5898]]]},"properties":{"lc_code":1,"lc_name":"Evergreen Broadleaf Forest"}},{"type":"Feature","geometry":{"type":"Polygon","coordinates":[[[106.65,-6.5898],[106.6625,-6.5898],[106.6625,-6.5778],[106.65,-6.5778],[106.65,-6.5898]]]},"properties":{"lc_code":1,"lc_name":"Evergreen Broadleaf Forest"}},{"type":"Feature","geometry":{"type":"Polygon","coordinates":[[[106.6625,-6.5898],[106.675,-6.5898],[106.675,-6.5778],[106.6625,-6.5778],[106.6625,-6.5898]]]},"properties":{"lc_code":1,"lc_name":"Evergreen Broadleaf Forest"}},{"type":"Feature","geometry":{"type":"Polygon","coordinates":[[[106.675,-6.5898],[106.6875,-6.5898],[106.6875,-6.5778],[106.675,-6.5778],[106.675,-6.5898]]]},"properties":{"lc_code":1,"lc_name":"Evergreen Broadleaf Forest"}},{"type":"Feature","geometry":{"type":"Polygon","coordinates":[[[106.6875,-6.5898],[106.7,-6.5898],[106.7,-6.5778],[106.6875,-6.5778],[106.6875,-6.5898]]]},"properties":{"lc_code":1,"lc_name":"Evergreen Broadleaf Forest"}},{"type":"Feature","geometry":{"type":"Polygon","coordinates":[[[106.7,-6.5898],[106.7125,-6.5898],[106.7125,-6.5778],[106.7,-6.5778],[106.7,-6.5898]]]},"properties":{"lc_code":1,"lc_name":"Evergreen Broadleaf Forest"}},{"type":"Feature","geometry":{"type":"Polygon","coordinates":[[[106.7125,-6.5898],[106.725,-6.5898],[106.725,-6.5778],[106.7125,-6.5778],[106.7125,-6.5898]]]},"properties":{"lc_code":1,"lc_name":"Evergreen Broadleaf Forest"}},{"type":"Feature","geometry":{"type":"Polygon","coordinates":[[[106.725,-6.5898],[106.7375,-6.5898],[106.7375,-6.5778],[106.725,-6.5778],[106.725,-6.5898]]]},"properties":{"lc_code":1,"lc_name":"Evergreen Broadleaf Forest"}},{"type":"Feature","geometry":{"type":"Polygon","coordinates":[[[106.7375,-6.5898],[106.75,-6.5898],[106.75,-6.5778],[106.7375,-6.5778],[106.7375,-6.5898]]]},"properties":{"lc_code":1,"lc_name":"Evergreen Broadleaf Forest"}},{"type":"Feature","geometry":{"type":"Polygon","coordinates":[[[106.75,-6.5898],[106.7625,-6.5898],[106.7625,-6.5778],[106.75,-6.5778],[106.75,-6.5898]]]},"properties":{"lc_code":1,"lc_name":"Evergreen Broadleaf Forest"}},{"type":"Feature","geometry":{"type":"Polygon","coordinates":[[[106.7625,-6.5898],[106.775,-6.5898],[106.775,-6.5778],[106.7625,-6.5778],[106.7625,-6.5898]]]},"properties":{"lc_code":1,"lc_name":"Evergreen Broadleaf Forest"}},{"type":"Feature","geometry":{"type":"Polygon","coordinates":[[[106.775,-6.5898],[106.7875,-6.5898],[106.7875,-6.5778],[106.775,-6.5778],[106.775,-6.5898]]]},"properties":{"lc_code":1,"lc_name":"Evergreen Broadleaf Forest"}},{"type":"Feature","geometry":{"type":"Polygon","coordinates":[[[106.7875,-6.5898],[106.8,-6.5898],[106.8,-6.5778],[106.7875,-6.5778],[106.7875,-6.5898]]]},"properties":{"lc_code":1,"lc_name":"Evergreen Broadleaf Forest"}},{"type":"Feature","geometry":{"type":"Polygon","coordinates":[[[106.8,-6.5898],[106.8125,-6.5898],[106.8125,-6.5778],[106.8,-6.5778],[106.8,-6.5898]]]},"properties":{"lc_code":1,"lc_name":"Evergreen Broadleaf Forest"}},{"type":"Feature","geometry":{"type":"Polygon","coordinates":[[[106.8125,-6.5898],[106.825,-6.5898],[106.825,-6.5778],[106.8125,-6.5778],[106.8125,-6.5898]]]},"properties":{"lc_code":1,"lc_name":"Evergreen Broadleaf Forest"}},{"type":"Feature","geometry":{"type":"Polygon","coordinates":[[[106.825,-6.5898],[106.8375,-6.5898],[106.8375,-6.5778],[106.825,-6.5778],[106.825,-6.5898]]]},"properties":{"lc_code":1,"lc_name":"Evergreen Broadleaf Forest"}},{"type":"Feature","geometry":{"type":"Polygon","coordinates":[[[106.8375,-6.5898],[106.85,-6.5898],[106.85,-6.5778],[106.8375,-6.5778],[106.8375,-6.5898]]]},"properties":{"lc_code":1,"lc_name":"Evergreen Broadleaf Forest"}},{"type":"Feature","geometry":{"type":"Polygon","coordinates":[[[106.85,-6.5898],[106.8625,-6.5898],[106.8625,-6.5778],[106.85,-6.5778],[106.85,-6.5898]]]},"properties":{"lc_code":1,"lc_name":"Evergreen Broadleaf Forest"}},{"type":"Feature","geometry":{"type":"Polygon","coordinates":[[[106.8625,-6.5898],[106.875,-6.5898],[106.875,-6.5778],[106.8625,-6.5778],[106.8625,-6.5898]]]},"properties":{"lc_code":1,"lc_name":"Evergreen Broadleaf Forest"}},{"type":"Feature","geometry":{"type":"Polygon","coordinates":[[[106.875,-6.5898],[106.8875,-6.5898],[106.8875,-6.5778],[106.875,-6.5778],[106.875,-6.5898]]]},"properties":{"lc_code":1,"lc_name":"Evergreen Broadleaf Forest"}},{"type":"Feature","geometry":{"type":"Polygon","coordinates":[[[106.8875,-6.5898],[106.9,-6.5898],[106.9,-6.5778],[106.8875,-6.5778],[106.8875,-6.5898]]]},"properties":{"lc_code":1,"lc_name":"Evergreen Broadleaf Forest"}},{"type":"Feature","geometry":{"type":"Polygon","coordinates":[[[106.9,-6.5898],[106.9125,-6.5898],[106.9125,-6.5778],[106.9,-6.5778],[106.9,-6.5898]]]},"properties":{"lc_code":1,"lc_name":"Evergreen Broadleaf Forest"}},{"type":"Feature","geometry":{"type":"Polygon","coordinates":[[[106.9125,-6.5898],[106.925,-6.5898],[106.925,-6.5778],[106.9125,-6.5778],[106.9125,-6.5898]]]},"properties":{"lc_code":1,"lc_name":"Evergreen Broadleaf Forest"}},{"type":"Feature","geometry":{"type":"Polygon","coordinates":[[[106.925,-6.5898],[106.9375,-6.5898],[106.9375,-6.5778],[106.925,-6.5778],[106.925,-6.5898]]]},"properties":{"lc_code":1,"lc_name":"Evergreen Broadleaf Forest"}},{"type":"Feature","geometry":{"type":"Polygon","coordinates":[[[106.9375,-6.5898],[106.95,-6.5898],[106.95,-6.5778],[106.9375,-6.5778],[106.9375,-6.5898]]]},"properties":{"lc_code":1,"lc_name":"Evergreen Broadleaf Forest"}},{"type":"Feature","geometry":{"type":"Polygon","coordinates":[[[106.95,-6.5898],[106.9625,-6.5898],[106.9625,-6.5778],[106.95,-6.5778],[106.95,-6.5898]]]},"properties":{"lc_code":1,"lc_name":"Evergreen Broadleaf Forest"}},{"type":"Feature","geometry":{"type":"Polygon","coordinates":[[[106.9625,-6.5898],[106.975,-6.5898],[106.975,-6.5778],[106.9625,-6.5778],[106.9625,-6.5898]]]},"properties":{"lc_code":1,"lc_name":"Evergreen Broadleaf Forest"}},{"type":"Feature","geometry":{"type":"Polygon","coordinates":[[[106.975,-6.5898],[106.9875,-6.5898],[106.9875,-6.5778],[106.975,-6.5778],[106.975,-6.5898]]]},"properties":{"lc_code":1,"lc_name":"Evergreen Broadleaf Forest"}},{"type":"Feature","geometry":{"type":"Polygon","coordinates":[[[106.9875,-6.5898],[107,-6.5898],[107,-6.5778],[106.9875,-6.5778],[106.9875,-6.5898]]]},"properties":{"lc_code":1,"lc_name":"Evergreen Broadleaf Forest"}},{"type":"Feature","geometry":{"type":"Polygon","coordinates":[[[107,-6.5898],[107.0125,-6.5898],[107.0125,-6.5778],[107,-6.5778],[107,-6.5898]]]},"properties":{"lc_code":1,"lc_name":"Evergreen Broadleaf Forest"}},{"type":"Feature","geometry":{"type":"Polygon","coordinates":[[[107.0125,-6.5898],[107.025,-6.5898],[107.025,-6.5778],[107.0125,-6.5778],[107.0125,-6.5898]]]},"properties":{"lc_code":1,"lc_name":"Evergreen Broadleaf Forest"}},{"type":"Feature","geometry":{"type":"Polygon","coordinates":[[[107.025,-6.5898],[107.0375,-6.5898],[107.0375,-6.5778],[107.025,-6.5778],[107.025,-6.5898]]]},"properties":{"lc_code":1,"lc_name":"Evergreen Broadleaf Forest"}},{"type":"Feature","geometry":{"type":"Polygon","coordinates":[[[107.0375,-6.5898],[107.05,-6.5898],[107.05,-6.5778],[107.0375,-6.5778],[107.0375,-6.5898]]]},"properties":{"lc_code":1,"lc_name":"Evergreen Broadleaf Forest"}},{"type":"Feature","geometry":{"type":"Polygon","coordinates":[[[107.05,-6.5898],[107.0625,-6.5898],[107.0625,-6.5778],[107.05,-6.5778],[107.05,-6.5898]]]},"properties":{"lc_code":1,"lc_name":"Evergreen Broadleaf Forest"}},{"type":"Feature","geometry":{"type":"Polygon","coordinates":[[[107.0625,-6.5898],[107.075,-6.5898],[107.075,-6.5778],[107.0625,-6.5778],[107.0625,-6.5898]]]},"properties":{"lc_code":1,"lc_name":"Evergreen Broadleaf Forest"}},{"type":"Feature","geometry":{"type":"Polygon","coordinates":[[[107.075,-6.5898],[107.0875,-6.5898],[107.0875,-6.5778],[107.075,-6.5778],[107.075,-6.5898]]]},"properties":{"lc_code":1,"lc_name":"Evergreen Broadleaf Forest"}},{"type":"Feature","geometry":{"type":"Polygon","coordinates":[[[107.0875,-6.5898],[107.1,-6.5898],[107.1,-6.5778],[107.0875,-6.5778],[107.0875,-6.5898]]]},"properties":{"lc_code":1,"lc_name":"Evergreen Broadleaf Forest"}},{"type":"Feature","geometry":{"type":"Polygon","coordinates":[[[107.1,-6.5898],[107.1125,-6.5898],[107.1125,-6.5778],[107.1,-6.5778],[107.1,-6.5898]]]},"properties":{"lc_code":1,"lc_name":"Evergreen Broadleaf Forest"}},{"type":"Feature","geometry":{"type":"Polygon","coordinates":[[[107.1125,-6.5898],[107.125,-6.5898],[107.125,-6.5778],[107.1125,-6.5778],[107.1125,-6.5898]]]},"properties":{"lc_code":1,"lc_name":"Evergreen Broadleaf Forest"}},{"type":"Feature","geometry":{"type":"Polygon","coordinates":[[[107.125,-6.5898],[107.1375,-6.5898],[107.1375,-6.5778],[107.125,-6.5778],[107.125,-6.5898]]]},"properties":{"lc_code":1,"lc_name":"Evergreen Broadleaf Forest"}},{"type":"Feature","geometry":{"type":"Polygon","coordinates":[[[107.1375,-6.5898],[107.15,-6.5898],[107.15,-6.5778],[107.1375,-6.5778],[107.1375,-6.5898]]]},"properties":{"lc_code":1,"lc_name":"Evergreen Broadleaf Forest"}},{"type":"Feature","geometry":{"type":"Polygon","coordinates":[[[107.15,-6.5898],[107.1625,-6.5898],[107.1625,-6.5778],[107.15,-6.5778],[107.15,-6.5898]]]},"properties":{"lc_code":1,"lc_name":"Evergreen Broadleaf Forest"}},{"type":"Feature","geometry":{"type":"Polygon","coordinates":[[[107.1625,-6.5898],[107.175,-6.5898],[107.175,-6.5778],[107.1625,-6.5778],[107.1625,-6.5898]]]},"properties":{"lc_code":1,"lc_name":"Evergreen Broadleaf Forest"}},{"type":"Feature","geometry":{"type":"Polygon","coordinates":[[[107.175,-6.5898],[107.1875,-6.5898],[107.1875,-6.5778],[107.175,-6.5778],[107.175,-6.5898]]]},"properties":{"lc_code":1,"lc_name":"Evergreen Broadleaf Forest"}},{"type":"Feature","geometry":{"type":"Polygon","coordinates":[[[107.1875,-6.5898],[107.2,-6.5898],[107.2,-6.5778],[107.1875,-6.5778],[107.1875,-6.5898]]]},"properties":{"lc_code":1,"lc_name":"Evergreen Broadleaf Forest"}},{"type":"Feature","geometry":{"type":"Polygon","coordinates":[[[107.2,-6.5898],[107.2125,-6.5898],[107.2125,-6.5778],[107.2,-6.5778],[107.2,-6.5898]]]},"properties":{"lc_code":1,"lc_name":"Evergreen Broadleaf Forest"}},{"type":"Feature","geometry":{"type":"Polygon","coordinates":[[[107.2125,-6.5898],[107.225,-6.5898],[107.225,-6.5778],[107.2125,-6.5778],[107.2125,-6.5898]]]},"properties":{"lc_code":1,"lc_name":"Evergreen Broadleaf Forest"}},{"type":"Feature","geometry":{"type":"Polygon","coordinates":[[[107.225,-6.5898],[107.2375,-6.5898],[107.2375,-6.5778],[107.225,-6.5778],[107.225,-6.5898]]]},"properties":{"lc_code":1,"lc_name":"Evergreen Broadleaf Forest"}},{"type":"Feature","geometry":{"type":"Polygon","coordinates":[[[107.2375,-6.5898],[107.25,-6.5898],[107.25,-6.5778],[107.2375,-6.5778],[107.2375,-6.5898]]]},"properties":{"lc_code":1,"lc_name":"Evergreen Broadleaf Forest"}},{"type":"Feature","geometry":{"type":"Polygon","coordinates":[[[107.25,-6.5898],[107.2625,-6.5898],[107.2625,-6.5778],[107.25,-6.5778],[107.25,-6.5898]]]},"properties":{"lc_code":1,"lc_name":"Evergreen Broadleaf Forest"}},{"type":"Feature","geometry":{"type":"Polygon","coordinates":[[[107.2625,-6.5898],[107.275,-6.5898],[107.275,-6.5778],[107.2625,-6.5778],[107.2625,-6.5898]]]},"properties":{"lc_code":1,"lc_name":"Evergreen Broadleaf Forest"}},{"type":"Feature","geometry":{"type":"Polygon","coordinates":[[[107.275,-6.5898],[107.2875,-6.5898],[107.2875,-6.5778],[107.275,-6.5778],[107.275,-6.5898]]]},"properties":{"lc_code":1,"lc_name":"Evergreen Broadleaf Forest"}},{"type":"Feature","geometry":{"type":"Polygon","coordinates":[[[107.2875,-6.5898],[107.3,-6.5898],[107.3,-6.5778],[107.2875,-6.5778],[107.2875,-6.5898]]]},"properties":{"lc_code":1,"lc_name":"Evergreen Broadleaf Forest"}},{"type":"Feature","geometry":{"type":"Polygon","coordinates":[[[106.5,-6.5778],[106.5125,-6.5778],[106.5125,-6.5657],[106.5,-6.5657],[106.5,-6.5778]]]},"properties":{"lc_code":1,"lc_name":"Evergreen Broadleaf Forest"}},{"type":"Feature","geometry":{"type":"Polygon","coordinates":[[[106.5125,-6.5778],[106.525,-6.5778],[106.525,-6.5657],[106.5125,-6.5657],[106.5125,-6.5778]]]},"properties":{"lc_code":1,"lc_name":"Evergreen Broadleaf Forest"}},{"type":"Feature","geometry":{"type":"Polygon","coordinates":[[[106.525,-6.5778],[106.5375,-6.5778],[106.5375,-6.5657],[106.525,-6.5657],[106.525,-6.5778]]]},"properties":{"lc_code":1,"lc_name":"Evergreen Broadleaf Forest"}},{"type":"Feature","geometry":{"type":"Polygon","coordinates":[[[106.5375,-6.5778],[106.55,-6.5778],[106.55,-6.5657],[106.5375,-6.5657],[106.5375,-6.5778]]]},"properties":{"lc_code":1,"lc_name":"Evergreen Broadleaf Forest"}},{"type":"Feature","geometry":{"type":"Polygon","coordinates":[[[106.55,-6.5778],[106.5625,-6.5778],[106.5625,-6.5657],[106.55,-6.5657],[106.55,-6.5778]]]},"properties":{"lc_code":1,"lc_name":"Evergreen Broadleaf Forest"}},{"type":"Feature","geometry":{"type":"Polygon","coordinates":[[[106.5625,-6.5778],[106.575,-6.5778],[106.575,-6.5657],[106.5625,-6.5657],[106.5625,-6.5778]]]},"properties":{"lc_code":1,"lc_name":"Evergreen Broadleaf Forest"}},{"type":"Feature","geometry":{"type":"Polygon","coordinates":[[[106.575,-6.5778],[106.5875,-6.5778],[106.5875,-6.5657],[106.575,-6.5657],[106.575,-6.5778]]]},"properties":{"lc_code":1,"lc_name":"Evergreen Broadleaf Forest"}},{"type":"Feature","geometry":{"type":"Polygon","coordinates":[[[106.5875,-6.5778],[106.6,-6.5778],[106.6,-6.5657],[106.5875,-6.5657],[106.5875,-6.5778]]]},"properties":{"lc_code":1,"lc_name":"Evergreen Broadleaf Forest"}},{"type":"Feature","geometry":{"type":"Polygon","coordinates":[[[106.6,-6.5778],[106.6125,-6.5778],[106.6125,-6.5657],[106.6,-6.5657],[106.6,-6.5778]]]},"properties":{"lc_code":1,"lc_name":"Evergreen Broadleaf Forest"}},{"type":"Feature","geometry":{"type":"Polygon","coordinates":[[[106.6125,-6.5778],[106.625,-6.5778],[106.625,-6.5657],[106.6125,-6.5657],[106.6125,-6.5778]]]},"properties":{"lc_code":1,"lc_name":"Evergreen Broadleaf Forest"}},{"type":"Feature","geometry":{"type":"Polygon","coordinates":[[[106.625,-6.5778],[106.6375,-6.5778],[106.6375,-6.5657],[106.625,-6.5657],[106.625,-6.5778]]]},"properties":{"lc_code":1,"lc_name":"Evergreen Broadleaf Forest"}},{"type":"Feature","geometry":{"type":"Polygon","coordinates":[[[106.6375,-6.5778],[106.65,-6.5778],[106.65,-6.5657],[106.6375,-6.5657],[106.6375,-6.5778]]]},"properties":{"lc_code":1,"lc_name":"Evergreen Broadleaf Forest"}},{"type":"Feature","geometry":{"type":"Polygon","coordinates":[[[106.65,-6.5778],[106.6625,-6.5778],[106.6625,-6.5657],[106.65,-6.5657],[106.65,-6.5778]]]},"properties":{"lc_code":1,"lc_name":"Evergreen Broadleaf Forest"}},{"type":"Feature","geometry":{"type":"Polygon","coordinates":[[[106.6625,-6.5778],[106.675,-6.5778],[106.675,-6.5657],[106.6625,-6.5657],[106.6625,-6.5778]]]},"properties":{"lc_code":1,"lc_name":"Evergreen Broadleaf Forest"}},{"type":"Feature","geometry":{"type":"Polygon","coordinates":[[[106.675,-6.5778],[106.6875,-6.5778],[106.6875,-6.5657],[106.675,-6.5657],[106.675,-6.5778]]]},"properties":{"lc_code":1,"lc_name":"Evergreen Broadleaf Forest"}},{"type":"Feature","geometry":{"type":"Polygon","coordinates":[[[106.6875,-6.5778],[106.7,-6.5778],[106.7,-6.5657],[106.6875,-6.5657],[106.6875,-6.5778]]]},"properties":{"lc_code":1,"lc_name":"Evergreen Broadleaf Forest"}},{"type":"Feature","geometry":{"type":"Polygon","coordinates":[[[106.7,-6.5778],[106.7125,-6.5778],[106.7125,-6.5657],[106.7,-6.5657],[106.7,-6.5778]]]},"properties":{"lc_code":1,"lc_name":"Evergreen Broadleaf Forest"}},{"type":"Feature","geometry":{"type":"Polygon","coordinates":[[[106.7125,-6.5778],[106.725,-6.5778],[106.725,-6.5657],[106.7125,-6.5657],[106.7125,-6.5778]]]},"properties":{"lc_code":1,"lc_name":"Evergreen Broadleaf Forest"}},{"type":"Feature","geometry":{"type":"Polygon","coordinates":[[[106.725,-6.5778],[106.7375,-6.5778],[106.7375,-6.5657],[106.725,-6.5657],[106.725,-6.5778]]]},"properties":{"lc_code":1,"lc_name":"Evergreen Broadleaf Forest"}},{"type":"Feature","geometry":{"type":"Polygon","coordinates":[[[106.7375,-6.5778],[106.75,-6.5778],[106.75,-6.5657],[106.7375,-6.5657],[106.7375,-6.5778]]]},"properties":{"lc_code":1,"lc_name":"Evergreen Broadleaf Forest"}},{"type":"Feature","geometry":{"type":"Polygon","coordinates":[[[106.75,-6.5778],[106.7625,-6.5778],[106.7625,-6.5657],[106.75,-6.5657],[106.75,-6.5778]]]},"properties":{"lc_code":1,"lc_name":"Evergreen Broadleaf Forest"}},{"type":"Feature","geometry":{"type":"Polygon","coordinates":[[[106.7625,-6.5778],[106.775,-6.5778],[106.775,-6.5657],[106.7625,-6.5657],[106.7625,-6.5778]]]},"properties":{"lc_code":1,"lc_name":"Evergreen Broadleaf Forest"}},{"type":"Feature","geometry":{"type":"Polygon","coordinates":[[[106.775,-6.5778],[106.7875,-6.5778],[106.7875,-6.5657],[106.775,-6.5657],[106.775,-6.5778]]]},"properties":{"lc_code":1,"lc_name":"Evergreen Broadleaf Forest"}},{"type":"Feature","geometry":{"type":"Polygon","coordinates":[[[106.7875,-6.5778],[106.8,-6.5778],[106.8,-6.5657],[106.7875,-6.5657],[106.7875,-6.5778]]]},"properties":{"lc_code":1,"lc_name":"Evergreen Broadleaf Forest"}},{"type":"Feature","geometry":{"type":"Polygon","coordinates":[[[106.8,-6.5778],[106.8125,-6.5778],[106.8125,-6.5657],[106.8,-6.5657],[106.8,-6.5778]]]},"properties":{"lc_code":1,"lc_name":"Evergreen Broadleaf Forest"}},{"type":"Feature","geometry":{"type":"Polygon","coordinates":[[[106.8125,-6.5778],[106.825,-6.5778],[106.825,-6.5657],[106.8125,-6.5657],[106.8125,-6.5778]]]},"properties":{"lc_code":1,"lc_name":"Evergreen Broadleaf Forest"}},{"type":"Feature","geometry":{"type":"Polygon","coordinates":[[[106.825,-6.5778],[106.8375,-6.5778],[106.8375,-6.5657],[106.825,-6.5657],[106.825,-6.5778]]]},"properties":{"lc_code":1,"lc_name":"Evergreen Broadleaf Forest"}},{"type":"Feature","geometry":{"type":"Polygon","coordinates":[[[106.8375,-6.5778],[106.85,-6.5778],[106.85,-6.5657],[106.8375,-6.5657],[106.8375,-6.5778]]]},"properties":{"lc_code":1,"lc_name":"Evergreen Broadleaf Forest"}},{"type":"Feature","geometry":{"type":"Polygon","coordinates":[[[106.85,-6.5778],[106.8625,-6.5778],[106.8625,-6.5657],[106.85,-6.5657],[106.85,-6.5778]]]},"properties":{"lc_code":1,"lc_name":"Evergreen Broadleaf Forest"}},{"type":"Feature","geometry":{"type":"Polygon","coordinates":[[[106.8625,-6.5778],[106.875,-6.5778],[106.875,-6.5657],[106.8625,-6.5657],[106.8625,-6.5778]]]},"properties":{"lc_code":1,"lc_name":"Evergreen Broadleaf Forest"}},{"type":"Feature","geometry":{"type":"Polygon","coordinates":[[[106.875,-6.5778],[106.8875,-6.5778],[106.8875,-6.5657],[106.875,-6.5657],[106.875,-6.5778]]]},"properties":{"lc_code":1,"lc_name":"Evergreen Broadleaf Forest"}},{"type":"Feature","geometry":{"type":"Polygon","coordinates":[[[106.8875,-6.5778],[106.9,-6.5778],[106.9,-6.5657],[106.8875,-6.5657],[106.8875,-6.5778]]]},"properties":{"lc_code":1,"lc_name":"Evergreen Broadleaf Forest"}},{"type":"Feature","geometry":{"type":"Polygon","coordinates":[[[106.9,-6.5778],[106.9125,-6.5778],[106.9125,-6.5657],[106.9,-6.5657],[106.9,-6.5778]]]},"properties":{"lc_code":1,"lc_name":"Evergreen Broadleaf Forest"}},{"type":"Feature","geometry":{"type":"Polygon","coordinates":[[[106.9125,-6.5778],[106.925,-6.5778],[106.925,-6.5657],[106.9125,-6.5657],[106.9125,-6.5778]]]},"properties":{"lc_code":1,"lc_name":"Evergreen Broadleaf Forest"}},{"type":"Feature","geometry":{"type":"Polygon","coordinates":[[[106.925,-6.5778],[106.9375,-6.5778],[106.9375,-6.5657],[106.925,-6.5657],[106.925,-6.5778]]]},"properties":{"lc_code":1,"lc_name":"Evergreen Broadleaf Forest"}},{"type":"Feature","geometry":{"type":"Polygon","coordinates":[[[106.9375,-6.5778],[106.95,-6.5778],[106.95,-6.5657],[106.9375,-6.5657],[106.9375,-6.5778]]]},"properties":{"lc_code":1,"lc_name":"Evergreen Broadleaf Forest"}},{"type":"Feature","geometry":{"type":"Polygon","coordinates":[[[106.95,-6.5778],[106.9625,-6.5778],[106.9625,-6.5657],[106.95,-6.5657],[106.95,-6.5778]]]},"properties":{"lc_code":1,"lc_name":"Evergreen Broadleaf Forest"}},{"type":"Feature","geometry":{"type":"Polygon","coordinates":[[[106.9625,-6.5778],[106.975,-6.5778],[106.975,-6.5657],[106.9625,-6.5657],[106.9625,-6.5778]]]},"properties":{"lc_code":1,"lc_name":"Evergreen Broadleaf Forest"}},{"type":"Feature","geometry":{"type":"Polygon","coordinates":[[[106.975,-6.5778],[106.9875,-6.5778],[106.9875,-6.5657],[106.975,-6.5657],[106.975,-6.5778]]]},"properties":{"lc_code":1,"lc_name":"Evergreen Broadleaf Forest"}},{"type":"Feature","geometry":{"type":"Polygon","coordinates":[[[106.9875,-6.5778],[107,-6.5778],[107,-6.5657],[106.9875,-6.5657],[106.9875,-6.5778]]]},"properties":{"lc_code":1,"lc_name":"Evergreen Broadleaf Forest"}},{"type":"Feature","geometry":{"type":"Polygon","coordinates":[[[107,-6.5778],[107.0125,-6.5778],[107.0125,-6.5657],[107,-6.5657],[107,-6.5778]]]},"properties":{"lc_code":1,"lc_name":"Evergreen Broadleaf Forest"}},{"type":"Feature","geometry":{"type":"Polygon","coordinates":[[[107.0125,-6.5778],[107.025,-6.5778],[107.025,-6.5657],[107.0125,-6.5657],[107.0125,-6.5778]]]},"properties":{"lc_code":1,"lc_name":"Evergreen Broadleaf Forest"}},{"type":"Feature","geometry":{"type":"Polygon","coordinates":[[[107.025,-6.5778],[107.0375,-6.5778],[107.0375,-6.5657],[107.025,-6.5657],[107.025,-6.5778]]]},"properties":{"lc_code":1,"lc_name":"Evergreen Broadleaf Forest"}},{"type":"Feature","geometry":{"type":"Polygon","coordinates":[[[107.0375,-6.5778],[107.05,-6.5778],[107.05,-6.5657],[107.0375,-6.5657],[107.0375,-6.5778]]]},"properties":{"lc_code":1,"lc_name":"Evergreen Broadleaf Forest"}},{"type":"Feature","geometry":{"type":"Polygon","coordinates":[[[107.05,-6.5778],[107.0625,-6.5778],[107.0625,-6.5657],[107.05,-6.5657],[107.05,-6.5778]]]},"properties":{"lc_code":1,"lc_name":"Evergreen Broadleaf Forest"}},{"type":"Feature","geometry":{"type":"Polygon","coordinates":[[[107.0625,-6.5778],[107.075,-6.5778],[107.075,-6.5657],[107.0625,-6.5657],[107.0625,-6.5778]]]},"properties":{"lc_code":1,"lc_name":"Evergreen Broadleaf Forest"}},{"type":"Feature","geometry":{"type":"Polygon","coordinates":[[[107.075,-6.5778],[107.0875,-6.5778],[107.0875,-6.5657],[107.075,-6.5657],[107.075,-6.5778]]]},"properties":{"lc_code":1,"lc_name":"Evergreen Broadleaf Forest"}},{"type":"Feature","geometry":{"type":"Polygon","coordinates":[[[107.0875,-6.5778],[107.1,-6.5778],[107.1,-6.5657],[107.0875,-6.5657],[107.0875,-6.5778]]]},"properties":{"lc_code":1,"lc_name":"Evergreen Broadleaf Forest"}},{"type":"Feature","geometry":{"type":"Polygon","coordinates":[[[107.1,-6.5778],[107.1125,-6.5778],[107.1125,-6.5657],[107.1,-6.5657],[107.1,-6.5778]]]},"properties":{"lc_code":1,"lc_name":"Evergreen Broadleaf Forest"}},{"type":"Feature","geometry":{"type":"Polygon","coordinates":[[[107.1125,-6.5778],[107.125,-6.5778],[107.125,-6.5657],[107.1125,-6.5657],[107.1125,-6.5778]]]},"properties":{"lc_code":1,"lc_name":"Evergreen Broadleaf Forest"}},{"type":"Feature","geometry":{"type":"Polygon","coordinates":[[[107.125,-6.5778],[107.1375,-6.5778],[107.1375,-6.5657],[107.125,-6.5657],[107.125,-6.5778]]]},"properties":{"lc_code":1,"lc_name":"Evergreen Broadleaf Forest"}},{"type":"Feature","geometry":{"type":"Polygon","coordinates":[[[107.1375,-6.5778],[107.15,-6.5778],[107.15,-6.5657],[107.1375,-6.5657],[107.1375,-6.5778]]]},"properties":{"lc_code":1,"lc_name":"Evergreen Broadleaf Forest"}},{"type":"Feature","geometry":{"type":"Polygon","coordinates":[[[107.15,-6.5778],[107.1625,-6.5778],[107.1625,-6.5657],[107.15,-6.5657],[107.15,-6.5778]]]},"properties":{"lc_code":1,"lc_name":"Evergreen Broadleaf Forest"}},{"type":"Feature","geometry":{"type":"Polygon","coordinates":[[[107.1625,-6.5778],[107.175,-6.5778],[107.175,-6.5657],[107.1625,-6.5657],[107.1625,-6.5778]]]},"properties":{"lc_code":1,"lc_name":"Evergreen Broadleaf Forest"}},{"type":"Feature","geometry":{"type":"Polygon","coordinates":[[[107.175,-6.5778],[107.1875,-6.5778],[107.1875,-6.5657],[107.175,-6.5657],[107.175,-6.5778]]]},"properties":{"lc_code":1,"lc_name":"Evergreen Broadleaf Forest"}},{"type":"Feature","geometry":{"type":"Polygon","coordinates":[[[107.1875,-6.5778],[107.2,-6.5778],[107.2,-6.5657],[107.1875,-6.5657],[107.1875,-6.5778]]]},"properties":{"lc_code":1,"lc_name":"Evergreen Broadleaf Forest"}},{"type":"Feature","geometry":{"type":"Polygon","coordinates":[[[107.2,-6.5778],[107.2125,-6.5778],[107.2125,-6.5657],[107.2,-6.5657],[107.2,-6.5778]]]},"properties":{"lc_code":1,"lc_name":"Evergreen Broadleaf Forest"}},{"type":"Feature","geometry":{"type":"Polygon","coordinates":[[[107.2125,-6.5778],[107.225,-6.5778],[107.225,-6.5657],[107.2125,-6.5657],[107.2125,-6.5778]]]},"properties":{"lc_code":1,"lc_name":"Evergreen Broadleaf Forest"}},{"type":"Feature","geometry":{"type":"Polygon","coordinates":[[[107.225,-6.5778],[107.2375,-6.5778],[107.2375,-6.5657],[107.225,-6.5657],[107.225,-6.5778]]]},"properties":{"lc_code":1,"lc_name":"Evergreen Broadleaf Forest"}},{"type":"Feature","geometry":{"type":"Polygon","coordinates":[[[107.2375,-6.5778],[107.25,-6.5778],[107.25,-6.5657],[107.2375,-6.5657],[107.2375,-6.5778]]]},"properties":{"lc_code":1,"lc_name":"Evergreen Broadleaf Forest"}},{"type":"Feature","geometry":{"type":"Polygon","coordinates":[[[107.25,-6.5778],[107.2625,-6.5778],[107.2625,-6.5657],[107.25,-6.5657],[107.25,-6.5778]]]},"properties":{"lc_code":1,"lc_name":"Evergreen Broadleaf Forest"}},{"type":"Feature","geometry":{"type":"Polygon","coordinates":[[[107.2625,-6.5778],[107.275,-6.5778],[107.275,-6.5657],[107.2625,-6.5657],[107.2625,-6.5778]]]},"properties":{"lc_code":1,"lc_name":"Evergreen Broadleaf Forest"}},{"type":"Feature","geometry":{"type":"Polygon","coordinates":[[[107.275,-6.5778],[107.2875,-6.5778],[107.2875,-6.5657],[107.275,-6.5657],[107.275,-6.5778]]]},"properties":{"lc_code":1,"lc_name":"Evergreen Broadleaf Forest"}},{"type":"Feature","geometry":{"type":"Polygon","coordinates":[[[107.2875,-6.5778],[107.3,-6.5778],[107.3,-6.5657],[107.2875,-6.5657],[107.2875,-6.5778]]]},"properties":{"lc_code":1,"lc_name":"Evergreen Broadleaf Forest"}},{"type":"Feature","geometry":{"type":"Polygon","coordinates":[[[106.5,-6.5657],[106.5125,-6.5657],[106.5125,-6.5537],[106.5,-6.5537],[106.5,-6.5657]]]},"properties":{"lc_code":1,"lc_name":"Evergreen Broadleaf Forest"}},{"type":"Feature","geometry":{"type":"Polygon","coordinates":[[[106.5125,-6.5657],[106.525,-6.5657],[106.525,-6.5537],[106.5125,-6.5537],[106.5125,-6.5657]]]},"properties":{"lc_code":1,"lc_name":"Evergreen Broadleaf Forest"}},{"type":"Feature","geometry":{"type":"Polygon","coordinates":[[[106.525,-6.5657],[106.5375,-6.5657],[106.5375,-6.5537],[106.525,-6.5537],[106.525,-6.5657]]]},"properties":{"lc_code":1,"lc_name":"Evergreen Broadleaf Forest"}},{"type":"Feature","geometry":{"type":"Polygon","coordinates":[[[106.5375,-6.5657],[106.55,-6.5657],[106.55,-6.5537],[106.5375,-6.5537],[106.5375,-6.5657]]]},"properties":{"lc_code":1,"lc_name":"Evergreen Broadleaf Forest"}},{"type":"Feature","geometry":{"type":"Polygon","coordinates":[[[106.55,-6.5657],[106.5625,-6.5657],[106.5625,-6.5537],[106.55,-6.5537],[106.55,-6.5657]]]},"properties":{"lc_code":1,"lc_name":"Evergreen Broadleaf Forest"}},{"type":"Feature","geometry":{"type":"Polygon","coordinates":[[[106.5625,-6.5657],[106.575,-6.5657],[106.575,-6.5537],[106.5625,-6.5537],[106.5625,-6.5657]]]},"properties":{"lc_code":1,"lc_name":"Evergreen Broadleaf Forest"}},{"type":"Feature","geometry":{"type":"Polygon","coordinates":[[[106.575,-6.5657],[106.5875,-6.5657],[106.5875,-6.5537],[106.575,-6.5537],[106.575,-6.5657]]]},"properties":{"lc_code":1,"lc_name":"Evergreen Broadleaf Forest"}},{"type":"Feature","geometry":{"type":"Polygon","coordinates":[[[106.5875,-6.5657],[106.6,-6.5657],[106.6,-6.5537],[106.5875,-6.5537],[106.5875,-6.5657]]]},"properties":{"lc_code":1,"lc_name":"Evergreen Broadleaf Forest"}},{"type":"Feature","geometry":{"type":"Polygon","coordinates":[[[106.6,-6.5657],[106.6125,-6.5657],[106.6125,-6.5537],[106.6,-6.5537],[106.6,-6.5657]]]},"properties":{"lc_code":1,"lc_name":"Evergreen Broadleaf Forest"}},{"type":"Feature","geometry":{"type":"Polygon","coordinates":[[[106.6125,-6.5657],[106.625,-6.5657],[106.625,-6.5537],[106.6125,-6.5537],[106.6125,-6.5657]]]},"properties":{"lc_code":1,"lc_name":"Evergreen Broadleaf Forest"}},{"type":"Feature","geometry":{"type":"Polygon","coordinates":[[[106.625,-6.5657],[106.6375,-6.5657],[106.6375,-6.5537],[106.625,-6.5537],[106.625,-6.5657]]]},"properties":{"lc_code":1,"lc_name":"Evergreen Broadleaf Forest"}},{"type":"Feature","geometry":{"type":"Polygon","coordinates":[[[106.6375,-6.5657],[106.65,-6.5657],[106.65,-6.5537],[106.6375,-6.5537],[106.6375,-6.5657]]]},"properties":{"lc_code":1,"lc_name":"Evergreen Broadleaf Forest"}},{"type":"Feature","geometry":{"type":"Polygon","coordinates":[[[106.65,-6.5657],[106.6625,-6.5657],[106.6625,-6.5537],[106.65,-6.5537],[106.65,-6.5657]]]},"properties":{"lc_code":1,"lc_name":"Evergreen Broadleaf Forest"}},{"type":"Feature","geometry":{"type":"Polygon","coordinates":[[[106.6625,-6.5657],[106.675,-6.5657],[106.675,-6.5537],[106.6625,-6.5537],[106.6625,-6.5657]]]},"properties":{"lc_code":1,"lc_name":"Evergreen Broadleaf Forest"}},{"type":"Feature","geometry":{"type":"Polygon","coordinates":[[[106.675,-6.5657],[106.6875,-6.5657],[106.6875,-6.5537],[106.675,-6.5537],[106.675,-6.5657]]]},"properties":{"lc_code":1,"lc_name":"Evergreen Broadleaf Forest"}},{"type":"Feature","geometry":{"type":"Polygon","coordinates":[[[106.6875,-6.5657],[106.7,-6.5657],[106.7,-6.5537],[106.6875,-6.5537],[106.6875,-6.5657]]]},"properties":{"lc_code":1,"lc_name":"Evergreen Broadleaf Forest"}},{"type":"Feature","geometry":{"type":"Polygon","coordinates":[[[106.7,-6.5657],[106.7125,-6.5657],[106.7125,-6.5537],[106.7,-6.5537],[106.7,-6.5657]]]},"properties":{"lc_code":1,"lc_name":"Evergreen Broadleaf Forest"}},{"type":"Feature","geometry":{"type":"Polygon","coordinates":[[[106.7125,-6.5657],[106.725,-6.5657],[106.725,-6.5537],[106.7125,-6.5537],[106.7125,-6.5657]]]},"properties":{"lc_code":1,"lc_name":"Evergreen Broadleaf Forest"}},{"type":"Feature","geometry":{"type":"Polygon","coordinates":[[[106.725,-6.5657],[106.7375,-6.5657],[106.7375,-6.5537],[106.725,-6.5537],[106.725,-6.5657]]]},"properties":{"lc_code":1,"lc_name":"Evergreen Broadleaf Forest"}},{"type":"Feature","geometry":{"type":"Polygon","coordinates":[[[106.7375,-6.5657],[106.75,-6.5657],[106.75,-6.5537],[106.7375,-6.5537],[106.7375,-6.5657]]]},"properties":{"lc_code":1,"lc_name":"Evergreen Broadleaf Forest"}},{"type":"Feature","geometry":{"type":"Polygon","coordinates":[[[106.75,-6.5657],[106.7625,-6.5657],[106.7625,-6.5537],[106.75,-6.5537],[106.75,-6.5657]]]},"properties":{"lc_code":1,"lc_name":"Evergreen Broadleaf Forest"}},{"type":"Feature","geometry":{"type":"Polygon","coordinates":[[[106.7625,-6.5657],[106.775,-6.5657],[106.775,-6.5537],[106.7625,-6.5537],[106.7625,-6.5657]]]},"properties":{"lc_code":1,"lc_name":"Evergreen Broadleaf Forest"}},{"type":"Feature","geometry":{"type":"Polygon","coordinates":[[[106.775,-6.5657],[106.7875,-6.5657],[106.7875,-6.5537],[106.775,-6.5537],[106.775,-6.5657]]]},"properties":{"lc_code":1,"lc_name":"Evergreen Broadleaf Forest"}},{"type":"Feature","geometry":{"type":"Polygon","coordinates":[[[106.7875,-6.5657],[106.8,-6.5657],[106.8,-6.5537],[106.7875,-6.5537],[106.7875,-6.5657]]]},"properties":{"lc_code":1,"lc_name":"Evergreen Broadleaf Forest"}},{"type":"Feature","geometry":{"type":"Polygon","coordinates":[[[106.8,-6.5657],[106.8125,-6.5657],[106.8125,-6.5537],[106.8,-6.5537],[106.8,-6.5657]]]},"properties":{"lc_code":1,"lc_name":"Evergreen Broadleaf Forest"}},{"type":"Feature","geometry":{"type":"Polygon","coordinates":[[[106.8125,-6.5657],[106.825,-6.5657],[106.825,-6.5537],[106.8125,-6.5537],[106.8125,-6.5657]]]},"properties":{"lc_code":1,"lc_name":"Evergreen Broadleaf Forest"}},{"type":"Feature","geometry":{"type":"Polygon","coordinates":[[[106.825,-6.5657],[106.8375,-6.5657],[106.8375,-6.5537],[106.825,-6.5537],[106.825,-6.5657]]]},"properties":{"lc_code":1,"lc_name":"Evergreen Broadleaf Forest"}},{"type":"Feature","geometry":{"type":"Polygon","coordinates":[[[106.8375,-6.5657],[106.85,-6.5657],[106.85,-6.5537],[106.8375,-6.5537],[106.8375,-6.5657]]]},"properties":{"lc_code":1,"lc_name":"Evergreen Broadleaf Forest"}},{"type":"Feature","geometry":{"type":"Polygon","coordinates":[[[106.85,-6.5657],[106.8625,-6.5657],[106.8625,-6.5537],[106.85,-6.5537],[106.85,-6.5657]]]},"properties":{"lc_code":1,"lc_name":"Evergreen Broadleaf Forest"}},{"type":"Feature","geometry":{"type":"Polygon","coordinates":[[[106.8625,-6.5657],[106.875,-6.5657],[106.875,-6.5537],[106.8625,-6.5537],[106.8625,-6.5657]]]},"properties":{"lc_code":1,"lc_name":"Evergreen Broadleaf Forest"}},{"type":"Feature","geometry":{"type":"Polygon","coordinates":[[[106.875,-6.5657],[106.8875,-6.5657],[106.8875,-6.5537],[106.875,-6.5537],[106.875,-6.5657]]]},"properties":{"lc_code":1,"lc_name":"Evergreen Broadleaf Forest"}},{"type":"Feature","geometry":{"type":"Polygon","coordinates":[[[106.8875,-6.5657],[106.9,-6.5657],[106.9,-6.5537],[106.8875,-6.5537],[106.8875,-6.5657]]]},"properties":{"lc_code":1,"lc_name":"Evergreen Broadleaf Forest"}},{"type":"Feature","geometry":{"type":"Polygon","coordinates":[[[106.9,-6.5657],[106.9125,-6.5657],[106.9125,-6.5537],[106.9,-6.5537],[106.9,-6.5657]]]},"properties":{"lc_code":1,"lc_name":"Evergreen Broadleaf Forest"}},{"type":"Feature","geometry":{"type":"Polygon","coordinates":[[[106.9125,-6.5657],[106.925,-6.5657],[106.925,-6.5537],[106.9125,-6.5537],[106.9125,-6.5657]]]},"properties":{"lc_code":1,"lc_name":"Evergreen Broadleaf Forest"}},{"type":"Feature","geometry":{"type":"Polygon","coordinates":[[[106.925,-6.5657],[106.9375,-6.5657],[106.9375,-6.5537],[106.925,-6.5537],[106.925,-6.5657]]]},"properties":{"lc_code":1,"lc_name":"Evergreen Broadleaf Forest"}},{"type":"Feature","geometry":{"type":"Polygon","coordinates":[[[106.9375,-6.5657],[106.95,-6.5657],[106.95,-6.5537],[106.9375,-6.5537],[106.9375,-6.5657]]]},"properties":{"lc_code":1,"lc_name":"Evergreen Broadleaf Forest"}},{"type":"Feature","geometry":{"type":"Polygon","coordinates":[[[106.95,-6.5657],[106.9625,-6.5657],[106.9625,-6.5537],[106.95,-6.5537],[106.95,-6.5657]]]},"properties":{"lc_code":1,"lc_name":"Evergreen Broadleaf Forest"}},{"type":"Feature","geometry":{"type":"Polygon","coordinates":[[[106.9625,-6.5657],[106.975,-6.5657],[106.975,-6.5537],[106.9625,-6.5537],[106.9625,-6.5657]]]},"properties":{"lc_code":1,"lc_name":"Evergreen Broadleaf Forest"}},{"type":"Feature","geometry":{"type":"Polygon","coordinates":[[[106.975,-6.5657],[106.9875,-6.5657],[106.9875,-6.5537],[106.975,-6.5537],[106.975,-6.5657]]]},"properties":{"lc_code":1,"lc_name":"Evergreen Broadleaf Forest"}},{"type":"Feature","geometry":{"type":"Polygon","coordinates":[[[106.9875,-6.5657],[107,-6.5657],[107,-6.5537],[106.9875,-6.5537],[106.9875,-6.5657]]]},"properties":{"lc_code":1,"lc_name":"Evergreen Broadleaf Forest"}},{"type":"Feature","geometry":{"type":"Polygon","coordinates":[[[107,-6.5657],[107.0125,-6.5657],[107.0125,-6.5537],[107,-6.5537],[107,-6.5657]]]},"properties":{"lc_code":1,"lc_name":"Evergreen Broadleaf Forest"}},{"type":"Feature","geometry":{"type":"Polygon","coordinates":[[[107.0125,-6.5657],[107.025,-6.5657],[107.025,-6.5537],[107.0125,-6.5537],[107.0125,-6.5657]]]},"properties":{"lc_code":1,"lc_name":"Evergreen Broadleaf Forest"}},{"type":"Feature","geometry":{"type":"Polygon","coordinates":[[[107.025,-6.5657],[107.0375,-6.5657],[107.0375,-6.5537],[107.025,-6.5537],[107.025,-6.5657]]]},"properties":{"lc_code":1,"lc_name":"Evergreen Broadleaf Forest"}},{"type":"Feature","geometry":{"type":"Polygon","coordinates":[[[107.0375,-6.5657],[107.05,-6.5657],[107.05,-6.5537],[107.0375,-6.5537],[107.0375,-6.5657]]]},"properties":{"lc_code":1,"lc_name":"Evergreen Broadleaf Forest"}},{"type":"Feature","geometry":{"type":"Polygon","coordinates":[[[107.05,-6.5657],[107.0625,-6.5657],[107.0625,-6.5537],[107.05,-6.5537],[107.05,-6.5657]]]},"properties":{"lc_code":1,"lc_name":"Evergreen Broadleaf Forest"}},{"type":"Feature","geometry":{"type":"Polygon","coordinates":[[[107.0625,-6.5657],[107.075,-6.5657],[107.075,-6.5537],[107.0625,-6.5537],[107.0625,-6.5657]]]},"properties":{"lc_code":1,"lc_name":"Evergreen Broadleaf Forest"}},{"type":"Feature","geometry":{"type":"Polygon","coordinates":[[[107.075,-6.5657],[107.0875,-6.5657],[107.0875,-6.5537],[107.075,-6.5537],[107.075,-6.5657]]]},"properties":{"lc_code":1,"lc_name":"Evergreen Broadleaf Forest"}},{"type":"Feature","geometry":{"type":"Polygon","coordinates":[[[107.0875,-6.5657],[107.1,-6.5657],[107.1,-6.5537],[107.0875,-6.5537],[107.0875,-6.5657]]]},"properties":{"lc_code":1,"lc_name":"Evergreen Broadleaf Forest"}},{"type":"Feature","geometry":{"type":"Polygon","coordinates":[[[107.1,-6.5657],[107.1125,-6.5657],[107.1125,-6.5537],[107.1,-6.5537],[107.1,-6.5657]]]},"properties":{"lc_code":1,"lc_name":"Evergreen Broadleaf Forest"}},{"type":"Feature","geometry":{"type":"Polygon","coordinates":[[[107.1125,-6.5657],[107.125,-6.5657],[107.125,-6.5537],[107.1125,-6.5537],[107.1125,-6.5657]]]},"properties":{"lc_code":1,"lc_name":"Evergreen Broadleaf Forest"}},{"type":"Feature","geometry":{"type":"Polygon","coordinates":[[[107.125,-6.5657],[107.1375,-6.5657],[107.1375,-6.5537],[107.125,-6.5537],[107.125,-6.5657]]]},"properties":{"lc_code":1,"lc_name":"Evergreen Broadleaf Forest"}},{"type":"Feature","geometry":{"type":"Polygon","coordinates":[[[107.1375,-6.5657],[107.15,-6.5657],[107.15,-6.5537],[107.1375,-6.5537],[107.1375,-6.5657]]]},"properties":{"lc_code":1,"lc_name":"Evergreen Broadleaf Forest"}},{"type":"Feature","geometry":{"type":"Polygon","coordinates":[[[107.15,-6.5657],[107.1625,-6.5657],[107.1625,-6.5537],[107.15,-6.5537],[107.15,-6.5657]]]},"properties":{"lc_code":1,"lc_name":"Evergreen Broadleaf Forest"}},{"type":"Feature","geometry":{"type":"Polygon","coordinates":[[[107.1625,-6.5657],[107.175,-6.5657],[107.175,-6.5537],[107.1625,-6.5537],[107.1625,-6.5657]]]},"properties":{"lc_code":1,"lc_name":"Evergreen Broadleaf Forest"}},{"type":"Feature","geometry":{"type":"Polygon","coordinates":[[[107.175,-6.5657],[107.1875,-6.5657],[107.1875,-6.5537],[107.175,-6.5537],[107.175,-6.5657]]]},"properties":{"lc_code":1,"lc_name":"Evergreen Broadleaf Forest"}},{"type":"Feature","geometry":{"type":"Polygon","coordinates":[[[107.1875,-6.5657],[107.2,-6.5657],[107.2,-6.5537],[107.1875,-6.5537],[107.1875,-6.5657]]]},"properties":{"lc_code":1,"lc_name":"Evergreen Broadleaf Forest"}},{"type":"Feature","geometry":{"type":"Polygon","coordinates":[[[107.2,-6.5657],[107.2125,-6.5657],[107.2125,-6.5537],[107.2,-6.5537],[107.2,-6.5657]]]},"properties":{"lc_code":1,"lc_name":"Evergreen Broadleaf Forest"}},{"type":"Feature","geometry":{"type":"Polygon","coordinates":[[[107.2125,-6.5657],[107.225,-6.5657],[107.225,-6.5537],[107.2125,-6.5537],[107.2125,-6.5657]]]},"properties":{"lc_code":1,"lc_name":"Evergreen Broadleaf Forest"}},{"type":"Feature","geometry":{"type":"Polygon","coordinates":[[[107.225,-6.5657],[107.2375,-6.5657],[107.2375,-6.5537],[107.225,-6.5537],[107.225,-6.5657]]]},"properties":{"lc_code":1,"lc_name":"Evergreen Broadleaf Forest"}},{"type":"Feature","geometry":{"type":"Polygon","coordinates":[[[107.2375,-6.5657],[107.25,-6.5657],[107.25,-6.5537],[107.2375,-6.5537],[107.2375,-6.5657]]]},"properties":{"lc_code":1,"lc_name":"Evergreen Broadleaf Forest"}},{"type":"Feature","geometry":{"type":"Polygon","coordinates":[[[107.25,-6.5657],[107.2625,-6.5657],[107.2625,-6.5537],[107.25,-6.5537],[107.25,-6.5657]]]},"properties":{"lc_code":1,"lc_name":"Evergreen Broadleaf Forest"}},{"type":"Feature","geometry":{"type":"Polygon","coordinates":[[[107.2625,-6.5657],[107.275,-6.5657],[107.275,-6.5537],[107.2625,-6.5537],[107.2625,-6.5657]]]},"properties":{"lc_code":1,"lc_name":"Evergreen Broadleaf Forest"}},{"type":"Feature","geometry":{"type":"Polygon","coordinates":[[[107.275,-6.5657],[107.2875,-6.5657],[107.2875,-6.5537],[107.275,-6.5537],[107.275,-6.5657]]]},"properties":{"lc_code":1,"lc_name":"Evergreen Broadleaf Forest"}},{"type":"Feature","geometry":{"type":"Polygon","coordinates":[[[107.2875,-6.5657],[107.3,-6.5657],[107.3,-6.5537],[107.2875,-6.5537],[107.2875,-6.5657]]]},"properties":{"lc_code":1,"lc_name":"Evergreen Broadleaf Forest"}},{"type":"Feature","geometry":{"type":"Polygon","coordinates":[[[106.5,-6.5537],[106.5125,-6.5537],[106.5125,-6.5417],[106.5,-6.5417],[106.5,-6.5537]]]},"properties":{"lc_code":1,"lc_name":"Evergreen Broadleaf Forest"}},{"type":"Feature","geometry":{"type":"Polygon","coordinates":[[[106.5125,-6.5537],[106.525,-6.5537],[106.525,-6.5417],[106.5125,-6.5417],[106.5125,-6.5537]]]},"properties":{"lc_code":1,"lc_name":"Evergreen Broadleaf Forest"}},{"type":"Feature","geometry":{"type":"Polygon","coordinates":[[[106.525,-6.5537],[106.5375,-6.5537],[106.5375,-6.5417],[106.525,-6.5417],[106.525,-6.5537]]]},"properties":{"lc_code":1,"lc_name":"Evergreen Broadleaf Forest"}},{"type":"Feature","geometry":{"type":"Polygon","coordinates":[[[106.5375,-6.5537],[106.55,-6.5537],[106.55,-6.5417],[106.5375,-6.5417],[106.5375,-6.5537]]]},"properties":{"lc_code":1,"lc_name":"Evergreen Broadleaf Forest"}},{"type":"Feature","geometry":{"type":"Polygon","coordinates":[[[106.55,-6.5537],[106.5625,-6.5537],[106.5625,-6.5417],[106.55,-6.5417],[106.55,-6.5537]]]},"properties":{"lc_code":1,"lc_name":"Evergreen Broadleaf Forest"}},{"type":"Feature","geometry":{"type":"Polygon","coordinates":[[[106.5625,-6.5537],[106.575,-6.5537],[106.575,-6.5417],[106.5625,-6.5417],[106.5625,-6.5537]]]},"properties":{"lc_code":1,"lc_name":"Evergreen Broadleaf Forest"}},{"type":"Feature","geometry":{"type":"Polygon","coordinates":[[[106.575,-6.5537],[106.5875,-6.5537],[106.5875,-6.5417],[106.575,-6.5417],[106.575,-6.5537]]]},"properties":{"lc_code":1,"lc_name":"Evergreen Broadleaf Forest"}},{"type":"Feature","geometry":{"type":"Polygon","coordinates":[[[106.5875,-6.5537],[106.6,-6.5537],[106.6,-6.5417],[106.5875,-6.5417],[106.5875,-6.5537]]]},"properties":{"lc_code":1,"lc_name":"Evergreen Broadleaf Forest"}},{"type":"Feature","geometry":{"type":"Polygon","coordinates":[[[106.6,-6.5537],[106.6125,-6.5537],[106.6125,-6.5417],[106.6,-6.5417],[106.6,-6.5537]]]},"properties":{"lc_code":1,"lc_name":"Evergreen Broadleaf Forest"}},{"type":"Feature","geometry":{"type":"Polygon","coordinates":[[[106.6125,-6.5537],[106.625,-6.5537],[106.625,-6.5417],[106.6125,-6.5417],[106.6125,-6.5537]]]},"properties":{"lc_code":1,"lc_name":"Evergreen Broadleaf Forest"}},{"type":"Feature","geometry":{"type":"Polygon","coordinates":[[[106.625,-6.5537],[106.6375,-6.5537],[106.6375,-6.5417],[106.625,-6.5417],[106.625,-6.5537]]]},"properties":{"lc_code":1,"lc_name":"Evergreen Broadleaf Forest"}},{"type":"Feature","geometry":{"type":"Polygon","coordinates":[[[106.6375,-6.5537],[106.65,-6.5537],[106.65,-6.5417],[106.6375,-6.5417],[106.6375,-6.5537]]]},"properties":{"lc_code":1,"lc_name":"Evergreen Broadleaf Forest"}},{"type":"Feature","geometry":{"type":"Polygon","coordinates":[[[106.65,-6.5537],[106.6625,-6.5537],[106.6625,-6.5417],[106.65,-6.5417],[106.65,-6.5537]]]},"properties":{"lc_code":1,"lc_name":"Evergreen Broadleaf Forest"}},{"type":"Feature","geometry":{"type":"Polygon","coordinates":[[[106.6625,-6.5537],[106.675,-6.5537],[106.675,-6.5417],[106.6625,-6.5417],[106.6625,-6.5537]]]},"properties":{"lc_code":1,"lc_name":"Evergreen Broadleaf Forest"}},{"type":"Feature","geometry":{"type":"Polygon","coordinates":[[[106.675,-6.5537],[106.6875,-6.5537],[106.6875,-6.5417],[106.675,-6.5417],[106.675,-6.5537]]]},"properties":{"lc_code":1,"lc_name":"Evergreen Broadleaf Forest"}},{"type":"Feature","geometry":{"type":"Polygon","coordinates":[[[106.6875,-6.5537],[106.7,-6.5537],[106.7,-6.5417],[106.6875,-6.5417],[106.6875,-6.5537]]]},"properties":{"lc_code":1,"lc_name":"Evergreen Broadleaf Forest"}},{"type":"Feature","geometry":{"type":"Polygon","coordinates":[[[106.7,-6.5537],[106.7125,-6.5537],[106.7125,-6.5417],[106.7,-6.5417],[106.7,-6.5537]]]},"properties":{"lc_code":1,"lc_name":"Evergreen Broadleaf Forest"}},{"type":"Feature","geometry":{"type":"Polygon","coordinates":[[[106.7125,-6.5537],[106.725,-6.5537],[106.725,-6.5417],[106.7125,-6.5417],[106.7125,-6.5537]]]},"properties":{"lc_code":1,"lc_name":"Evergreen Broadleaf Forest"}},{"type":"Feature","geometry":{"type":"Polygon","coordinates":[[[106.725,-6.5537],[106.7375,-6.5537],[106.7375,-6.5417],[106.725,-6.5417],[106.725,-6.5537]]]},"properties":{"lc_code":1,"lc_name":"Evergreen Broadleaf Forest"}},{"type":"Feature","geometry":{"type":"Polygon","coordinates":[[[106.7375,-6.5537],[106.75,-6.5537],[106.75,-6.5417],[106.7375,-6.5417],[106.7375,-6.5537]]]},"properties":{"lc_code":1,"lc_name":"Evergreen Broadleaf Forest"}},{"type":"Feature","geometry":{"type":"Polygon","coordinates":[[[106.75,-6.5537],[106.7625,-6.5537],[106.7625,-6.5417],[106.75,-6.5417],[106.75,-6.5537]]]},"properties":{"lc_code":1,"lc_name":"Evergreen Broadleaf Forest"}},{"type":"Feature","geometry":{"type":"Polygon","coordinates":[[[106.7625,-6.5537],[106.775,-6.5537],[106.775,-6.5417],[106.7625,-6.5417],[106.7625,-6.5537]]]},"properties":{"lc_code":1,"lc_name":"Evergreen Broadleaf Forest"}},{"type":"Feature","geometry":{"type":"Polygon","coordinates":[[[106.775,-6.5537],[106.7875,-6.5537],[106.7875,-6.5417],[106.775,-6.5417],[106.775,-6.5537]]]},"properties":{"lc_code":1,"lc_name":"Evergreen Broadleaf Forest"}},{"type":"Feature","geometry":{"type":"Polygon","coordinates":[[[106.7875,-6.5537],[106.8,-6.5537],[106.8,-6.5417],[106.7875,-6.5417],[106.7875,-6.5537]]]},"properties":{"lc_code":1,"lc_name":"Evergreen Broadleaf Forest"}},{"type":"Feature","geometry":{"type":"Polygon","coordinates":[[[106.8,-6.5537],[106.8125,-6.5537],[106.8125,-6.5417],[106.8,-6.5417],[106.8,-6.5537]]]},"properties":{"lc_code":1,"lc_name":"Evergreen Broadleaf Forest"}},{"type":"Feature","geometry":{"type":"Polygon","coordinates":[[[106.8125,-6.5537],[106.825,-6.5537],[106.825,-6.5417],[106.8125,-6.5417],[106.8125,-6.5537]]]},"properties":{"lc_code":1,"lc_name":"Evergreen Broadleaf Forest"}},{"type":"Feature","geometry":{"type":"Polygon","coordinates":[[[106.825,-6.5537],[106.8375,-6.5537],[106.8375,-6.5417],[106.825,-6.5417],[106.825,-6.5537]]]},"properties":{"lc_code":1,"lc_name":"Evergreen Broadleaf Forest"}},{"type":"Feature","geometry":{"type":"Polygon","coordinates":[[[106.8375,-6.5537],[106.85,-6.5537],[106.85,-6.5417],[106.8375,-6.5417],[106.8375,-6.5537]]]},"properties":{"lc_code":1,"lc_name":"Evergreen Broadleaf Forest"}},{"type":"Feature","geometry":{"type":"Polygon","coordinates":[[[106.85,-6.5537],[106.8625,-6.5537],[106.8625,-6.5417],[106.85,-6.5417],[106.85,-6.5537]]]},"properties":{"lc_code":1,"lc_name":"Evergreen Broadleaf Forest"}},{"type":"Feature","geometry":{"type":"Polygon","coordinates":[[[106.8625,-6.5537],[106.875,-6.5537],[106.875,-6.5417],[106.8625,-6.5417],[106.8625,-6.5537]]]},"properties":{"lc_code":1,"lc_name":"Evergreen Broadleaf Forest"}},{"type":"Feature","geometry":{"type":"Polygon","coordinates":[[[106.875,-6.5537],[106.8875,-6.5537],[106.8875,-6.5417],[106.875,-6.5417],[106.875,-6.5537]]]},"properties":{"lc_code":1,"lc_name":"Evergreen Broadleaf Forest"}},{"type":"Feature","geometry":{"type":"Polygon","coordinates":[[[106.8875,-6.5537],[106.9,-6.5537],[106.9,-6.5417],[106.8875,-6.5417],[106.8875,-6.5537]]]},"properties":{"lc_code":1,"lc_name":"Evergreen Broadleaf Forest"}},{"type":"Feature","geometry":{"type":"Polygon","coordinates":[[[106.9,-6.5537],[106.9125,-6.5537],[106.9125,-6.5417],[106.9,-6.5417],[106.9,-6.5537]]]},"properties":{"lc_code":1,"lc_name":"Evergreen Broadleaf Forest"}},{"type":"Feature","geometry":{"type":"Polygon","coordinates":[[[106.9125,-6.5537],[106.925,-6.5537],[106.925,-6.5417],[106.9125,-6.5417],[106.9125,-6.5537]]]},"properties":{"lc_code":1,"lc_name":"Evergreen Broadleaf Forest"}},{"type":"Feature","geometry":{"type":"Polygon","coordinates":[[[106.925,-6.5537],[106.9375,-6.5537],[106.9375,-6.5417],[106.925,-6.5417],[106.925,-6.5537]]]},"properties":{"lc_code":1,"lc_name":"Evergreen Broadleaf Forest"}},{"type":"Feature","geometry":{"type":"Polygon","coordinates":[[[106.9375,-6.5537],[106.95,-6.5537],[106.95,-6.5417],[106.9375,-6.5417],[106.9375,-6.5537]]]},"properties":{"lc_code":1,"lc_name":"Evergreen Broadleaf Forest"}},{"type":"Feature","geometry":{"type":"Polygon","coordinates":[[[106.95,-6.5537],[106.9625,-6.5537],[106.9625,-6.5417],[106.95,-6.5417],[106.95,-6.5537]]]},"properties":{"lc_code":1,"lc_name":"Evergreen Broadleaf Forest"}},{"type":"Feature","geometry":{"type":"Polygon","coordinates":[[[106.9625,-6.5537],[106.975,-6.5537],[106.975,-6.5417],[106.9625,-6.5417],[106.9625,-6.5537]]]},"properties":{"lc_code":1,"lc_name":"Evergreen Broadleaf Forest"}},{"type":"Feature","geometry":{"type":"Polygon","coordinates":[[[106.975,-6.5537],[106.9875,-6.5537],[106.9875,-6.5417],[106.975,-6.5417],[106.975,-6.5537]]]},"properties":{"lc_code":1,"lc_name":"Evergreen Broadleaf Forest"}},{"type":"Feature","geometry":{"type":"Polygon","coordinates":[[[106.9875,-6.5537],[107,-6.5537],[107,-6.5417],[106.9875,-6.5417],[106.9875,-6.5537]]]},"properties":{"lc_code":1,"lc_name":"Evergreen Broadleaf Forest"}},{"type":"Feature","geometry":{"type":"Polygon","coordinates":[[[107,-6.5537],[107.0125,-6.5537],[107.0125,-6.5417],[107,-6.5417],[107,-6.5537]]]},"properties":{"lc_code":1,"lc_name":"Evergreen Broadleaf Forest"}},{"type":"Feature","geometry":{"type":"Polygon","coordinates":[[[107.0125,-6.5537],[107.025,-6.5537],[107.025,-6.5417],[107.0125,-6.5417],[107.0125,-6.5537]]]},"properties":{"lc_code":1,"lc_name":"Evergreen Broadleaf Forest"}},{"type":"Feature","geometry":{"type":"Polygon","coordinates":[[[107.025,-6.5537],[107.0375,-6.5537],[107.0375,-6.5417],[107.025,-6.5417],[107.025,-6.5537]]]},"properties":{"lc_code":1,"lc_name":"Evergreen Broadleaf Forest"}},{"type":"Feature","geometry":{"type":"Polygon","coordinates":[[[107.0375,-6.5537],[107.05,-6.5537],[107.05,-6.5417],[107.0375,-6.5417],[107.0375,-6.5537]]]},"properties":{"lc_code":1,"lc_name":"Evergreen Broadleaf Forest"}},{"type":"Feature","geometry":{"type":"Polygon","coordinates":[[[107.05,-6.5537],[107.0625,-6.5537],[107.0625,-6.5417],[107.05,-6.5417],[107.05,-6.5537]]]},"properties":{"lc_code":1,"lc_name":"Evergreen Broadleaf Forest"}},{"type":"Feature","geometry":{"type":"Polygon","coordinates":[[[107.0625,-6.5537],[107.075,-6.5537],[107.075,-6.5417],[107.0625,-6.5417],[107.0625,-6.5537]]]},"properties":{"lc_code":1,"lc_name":"Evergreen Broadleaf Forest"}},{"type":"Feature","geometry":{"type":"Polygon","coordinates":[[[107.075,-6.5537],[107.0875,-6.5537],[107.0875,-6.5417],[107.075,-6.5417],[107.075,-6.5537]]]},"properties":{"lc_code":1,"lc_name":"Evergreen Broadleaf Forest"}},{"type":"Feature","geometry":{"type":"Polygon","coordinates":[[[107.0875,-6.5537],[107.1,-6.5537],[107.1,-6.5417],[107.0875,-6.5417],[107.0875,-6.5537]]]},"properties":{"lc_code":1,"lc_name":"Evergreen Broadleaf Forest"}},{"type":"Feature","geometry":{"type":"Polygon","coordinates":[[[107.1,-6.5537],[107.1125,-6.5537],[107.1125,-6.5417],[107.1,-6.5417],[107.1,-6.5537]]]},"properties":{"lc_code":1,"lc_name":"Evergreen Broadleaf Forest"}},{"type":"Feature","geometry":{"type":"Polygon","coordinates":[[[107.1125,-6.5537],[107.125,-6.5537],[107.125,-6.5417],[107.1125,-6.5417],[107.1125,-6.5537]]]},"properties":{"lc_code":1,"lc_name":"Evergreen Broadleaf Forest"}},{"type":"Feature","geometry":{"type":"Polygon","coordinates":[[[107.125,-6.5537],[107.1375,-6.5537],[107.1375,-6.5417],[107.125,-6.5417],[107.125,-6.5537]]]},"properties":{"lc_code":1,"lc_name":"Evergreen Broadleaf Forest"}},{"type":"Feature","geometry":{"type":"Polygon","coordinates":[[[107.1375,-6.5537],[107.15,-6.5537],[107.15,-6.5417],[107.1375,-6.5417],[107.1375,-6.5537]]]},"properties":{"lc_code":1,"lc_name":"Evergreen Broadleaf Forest"}},{"type":"Feature","geometry":{"type":"Polygon","coordinates":[[[107.15,-6.5537],[107.1625,-6.5537],[107.1625,-6.5417],[107.15,-6.5417],[107.15,-6.5537]]]},"properties":{"lc_code":1,"lc_name":"Evergreen Broadleaf Forest"}},{"type":"Feature","geometry":{"type":"Polygon","coordinates":[[[107.1625,-6.5537],[107.175,-6.5537],[107.175,-6.5417],[107.1625,-6.5417],[107.1625,-6.5537]]]},"properties":{"lc_code":1,"lc_name":"Evergreen Broadleaf Forest"}},{"type":"Feature","geometry":{"type":"Polygon","coordinates":[[[107.175,-6.5537],[107.1875,-6.5537],[107.1875,-6.5417],[107.175,-6.5417],[107.175,-6.5537]]]},"properties":{"lc_code":1,"lc_name":"Evergreen Broadleaf Forest"}},{"type":"Feature","geometry":{"type":"Polygon","coordinates":[[[107.1875,-6.5537],[107.2,-6.5537],[107.2,-6.5417],[107.1875,-6.5417],[107.1875,-6.5537]]]},"properties":{"lc_code":1,"lc_name":"Evergreen Broadleaf Forest"}},{"type":"Feature","geometry":{"type":"Polygon","coordinates":[[[107.2,-6.5537],[107.2125,-6.5537],[107.2125,-6.5417],[107.2,-6.5417],[107.2,-6.5537]]]},"properties":{"lc_code":1,"lc_name":"Evergreen Broadleaf Forest"}},{"type":"Feature","geometry":{"type":"Polygon","coordinates":[[[107.2125,-6.5537],[107.225,-6.5537],[107.225,-6.5417],[107.2125,-6.5417],[107.2125,-6.5537]]]},"properties":{"lc_code":1,"lc_name":"Evergreen Broadleaf Forest"}},{"type":"Feature","geometry":{"type":"Polygon","coordinates":[[[107.225,-6.5537],[107.2375,-6.5537],[107.2375,-6.5417],[107.225,-6.5417],[107.225,-6.5537]]]},"properties":{"lc_code":1,"lc_name":"Evergreen Broadleaf Forest"}},{"type":"Feature","geometry":{"type":"Polygon","coordinates":[[[107.2375,-6.5537],[107.25,-6.5537],[107.25,-6.5417],[107.2375,-6.5417],[107.2375,-6.5537]]]},"properties":{"lc_code":1,"lc_name":"Evergreen Broadleaf Forest"}},{"type":"Feature","geometry":{"type":"Polygon","coordinates":[[[107.25,-6.5537],[107.2625,-6.5537],[107.2625,-6.5417],[107.25,-6.5417],[107.25,-6.5537]]]},"properties":{"lc_code":1,"lc_name":"Evergreen Broadleaf Forest"}},{"type":"Feature","geometry":{"type":"Polygon","coordinates":[[[107.2625,-6.5537],[107.275,-6.5537],[107.275,-6.5417],[107.2625,-6.5417],[107.2625,-6.5537]]]},"properties":{"lc_code":1,"lc_name":"Evergreen Broadleaf Forest"}},{"type":"Feature","geometry":{"type":"Polygon","coordinates":[[[107.275,-6.5537],[107.2875,-6.5537],[107.2875,-6.5417],[107.275,-6.5417],[107.275,-6.5537]]]},"properties":{"lc_code":1,"lc_name":"Evergreen Broadleaf Forest"}},{"type":"Feature","geometry":{"type":"Polygon","coordinates":[[[107.2875,-6.5537],[107.3,-6.5537],[107.3,-6.5417],[107.2875,-6.5417],[107.2875,-6.5537]]]},"properties":{"lc_code":1,"lc_name":"Evergreen Broadleaf Forest"}},{"type":"Feature","geometry":{"type":"Polygon","coordinates":[[[106.5,-6.5417],[106.5125,-6.5417],[106.5125,-6.5296],[106.5,-6.5296],[106.5,-6.5417]]]},"properties":{"lc_code":1,"lc_name":"Evergreen Broadleaf Forest"}},{"type":"Feature","geometry":{"type":"Polygon","coordinates":[[[106.5125,-6.5417],[106.525,-6.5417],[106.525,-6.5296],[106.5125,-6.5296],[106.5125,-6.5417]]]},"properties":{"lc_code":1,"lc_name":"Evergreen Broadleaf Forest"}},{"type":"Feature","geometry":{"type":"Polygon","coordinates":[[[106.525,-6.5417],[106.5375,-6.5417],[106.5375,-6.5296],[106.525,-6.5296],[106.525,-6.5417]]]},"properties":{"lc_code":1,"lc_name":"Evergreen Broadleaf Forest"}},{"type":"Feature","geometry":{"type":"Polygon","coordinates":[[[106.5375,-6.5417],[106.55,-6.5417],[106.55,-6.5296],[106.5375,-6.5296],[106.5375,-6.5417]]]},"properties":{"lc_code":1,"lc_name":"Evergreen Broadleaf Forest"}},{"type":"Feature","geometry":{"type":"Polygon","coordinates":[[[106.55,-6.5417],[106.5625,-6.5417],[106.5625,-6.5296],[106.55,-6.5296],[106.55,-6.5417]]]},"properties":{"lc_code":1,"lc_name":"Evergreen Broadleaf Forest"}},{"type":"Feature","geometry":{"type":"Polygon","coordinates":[[[106.5625,-6.5417],[106.575,-6.5417],[106.575,-6.5296],[106.5625,-6.5296],[106.5625,-6.5417]]]},"properties":{"lc_code":1,"lc_name":"Evergreen Broadleaf Forest"}},{"type":"Feature","geometry":{"type":"Polygon","coordinates":[[[106.575,-6.5417],[106.5875,-6.5417],[106.5875,-6.5296],[106.575,-6.5296],[106.575,-6.5417]]]},"properties":{"lc_code":1,"lc_name":"Evergreen Broadleaf Forest"}},{"type":"Feature","geometry":{"type":"Polygon","coordinates":[[[106.5875,-6.5417],[106.6,-6.5417],[106.6,-6.5296],[106.5875,-6.5296],[106.5875,-6.5417]]]},"properties":{"lc_code":1,"lc_name":"Evergreen Broadleaf Forest"}},{"type":"Feature","geometry":{"type":"Polygon","coordinates":[[[106.6,-6.5417],[106.6125,-6.5417],[106.6125,-6.5296],[106.6,-6.5296],[106.6,-6.5417]]]},"properties":{"lc_code":1,"lc_name":"Evergreen Broadleaf Forest"}},{"type":"Feature","geometry":{"type":"Polygon","coordinates":[[[106.6125,-6.5417],[106.625,-6.5417],[106.625,-6.5296],[106.6125,-6.5296],[106.6125,-6.5417]]]},"properties":{"lc_code":1,"lc_name":"Evergreen Broadleaf Forest"}},{"type":"Feature","geometry":{"type":"Polygon","coordinates":[[[106.625,-6.5417],[106.6375,-6.5417],[106.6375,-6.5296],[106.625,-6.5296],[106.625,-6.5417]]]},"properties":{"lc_code":1,"lc_name":"Evergreen Broadleaf Forest"}},{"type":"Feature","geometry":{"type":"Polygon","coordinates":[[[106.6375,-6.5417],[106.65,-6.5417],[106.65,-6.5296],[106.6375,-6.5296],[106.6375,-6.5417]]]},"properties":{"lc_code":1,"lc_name":"Evergreen Broadleaf Forest"}},{"type":"Feature","geometry":{"type":"Polygon","coordinates":[[[106.65,-6.5417],[106.6625,-6.5417],[106.6625,-6.5296],[106.65,-6.5296],[106.65,-6.5417]]]},"properties":{"lc_code":1,"lc_name":"Evergreen Broadleaf Forest"}},{"type":"Feature","geometry":{"type":"Polygon","coordinates":[[[106.6625,-6.5417],[106.675,-6.5417],[106.675,-6.5296],[106.6625,-6.5296],[106.6625,-6.5417]]]},"properties":{"lc_code":1,"lc_name":"Evergreen Broadleaf Forest"}},{"type":"Feature","geometry":{"type":"Polygon","coordinates":[[[106.675,-6.5417],[106.6875,-6.5417],[106.6875,-6.5296],[106.675,-6.5296],[106.675,-6.5417]]]},"properties":{"lc_code":1,"lc_name":"Evergreen Broadleaf Forest"}},{"type":"Feature","geometry":{"type":"Polygon","coordinates":[[[106.6875,-6.5417],[106.7,-6.5417],[106.7,-6.5296],[106.6875,-6.5296],[106.6875,-6.5417]]]},"properties":{"lc_code":1,"lc_name":"Evergreen Broadleaf Forest"}},{"type":"Feature","geometry":{"type":"Polygon","coordinates":[[[106.7,-6.5417],[106.7125,-6.5417],[106.7125,-6.5296],[106.7,-6.5296],[106.7,-6.5417]]]},"properties":{"lc_code":1,"lc_name":"Evergreen Broadleaf Forest"}},{"type":"Feature","geometry":{"type":"Polygon","coordinates":[[[106.7125,-6.5417],[106.725,-6.5417],[106.725,-6.5296],[106.7125,-6.5296],[106.7125,-6.5417]]]},"properties":{"lc_code":1,"lc_name":"Evergreen Broadleaf Forest"}},{"type":"Feature","geometry":{"type":"Polygon","coordinates":[[[106.725,-6.5417],[106.7375,-6.5417],[106.7375,-6.5296],[106.725,-6.5296],[106.725,-6.5417]]]},"properties":{"lc_code":1,"lc_name":"Evergreen Broadleaf Forest"}},{"type":"Feature","geometry":{"type":"Polygon","coordinates":[[[106.7375,-6.5417],[106.75,-6.5417],[106.75,-6.5296],[106.7375,-6.5296],[106.7375,-6.5417]]]},"properties":{"lc_code":1,"lc_name":"Evergreen Broadleaf Forest"}},{"type":"Feature","geometry":{"type":"Polygon","coordinates":[[[106.75,-6.5417],[106.7625,-6.5417],[106.7625,-6.5296],[106.75,-6.5296],[106.75,-6.5417]]]},"properties":{"lc_code":1,"lc_name":"Evergreen Broadleaf Forest"}},{"type":"Feature","geometry":{"type":"Polygon","coordinates":[[[106.7625,-6.5417],[106.775,-6.5417],[106.775,-6.5296],[106.7625,-6.5296],[106.7625,-6.5417]]]},"properties":{"lc_code":1,"lc_name":"Evergreen Broadleaf Forest"}},{"type":"Feature","geometry":{"type":"Polygon","coordinates":[[[106.775,-6.5417],[106.7875,-6.5417],[106.7875,-6.5296],[106.775,-6.5296],[106.775,-6.5417]]]},"properties":{"lc_code":1,"lc_name":"Evergreen Broadleaf Forest"}},{"type":"Feature","geometry":{"type":"Polygon","coordinates":[[[106.7875,-6.5417],[106.8,-6.5417],[106.8,-6.5296],[106.7875,-6.5296],[106.7875,-6.5417]]]},"properties":{"lc_code":1,"lc_name":"Evergreen Broadleaf Forest"}},{"type":"Feature","geometry":{"type":"Polygon","coordinates":[[[106.8,-6.5417],[106.8125,-6.5417],[106.8125,-6.5296],[106.8,-6.5296],[106.8,-6.5417]]]},"properties":{"lc_code":1,"lc_name":"Evergreen Broadleaf Forest"}},{"type":"Feature","geometry":{"type":"Polygon","coordinates":[[[106.8125,-6.5417],[106.825,-6.5417],[106.825,-6.5296],[106.8125,-6.5296],[106.8125,-6.5417]]]},"properties":{"lc_code":1,"lc_name":"Evergreen Broadleaf Forest"}},{"type":"Feature","geometry":{"type":"Polygon","coordinates":[[[106.825,-6.5417],[106.8375,-6.5417],[106.8375,-6.5296],[106.825,-6.5296],[106.825,-6.5417]]]},"properties":{"lc_code":1,"lc_name":"Evergreen Broadleaf Forest"}},{"type":"Feature","geometry":{"type":"Polygon","coordinates":[[[106.8375,-6.5417],[106.85,-6.5417],[106.85,-6.5296],[106.8375,-6.5296],[106.8375,-6.5417]]]},"properties":{"lc_code":1,"lc_name":"Evergreen Broadleaf Forest"}},{"type":"Feature","geometry":{"type":"Polygon","coordinates":[[[106.85,-6.5417],[106.8625,-6.5417],[106.8625,-6.5296],[106.85,-6.5296],[106.85,-6.5417]]]},"properties":{"lc_code":1,"lc_name":"Evergreen Broadleaf Forest"}},{"type":"Feature","geometry":{"type":"Polygon","coordinates":[[[106.8625,-6.5417],[106.875,-6.5417],[106.875,-6.5296],[106.8625,-6.5296],[106.8625,-6.5417]]]},"properties":{"lc_code":1,"lc_name":"Evergreen Broadleaf Forest"}},{"type":"Feature","geometry":{"type":"Polygon","coordinates":[[[106.875,-6.5417],[106.8875,-6.5417],[106.8875,-6.5296],[106.875,-6.5296],[106.875,-6.5417]]]},"properties":{"lc_code":1,"lc_name":"Evergreen Broadleaf Forest"}},{"type":"Feature","geometry":{"type":"Polygon","coordinates":[[[106.8875,-6.5417],[106.9,-6.5417],[106.9,-6.5296],[106.8875,-6.5296],[106.8875,-6.5417]]]},"properties":{"lc_code":1,"lc_name":"Evergreen Broadleaf Forest"}},{"type":"Feature","geometry":{"type":"Polygon","coordinates":[[[106.9,-6.5417],[106.9125,-6.5417],[106.9125,-6.5296],[106.9,-6.5296],[106.9,-6.5417]]]},"properties":{"lc_code":1,"lc_name":"Evergreen Broadleaf Forest"}},{"type":"Feature","geometry":{"type":"Polygon","coordinates":[[[106.9125,-6.5417],[106.925,-6.5417],[106.925,-6.5296],[106.9125,-6.5296],[106.9125,-6.5417]]]},"properties":{"lc_code":1,"lc_name":"Evergreen Broadleaf Forest"}},{"type":"Feature","geometry":{"type":"Polygon","coordinates":[[[106.925,-6.5417],[106.9375,-6.5417],[106.9375,-6.5296],[106.925,-6.5296],[106.925,-6.5417]]]},"properties":{"lc_code":1,"lc_name":"Evergreen Broadleaf Forest"}},{"type":"Feature","geometry":{"type":"Polygon","coordinates":[[[106.9375,-6.5417],[106.95,-6.5417],[106.95,-6.5296],[106.9375,-6.5296],[106.9375,-6.5417]]]},"properties":{"lc_code":1,"lc_name":"Evergreen Broadleaf Forest"}},{"type":"Feature","geometry":{"type":"Polygon","coordinates":[[[106.95,-6.5417],[106.9625,-6.5417],[106.9625,-6.5296],[106.95,-6.5296],[106.95,-6.5417]]]},"properties":{"lc_code":1,"lc_name":"Evergreen Broadleaf Forest"}},{"type":"Feature","geometry":{"type":"Polygon","coordinates":[[[106.9625,-6.5417],[106.975,-6.5417],[106.975,-6.5296],[106.9625,-6.5296],[106.9625,-6.5417]]]},"properties":{"lc_code":1,"lc_name":"Evergreen Broadleaf Forest"}},{"type":"Feature","geometry":{"type":"Polygon","coordinates":[[[106.975,-6.5417],[106.9875,-6.5417],[106.9875,-6.5296],[106.975,-6.5296],[106.975,-6.5417]]]},"properties":{"lc_code":1,"lc_name":"Evergreen Broadleaf Forest"}},{"type":"Feature","geometry":{"type":"Polygon","coordinates":[[[106.9875,-6.5417],[107,-6.5417],[107,-6.5296],[106.9875,-6.5296],[106.9875,-6.5417]]]},"properties":{"lc_code":1,"lc_name":"Evergreen Broadleaf Forest"}},{"type":"Feature","geometry":{"type":"Polygon","coordinates":[[[107,-6.5417],[107.0125,-6.5417],[107.0125,-6.5296],[107,-6.5296],[107,-6.5417]]]},"properties":{"lc_code":1,"lc_name":"Evergreen Broadleaf Forest"}},{"type":"Feature","geometry":{"type":"Polygon","coordinates":[[[107.0125,-6.5417],[107.025,-6.5417],[107.025,-6.5296],[107.0125,-6.5296],[107.0125,-6.5417]]]},"properties":{"lc_code":1,"lc_name":"Evergreen Broadleaf Forest"}},{"type":"Feature","geometry":{"type":"Polygon","coordinates":[[[107.025,-6.5417],[107.0375,-6.5417],[107.0375,-6.5296],[107.025,-6.5296],[107.025,-6.5417]]]},"properties":{"lc_code":1,"lc_name":"Evergreen Broadleaf Forest"}},{"type":"Feature","geometry":{"type":"Polygon","coordinates":[[[107.0375,-6.5417],[107.05,-6.5417],[107.05,-6.5296],[107.0375,-6.5296],[107.0375,-6.5417]]]},"properties":{"lc_code":1,"lc_name":"Evergreen Broadleaf Forest"}},{"type":"Feature","geometry":{"type":"Polygon","coordinates":[[[107.05,-6.5417],[107.0625,-6.5417],[107.0625,-6.5296],[107.05,-6.5296],[107.05,-6.5417]]]},"properties":{"lc_code":1,"lc_name":"Evergreen Broadleaf Forest"}},{"type":"Feature","geometry":{"type":"Polygon","coordinates":[[[107.0625,-6.5417],[107.075,-6.5417],[107.075,-6.5296],[107.0625,-6.5296],[107.0625,-6.5417]]]},"properties":{"lc_code":1,"lc_name":"Evergreen Broadleaf Forest"}},{"type":"Feature","geometry":{"type":"Polygon","coordinates":[[[107.075,-6.5417],[107.0875,-6.5417],[107.0875,-6.5296],[107.075,-6.5296],[107.075,-6.5417]]]},"properties":{"lc_code":1,"lc_name":"Evergreen Broadleaf Forest"}},{"type":"Feature","geometry":{"type":"Polygon","coordinates":[[[107.0875,-6.5417],[107.1,-6.5417],[107.1,-6.5296],[107.0875,-6.5296],[107.0875,-6.5417]]]},"properties":{"lc_code":1,"lc_name":"Evergreen Broadleaf Forest"}},{"type":"Feature","geometry":{"type":"Polygon","coordinates":[[[107.1,-6.5417],[107.1125,-6.5417],[107.1125,-6.5296],[107.1,-6.5296],[107.1,-6.5417]]]},"properties":{"lc_code":1,"lc_name":"Evergreen Broadleaf Forest"}},{"type":"Feature","geometry":{"type":"Polygon","coordinates":[[[107.1125,-6.5417],[107.125,-6.5417],[107.125,-6.5296],[107.1125,-6.5296],[107.1125,-6.5417]]]},"properties":{"lc_code":1,"lc_name":"Evergreen Broadleaf Forest"}},{"type":"Feature","geometry":{"type":"Polygon","coordinates":[[[107.125,-6.5417],[107.1375,-6.5417],[107.1375,-6.5296],[107.125,-6.5296],[107.125,-6.5417]]]},"properties":{"lc_code":1,"lc_name":"Evergreen Broadleaf Forest"}},{"type":"Feature","geometry":{"type":"Polygon","coordinates":[[[107.1375,-6.5417],[107.15,-6.5417],[107.15,-6.5296],[107.1375,-6.5296],[107.1375,-6.5417]]]},"properties":{"lc_code":1,"lc_name":"Evergreen Broadleaf Forest"}},{"type":"Feature","geometry":{"type":"Polygon","coordinates":[[[107.15,-6.5417],[107.1625,-6.5417],[107.1625,-6.5296],[107.15,-6.5296],[107.15,-6.5417]]]},"properties":{"lc_code":1,"lc_name":"Evergreen Broadleaf Forest"}},{"type":"Feature","geometry":{"type":"Polygon","coordinates":[[[107.1625,-6.5417],[107.175,-6.5417],[107.175,-6.5296],[107.1625,-6.5296],[107.1625,-6.5417]]]},"properties":{"lc_code":1,"lc_name":"Evergreen Broadleaf Forest"}},{"type":"Feature","geometry":{"type":"Polygon","coordinates":[[[107.175,-6.5417],[107.1875,-6.5417],[107.1875,-6.5296],[107.175,-6.5296],[107.175,-6.5417]]]},"properties":{"lc_code":1,"lc_name":"Evergreen Broadleaf Forest"}},{"type":"Feature","geometry":{"type":"Polygon","coordinates":[[[107.1875,-6.5417],[107.2,-6.5417],[107.2,-6.5296],[107.1875,-6.5296],[107.1875,-6.5417]]]},"properties":{"lc_code":1,"lc_name":"Evergreen Broadleaf Forest"}},{"type":"Feature","geometry":{"type":"Polygon","coordinates":[[[107.2,-6.5417],[107.2125,-6.5417],[107.2125,-6.5296],[107.2,-6.5296],[107.2,-6.5417]]]},"properties":{"lc_code":1,"lc_name":"Evergreen Broadleaf Forest"}},{"type":"Feature","geometry":{"type":"Polygon","coordinates":[[[107.2125,-6.5417],[107.225,-6.5417],[107.225,-6.5296],[107.2125,-6.5296],[107.2125,-6.5417]]]},"properties":{"lc_code":1,"lc_name":"Evergreen Broadleaf Forest"}},{"type":"Feature","geometry":{"type":"Polygon","coordinates":[[[107.225,-6.5417],[107.2375,-6.5417],[107.2375,-6.5296],[107.225,-6.5296],[107.225,-6.5417]]]},"properties":{"lc_code":1,"lc_name":"Evergreen Broadleaf Forest"}},{"type":"Feature","geometry":{"type":"Polygon","coordinates":[[[107.2375,-6.5417],[107.25,-6.5417],[107.25,-6.5296],[107.2375,-6.5296],[107.2375,-6.5417]]]},"properties":{"lc_code":1,"lc_name":"Evergreen Broadleaf Forest"}},{"type":"Feature","geometry":{"type":"Polygon","coordinates":[[[107.25,-6.5417],[107.2625,-6.5417],[107.2625,-6.5296],[107.25,-6.5296],[107.25,-6.5417]]]},"properties":{"lc_code":1,"lc_name":"Evergreen Broadleaf Forest"}},{"type":"Feature","geometry":{"type":"Polygon","coordinates":[[[107.2625,-6.5417],[107.275,-6.5417],[107.275,-6.5296],[107.2625,-6.5296],[107.2625,-6.5417]]]},"properties":{"lc_code":1,"lc_name":"Evergreen Broadleaf Forest"}},{"type":"Feature","geometry":{"type":"Polygon","coordinates":[[[107.275,-6.5417],[107.2875,-6.5417],[107.2875,-6.5296],[107.275,-6.5296],[107.275,-6.5417]]]},"properties":{"lc_code":1,"lc_name":"Evergreen Broadleaf Forest"}},{"type":"Feature","geometry":{"type":"Polygon","coordinates":[[[107.2875,-6.5417],[107.3,-6.5417],[107.3,-6.5296],[107.2875,-6.5296],[107.2875,-6.5417]]]},"properties":{"lc_code":1,"lc_name":"Evergreen Broadleaf Forest"}},{"type":"Feature","geometry":{"type":"Polygon","coordinates":[[[106.5,-6.5296],[106.5125,-6.5296],[106.5125,-6.5176],[106.5,-6.5176],[106.5,-6.5296]]]},"properties":{"lc_code":1,"lc_name":"Evergreen Broadleaf Forest"}},{"type":"Feature","geometry":{"type":"Polygon","coordinates":[[[106.5125,-6.5296],[106.525,-6.5296],[106.525,-6.5176],[106.5125,-6.5176],[106.5125,-6.5296]]]},"properties":{"lc_code":1,"lc_name":"Evergreen Broadleaf Forest"}},{"type":"Feature","geometry":{"type":"Polygon","coordinates":[[[106.525,-6.5296],[106.5375,-6.5296],[106.5375,-6.5176],[106.525,-6.5176],[106.525,-6.5296]]]},"properties":{"lc_code":1,"lc_name":"Evergreen Broadleaf Forest"}},{"type":"Feature","geometry":{"type":"Polygon","coordinates":[[[106.5375,-6.5296],[106.55,-6.5296],[106.55,-6.5176],[106.5375,-6.5176],[106.5375,-6.5296]]]},"properties":{"lc_code":1,"lc_name":"Evergreen Broadleaf Forest"}},{"type":"Feature","geometry":{"type":"Polygon","coordinates":[[[106.55,-6.5296],[106.5625,-6.5296],[106.5625,-6.5176],[106.55,-6.5176],[106.55,-6.5296]]]},"properties":{"lc_code":1,"lc_name":"Evergreen Broadleaf Forest"}},{"type":"Feature","geometry":{"type":"Polygon","coordinates":[[[106.5625,-6.5296],[106.575,-6.5296],[106.575,-6.5176],[106.5625,-6.5176],[106.5625,-6.5296]]]},"properties":{"lc_code":1,"lc_name":"Evergreen Broadleaf Forest"}},{"type":"Feature","geometry":{"type":"Polygon","coordinates":[[[106.575,-6.5296],[106.5875,-6.5296],[106.5875,-6.5176],[106.575,-6.5176],[106.575,-6.5296]]]},"properties":{"lc_code":1,"lc_name":"Evergreen Broadleaf Forest"}},{"type":"Feature","geometry":{"type":"Polygon","coordinates":[[[106.5875,-6.5296],[106.6,-6.5296],[106.6,-6.5176],[106.5875,-6.5176],[106.5875,-6.5296]]]},"properties":{"lc_code":1,"lc_name":"Evergreen Broadleaf Forest"}},{"type":"Feature","geometry":{"type":"Polygon","coordinates":[[[106.6,-6.5296],[106.6125,-6.5296],[106.6125,-6.5176],[106.6,-6.5176],[106.6,-6.5296]]]},"properties":{"lc_code":1,"lc_name":"Evergreen Broadleaf Forest"}},{"type":"Feature","geometry":{"type":"Polygon","coordinates":[[[106.6125,-6.5296],[106.625,-6.5296],[106.625,-6.5176],[106.6125,-6.5176],[106.6125,-6.5296]]]},"properties":{"lc_code":1,"lc_name":"Evergreen Broadleaf Forest"}},{"type":"Feature","geometry":{"type":"Polygon","coordinates":[[[106.625,-6.5296],[106.6375,-6.5296],[106.6375,-6.5176],[106.625,-6.5176],[106.625,-6.5296]]]},"properties":{"lc_code":1,"lc_name":"Evergreen Broadleaf Forest"}},{"type":"Feature","geometry":{"type":"Polygon","coordinates":[[[106.6375,-6.5296],[106.65,-6.5296],[106.65,-6.5176],[106.6375,-6.5176],[106.6375,-6.5296]]]},"properties":{"lc_code":1,"lc_name":"Evergreen Broadleaf Forest"}},{"type":"Feature","geometry":{"type":"Polygon","coordinates":[[[106.65,-6.5296],[106.6625,-6.5296],[106.6625,-6.5176],[106.65,-6.5176],[106.65,-6.5296]]]},"properties":{"lc_code":1,"lc_name":"Evergreen Broadleaf Forest"}},{"type":"Feature","geometry":{"type":"Polygon","coordinates":[[[106.6625,-6.5296],[106.675,-6.5296],[106.675,-6.5176],[106.6625,-6.5176],[106.6625,-6.5296]]]},"properties":{"lc_code":1,"lc_name":"Evergreen Broadleaf Forest"}},{"type":"Feature","geometry":{"type":"Polygon","coordinates":[[[106.675,-6.5296],[106.6875,-6.5296],[106.6875,-6.5176],[106.675,-6.5176],[106.675,-6.5296]]]},"properties":{"lc_code":1,"lc_name":"Evergreen Broadleaf Forest"}},{"type":"Feature","geometry":{"type":"Polygon","coordinates":[[[106.6875,-6.5296],[106.7,-6.5296],[106.7,-6.5176],[106.6875,-6.5176],[106.6875,-6.5296]]]},"properties":{"lc_code":1,"lc_name":"Evergreen Broadleaf Forest"}},{"type":"Feature","geometry":{"type":"Polygon","coordinates":[[[106.7,-6.5296],[106.7125,-6.5296],[106.7125,-6.5176],[106.7,-6.5176],[106.7,-6.5296]]]},"properties":{"lc_code":1,"lc_name":"Evergreen Broadleaf Forest"}},{"type":"Feature","geometry":{"type":"Polygon","coordinates":[[[106.7125,-6.5296],[106.725,-6.5296],[106.725,-6.5176],[106.7125,-6.5176],[106.7125,-6.5296]]]},"properties":{"lc_code":1,"lc_name":"Evergreen Broadleaf Forest"}},{"type":"Feature","geometry":{"type":"Polygon","coordinates":[[[106.725,-6.5296],[106.7375,-6.5296],[106.7375,-6.5176],[106.725,-6.5176],[106.725,-6.5296]]]},"properties":{"lc_code":1,"lc_name":"Evergreen Broadleaf Forest"}},{"type":"Feature","geometry":{"type":"Polygon","coordinates":[[[106.7375,-6.5296],[106.75,-6.5296],[106.75,-6.5176],[106.7375,-6.5176],[106.7375,-6.5296]]]},"properties":{"lc_code":1,"lc_name":"Evergreen Broadleaf Forest"}},{"type":"Feature","geometry":{"type":"Polygon","coordinates":[[[106.75,-6.5296],[106.7625,-6.5296],[106.7625,-6.5176],[106.75,-6.5176],[106.75,-6.5296]]]},"properties":{"lc_code":1,"lc_name":"Evergreen Broadleaf Forest"}},{"type":"Feature","geometry":{"type":"Polygon","coordinates":[[[106.7625,-6.5296],[106.775,-6.5296],[106.775,-6.5176],[106.7625,-6.5176],[106.7625,-6.5296]]]},"properties":{"lc_code":1,"lc_name":"Evergreen Broadleaf Forest"}},{"type":"Feature","geometry":{"type":"Polygon","coordinates":[[[106.775,-6.5296],[106.7875,-6.5296],[106.7875,-6.5176],[106.775,-6.5176],[106.775,-6.5296]]]},"properties":{"lc_code":1,"lc_name":"Evergreen Broadleaf Forest"}},{"type":"Feature","geometry":{"type":"Polygon","coordinates":[[[106.7875,-6.5296],[106.8,-6.5296],[106.8,-6.5176],[106.7875,-6.5176],[106.7875,-6.5296]]]},"properties":{"lc_code":1,"lc_name":"Evergreen Broadleaf Forest"}},{"type":"Feature","geometry":{"type":"Polygon","coordinates":[[[106.8,-6.5296],[106.8125,-6.5296],[106.8125,-6.5176],[106.8,-6.5176],[106.8,-6.5296]]]},"properties":{"lc_code":1,"lc_name":"Evergreen Broadleaf Forest"}},{"type":"Feature","geometry":{"type":"Polygon","coordinates":[[[106.8125,-6.5296],[106.825,-6.5296],[106.825,-6.5176],[106.8125,-6.5176],[106.8125,-6.5296]]]},"properties":{"lc_code":1,"lc_name":"Evergreen Broadleaf Forest"}},{"type":"Feature","geometry":{"type":"Polygon","coordinates":[[[106.825,-6.5296],[106.8375,-6.5296],[106.8375,-6.5176],[106.825,-6.5176],[106.825,-6.5296]]]},"properties":{"lc_code":1,"lc_name":"Evergreen Broadleaf Forest"}},{"type":"Feature","geometry":{"type":"Polygon","coordinates":[[[106.8375,-6.5296],[106.85,-6.5296],[106.85,-6.5176],[106.8375,-6.5176],[106.8375,-6.5296]]]},"properties":{"lc_code":1,"lc_name":"Evergreen Broadleaf Forest"}},{"type":"Feature","geometry":{"type":"Polygon","coordinates":[[[106.85,-6.5296],[106.8625,-6.5296],[106.8625,-6.5176],[106.85,-6.5176],[106.85,-6.5296]]]},"properties":{"lc_code":1,"lc_name":"Evergreen Broadleaf Forest"}},{"type":"Feature","geometry":{"type":"Polygon","coordinates":[[[106.8625,-6.5296],[106.875,-6.5296],[106.875,-6.5176],[106.8625,-6.5176],[106.8625,-6.5296]]]},"properties":{"lc_code":1,"lc_name":"Evergreen Broadleaf Forest"}},{"type":"Feature","geometry":{"type":"Polygon","coordinates":[[[106.875,-6.5296],[106.8875,-6.5296],[106.8875,-6.5176],[106.875,-6.5176],[106.875,-6.5296]]]},"properties":{"lc_code":1,"lc_name":"Evergreen Broadleaf Forest"}},{"type":"Feature","geometry":{"type":"Polygon","coordinates":[[[106.8875,-6.5296],[106.9,-6.5296],[106.9,-6.5176],[106.8875,-6.5176],[106.8875,-6.5296]]]},"properties":{"lc_code":1,"lc_name":"Evergreen Broadleaf Forest"}},{"type":"Feature","geometry":{"type":"Polygon","coordinates":[[[106.9,-6.5296],[106.9125,-6.5296],[106.9125,-6.5176],[106.9,-6.5176],[106.9,-6.5296]]]},"properties":{"lc_code":1,"lc_name":"Evergreen Broadleaf Forest"}},{"type":"Feature","geometry":{"type":"Polygon","coordinates":[[[106.9125,-6.5296],[106.925,-6.5296],[106.925,-6.5176],[106.9125,-6.5176],[106.9125,-6.5296]]]},"properties":{"lc_code":1,"lc_name":"Evergreen Broadleaf Forest"}},{"type":"Feature","geometry":{"type":"Polygon","coordinates":[[[106.925,-6.5296],[106.9375,-6.5296],[106.9375,-6.5176],[106.925,-6.5176],[106.925,-6.5296]]]},"properties":{"lc_code":1,"lc_name":"Evergreen Broadleaf Forest"}},{"type":"Feature","geometry":{"type":"Polygon","coordinates":[[[106.9375,-6.5296],[106.95,-6.5296],[106.95,-6.5176],[106.9375,-6.5176],[106.9375,-6.5296]]]},"properties":{"lc_code":1,"lc_name":"Evergreen Broadleaf Forest"}},{"type":"Feature","geometry":{"type":"Polygon","coordinates":[[[106.95,-6.5296],[106.9625,-6.5296],[106.9625,-6.5176],[106.95,-6.5176],[106.95,-6.5296]]]},"properties":{"lc_code":1,"lc_name":"Evergreen Broadleaf Forest"}},{"type":"Feature","geometry":{"type":"Polygon","coordinates":[[[106.9625,-6.5296],[106.975,-6.5296],[106.975,-6.5176],[106.9625,-6.5176],[106.9625,-6.5296]]]},"properties":{"lc_code":1,"lc_name":"Evergreen Broadleaf Forest"}},{"type":"Feature","geometry":{"type":"Polygon","coordinates":[[[106.975,-6.5296],[106.9875,-6.5296],[106.9875,-6.5176],[106.975,-6.5176],[106.975,-6.5296]]]},"properties":{"lc_code":1,"lc_name":"Evergreen Broadleaf Forest"}},{"type":"Feature","geometry":{"type":"Polygon","coordinates":[[[106.9875,-6.5296],[107,-6.5296],[107,-6.5176],[106.9875,-6.5176],[106.9875,-6.5296]]]},"properties":{"lc_code":1,"lc_name":"Evergreen Broadleaf Forest"}},{"type":"Feature","geometry":{"type":"Polygon","coordinates":[[[107,-6.5296],[107.0125,-6.5296],[107.0125,-6.5176],[107,-6.5176],[107,-6.5296]]]},"properties":{"lc_code":1,"lc_name":"Evergreen Broadleaf Forest"}},{"type":"Feature","geometry":{"type":"Polygon","coordinates":[[[107.0125,-6.5296],[107.025,-6.5296],[107.025,-6.5176],[107.0125,-6.5176],[107.0125,-6.5296]]]},"properties":{"lc_code":1,"lc_name":"Evergreen Broadleaf Forest"}},{"type":"Feature","geometry":{"type":"Polygon","coordinates":[[[107.025,-6.5296],[107.0375,-6.5296],[107.0375,-6.5176],[107.025,-6.5176],[107.025,-6.5296]]]},"properties":{"lc_code":1,"lc_name":"Evergreen Broadleaf Forest"}},{"type":"Feature","geometry":{"type":"Polygon","coordinates":[[[107.0375,-6.5296],[107.05,-6.5296],[107.05,-6.5176],[107.0375,-6.5176],[107.0375,-6.5296]]]},"properties":{"lc_code":1,"lc_name":"Evergreen Broadleaf Forest"}},{"type":"Feature","geometry":{"type":"Polygon","coordinates":[[[107.05,-6.5296],[107.0625,-6.5296],[107.0625,-6.5176],[107.05,-6.5176],[107.05,-6.5296]]]},"properties":{"lc_code":1,"lc_name":"Evergreen Broadleaf Forest"}},{"type":"Feature","geometry":{"type":"Polygon","coordinates":[[[107.0625,-6.5296],[107.075,-6.5296],[107.075,-6.5176],[107.0625,-6.5176],[107.0625,-6.5296]]]},"properties":{"lc_code":1,"lc_name":"Evergreen Broadleaf Forest"}},{"type":"Feature","geometry":{"type":"Polygon","coordinates":[[[107.075,-6.5296],[107.0875,-6.5296],[107.0875,-6.5176],[107.075,-6.5176],[107.075,-6.5296]]]},"properties":{"lc_code":1,"lc_name":"Evergreen Broadleaf Forest"}},{"type":"Feature","geometry":{"type":"Polygon","coordinates":[[[107.0875,-6.5296],[107.1,-6.5296],[107.1,-6.5176],[107.0875,-6.5176],[107.0875,-6.5296]]]},"properties":{"lc_code":1,"lc_name":"Evergreen Broadleaf Forest"}},{"type":"Feature","geometry":{"type":"Polygon","coordinates":[[[107.1,-6.5296],[107.1125,-6.5296],[107.1125,-6.5176],[107.1,-6.5176],[107.1,-6.5296]]]},"properties":{"lc_code":1,"lc_name":"Evergreen Broadleaf Forest"}},{"type":"Feature","geometry":{"type":"Polygon","coordinates":[[[107.1125,-6.5296],[107.125,-6.5296],[107.125,-6.5176],[107.1125,-6.5176],[107.1125,-6.5296]]]},"properties":{"lc_code":1,"lc_name":"Evergreen Broadleaf Forest"}},{"type":"Feature","geometry":{"type":"Polygon","coordinates":[[[107.125,-6.5296],[107.1375,-6.5296],[107.1375,-6.5176],[107.125,-6.5176],[107.125,-6.5296]]]},"properties":{"lc_code":1,"lc_name":"Evergreen Broadleaf Forest"}},{"type":"Feature","geometry":{"type":"Polygon","coordinates":[[[107.1375,-6.5296],[107.15,-6.5296],[107.15,-6.5176],[107.1375,-6.5176],[107.1375,-6.5296]]]},"properties":{"lc_code":1,"lc_name":"Evergreen Broadleaf Forest"}},{"type":"Feature","geometry":{"type":"Polygon","coordinates":[[[107.15,-6.5296],[107.1625,-6.5296],[107.1625,-6.5176],[107.15,-6.5176],[107.15,-6.5296]]]},"properties":{"lc_code":1,"lc_name":"Evergreen Broadleaf Forest"}},{"type":"Feature","geometry":{"type":"Polygon","coordinates":[[[107.1625,-6.5296],[107.175,-6.5296],[107.175,-6.5176],[107.1625,-6.5176],[107.1625,-6.5296]]]},"properties":{"lc_code":1,"lc_name":"Evergreen Broadleaf Forest"}},{"type":"Feature","geometry":{"type":"Polygon","coordinates":[[[107.175,-6.5296],[107.1875,-6.5296],[107.1875,-6.5176],[107.175,-6.5176],[107.175,-6.5296]]]},"properties":{"lc_code":1,"lc_name":"Evergreen Broadleaf Forest"}},{"type":"Feature","geometry":{"type":"Polygon","coordinates":[[[107.1875,-6.5296],[107.2,-6.5296],[107.2,-6.5176],[107.1875,-6.5176],[107.1875,-6.5296]]]},"properties":{"lc_code":1,"lc_name":"Evergreen Broadleaf Forest"}},{"type":"Feature","geometry":{"type":"Polygon","coordinates":[[[107.2,-6.5296],[107.2125,-6.5296],[107.2125,-6.5176],[107.2,-6.5176],[107.2,-6.5296]]]},"properties":{"lc_code":1,"lc_name":"Evergreen Broadleaf Forest"}},{"type":"Feature","geometry":{"type":"Polygon","coordinates":[[[107.2125,-6.5296],[107.225,-6.5296],[107.225,-6.5176],[107.2125,-6.5176],[107.2125,-6.5296]]]},"properties":{"lc_code":1,"lc_name":"Evergreen Broadleaf Forest"}},{"type":"Feature","geometry":{"type":"Polygon","coordinates":[[[107.225,-6.5296],[107.2375,-6.5296],[107.2375,-6.5176],[107.225,-6.5176],[107.225,-6.5296]]]},"properties":{"lc_code":1,"lc_name":"Evergreen Broadleaf Forest"}},{"type":"Feature","geometry":{"type":"Polygon","coordinates":[[[107.2375,-6.5296],[107.25,-6.5296],[107.25,-6.5176],[107.2375,-6.5176],[107.2375,-6.5296]]]},"properties":{"lc_code":1,"lc_name":"Evergreen Broadleaf Forest"}},{"type":"Feature","geometry":{"type":"Polygon","coordinates":[[[107.25,-6.5296],[107.2625,-6.5296],[107.2625,-6.5176],[107.25,-6.5176],[107.25,-6.5296]]]},"properties":{"lc_code":1,"lc_name":"Evergreen Broadleaf Forest"}},{"type":"Feature","geometry":{"type":"Polygon","coordinates":[[[107.2625,-6.5296],[107.275,-6.5296],[107.275,-6.5176],[107.2625,-6.5176],[107.2625,-6.5296]]]},"properties":{"lc_code":1,"lc_name":"Evergreen Broadleaf Forest"}},{"type":"Feature","geometry":{"type":"Polygon","coordinates":[[[107.275,-6.5296],[107.2875,-6.5296],[107.2875,-6.5176],[107.275,-6.5176],[107.275,-6.5296]]]},"properties":{"lc_code":1,"lc_name":"Evergreen Broadleaf Forest"}},{"type":"Feature","geometry":{"type":"Polygon","coordinates":[[[107.2875,-6.5296],[107.3,-6.5296],[107.3,-6.5176],[107.2875,-6.5176],[107.2875,-6.5296]]]},"properties":{"lc_code":1,"lc_name":"Evergreen Broadleaf Forest"}},{"type":"Feature","geometry":{"type":"Polygon","coordinates":[[[106.5,-6.5176],[106.5125,-6.5176],[106.5125,-6.5056],[106.5,-6.5056],[106.5,-6.5176]]]},"properties":{"lc_code":1,"lc_name":"Evergreen Broadleaf Forest"}},{"type":"Feature","geometry":{"type":"Polygon","coordinates":[[[106.5125,-6.5176],[106.525,-6.5176],[106.525,-6.5056],[106.5125,-6.5056],[106.5125,-6.5176]]]},"properties":{"lc_code":1,"lc_name":"Evergreen Broadleaf Forest"}},{"type":"Feature","geometry":{"type":"Polygon","coordinates":[[[106.525,-6.5176],[106.5375,-6.5176],[106.5375,-6.5056],[106.525,-6.5056],[106.525,-6.5176]]]},"properties":{"lc_code":1,"lc_name":"Evergreen Broadleaf Forest"}},{"type":"Feature","geometry":{"type":"Polygon","coordinates":[[[106.5375,-6.5176],[106.55,-6.5176],[106.55,-6.5056],[106.5375,-6.5056],[106.5375,-6.5176]]]},"properties":{"lc_code":1,"lc_name":"Evergreen Broadleaf Forest"}},{"type":"Feature","geometry":{"type":"Polygon","coordinates":[[[106.55,-6.5176],[106.5625,-6.5176],[106.5625,-6.5056],[106.55,-6.5056],[106.55,-6.5176]]]},"properties":{"lc_code":1,"lc_name":"Evergreen Broadleaf Forest"}},{"type":"Feature","geometry":{"type":"Polygon","coordinates":[[[106.5625,-6.5176],[106.575,-6.5176],[106.575,-6.5056],[106.5625,-6.5056],[106.5625,-6.5176]]]},"properties":{"lc_code":1,"lc_name":"Evergreen Broadleaf Forest"}},{"type":"Feature","geometry":{"type":"Polygon","coordinates":[[[106.575,-6.5176],[106.5875,-6.5176],[106.5875,-6.5056],[106.575,-6.5056],[106.575,-6.5176]]]},"properties":{"lc_code":1,"lc_name":"Evergreen Broadleaf Forest"}},{"type":"Feature","geometry":{"type":"Polygon","coordinates":[[[106.5875,-6.5176],[106.6,-6.5176],[106.6,-6.5056],[106.5875,-6.5056],[106.5875,-6.5176]]]},"properties":{"lc_code":1,"lc_name":"Evergreen Broadleaf Forest"}},{"type":"Feature","geometry":{"type":"Polygon","coordinates":[[[106.6,-6.5176],[106.6125,-6.5176],[106.6125,-6.5056],[106.6,-6.5056],[106.6,-6.5176]]]},"properties":{"lc_code":1,"lc_name":"Evergreen Broadleaf Forest"}},{"type":"Feature","geometry":{"type":"Polygon","coordinates":[[[106.6125,-6.5176],[106.625,-6.5176],[106.625,-6.5056],[106.6125,-6.5056],[106.6125,-6.5176]]]},"properties":{"lc_code":1,"lc_name":"Evergreen Broadleaf Forest"}},{"type":"Feature","geometry":{"type":"Polygon","coordinates":[[[106.625,-6.5176],[106.6375,-6.5176],[106.6375,-6.5056],[106.625,-6.5056],[106.625,-6.5176]]]},"properties":{"lc_code":1,"lc_name":"Evergreen Broadleaf Forest"}},{"type":"Feature","geometry":{"type":"Polygon","coordinates":[[[106.6375,-6.5176],[106.65,-6.5176],[106.65,-6.5056],[106.6375,-6.5056],[106.6375,-6.5176]]]},"properties":{"lc_code":1,"lc_name":"Evergreen Broadleaf Forest"}},{"type":"Feature","geometry":{"type":"Polygon","coordinates":[[[106.65,-6.5176],[106.6625,-6.5176],[106.6625,-6.5056],[106.65,-6.5056],[106.65,-6.5176]]]},"properties":{"lc_code":1,"lc_name":"Evergreen Broadleaf Forest"}},{"type":"Feature","geometry":{"type":"Polygon","coordinates":[[[106.6625,-6.5176],[106.675,-6.5176],[106.675,-6.5056],[106.6625,-6.5056],[106.6625,-6.5176]]]},"properties":{"lc_code":1,"lc_name":"Evergreen Broadleaf Forest"}},{"type":"Feature","geometry":{"type":"Polygon","coordinates":[[[106.675,-6.5176],[106.6875,-6.5176],[106.6875,-6.5056],[106.675,-6.5056],[106.675,-6.5176]]]},"properties":{"lc_code":1,"lc_name":"Evergreen Broadleaf Forest"}},{"type":"Feature","geometry":{"type":"Polygon","coordinates":[[[106.6875,-6.5176],[106.7,-6.5176],[106.7,-6.5056],[106.6875,-6.5056],[106.6875,-6.5176]]]},"properties":{"lc_code":1,"lc_name":"Evergreen Broadleaf Forest"}},{"type":"Feature","geometry":{"type":"Polygon","coordinates":[[[106.7,-6.5176],[106.7125,-6.5176],[106.7125,-6.5056],[106.7,-6.5056],[106.7,-6.5176]]]},"properties":{"lc_code":1,"lc_name":"Evergreen Broadleaf Forest"}},{"type":"Feature","geometry":{"type":"Polygon","coordinates":[[[106.7125,-6.5176],[106.725,-6.5176],[106.725,-6.5056],[106.7125,-6.5056],[106.7125,-6.5176]]]},"properties":{"lc_code":1,"lc_name":"Evergreen Broadleaf Forest"}},{"type":"Feature","geometry":{"type":"Polygon","coordinates":[[[106.725,-6.5176],[106.7375,-6.5176],[106.7375,-6.5056],[106.725,-6.5056],[106.725,-6.5176]]]},"properties":{"lc_code":1,"lc_name":"Evergreen Broadleaf Forest"}},{"type":"Feature","geometry":{"type":"Polygon","coordinates":[[[106.7375,-6.5176],[106.75,-6.5176],[106.75,-6.5056],[106.7375,-6.5056],[106.7375,-6.5176]]]},"properties":{"lc_code":1,"lc_name":"Evergreen Broadleaf Forest"}},{"type":"Feature","geometry":{"type":"Polygon","coordinates":[[[106.75,-6.5176],[106.7625,-6.5176],[106.7625,-6.5056],[106.75,-6.5056],[106.75,-6.5176]]]},"properties":{"lc_code":1,"lc_name":"Evergreen Broadleaf Forest"}},{"type":"Feature","geometry":{"type":"Polygon","coordinates":[[[106.7625,-6.5176],[106.775,-6.5176],[106.775,-6.5056],[106.7625,-6.5056],[106.7625,-6.5176]]]},"properties":{"lc_code":1,"lc_name":"Evergreen Broadleaf Forest"}},{"type":"Feature","geometry":{"type":"Polygon","coordinates":[[[106.775,-6.5176],[106.7875,-6.5176],[106.7875,-6.5056],[106.775,-6.5056],[106.775,-6.5176]]]},"properties":{"lc_code":1,"lc_name":"Evergreen Broadleaf Forest"}},{"type":"Feature","geometry":{"type":"Polygon","coordinates":[[[106.7875,-6.5176],[106.8,-6.5176],[106.8,-6.5056],[106.7875,-6.5056],[106.7875,-6.5176]]]},"properties":{"lc_code":1,"lc_name":"Evergreen Broadleaf Forest"}},{"type":"Feature","geometry":{"type":"Polygon","coordinates":[[[106.8,-6.5176],[106.8125,-6.5176],[106.8125,-6.5056],[106.8,-6.5056],[106.8,-6.5176]]]},"properties":{"lc_code":1,"lc_name":"Evergreen Broadleaf Forest"}},{"type":"Feature","geometry":{"type":"Polygon","coordinates":[[[106.8125,-6.5176],[106.825,-6.5176],[106.825,-6.5056],[106.8125,-6.5056],[106.8125,-6.5176]]]},"properties":{"lc_code":1,"lc_name":"Evergreen Broadleaf Forest"}},{"type":"Feature","geometry":{"type":"Polygon","coordinates":[[[106.825,-6.5176],[106.8375,-6.5176],[106.8375,-6.5056],[106.825,-6.5056],[106.825,-6.5176]]]},"properties":{"lc_code":1,"lc_name":"Evergreen Broadleaf Forest"}},{"type":"Feature","geometry":{"type":"Polygon","coordinates":[[[106.8375,-6.5176],[106.85,-6.5176],[106.85,-6.5056],[106.8375,-6.5056],[106.8375,-6.5176]]]},"properties":{"lc_code":1,"lc_name":"Evergreen Broadleaf Forest"}},{"type":"Feature","geometry":{"type":"Polygon","coordinates":[[[106.85,-6.5176],[106.8625,-6.5176],[106.8625,-6.5056],[106.85,-6.5056],[106.85,-6.5176]]]},"properties":{"lc_code":1,"lc_name":"Evergreen Broadleaf Forest"}},{"type":"Feature","geometry":{"type":"Polygon","coordinates":[[[106.8625,-6.5176],[106.875,-6.5176],[106.875,-6.5056],[106.8625,-6.5056],[106.8625,-6.5176]]]},"properties":{"lc_code":1,"lc_name":"Evergreen Broadleaf Forest"}},{"type":"Feature","geometry":{"type":"Polygon","coordinates":[[[106.875,-6.5176],[106.8875,-6.5176],[106.8875,-6.5056],[106.875,-6.5056],[106.875,-6.5176]]]},"properties":{"lc_code":1,"lc_name":"Evergreen Broadleaf Forest"}},{"type":"Feature","geometry":{"type":"Polygon","coordinates":[[[106.8875,-6.5176],[106.9,-6.5176],[106.9,-6.5056],[106.8875,-6.5056],[106.8875,-6.5176]]]},"properties":{"lc_code":1,"lc_name":"Evergreen Broadleaf Forest"}},{"type":"Feature","geometry":{"type":"Polygon","coordinates":[[[106.9,-6.5176],[106.9125,-6.5176],[106.9125,-6.5056],[106.9,-6.5056],[106.9,-6.5176]]]},"properties":{"lc_code":1,"lc_name":"Evergreen Broadleaf Forest"}},{"type":"Feature","geometry":{"type":"Polygon","coordinates":[[[106.9125,-6.5176],[106.925,-6.5176],[106.925,-6.5056],[106.9125,-6.5056],[106.9125,-6.5176]]]},"properties":{"lc_code":1,"lc_name":"Evergreen Broadleaf Forest"}},{"type":"Feature","geometry":{"type":"Polygon","coordinates":[[[106.925,-6.5176],[106.9375,-6.5176],[106.9375,-6.5056],[106.925,-6.5056],[106.925,-6.5176]]]},"properties":{"lc_code":1,"lc_name":"Evergreen Broadleaf Forest"}},{"type":"Feature","geometry":{"type":"Polygon","coordinates":[[[106.9375,-6.5176],[106.95,-6.5176],[106.95,-6.5056],[106.9375,-6.5056],[106.9375,-6.5176]]]},"properties":{"lc_code":1,"lc_name":"Evergreen Broadleaf Forest"}},{"type":"Feature","geometry":{"type":"Polygon","coordinates":[[[106.95,-6.5176],[106.9625,-6.5176],[106.9625,-6.5056],[106.95,-6.5056],[106.95,-6.5176]]]},"properties":{"lc_code":1,"lc_name":"Evergreen Broadleaf Forest"}},{"type":"Feature","geometry":{"type":"Polygon","coordinates":[[[106.9625,-6.5176],[106.975,-6.5176],[106.975,-6.5056],[106.9625,-6.5056],[106.9625,-6.5176]]]},"properties":{"lc_code":1,"lc_name":"Evergreen Broadleaf Forest"}},{"type":"Feature","geometry":{"type":"Polygon","coordinates":[[[106.975,-6.5176],[106.9875,-6.5176],[106.9875,-6.5056],[106.975,-6.5056],[106.975,-6.5176]]]},"properties":{"lc_code":1,"lc_name":"Evergreen Broadleaf Forest"}},{"type":"Feature","geometry":{"type":"Polygon","coordinates":[[[106.9875,-6.5176],[107,-6.5176],[107,-6.5056],[106.9875,-6.5056],[106.9875,-6.5176]]]},"properties":{"lc_code":1,"lc_name":"Evergreen Broadleaf Forest"}},{"type":"Feature","geometry":{"type":"Polygon","coordinates":[[[107,-6.5176],[107.0125,-6.5176],[107.0125,-6.5056],[107,-6.5056],[107,-6.5176]]]},"properties":{"lc_code":1,"lc_name":"Evergreen Broadleaf Forest"}},{"type":"Feature","geometry":{"type":"Polygon","coordinates":[[[107.0125,-6.5176],[107.025,-6.5176],[107.025,-6.5056],[107.0125,-6.5056],[107.0125,-6.5176]]]},"properties":{"lc_code":1,"lc_name":"Evergreen Broadleaf Forest"}},{"type":"Feature","geometry":{"type":"Polygon","coordinates":[[[107.025,-6.5176],[107.0375,-6.5176],[107.0375,-6.5056],[107.025,-6.5056],[107.025,-6.5176]]]},"properties":{"lc_code":1,"lc_name":"Evergreen Broadleaf Forest"}},{"type":"Feature","geometry":{"type":"Polygon","coordinates":[[[107.0375,-6.5176],[107.05,-6.5176],[107.05,-6.5056],[107.0375,-6.5056],[107.0375,-6.5176]]]},"properties":{"lc_code":1,"lc_name":"Evergreen Broadleaf Forest"}},{"type":"Feature","geometry":{"type":"Polygon","coordinates":[[[107.05,-6.5176],[107.0625,-6.5176],[107.0625,-6.5056],[107.05,-6.5056],[107.05,-6.5176]]]},"properties":{"lc_code":1,"lc_name":"Evergreen Broadleaf Forest"}},{"type":"Feature","geometry":{"type":"Polygon","coordinates":[[[107.0625,-6.5176],[107.075,-6.5176],[107.075,-6.5056],[107.0625,-6.5056],[107.0625,-6.5176]]]},"properties":{"lc_code":1,"lc_name":"Evergreen Broadleaf Forest"}},{"type":"Feature","geometry":{"type":"Polygon","coordinates":[[[107.075,-6.5176],[107.0875,-6.5176],[107.0875,-6.5056],[107.075,-6.5056],[107.075,-6.5176]]]},"properties":{"lc_code":1,"lc_name":"Evergreen Broadleaf Forest"}},{"type":"Feature","geometry":{"type":"Polygon","coordinates":[[[107.0875,-6.5176],[107.1,-6.5176],[107.1,-6.5056],[107.0875,-6.5056],[107.0875,-6.5176]]]},"properties":{"lc_code":1,"lc_name":"Evergreen Broadleaf Forest"}},{"type":"Feature","geometry":{"type":"Polygon","coordinates":[[[107.1,-6.5176],[107.1125,-6.5176],[107.1125,-6.5056],[107.1,-6.5056],[107.1,-6.5176]]]},"properties":{"lc_code":1,"lc_name":"Evergreen Broadleaf Forest"}},{"type":"Feature","geometry":{"type":"Polygon","coordinates":[[[107.1125,-6.5176],[107.125,-6.5176],[107.125,-6.5056],[107.1125,-6.5056],[107.1125,-6.5176]]]},"properties":{"lc_code":1,"lc_name":"Evergreen Broadleaf Forest"}},{"type":"Feature","geometry":{"type":"Polygon","coordinates":[[[107.125,-6.5176],[107.1375,-6.5176],[107.1375,-6.5056],[107.125,-6.5056],[107.125,-6.5176]]]},"properties":{"lc_code":1,"lc_name":"Evergreen Broadleaf Forest"}},{"type":"Feature","geometry":{"type":"Polygon","coordinates":[[[107.1375,-6.5176],[107.15,-6.5176],[107.15,-6.5056],[107.1375,-6.5056],[107.1375,-6.5176]]]},"properties":{"lc_code":1,"lc_name":"Evergreen Broadleaf Forest"}},{"type":"Feature","geometry":{"type":"Polygon","coordinates":[[[107.15,-6.5176],[107.1625,-6.5176],[107.1625,-6.5056],[107.15,-6.5056],[107.15,-6.5176]]]},"properties":{"lc_code":1,"lc_name":"Evergreen Broadleaf Forest"}},{"type":"Feature","geometry":{"type":"Polygon","coordinates":[[[107.1625,-6.5176],[107.175,-6.5176],[107.175,-6.5056],[107.1625,-6.5056],[107.1625,-6.5176]]]},"properties":{"lc_code":1,"lc_name":"Evergreen Broadleaf Forest"}},{"type":"Feature","geometry":{"type":"Polygon","coordinates":[[[107.175,-6.5176],[107.1875,-6.5176],[107.1875,-6.5056],[107.175,-6.5056],[107.175,-6.5176]]]},"properties":{"lc_code":1,"lc_name":"Evergreen Broadleaf Forest"}},{"type":"Feature","geometry":{"type":"Polygon","coordinates":[[[107.1875,-6.5176],[107.2,-6.5176],[107.2,-6.5056],[107.1875,-6.5056],[107.1875,-6.5176]]]},"properties":{"lc_code":1,"lc_name":"Evergreen Broadleaf Forest"}},{"type":"Feature","geometry":{"type":"Polygon","coordinates":[[[107.2,-6.5176],[107.2125,-6.5176],[107.2125,-6.5056],[107.2,-6.5056],[107.2,-6.5176]]]},"properties":{"lc_code":1,"lc_name":"Evergreen Broadleaf Forest"}},{"type":"Feature","geometry":{"type":"Polygon","coordinates":[[[107.2125,-6.5176],[107.225,-6.5176],[107.225,-6.5056],[107.2125,-6.5056],[107.2125,-6.5176]]]},"properties":{"lc_code":1,"lc_name":"Evergreen Broadleaf Forest"}},{"type":"Feature","geometry":{"type":"Polygon","coordinates":[[[107.225,-6.5176],[107.2375,-6.5176],[107.2375,-6.5056],[107.225,-6.5056],[107.225,-6.5176]]]},"properties":{"lc_code":1,"lc_name":"Evergreen Broadleaf Forest"}},{"type":"Feature","geometry":{"type":"Polygon","coordinates":[[[107.2375,-6.5176],[107.25,-6.5176],[107.25,-6.5056],[107.2375,-6.5056],[107.2375,-6.5176]]]},"properties":{"lc_code":1,"lc_name":"Evergreen Broadleaf Forest"}},{"type":"Feature","geometry":{"type":"Polygon","coordinates":[[[107.25,-6.5176],[107.2625,-6.5176],[107.2625,-6.5056],[107.25,-6.5056],[107.25,-6.5176]]]},"properties":{"lc_code":1,"lc_name":"Evergreen Broadleaf Forest"}},{"type":"Feature","geometry":{"type":"Polygon","coordinates":[[[107.2625,-6.5176],[107.275,-6.5176],[107.275,-6.5056],[107.2625,-6.5056],[107.2625,-6.5176]]]},"properties":{"lc_code":1,"lc_name":"Evergreen Broadleaf Forest"}},{"type":"Feature","geometry":{"type":"Polygon","coordinates":[[[107.275,-6.5176],[107.2875,-6.5176],[107.2875,-6.5056],[107.275,-6.5056],[107.275,-6.5176]]]},"properties":{"lc_code":1,"lc_name":"Evergreen Broadleaf Forest"}},{"type":"Feature","geometry":{"type":"Polygon","coordinates":[[[107.2875,-6.5176],[107.3,-6.5176],[107.3,-6.5056],[107.2875,-6.5056],[107.2875,-6.5176]]]},"properties":{"lc_code":1,"lc_name":"Evergreen Broadleaf Forest"}},{"type":"Feature","geometry":{"type":"Polygon","coordinates":[[[106.5,-6.5056],[106.5125,-6.5056],[106.5125,-6.4935],[106.5,-6.4935],[106.5,-6.5056]]]},"properties":{"lc_code":1,"lc_name":"Evergreen Broadleaf Forest"}},{"type":"Feature","geometry":{"type":"Polygon","coordinates":[[[106.5125,-6.5056],[106.525,-6.5056],[106.525,-6.4935],[106.5125,-6.4935],[106.5125,-6.5056]]]},"properties":{"lc_code":1,"lc_name":"Evergreen Broadleaf Forest"}},{"type":"Feature","geometry":{"type":"Polygon","coordinates":[[[106.525,-6.5056],[106.5375,-6.5056],[106.5375,-6.4935],[106.525,-6.4935],[106.525,-6.5056]]]},"properties":{"lc_code":1,"lc_name":"Evergreen Broadleaf Forest"}},{"type":"Feature","geometry":{"type":"Polygon","coordinates":[[[106.5375,-6.5056],[106.55,-6.5056],[106.55,-6.4935],[106.5375,-6.4935],[106.5375,-6.5056]]]},"properties":{"lc_code":1,"lc_name":"Evergreen Broadleaf Forest"}},{"type":"Feature","geometry":{"type":"Polygon","coordinates":[[[106.55,-6.5056],[106.5625,-6.5056],[106.5625,-6.4935],[106.55,-6.4935],[106.55,-6.5056]]]},"properties":{"lc_code":1,"lc_name":"Evergreen Broadleaf Forest"}},{"type":"Feature","geometry":{"type":"Polygon","coordinates":[[[106.5625,-6.5056],[106.575,-6.5056],[106.575,-6.4935],[106.5625,-6.4935],[106.5625,-6.5056]]]},"properties":{"lc_code":1,"lc_name":"Evergreen Broadleaf Forest"}},{"type":"Feature","geometry":{"type":"Polygon","coordinates":[[[106.575,-6.5056],[106.5875,-6.5056],[106.5875,-6.4935],[106.575,-6.4935],[106.575,-6.5056]]]},"properties":{"lc_code":1,"lc_name":"Evergreen Broadleaf Forest"}},{"type":"Feature","geometry":{"type":"Polygon","coordinates":[[[106.5875,-6.5056],[106.6,-6.5056],[106.6,-6.4935],[106.5875,-6.4935],[106.5875,-6.5056]]]},"properties":{"lc_code":1,"lc_name":"Evergreen Broadleaf Forest"}},{"type":"Feature","geometry":{"type":"Polygon","coordinates":[[[106.6,-6.5056],[106.6125,-6.5056],[106.6125,-6.4935],[106.6,-6.4935],[106.6,-6.5056]]]},"properties":{"lc_code":1,"lc_name":"Evergreen Broadleaf Forest"}},{"type":"Feature","geometry":{"type":"Polygon","coordinates":[[[106.6125,-6.5056],[106.625,-6.5056],[106.625,-6.4935],[106.6125,-6.4935],[106.6125,-6.5056]]]},"properties":{"lc_code":1,"lc_name":"Evergreen Broadleaf Forest"}},{"type":"Feature","geometry":{"type":"Polygon","coordinates":[[[106.625,-6.5056],[106.6375,-6.5056],[106.6375,-6.4935],[106.625,-6.4935],[106.625,-6.5056]]]},"properties":{"lc_code":1,"lc_name":"Evergreen Broadleaf Forest"}},{"type":"Feature","geometry":{"type":"Polygon","coordinates":[[[106.6375,-6.5056],[106.65,-6.5056],[106.65,-6.4935],[106.6375,-6.4935],[106.6375,-6.5056]]]},"properties":{"lc_code":1,"lc_name":"Evergreen Broadleaf Forest"}},{"type":"Feature","geometry":{"type":"Polygon","coordinates":[[[106.65,-6.5056],[106.6625,-6.5056],[106.6625,-6.4935],[106.65,-6.4935],[106.65,-6.5056]]]},"properties":{"lc_code":1,"lc_name":"Evergreen Broadleaf Forest"}},{"type":"Feature","geometry":{"type":"Polygon","coordinates":[[[106.6625,-6.5056],[106.675,-6.5056],[106.675,-6.4935],[106.6625,-6.4935],[106.6625,-6.5056]]]},"properties":{"lc_code":1,"lc_name":"Evergreen Broadleaf Forest"}},{"type":"Feature","geometry":{"type":"Polygon","coordinates":[[[106.675,-6.5056],[106.6875,-6.5056],[106.6875,-6.4935],[106.675,-6.4935],[106.675,-6.5056]]]},"properties":{"lc_code":1,"lc_name":"Evergreen Broadleaf Forest"}},{"type":"Feature","geometry":{"type":"Polygon","coordinates":[[[106.6875,-6.5056],[106.7,-6.5056],[106.7,-6.4935],[106.6875,-6.4935],[106.6875,-6.5056]]]},"properties":{"lc_code":1,"lc_name":"Evergreen Broadleaf Forest"}},{"type":"Feature","geometry":{"type":"Polygon","coordinates":[[[106.7,-6.5056],[106.7125,-6.5056],[106.7125,-6.4935],[106.7,-6.4935],[106.7,-6.5056]]]},"properties":{"lc_code":1,"lc_name":"Evergreen Broadleaf Forest"}},{"type":"Feature","geometry":{"type":"Polygon","coordinates":[[[106.7125,-6.5056],[106.725,-6.5056],[106.725,-6.4935],[106.7125,-6.4935],[106.7125,-6.5056]]]},"properties":{"lc_code":1,"lc_name":"Evergreen Broadleaf Forest"}},{"type":"Feature","geometry":{"type":"Polygon","coordinates":[[[106.725,-6.5056],[106.7375,-6.5056],[106.7375,-6.4935],[106.725,-6.4935],[106.725,-6.5056]]]},"properties":{"lc_code":1,"lc_name":"Evergreen Broadleaf Forest"}},{"type":"Feature","geometry":{"type":"Polygon","coordinates":[[[106.7375,-6.5056],[106.75,-6.5056],[106.75,-6.4935],[106.7375,-6.4935],[106.7375,-6.5056]]]},"properties":{"lc_code":1,"lc_name":"Evergreen Broadleaf Forest"}},{"type":"Feature","geometry":{"type":"Polygon","coordinates":[[[106.75,-6.5056],[106.7625,-6.5056],[106.7625,-6.4935],[106.75,-6.4935],[106.75,-6.5056]]]},"properties":{"lc_code":1,"lc_name":"Evergreen Broadleaf Forest"}},{"type":"Feature","geometry":{"type":"Polygon","coordinates":[[[106.7625,-6.5056],[106.775,-6.5056],[106.775,-6.4935],[106.7625,-6.4935],[106.7625,-6.5056]]]},"properties":{"lc_code":1,"lc_name":"Evergreen Broadleaf Forest"}},{"type":"Feature","geometry":{"type":"Polygon","coordinates":[[[106.775,-6.5056],[106.7875,-6.5056],[106.7875,-6.4935],[106.775,-6.4935],[106.775,-6.5056]]]},"properties":{"lc_code":1,"lc_name":"Evergreen Broadleaf Forest"}},{"type":"Feature","geometry":{"type":"Polygon","coordinates":[[[106.7875,-6.5056],[106.8,-6.5056],[106.8,-6.4935],[106.7875,-6.4935],[106.7875,-6.5056]]]},"properties":{"lc_code":1,"lc_name":"Evergreen Broadleaf Forest"}},{"type":"Feature","geometry":{"type":"Polygon","coordinates":[[[106.8,-6.5056],[106.8125,-6.5056],[106.8125,-6.4935],[106.8,-6.4935],[106.8,-6.5056]]]},"properties":{"lc_code":1,"lc_name":"Evergreen Broadleaf Forest"}},{"type":"Feature","geometry":{"type":"Polygon","coordinates":[[[106.8125,-6.5056],[106.825,-6.5056],[106.825,-6.4935],[106.8125,-6.4935],[106.8125,-6.5056]]]},"properties":{"lc_code":1,"lc_name":"Evergreen Broadleaf Forest"}},{"type":"Feature","geometry":{"type":"Polygon","coordinates":[[[106.825,-6.5056],[106.8375,-6.5056],[106.8375,-6.4935],[106.825,-6.4935],[106.825,-6.5056]]]},"properties":{"lc_code":1,"lc_name":"Evergreen Broadleaf Forest"}},{"type":"Feature","geometry":{"type":"Polygon","coordinates":[[[106.8375,-6.5056],[106.85,-6.5056],[106.85,-6.4935],[106.8375,-6.4935],[106.8375,-6.5056]]]},"properties":{"lc_code":1,"lc_name":"Evergreen Broadleaf Forest"}},{"type":"Feature","geometry":{"type":"Polygon","coordinates":[[[106.85,-6.5056],[106.8625,-6.5056],[106.8625,-6.4935],[106.85,-6.4935],[106.85,-6.5056]]]},"properties":{"lc_code":1,"lc_name":"Evergreen Broadleaf Forest"}},{"type":"Feature","geometry":{"type":"Polygon","coordinates":[[[106.8625,-6.5056],[106.875,-6.5056],[106.875,-6.4935],[106.8625,-6.4935],[106.8625,-6.5056]]]},"properties":{"lc_code":1,"lc_name":"Evergreen Broadleaf Forest"}},{"type":"Feature","geometry":{"type":"Polygon","coordinates":[[[106.875,-6.5056],[106.8875,-6.5056],[106.8875,-6.4935],[106.875,-6.4935],[106.875,-6.5056]]]},"properties":{"lc_code":1,"lc_name":"Evergreen Broadleaf Forest"}},{"type":"Feature","geometry":{"type":"Polygon","coordinates":[[[106.8875,-6.5056],[106.9,-6.5056],[106.9,-6.4935],[106.8875,-6.4935],[106.8875,-6.5056]]]},"properties":{"lc_code":1,"lc_name":"Evergreen Broadleaf Forest"}},{"type":"Feature","geometry":{"type":"Polygon","coordinates":[[[106.9,-6.5056],[106.9125,-6.5056],[106.9125,-6.4935],[106.9,-6.4935],[106.9,-6.5056]]]},"properties":{"lc_code":1,"lc_name":"Evergreen Broadleaf Forest"}},{"type":"Feature","geometry":{"type":"Polygon","coordinates":[[[106.9125,-6.5056],[106.925,-6.5056],[106.925,-6.4935],[106.9125,-6.4935],[106.9125,-6.5056]]]},"properties":{"lc_code":1,"lc_name":"Evergreen Broadleaf Forest"}},{"type":"Feature","geometry":{"type":"Polygon","coordinates":[[[106.925,-6.5056],[106.9375,-6.5056],[106.9375,-6.4935],[106.925,-6.4935],[106.925,-6.5056]]]},"properties":{"lc_code":1,"lc_name":"Evergreen Broadleaf Forest"}},{"type":"Feature","geometry":{"type":"Polygon","coordinates":[[[106.9375,-6.5056],[106.95,-6.5056],[106.95,-6.4935],[106.9375,-6.4935],[106.9375,-6.5056]]]},"properties":{"lc_code":1,"lc_name":"Evergreen Broadleaf Forest"}},{"type":"Feature","geometry":{"type":"Polygon","coordinates":[[[106.95,-6.5056],[106.9625,-6.5056],[106.9625,-6.4935],[106.95,-6.4935],[106.95,-6.5056]]]},"properties":{"lc_code":1,"lc_name":"Evergreen Broadleaf Forest"}},{"type":"Feature","geometry":{"type":"Polygon","coordinates":[[[106.9625,-6.5056],[106.975,-6.5056],[106.975,-6.4935],[106.9625,-6.4935],[106.9625,-6.5056]]]},"properties":{"lc_code":1,"lc_name":"Evergreen Broadleaf Forest"}},{"type":"Feature","geometry":{"type":"Polygon","coordinates":[[[106.975,-6.5056],[106.9875,-6.5056],[106.9875,-6.4935],[106.975,-6.4935],[106.975,-6.5056]]]},"properties":{"lc_code":1,"lc_name":"Evergreen Broadleaf Forest"}},{"type":"Feature","geometry":{"type":"Polygon","coordinates":[[[106.9875,-6.5056],[107,-6.5056],[107,-6.4935],[106.9875,-6.4935],[106.9875,-6.5056]]]},"properties":{"lc_code":1,"lc_name":"Evergreen Broadleaf Forest"}},{"type":"Feature","geometry":{"type":"Polygon","coordinates":[[[107,-6.5056],[107.0125,-6.5056],[107.0125,-6.4935],[107,-6.4935],[107,-6.5056]]]},"properties":{"lc_code":1,"lc_name":"Evergreen Broadleaf Forest"}},{"type":"Feature","geometry":{"type":"Polygon","coordinates":[[[107.0125,-6.5056],[107.025,-6.5056],[107.025,-6.4935],[107.0125,-6.4935],[107.0125,-6.5056]]]},"properties":{"lc_code":1,"lc_name":"Evergreen Broadleaf Forest"}},{"type":"Feature","geometry":{"type":"Polygon","coordinates":[[[107.025,-6.5056],[107.0375,-6.5056],[107.0375,-6.4935],[107.025,-6.4935],[107.025,-6.5056]]]},"properties":{"lc_code":1,"lc_name":"Evergreen Broadleaf Forest"}},{"type":"Feature","geometry":{"type":"Polygon","coordinates":[[[107.0375,-6.5056],[107.05,-6.5056],[107.05,-6.4935],[107.0375,-6.4935],[107.0375,-6.5056]]]},"properties":{"lc_code":1,"lc_name":"Evergreen Broadleaf Forest"}},{"type":"Feature","geometry":{"type":"Polygon","coordinates":[[[107.05,-6.5056],[107.0625,-6.5056],[107.0625,-6.4935],[107.05,-6.4935],[107.05,-6.5056]]]},"properties":{"lc_code":1,"lc_name":"Evergreen Broadleaf Forest"}},{"type":"Feature","geometry":{"type":"Polygon","coordinates":[[[107.0625,-6.5056],[107.075,-6.5056],[107.075,-6.4935],[107.0625,-6.4935],[107.0625,-6.5056]]]},"properties":{"lc_code":1,"lc_name":"Evergreen Broadleaf Forest"}},{"type":"Feature","geometry":{"type":"Polygon","coordinates":[[[107.075,-6.5056],[107.0875,-6.5056],[107.0875,-6.4935],[107.075,-6.4935],[107.075,-6.5056]]]},"properties":{"lc_code":1,"lc_name":"Evergreen Broadleaf Forest"}},{"type":"Feature","geometry":{"type":"Polygon","coordinates":[[[107.0875,-6.5056],[107.1,-6.5056],[107.1,-6.4935],[107.0875,-6.4935],[107.0875,-6.5056]]]},"properties":{"lc_code":1,"lc_name":"Evergreen Broadleaf Forest"}},{"type":"Feature","geometry":{"type":"Polygon","coordinates":[[[107.1,-6.5056],[107.1125,-6.5056],[107.1125,-6.4935],[107.1,-6.4935],[107.1,-6.5056]]]},"properties":{"lc_code":1,"lc_name":"Evergreen Broadleaf Forest"}},{"type":"Feature","geometry":{"type":"Polygon","coordinates":[[[107.1125,-6.5056],[107.125,-6.5056],[107.125,-6.4935],[107.1125,-6.4935],[107.1125,-6.5056]]]},"properties":{"lc_code":1,"lc_name":"Evergreen Broadleaf Forest"}},{"type":"Feature","geometry":{"type":"Polygon","coordinates":[[[107.125,-6.5056],[107.1375,-6.5056],[107.1375,-6.4935],[107.125,-6.4935],[107.125,-6.5056]]]},"properties":{"lc_code":1,"lc_name":"Evergreen Broadleaf Forest"}},{"type":"Feature","geometry":{"type":"Polygon","coordinates":[[[107.1375,-6.5056],[107.15,-6.5056],[107.15,-6.4935],[107.1375,-6.4935],[107.1375,-6.5056]]]},"properties":{"lc_code":1,"lc_name":"Evergreen Broadleaf Forest"}},{"type":"Feature","geometry":{"type":"Polygon","coordinates":[[[107.15,-6.5056],[107.1625,-6.5056],[107.1625,-6.4935],[107.15,-6.4935],[107.15,-6.5056]]]},"properties":{"lc_code":1,"lc_name":"Evergreen Broadleaf Forest"}},{"type":"Feature","geometry":{"type":"Polygon","coordinates":[[[107.1625,-6.5056],[107.175,-6.5056],[107.175,-6.4935],[107.1625,-6.4935],[107.1625,-6.5056]]]},"properties":{"lc_code":1,"lc_name":"Evergreen Broadleaf Forest"}},{"type":"Feature","geometry":{"type":"Polygon","coordinates":[[[107.175,-6.5056],[107.1875,-6.5056],[107.1875,-6.4935],[107.175,-6.4935],[107.175,-6.5056]]]},"properties":{"lc_code":1,"lc_name":"Evergreen Broadleaf Forest"}},{"type":"Feature","geometry":{"type":"Polygon","coordinates":[[[107.1875,-6.5056],[107.2,-6.5056],[107.2,-6.4935],[107.1875,-6.4935],[107.1875,-6.5056]]]},"properties":{"lc_code":1,"lc_name":"Evergreen Broadleaf Forest"}},{"type":"Feature","geometry":{"type":"Polygon","coordinates":[[[107.2,-6.5056],[107.2125,-6.5056],[107.2125,-6.4935],[107.2,-6.4935],[107.2,-6.5056]]]},"properties":{"lc_code":1,"lc_name":"Evergreen Broadleaf Forest"}},{"type":"Feature","geometry":{"type":"Polygon","coordinates":[[[107.2125,-6.5056],[107.225,-6.5056],[107.225,-6.4935],[107.2125,-6.4935],[107.2125,-6.5056]]]},"properties":{"lc_code":1,"lc_name":"Evergreen Broadleaf Forest"}},{"type":"Feature","geometry":{"type":"Polygon","coordinates":[[[107.225,-6.5056],[107.2375,-6.5056],[107.2375,-6.4935],[107.225,-6.4935],[107.225,-6.5056]]]},"properties":{"lc_code":1,"lc_name":"Evergreen Broadleaf Forest"}},{"type":"Feature","geometry":{"type":"Polygon","coordinates":[[[107.2375,-6.5056],[107.25,-6.5056],[107.25,-6.4935],[107.2375,-6.4935],[107.2375,-6.5056]]]},"properties":{"lc_code":1,"lc_name":"Evergreen Broadleaf Forest"}},{"type":"Feature","geometry":{"type":"Polygon","coordinates":[[[107.25,-6.5056],[107.2625,-6.5056],[107.2625,-6.4935],[107.25,-6.4935],[107.25,-6.5056]]]},"properties":{"lc_code":1,"lc_name":"Evergreen Broadleaf Forest"}},{"type":"Feature","geometry":{"type":"Polygon","coordinates":[[[107.2625,-6.5056],[107.275,-6.5056],[107.275,-6.4935],[107.2625,-6.4935],[107.2625,-6.5056]]]},"properties":{"lc_code":1,"lc_name":"Evergreen Broadleaf Forest"}},{"type":"Feature","geometry":{"type":"Polygon","coordinates":[[[107.275,-6.5056],[107.2875,-6.5056],[107.2875,-6.4935],[107.275,-6.4935],[107.275,-6.5056]]]},"properties":{"lc_code":1,"lc_name":"Evergreen Broadleaf Forest"}},{"type":"Feature","geometry":{"type":"Polygon","coordinates":[[[107.2875,-6.5056],[107.3,-6.5056],[107.3,-6.4935],[107.2875,-6.4935],[107.2875,-6.5056]]]},"properties":{"lc_code":1,"lc_name":"Evergreen Broadleaf Forest"}},{"type":"Feature","geometry":{"type":"Polygon","coordinates":[[[106.5,-6.4935],[106.5125,-6.4935],[106.5125,-6.4815],[106.5,-6.4815],[106.5,-6.4935]]]},"properties":{"lc_code":12,"lc_name":"Cropland / Natural Vegetation Mosaics"}},{"type":"Feature","geometry":{"type":"Polygon","coordinates":[[[106.5125,-6.4935],[106.525,-6.4935],[106.525,-6.4815],[106.5125,-6.4815],[106.5125,-6.4935]]]},"properties":{"lc_code":12,"lc_name":"Cropland / Natural Vegetation Mosaics"}},{"type":"Feature","geometry":{"type":"Polygon","coordinates":[[[106.525,-6.4935],[106.5375,-6.4935],[106.5375,-6.4815],[106.525,-6.4815],[106.525,-6.4935]]]},"properties":{"lc_code":12,"lc_name":"Cropland / Natural Vegetation Mosaics"}},{"type":"Feature","geometry":{"type":"Polygon","coordinates":[[[106.5375,-6.4935],[106.55,-6.4935],[106.55,-6.4815],[106.5375,-6.4815],[106.5375,-6.4935]]]},"properties":{"lc_code":12,"lc_name":"Cropland / Natural Vegetation Mosaics"}},{"type":"Feature","geometry":{"type":"Polygon","coordinates":[[[106.55,-6.4935],[106.5625,-6.4935],[106.5625,-6.4815],[106.55,-6.4815],[106.55,-6.4935]]]},"properties":{"lc_code":12,"lc_name":"Cropland / Natural Vegetation Mosaics"}},{"type":"Feature","geometry":{"type":"Polygon","coordinates":[[[106.5625,-6.4935],[106.575,-6.4935],[106.575,-6.4815],[106.5625,-6.4815],[106.5625,-6.4935]]]},"properties":{"lc_code":12,"lc_name":"Cropland / Natural Vegetation Mosaics"}},{"type":"Feature","geometry":{"type":"Polygon","coordinates":[[[106.575,-6.4935],[106.5875,-6.4935],[106.5875,-6.4815],[106.575,-6.4815],[106.575,-6.4935]]]},"properties":{"lc_code":12,"lc_name":"Cropland / Natural Vegetation Mosaics"}},{"type":"Feature","geometry":{"type":"Polygon","coordinates":[[[106.5875,-6.4935],[106.6,-6.4935],[106.6,-6.4815],[106.5875,-6.4815],[106.5875,-6.4935]]]},"properties":{"lc_code":12,"lc_name":"Cropland / Natural Vegetation Mosaics"}},{"type":"Feature","geometry":{"type":"Polygon","coordinates":[[[106.6,-6.4935],[106.6125,-6.4935],[106.6125,-6.4815],[106.6,-6.4815],[106.6,-6.4935]]]},"properties":{"lc_code":12,"lc_name":"Cropland / Natural Vegetation Mosaics"}},{"type":"Feature","geometry":{"type":"Polygon","coordinates":[[[106.6125,-6.4935],[106.625,-6.4935],[106.625,-6.4815],[106.6125,-6.4815],[106.6125,-6.4935]]]},"properties":{"lc_code":12,"lc_name":"Cropland / Natural Vegetation Mosaics"}},{"type":"Feature","geometry":{"type":"Polygon","coordinates":[[[106.625,-6.4935],[106.6375,-6.4935],[106.6375,-6.4815],[106.625,-6.4815],[106.625,-6.4935]]]},"properties":{"lc_code":12,"lc_name":"Cropland / Natural Vegetation Mosaics"}},{"type":"Feature","geometry":{"type":"Polygon","coordinates":[[[106.6375,-6.4935],[106.65,-6.4935],[106.65,-6.4815],[106.6375,-6.4815],[106.6375,-6.4935]]]},"properties":{"lc_code":12,"lc_name":"Cropland / Natural Vegetation Mosaics"}},{"type":"Feature","geometry":{"type":"Polygon","coordinates":[[[106.65,-6.4935],[106.6625,-6.4935],[106.6625,-6.4815],[106.65,-6.4815],[106.65,-6.4935]]]},"properties":{"lc_code":12,"lc_name":"Cropland / Natural Vegetation Mosaics"}},{"type":"Feature","geometry":{"type":"Polygon","coordinates":[[[106.6625,-6.4935],[106.675,-6.4935],[106.675,-6.4815],[106.6625,-6.4815],[106.6625,-6.4935]]]},"properties":{"lc_code":12,"lc_name":"Cropland / Natural Vegetation Mosaics"}},{"type":"Feature","geometry":{"type":"Polygon","coordinates":[[[106.675,-6.4935],[106.6875,-6.4935],[106.6875,-6.4815],[106.675,-6.4815],[106.675,-6.4935]]]},"properties":{"lc_code":12,"lc_name":"Cropland / Natural Vegetation Mosaics"}},{"type":"Feature","geometry":{"type":"Polygon","coordinates":[[[106.6875,-6.4935],[106.7,-6.4935],[106.7,-6.4815],[106.6875,-6.4815],[106.6875,-6.4935]]]},"properties":{"lc_code":12,"lc_name":"Cropland / Natural Vegetation Mosaics"}},{"type":"Feature","geometry":{"type":"Polygon","coordinates":[[[106.7,-6.4935],[106.7125,-6.4935],[106.7125,-6.4815],[106.7,-6.4815],[106.7,-6.4935]]]},"properties":{"lc_code":12,"lc_name":"Cropland / Natural Vegetation Mosaics"}},{"type":"Feature","geometry":{"type":"Polygon","coordinates":[[[106.7125,-6.4935],[106.725,-6.4935],[106.725,-6.4815],[106.7125,-6.4815],[106.7125,-6.4935]]]},"properties":{"lc_code":12,"lc_name":"Cropland / Natural Vegetation Mosaics"}},{"type":"Feature","geometry":{"type":"Polygon","coordinates":[[[106.725,-6.4935],[106.7375,-6.4935],[106.7375,-6.4815],[106.725,-6.4815],[106.725,-6.4935]]]},"properties":{"lc_code":12,"lc_name":"Cropland / Natural Vegetation Mosaics"}},{"type":"Feature","geometry":{"type":"Polygon","coordinates":[[[106.7375,-6.4935],[106.75,-6.4935],[106.75,-6.4815],[106.7375,-6.4815],[106.7375,-6.4935]]]},"properties":{"lc_code":12,"lc_name":"Cropland / Natural Vegetation Mosaics"}},{"type":"Feature","geometry":{"type":"Polygon","coordinates":[[[106.75,-6.4935],[106.7625,-6.4935],[106.7625,-6.4815],[106.75,-6.4815],[106.75,-6.4935]]]},"properties":{"lc_code":12,"lc_name":"Cropland / Natural Vegetation Mosaics"}},{"type":"Feature","geometry":{"type":"Polygon","coordinates":[[[106.7625,-6.4935],[106.775,-6.4935],[106.775,-6.4815],[106.7625,-6.4815],[106.7625,-6.4935]]]},"properties":{"lc_code":12,"lc_name":"Cropland / Natural Vegetation Mosaics"}},{"type":"Feature","geometry":{"type":"Polygon","coordinates":[[[106.775,-6.4935],[106.7875,-6.4935],[106.7875,-6.4815],[106.775,-6.4815],[106.775,-6.4935]]]},"properties":{"lc_code":12,"lc_name":"Cropland / Natural Vegetation Mosaics"}},{"type":"Feature","geometry":{"type":"Polygon","coordinates":[[[106.7875,-6.4935],[106.8,-6.4935],[106.8,-6.4815],[106.7875,-6.4815],[106.7875,-6.4935]]]},"properties":{"lc_code":12,"lc_name":"Cropland / Natural Vegetation Mosaics"}},{"type":"Feature","geometry":{"type":"Polygon","coordinates":[[[106.8,-6.4935],[106.8125,-6.4935],[106.8125,-6.4815],[106.8,-6.4815],[106.8,-6.4935]]]},"properties":{"lc_code":12,"lc_name":"Cropland / Natural Vegetation Mosaics"}},{"type":"Feature","geometry":{"type":"Polygon","coordinates":[[[106.8125,-6.4935],[106.825,-6.4935],[106.825,-6.4815],[106.8125,-6.4815],[106.8125,-6.4935]]]},"properties":{"lc_code":12,"lc_name":"Cropland / Natural Vegetation Mosaics"}},{"type":"Feature","geometry":{"type":"Polygon","coordinates":[[[106.825,-6.4935],[106.8375,-6.4935],[106.8375,-6.4815],[106.825,-6.4815],[106.825,-6.4935]]]},"properties":{"lc_code":12,"lc_name":"Cropland / Natural Vegetation Mosaics"}},{"type":"Feature","geometry":{"type":"Polygon","coordinates":[[[106.8375,-6.4935],[106.85,-6.4935],[106.85,-6.4815],[106.8375,-6.4815],[106.8375,-6.4935]]]},"properties":{"lc_code":12,"lc_name":"Cropland / Natural Vegetation Mosaics"}},{"type":"Feature","geometry":{"type":"Polygon","coordinates":[[[106.85,-6.4935],[106.8625,-6.4935],[106.8625,-6.4815],[106.85,-6.4815],[106.85,-6.4935]]]},"properties":{"lc_code":12,"lc_name":"Cropland / Natural Vegetation Mosaics"}},{"type":"Feature","geometry":{"type":"Polygon","coordinates":[[[106.8625,-6.4935],[106.875,-6.4935],[106.875,-6.4815],[106.8625,-6.4815],[106.8625,-6.4935]]]},"properties":{"lc_code":12,"lc_name":"Cropland / Natural Vegetation Mosaics"}},{"type":"Feature","geometry":{"type":"Polygon","coordinates":[[[106.875,-6.4935],[106.8875,-6.4935],[106.8875,-6.4815],[106.875,-6.4815],[106.875,-6.4935]]]},"properties":{"lc_code":12,"lc_name":"Cropland / Natural Vegetation Mosaics"}},{"type":"Feature","geometry":{"type":"Polygon","coordinates":[[[106.8875,-6.4935],[106.9,-6.4935],[106.9,-6.4815],[106.8875,-6.4815],[106.8875,-6.4935]]]},"properties":{"lc_code":12,"lc_name":"Cropland / Natural Vegetation Mosaics"}},{"type":"Feature","geometry":{"type":"Polygon","coordinates":[[[106.9,-6.4935],[106.9125,-6.4935],[106.9125,-6.4815],[106.9,-6.4815],[106.9,-6.4935]]]},"properties":{"lc_code":12,"lc_name":"Cropland / Natural Vegetation Mosaics"}},{"type":"Feature","geometry":{"type":"Polygon","coordinates":[[[106.9125,-6.4935],[106.925,-6.4935],[106.925,-6.4815],[106.9125,-6.4815],[106.9125,-6.4935]]]},"properties":{"lc_code":12,"lc_name":"Cropland / Natural Vegetation Mosaics"}},{"type":"Feature","geometry":{"type":"Polygon","coordinates":[[[106.925,-6.4935],[106.9375,-6.4935],[106.9375,-6.4815],[106.925,-6.4815],[106.925,-6.4935]]]},"properties":{"lc_code":12,"lc_name":"Cropland / Natural Vegetation Mosaics"}},{"type":"Feature","geometry":{"type":"Polygon","coordinates":[[[106.9375,-6.4935],[106.95,-6.4935],[106.95,-6.4815],[106.9375,-6.4815],[106.9375,-6.4935]]]},"properties":{"lc_code":12,"lc_name":"Cropland / Natural Vegetation Mosaics"}},{"type":"Feature","geometry":{"type":"Polygon","coordinates":[[[106.95,-6.4935],[106.9625,-6.4935],[106.9625,-6.4815],[106.95,-6.4815],[106.95,-6.4935]]]},"properties":{"lc_code":12,"lc_name":"Cropland / Natural Vegetation Mosaics"}},{"type":"Feature","geometry":{"type":"Polygon","coordinates":[[[106.9625,-6.4935],[106.975,-6.4935],[106.975,-6.4815],[106.9625,-6.4815],[106.9625,-6.4935]]]},"properties":{"lc_code":12,"lc_name":"Cropland / Natural Vegetation Mosaics"}},{"type":"Feature","geometry":{"type":"Polygon","coordinates":[[[106.975,-6.4935],[106.9875,-6.4935],[106.9875,-6.4815],[106.975,-6.4815],[106.975,-6.4935]]]},"properties":{"lc_code":12,"lc_name":"Cropland / Natural Vegetation Mosaics"}},{"type":"Feature","geometry":{"type":"Polygon","coordinates":[[[106.9875,-6.4935],[107,-6.4935],[107,-6.4815],[106.9875,-6.4815],[106.9875,-6.4935]]]},"properties":{"lc_code":12,"lc_name":"Cropland / Natural Vegetation Mosaics"}},{"type":"Feature","geometry":{"type":"Polygon","coordinates":[[[107,-6.4935],[107.0125,-6.4935],[107.0125,-6.4815],[107,-6.4815],[107,-6.4935]]]},"properties":{"lc_code":12,"lc_name":"Cropland / Natural Vegetation Mosaics"}},{"type":"Feature","geometry":{"type":"Polygon","coordinates":[[[107.0125,-6.4935],[107.025,-6.4935],[107.025,-6.4815],[107.0125,-6.4815],[107.0125,-6.4935]]]},"properties":{"lc_code":12,"lc_name":"Cropland / Natural Vegetation Mosaics"}},{"type":"Feature","geometry":{"type":"Polygon","coordinates":[[[107.025,-6.4935],[107.0375,-6.4935],[107.0375,-6.4815],[107.025,-6.4815],[107.025,-6.4935]]]},"properties":{"lc_code":12,"lc_name":"Cropland / Natural Vegetation Mosaics"}},{"type":"Feature","geometry":{"type":"Polygon","coordinates":[[[107.0375,-6.4935],[107.05,-6.4935],[107.05,-6.4815],[107.0375,-6.4815],[107.0375,-6.4935]]]},"properties":{"lc_code":12,"lc_name":"Cropland / Natural Vegetation Mosaics"}},{"type":"Feature","geometry":{"type":"Polygon","coordinates":[[[107.05,-6.4935],[107.0625,-6.4935],[107.0625,-6.4815],[107.05,-6.4815],[107.05,-6.4935]]]},"properties":{"lc_code":12,"lc_name":"Cropland / Natural Vegetation Mosaics"}},{"type":"Feature","geometry":{"type":"Polygon","coordinates":[[[107.0625,-6.4935],[107.075,-6.4935],[107.075,-6.4815],[107.0625,-6.4815],[107.0625,-6.4935]]]},"properties":{"lc_code":12,"lc_name":"Cropland / Natural Vegetation Mosaics"}},{"type":"Feature","geometry":{"type":"Polygon","coordinates":[[[107.075,-6.4935],[107.0875,-6.4935],[107.0875,-6.4815],[107.075,-6.4815],[107.075,-6.4935]]]},"properties":{"lc_code":12,"lc_name":"Cropland / Natural Vegetation Mosaics"}},{"type":"Feature","geometry":{"type":"Polygon","coordinates":[[[107.0875,-6.4935],[107.1,-6.4935],[107.1,-6.4815],[107.0875,-6.4815],[107.0875,-6.4935]]]},"properties":{"lc_code":12,"lc_name":"Cropland / Natural Vegetation Mosaics"}},{"type":"Feature","geometry":{"type":"Polygon","coordinates":[[[107.1,-6.4935],[107.1125,-6.4935],[107.1125,-6.4815],[107.1,-6.4815],[107.1,-6.4935]]]},"properties":{"lc_code":12,"lc_name":"Cropland / Natural Vegetation Mosaics"}},{"type":"Feature","geometry":{"type":"Polygon","coordinates":[[[107.1125,-6.4935],[107.125,-6.4935],[107.125,-6.4815],[107.1125,-6.4815],[107.1125,-6.4935]]]},"properties":{"lc_code":12,"lc_name":"Cropland / Natural Vegetation Mosaics"}},{"type":"Feature","geometry":{"type":"Polygon","coordinates":[[[107.125,-6.4935],[107.1375,-6.4935],[107.1375,-6.4815],[107.125,-6.4815],[107.125,-6.4935]]]},"properties":{"lc_code":12,"lc_name":"Cropland / Natural Vegetation Mosaics"}},{"type":"Feature","geometry":{"type":"Polygon","coordinates":[[[107.1375,-6.4935],[107.15,-6.4935],[107.15,-6.4815],[107.1375,-6.4815],[107.1375,-6.4935]]]},"properties":{"lc_code":12,"lc_name":"Cropland / Natural Vegetation Mosaics"}},{"type":"Feature","geometry":{"type":"Polygon","coordinates":[[[107.15,-6.4935],[107.1625,-6.4935],[107.1625,-6.4815],[107.15,-6.4815],[107.15,-6.4935]]]},"properties":{"lc_code":12,"lc_name":"Cropland / Natural Vegetation Mosaics"}},{"type":"Feature","geometry":{"type":"Polygon","coordinates":[[[107.1625,-6.4935],[107.175,-6.4935],[107.175,-6.4815],[107.1625,-6.4815],[107.1625,-6.4935]]]},"properties":{"lc_code":12,"lc_name":"Cropland / Natural Vegetation Mosaics"}},{"type":"Feature","geometry":{"type":"Polygon","coordinates":[[[107.175,-6.4935],[107.1875,-6.4935],[107.1875,-6.4815],[107.175,-6.4815],[107.175,-6.4935]]]},"properties":{"lc_code":12,"lc_name":"Cropland / Natural Vegetation Mosaics"}},{"type":"Feature","geometry":{"type":"Polygon","coordinates":[[[107.1875,-6.4935],[107.2,-6.4935],[107.2,-6.4815],[107.1875,-6.4815],[107.1875,-6.4935]]]},"properties":{"lc_code":12,"lc_name":"Cropland / Natural Vegetation Mosaics"}},{"type":"Feature","geometry":{"type":"Polygon","coordinates":[[[107.2,-6.4935],[107.2125,-6.4935],[107.2125,-6.4815],[107.2,-6.4815],[107.2,-6.4935]]]},"properties":{"lc_code":12,"lc_name":"Cropland / Natural Vegetation Mosaics"}},{"type":"Feature","geometry":{"type":"Polygon","coordinates":[[[107.2125,-6.4935],[107.225,-6.4935],[107.225,-6.4815],[107.2125,-6.4815],[107.2125,-6.4935]]]},"properties":{"lc_code":12,"lc_name":"Cropland / Natural Vegetation Mosaics"}},{"type":"Feature","geometry":{"type":"Polygon","coordinates":[[[107.225,-6.4935],[107.2375,-6.4935],[107.2375,-6.4815],[107.225,-6.4815],[107.225,-6.4935]]]},"properties":{"lc_code":12,"lc_name":"Cropland / Natural Vegetation Mosaics"}},{"type":"Feature","geometry":{"type":"Polygon","coordinates":[[[107.2375,-6.4935],[107.25,-6.4935],[107.25,-6.4815],[107.2375,-6.4815],[107.2375,-6.4935]]]},"properties":{"lc_code":12,"lc_name":"Cropland / Natural Vegetation Mosaics"}},{"type":"Feature","geometry":{"type":"Polygon","coordinates":[[[107.25,-6.4935],[107.2625,-6.4935],[107.2625,-6.4815],[107.25,-6.4815],[107.25,-6.4935]]]},"properties":{"lc_code":12,"lc_name":"Cropland / Natural Vegetation Mosaics"}},{"type":"Feature","geometry":{"type":"Polygon","coordinates":[[[107.2625,-6.4935],[107.275,-6.4935],[107.275,-6.4815],[107.2625,-6.4815],[107.2625,-6.4935]]]},"properties":{"lc_code":12,"lc_name":"Cropland / Natural Vegetation Mosaics"}},{"type":"Feature","geometry":{"type":"Polygon","coordinates":[[[107.275,-6.4935],[107.2875,-6.4935],[107.2875,-6.4815],[107.275,-6.4815],[107.275,-6.4935]]]},"properties":{"lc_code":12,"lc_name":"Cropland / Natural Vegetation Mosaics"}},{"type":"Feature","geometry":{"type":"Polygon","coordinates":[[[107.2875,-6.4935],[107.3,-6.4935],[107.3,-6.4815],[107.2875,-6.4815],[107.2875,-6.4935]]]},"properties":{"lc_code":12,"lc_name":"Cropland / Natural Vegetation Mosaics"}},{"type":"Feature","geometry":{"type":"Polygon","coordinates":[[[106.5,-6.4815],[106.5125,-6.4815],[106.5125,-6.4694],[106.5,-6.4694],[106.5,-6.4815]]]},"properties":{"lc_code":12,"lc_name":"Cropland / Natural Vegetation Mosaics"}},{"type":"Feature","geometry":{"type":"Polygon","coordinates":[[[106.5125,-6.4815],[106.525,-6.4815],[106.525,-6.4694],[106.5125,-6.4694],[106.5125,-6.4815]]]},"properties":{"lc_code":12,"lc_name":"Cropland / Natural Vegetation Mosaics"}},{"type":"Feature","geometry":{"type":"Polygon","coordinates":[[[106.525,-6.4815],[106.5375,-6.4815],[106.5375,-6.4694],[106.525,-6.4694],[106.525,-6.4815]]]},"properties":{"lc_code":12,"lc_name":"Cropland / Natural Vegetation Mosaics"}},{"type":"Feature","geometry":{"type":"Polygon","coordinates":[[[106.5375,-6.4815],[106.55,-6.4815],[106.55,-6.4694],[106.5375,-6.4694],[106.5375,-6.4815]]]},"properties":{"lc_code":12,"lc_name":"Cropland / Natural Vegetation Mosaics"}},{"type":"Feature","geometry":{"type":"Polygon","coordinates":[[[106.55,-6.4815],[106.5625,-6.4815],[106.5625,-6.4694],[106.55,-6.4694],[106.55,-6.4815]]]},"properties":{"lc_code":12,"lc_name":"Cropland / Natural Vegetation Mosaics"}},{"type":"Feature","geometry":{"type":"Polygon","coordinates":[[[106.5625,-6.4815],[106.575,-6.4815],[106.575,-6.4694],[106.5625,-6.4694],[106.5625,-6.4815]]]},"properties":{"lc_code":12,"lc_name":"Cropland / Natural Vegetation Mosaics"}},{"type":"Feature","geometry":{"type":"Polygon","coordinates":[[[106.575,-6.4815],[106.5875,-6.4815],[106.5875,-6.4694],[106.575,-6.4694],[106.575,-6.4815]]]},"properties":{"lc_code":12,"lc_name":"Cropland / Natural Vegetation Mosaics"}},{"type":"Feature","geometry":{"type":"Polygon","coordinates":[[[106.5875,-6.4815],[106.6,-6.4815],[106.6,-6.4694],[106.5875,-6.4694],[106.5875,-6.4815]]]},"properties":{"lc_code":12,"lc_name":"Cropland / Natural Vegetation Mosaics"}},{"type":"Feature","geometry":{"type":"Polygon","coordinates":[[[106.6,-6.4815],[106.6125,-6.4815],[106.6125,-6.4694],[106.6,-6.4694],[106.6,-6.4815]]]},"properties":{"lc_code":12,"lc_name":"Cropland / Natural Vegetation Mosaics"}},{"type":"Feature","geometry":{"type":"Polygon","coordinates":[[[106.6125,-6.4815],[106.625,-6.4815],[106.625,-6.4694],[106.6125,-6.4694],[106.6125,-6.4815]]]},"properties":{"lc_code":12,"lc_name":"Cropland / Natural Vegetation Mosaics"}},{"type":"Feature","geometry":{"type":"Polygon","coordinates":[[[106.625,-6.4815],[106.6375,-6.4815],[106.6375,-6.4694],[106.625,-6.4694],[106.625,-6.4815]]]},"properties":{"lc_code":12,"lc_name":"Cropland / Natural Vegetation Mosaics"}},{"type":"Feature","geometry":{"type":"Polygon","coordinates":[[[106.6375,-6.4815],[106.65,-6.4815],[106.65,-6.4694],[106.6375,-6.4694],[106.6375,-6.4815]]]},"properties":{"lc_code":12,"lc_name":"Cropland / Natural Vegetation Mosaics"}},{"type":"Feature","geometry":{"type":"Polygon","coordinates":[[[106.65,-6.4815],[106.6625,-6.4815],[106.6625,-6.4694],[106.65,-6.4694],[106.65,-6.4815]]]},"properties":{"lc_code":12,"lc_name":"Cropland / Natural Vegetation Mosaics"}},{"type":"Feature","geometry":{"type":"Polygon","coordinates":[[[106.6625,-6.4815],[106.675,-6.4815],[106.675,-6.4694],[106.6625,-6.4694],[106.6625,-6.4815]]]},"properties":{"lc_code":12,"lc_name":"Cropland / Natural Vegetation Mosaics"}},{"type":"Feature","geometry":{"type":"Polygon","coordinates":[[[106.675,-6.4815],[106.6875,-6.4815],[106.6875,-6.4694],[106.675,-6.4694],[106.675,-6.4815]]]},"properties":{"lc_code":12,"lc_name":"Cropland / Natural Vegetation Mosaics"}},{"type":"Feature","geometry":{"type":"Polygon","coordinates":[[[106.6875,-6.4815],[106.7,-6.4815],[106.7,-6.4694],[106.6875,-6.4694],[106.6875,-6.4815]]]},"properties":{"lc_code":12,"lc_name":"Cropland / Natural Vegetation Mosaics"}},{"type":"Feature","geometry":{"type":"Polygon","coordinates":[[[106.7,-6.4815],[106.7125,-6.4815],[106.7125,-6.4694],[106.7,-6.4694],[106.7,-6.4815]]]},"properties":{"lc_code":12,"lc_name":"Cropland / Natural Vegetation Mosaics"}},{"type":"Feature","geometry":{"type":"Polygon","coordinates":[[[106.7125,-6.4815],[106.725,-6.4815],[106.725,-6.4694],[106.7125,-6.4694],[106.7125,-6.4815]]]},"properties":{"lc_code":12,"lc_name":"Cropland / Natural Vegetation Mosaics"}},{"type":"Feature","geometry":{"type":"Polygon","coordinates":[[[106.725,-6.4815],[106.7375,-6.4815],[106.7375,-6.4694],[106.725,-6.4694],[106.725,-6.4815]]]},"properties":{"lc_code":12,"lc_name":"Cropland / Natural Vegetation Mosaics"}},{"type":"Feature","geometry":{"type":"Polygon","coordinates":[[[106.7375,-6.4815],[106.75,-6.4815],[106.75,-6.4694],[106.7375,-6.4694],[106.7375,-6.4815]]]},"properties":{"lc_code":12,"lc_name":"Cropland / Natural Vegetation Mosaics"}},{"type":"Feature","geometry":{"type":"Polygon","coordinates":[[[106.75,-6.4815],[106.7625,-6.4815],[106.7625,-6.4694],[106.75,-6.4694],[106.75,-6.4815]]]},"properties":{"lc_code":12,"lc_name":"Cropland / Natural Vegetation Mosaics"}},{"type":"Feature","geometry":{"type":"Polygon","coordinates":[[[106.7625,-6.4815],[106.775,-6.4815],[106.775,-6.4694],[106.7625,-6.4694],[106.7625,-6.4815]]]},"properties":{"lc_code":12,"lc_name":"Cropland / Natural Vegetation Mosaics"}},{"type":"Feature","geometry":{"type":"Polygon","coordinates":[[[106.775,-6.4815],[106.7875,-6.4815],[106.7875,-6.4694],[106.775,-6.4694],[106.775,-6.4815]]]},"properties":{"lc_code":12,"lc_name":"Cropland / Natural Vegetation Mosaics"}},{"type":"Feature","geometry":{"type":"Polygon","coordinates":[[[106.7875,-6.4815],[106.8,-6.4815],[106.8,-6.4694],[106.7875,-6.4694],[106.7875,-6.4815]]]},"properties":{"lc_code":12,"lc_name":"Cropland / Natural Vegetation Mosaics"}},{"type":"Feature","geometry":{"type":"Polygon","coordinates":[[[106.8,-6.4815],[106.8125,-6.4815],[106.8125,-6.4694],[106.8,-6.4694],[106.8,-6.4815]]]},"properties":{"lc_code":12,"lc_name":"Cropland / Natural Vegetation Mosaics"}},{"type":"Feature","geometry":{"type":"Polygon","coordinates":[[[106.8125,-6.4815],[106.825,-6.4815],[106.825,-6.4694],[106.8125,-6.4694],[106.8125,-6.4815]]]},"properties":{"lc_code":12,"lc_name":"Cropland / Natural Vegetation Mosaics"}},{"type":"Feature","geometry":{"type":"Polygon","coordinates":[[[106.825,-6.4815],[106.8375,-6.4815],[106.8375,-6.4694],[106.825,-6.4694],[106.825,-6.4815]]]},"properties":{"lc_code":13,"lc_name":"Urban and Built-up Lands"}},{"type":"Feature","geometry":{"type":"Polygon","coordinates":[[[106.8375,-6.4815],[106.85,-6.4815],[106.85,-6.4694],[106.8375,-6.4694],[106.8375,-6.4815]]]},"properties":{"lc_code":12,"lc_name":"Cropland / Natural Vegetation Mosaics"}},{"type":"Feature","geometry":{"type":"Polygon","coordinates":[[[106.85,-6.4815],[106.8625,-6.4815],[106.8625,-6.4694],[106.85,-6.4694],[106.85,-6.4815]]]},"properties":{"lc_code":12,"lc_name":"Cropland / Natural Vegetation Mosaics"}},{"type":"Feature","geometry":{"type":"Polygon","coordinates":[[[106.8625,-6.4815],[106.875,-6.4815],[106.875,-6.4694],[106.8625,-6.4694],[106.8625,-6.4815]]]},"properties":{"lc_code":12,"lc_name":"Cropland / Natural Vegetation Mosaics"}},{"type":"Feature","geometry":{"type":"Polygon","coordinates":[[[106.875,-6.4815],[106.8875,-6.4815],[106.8875,-6.4694],[106.875,-6.4694],[106.875,-6.4815]]]},"properties":{"lc_code":12,"lc_name":"Cropland / Natural Vegetation Mosaics"}},{"type":"Feature","geometry":{"type":"Polygon","coordinates":[[[106.8875,-6.4815],[106.9,-6.4815],[106.9,-6.4694],[106.8875,-6.4694],[106.8875,-6.4815]]]},"properties":{"lc_code":12,"lc_name":"Cropland / Natural Vegetation Mosaics"}},{"type":"Feature","geometry":{"type":"Polygon","coordinates":[[[106.9,-6.4815],[106.9125,-6.4815],[106.9125,-6.4694],[106.9,-6.4694],[106.9,-6.4815]]]},"properties":{"lc_code":12,"lc_name":"Cropland / Natural Vegetation Mosaics"}},{"type":"Feature","geometry":{"type":"Polygon","coordinates":[[[106.9125,-6.4815],[106.925,-6.4815],[106.925,-6.4694],[106.9125,-6.4694],[106.9125,-6.4815]]]},"properties":{"lc_code":12,"lc_name":"Cropland / Natural Vegetation Mosaics"}},{"type":"Feature","geometry":{"type":"Polygon","coordinates":[[[106.925,-6.4815],[106.9375,-6.4815],[106.9375,-6.4694],[106.925,-6.4694],[106.925,-6.4815]]]},"properties":{"lc_code":12,"lc_name":"Cropland / Natural Vegetation Mosaics"}},{"type":"Feature","geometry":{"type":"Polygon","coordinates":[[[106.9375,-6.4815],[106.95,-6.4815],[106.95,-6.4694],[106.9375,-6.4694],[106.9375,-6.4815]]]},"properties":{"lc_code":12,"lc_name":"Cropland / Natural Vegetation Mosaics"}},{"type":"Feature","geometry":{"type":"Polygon","coordinates":[[[106.95,-6.4815],[106.9625,-6.4815],[106.9625,-6.4694],[106.95,-6.4694],[106.95,-6.4815]]]},"properties":{"lc_code":12,"lc_name":"Cropland / Natural Vegetation Mosaics"}},{"type":"Feature","geometry":{"type":"Polygon","coordinates":[[[106.9625,-6.4815],[106.975,-6.4815],[106.975,-6.4694],[106.9625,-6.4694],[106.9625,-6.4815]]]},"properties":{"lc_code":12,"lc_name":"Cropland / Natural Vegetation Mosaics"}},{"type":"Feature","geometry":{"type":"Polygon","coordinates":[[[106.975,-6.4815],[106.9875,-6.4815],[106.9875,-6.4694],[106.975,-6.4694],[106.975,-6.4815]]]},"properties":{"lc_code":12,"lc_name":"Cropland / Natural Vegetation Mosaics"}},{"type":"Feature","geometry":{"type":"Polygon","coordinates":[[[106.9875,-6.4815],[107,-6.4815],[107,-6.4694],[106.9875,-6.4694],[106.9875,-6.4815]]]},"properties":{"lc_code":12,"lc_name":"Cropland / Natural Vegetation Mosaics"}},{"type":"Feature","geometry":{"type":"Polygon","coordinates":[[[107,-6.4815],[107.0125,-6.4815],[107.0125,-6.4694],[107,-6.4694],[107,-6.4815]]]},"properties":{"lc_code":12,"lc_name":"Cropland / Natural Vegetation Mosaics"}},{"type":"Feature","geometry":{"type":"Polygon","coordinates":[[[107.0125,-6.4815],[107.025,-6.4815],[107.025,-6.4694],[107.0125,-6.4694],[107.0125,-6.4815]]]},"properties":{"lc_code":12,"lc_name":"Cropland / Natural Vegetation Mosaics"}},{"type":"Feature","geometry":{"type":"Polygon","coordinates":[[[107.025,-6.4815],[107.0375,-6.4815],[107.0375,-6.4694],[107.025,-6.4694],[107.025,-6.4815]]]},"properties":{"lc_code":12,"lc_name":"Cropland / Natural Vegetation Mosaics"}},{"type":"Feature","geometry":{"type":"Polygon","coordinates":[[[107.0375,-6.4815],[107.05,-6.4815],[107.05,-6.4694],[107.0375,-6.4694],[107.0375,-6.4815]]]},"properties":{"lc_code":12,"lc_name":"Cropland / Natural Vegetation Mosaics"}},{"type":"Feature","geometry":{"type":"Polygon","coordinates":[[[107.05,-6.4815],[107.0625,-6.4815],[107.0625,-6.4694],[107.05,-6.4694],[107.05,-6.4815]]]},"properties":{"lc_code":12,"lc_name":"Cropland / Natural Vegetation Mosaics"}},{"type":"Feature","geometry":{"type":"Polygon","coordinates":[[[107.0625,-6.4815],[107.075,-6.4815],[107.075,-6.4694],[107.0625,-6.4694],[107.0625,-6.4815]]]},"properties":{"lc_code":12,"lc_name":"Cropland / Natural Vegetation Mosaics"}},{"type":"Feature","geometry":{"type":"Polygon","coordinates":[[[107.075,-6.4815],[107.0875,-6.4815],[107.0875,-6.4694],[107.075,-6.4694],[107.075,-6.4815]]]},"properties":{"lc_code":12,"lc_name":"Cropland / Natural Vegetation Mosaics"}},{"type":"Feature","geometry":{"type":"Polygon","coordinates":[[[107.0875,-6.4815],[107.1,-6.4815],[107.1,-6.4694],[107.0875,-6.4694],[107.0875,-6.4815]]]},"properties":{"lc_code":12,"lc_name":"Cropland / Natural Vegetation Mosaics"}},{"type":"Feature","geometry":{"type":"Polygon","coordinates":[[[107.1,-6.4815],[107.1125,-6.4815],[107.1125,-6.4694],[107.1,-6.4694],[107.1,-6.4815]]]},"properties":{"lc_code":12,"lc_name":"Cropland / Natural Vegetation Mosaics"}},{"type":"Feature","geometry":{"type":"Polygon","coordinates":[[[107.1125,-6.4815],[107.125,-6.4815],[107.125,-6.4694],[107.1125,-6.4694],[107.1125,-6.4815]]]},"properties":{"lc_code":12,"lc_name":"Cropland / Natural Vegetation Mosaics"}},{"type":"Feature","geometry":{"type":"Polygon","coordinates":[[[107.125,-6.4815],[107.1375,-6.4815],[107.1375,-6.4694],[107.125,-6.4694],[107.125,-6.4815]]]},"properties":{"lc_code":12,"lc_name":"Cropland / Natural Vegetation Mosaics"}},{"type":"Feature","geometry":{"type":"Polygon","coordinates":[[[107.1375,-6.4815],[107.15,-6.4815],[107.15,-6.4694],[107.1375,-6.4694],[107.1375,-6.4815]]]},"properties":{"lc_code":12,"lc_name":"Cropland / Natural Vegetation Mosaics"}},{"type":"Feature","geometry":{"type":"Polygon","coordinates":[[[107.15,-6.4815],[107.1625,-6.4815],[107.1625,-6.4694],[107.15,-6.4694],[107.15,-6.4815]]]},"properties":{"lc_code":12,"lc_name":"Cropland / Natural Vegetation Mosaics"}},{"type":"Feature","geometry":{"type":"Polygon","coordinates":[[[107.1625,-6.4815],[107.175,-6.4815],[107.175,-6.4694],[107.1625,-6.4694],[107.1625,-6.4815]]]},"properties":{"lc_code":12,"lc_name":"Cropland / Natural Vegetation Mosaics"}},{"type":"Feature","geometry":{"type":"Polygon","coordinates":[[[107.175,-6.4815],[107.1875,-6.4815],[107.1875,-6.4694],[107.175,-6.4694],[107.175,-6.4815]]]},"properties":{"lc_code":12,"lc_name":"Cropland / Natural Vegetation Mosaics"}},{"type":"Feature","geometry":{"type":"Polygon","coordinates":[[[107.1875,-6.4815],[107.2,-6.4815],[107.2,-6.4694],[107.1875,-6.4694],[107.1875,-6.4815]]]},"properties":{"lc_code":12,"lc_name":"Cropland / Natural Vegetation Mosaics"}},{"type":"Feature","geometry":{"type":"Polygon","coordinates":[[[107.2,-6.4815],[107.2125,-6.4815],[107.2125,-6.4694],[107.2,-6.4694],[107.2,-6.4815]]]},"properties":{"lc_code":12,"lc_name":"Cropland / Natural Vegetation Mosaics"}},{"type":"Feature","geometry":{"type":"Polygon","coordinates":[[[107.2125,-6.4815],[107.225,-6.4815],[107.225,-6.4694],[107.2125,-6.4694],[107.2125,-6.4815]]]},"properties":{"lc_code":12,"lc_name":"Cropland / Natural Vegetation Mosaics"}},{"type":"Feature","geometry":{"type":"Polygon","coordinates":[[[107.225,-6.4815],[107.2375,-6.4815],[107.2375,-6.4694],[107.225,-6.4694],[107.225,-6.4815]]]},"properties":{"lc_code":12,"lc_name":"Cropland / Natural Vegetation Mosaics"}},{"type":"Feature","geometry":{"type":"Polygon","coordinates":[[[107.2375,-6.4815],[107.25,-6.4815],[107.25,-6.4694],[107.2375,-6.4694],[107.2375,-6.4815]]]},"properties":{"lc_code":12,"lc_name":"Cropland / Natural Vegetation Mosaics"}},{"type":"Feature","geometry":{"type":"Polygon","coordinates":[[[107.25,-6.4815],[107.2625,-6.4815],[107.2625,-6.4694],[107.25,-6.4694],[107.25,-6.4815]]]},"properties":{"lc_code":12,"lc_name":"Cropland / Natural Vegetation Mosaics"}},{"type":"Feature","geometry":{"type":"Polygon","coordinates":[[[107.2625,-6.4815],[107.275,-6.4815],[107.275,-6.4694],[107.2625,-6.4694],[107.2625,-6.4815]]]},"properties":{"lc_code":12,"lc_name":"Cropland / Natural Vegetation Mosaics"}},{"type":"Feature","geometry":{"type":"Polygon","coordinates":[[[107.275,-6.4815],[107.2875,-6.4815],[107.2875,-6.4694],[107.275,-6.4694],[107.275,-6.4815]]]},"properties":{"lc_code":12,"lc_name":"Cropland / Natural Vegetation Mosaics"}},{"type":"Feature","geometry":{"type":"Polygon","coordinates":[[[107.2875,-6.4815],[107.3,-6.4815],[107.3,-6.4694],[107.2875,-6.4694],[107.2875,-6.4815]]]},"properties":{"lc_code":12,"lc_name":"Cropland / Natural Vegetation Mosaics"}},{"type":"Feature","geometry":{"type":"Polygon","coordinates":[[[106.5,-6.4694],[106.5125,-6.4694],[106.5125,-6.4574],[106.5,-6.4574],[106.5,-6.4694]]]},"properties":{"lc_code":12,"lc_name":"Cropland / Natural Vegetation Mosaics"}},{"type":"Feature","geometry":{"type":"Polygon","coordinates":[[[106.5125,-6.4694],[106.525,-6.4694],[106.525,-6.4574],[106.5125,-6.4574],[106.5125,-6.4694]]]},"properties":{"lc_code":12,"lc_name":"Cropland / Natural Vegetation Mosaics"}},{"type":"Feature","geometry":{"type":"Polygon","coordinates":[[[106.525,-6.4694],[106.5375,-6.4694],[106.5375,-6.4574],[106.525,-6.4574],[106.525,-6.4694]]]},"properties":{"lc_code":12,"lc_name":"Cropland / Natural Vegetation Mosaics"}},{"type":"Feature","geometry":{"type":"Polygon","coordinates":[[[106.5375,-6.4694],[106.55,-6.4694],[106.55,-6.4574],[106.5375,-6.4574],[106.5375,-6.4694]]]},"properties":{"lc_code":12,"lc_name":"Cropland / Natural Vegetation Mosaics"}},{"type":"Feature","geometry":{"type":"Polygon","coordinates":[[[106.55,-6.4694],[106.5625,-6.4694],[106.5625,-6.4574],[106.55,-6.4574],[106.55,-6.4694]]]},"properties":{"lc_code":12,"lc_name":"Cropland / Natural Vegetation Mosaics"}},{"type":"Feature","geometry":{"type":"Polygon","coordinates":[[[106.5625,-6.4694],[106.575,-6.4694],[106.575,-6.4574],[106.5625,-6.4574],[106.5625,-6.4694]]]},"properties":{"lc_code":12,"lc_name":"Cropland / Natural Vegetation Mosaics"}},{"type":"Feature","geometry":{"type":"Polygon","coordinates":[[[106.575,-6.4694],[106.5875,-6.4694],[106.5875,-6.4574],[106.575,-6.4574],[106.575,-6.4694]]]},"properties":{"lc_code":12,"lc_name":"Cropland / Natural Vegetation Mosaics"}},{"type":"Feature","geometry":{"type":"Polygon","coordinates":[[[106.5875,-6.4694],[106.6,-6.4694],[106.6,-6.4574],[106.5875,-6.4574],[106.5875,-6.4694]]]},"properties":{"lc_code":12,"lc_name":"Cropland / Natural Vegetation Mosaics"}},{"type":"Feature","geometry":{"type":"Polygon","coordinates":[[[106.6,-6.4694],[106.6125,-6.4694],[106.6125,-6.4574],[106.6,-6.4574],[106.6,-6.4694]]]},"properties":{"lc_code":12,"lc_name":"Cropland / Natural Vegetation Mosaics"}},{"type":"Feature","geometry":{"type":"Polygon","coordinates":[[[106.6125,-6.4694],[106.625,-6.4694],[106.625,-6.4574],[106.6125,-6.4574],[106.6125,-6.4694]]]},"properties":{"lc_code":12,"lc_name":"Cropland / Natural Vegetation Mosaics"}},{"type":"Feature","geometry":{"type":"Polygon","coordinates":[[[106.625,-6.4694],[106.6375,-6.4694],[106.6375,-6.4574],[106.625,-6.4574],[106.625,-6.4694]]]},"properties":{"lc_code":12,"lc_name":"Cropland / Natural Vegetation Mosaics"}},{"type":"Feature","geometry":{"type":"Polygon","coordinates":[[[106.6375,-6.4694],[106.65,-6.4694],[106.65,-6.4574],[106.6375,-6.4574],[106.6375,-6.4694]]]},"properties":{"lc_code":12,"lc_name":"Cropland / Natural Vegetation Mosaics"}},{"type":"Feature","geometry":{"type":"Polygon","coordinates":[[[106.65,-6.4694],[106.6625,-6.4694],[106.6625,-6.4574],[106.65,-6.4574],[106.65,-6.4694]]]},"properties":{"lc_code":12,"lc_name":"Cropland / Natural Vegetation Mosaics"}},{"type":"Feature","geometry":{"type":"Polygon","coordinates":[[[106.6625,-6.4694],[106.675,-6.4694],[106.675,-6.4574],[106.6625,-6.4574],[106.6625,-6.4694]]]},"properties":{"lc_code":12,"lc_name":"Cropland / Natural Vegetation Mosaics"}},{"type":"Feature","geometry":{"type":"Polygon","coordinates":[[[106.675,-6.4694],[106.6875,-6.4694],[106.6875,-6.4574],[106.675,-6.4574],[106.675,-6.4694]]]},"properties":{"lc_code":12,"lc_name":"Cropland / Natural Vegetation Mosaics"}},{"type":"Feature","geometry":{"type":"Polygon","coordinates":[[[106.6875,-6.4694],[106.7,-6.4694],[106.7,-6.4574],[106.6875,-6.4574],[106.6875,-6.4694]]]},"properties":{"lc_code":12,"lc_name":"Cropland / Natural Vegetation Mosaics"}},{"type":"Feature","geometry":{"type":"Polygon","coordinates":[[[106.7,-6.4694],[106.7125,-6.4694],[106.7125,-6.4574],[106.7,-6.4574],[106.7,-6.4694]]]},"properties":{"lc_code":12,"lc_name":"Cropland / Natural Vegetation Mosaics"}},{"type":"Feature","geometry":{"type":"Polygon","coordinates":[[[106.7125,-6.4694],[106.725,-6.4694],[106.725,-6.4574],[106.7125,-6.4574],[106.7125,-6.4694]]]},"properties":{"lc_code":12,"lc_name":"Cropland / Natural Vegetation Mosaics"}},{"type":"Feature","geometry":{"type":"Polygon","coordinates":[[[106.725,-6.4694],[106.7375,-6.4694],[106.7375,-6.4574],[106.725,-6.4574],[106.725,-6.4694]]]},"properties":{"lc_code":12,"lc_name":"Cropland / Natural Vegetation Mosaics"}},{"type":"Feature","geometry":{"type":"Polygon","coordinates":[[[106.7375,-6.4694],[106.75,-6.4694],[106.75,-6.4574],[106.7375,-6.4574],[106.7375,-6.4694]]]},"properties":{"lc_code":12,"lc_name":"Cropland / Natural Vegetation Mosaics"}},{"type":"Feature","geometry":{"type":"Polygon","coordinates":[[[106.75,-6.4694],[106.7625,-6.4694],[106.7625,-6.4574],[106.75,-6.4574],[106.75,-6.4694]]]},"properties":{"lc_code":12,"lc_name":"Cropland / Natural Vegetation Mosaics"}},{"type":"Feature","geometry":{"type":"Polygon","coordinates":[[[106.7625,-6.4694],[106.775,-6.4694],[106.775,-6.4574],[106.7625,-6.4574],[106.7625,-6.4694]]]},"properties":{"lc_code":12,"lc_name":"Cropland / Natural Vegetation Mosaics"}},{"type":"Feature","geometry":{"type":"Polygon","coordinates":[[[106.775,-6.4694],[106.7875,-6.4694],[106.7875,-6.4574],[106.775,-6.4574],[106.775,-6.4694]]]},"properties":{"lc_code":12,"lc_name":"Cropland / Natural Vegetation Mosaics"}},{"type":"Feature","geometry":{"type":"Polygon","coordinates":[[[106.7875,-6.4694],[106.8,-6.4694],[106.8,-6.4574],[106.7875,-6.4574],[106.7875,-6.4694]]]},"properties":{"lc_code":13,"lc_name":"Urban and Built-up Lands"}},{"type":"Feature","geometry":{"type":"Polygon","coordinates":[[[106.8,-6.4694],[106.8125,-6.4694],[106.8125,-6.4574],[106.8,-6.4574],[106.8,-6.4694]]]},"properties":{"lc_code":13,"lc_name":"Urban and Built-up Lands"}},{"type":"Feature","geometry":{"type":"Polygon","coordinates":[[[106.8125,-6.4694],[106.825,-6.4694],[106.825,-6.4574],[106.8125,-6.4574],[106.8125,-6.4694]]]},"properties":{"lc_code":13,"lc_name":"Urban and Built-up Lands"}},{"type":"Feature","geometry":{"type":"Polygon","coordinates":[[[106.825,-6.4694],[106.8375,-6.4694],[106.8375,-6.4574],[106.825,-6.4574],[106.825,-6.4694]]]},"properties":{"lc_code":13,"lc_name":"Urban and Built-up Lands"}},{"type":"Feature","geometry":{"type":"Polygon","coordinates":[[[106.8375,-6.4694],[106.85,-6.4694],[106.85,-6.4574],[106.8375,-6.4574],[106.8375,-6.4694]]]},"properties":{"lc_code":13,"lc_name":"Urban and Built-up Lands"}},{"type":"Feature","geometry":{"type":"Polygon","coordinates":[[[106.85,-6.4694],[106.8625,-6.4694],[106.8625,-6.4574],[106.85,-6.4574],[106.85,-6.4694]]]},"properties":{"lc_code":13,"lc_name":"Urban and Built-up Lands"}},{"type":"Feature","geometry":{"type":"Polygon","coordinates":[[[106.8625,-6.4694],[106.875,-6.4694],[106.875,-6.4574],[106.8625,-6.4574],[106.8625,-6.4694]]]},"properties":{"lc_code":13,"lc_name":"Urban and Built-up Lands"}},{"type":"Feature","geometry":{"type":"Polygon","coordinates":[[[106.875,-6.4694],[106.8875,-6.4694],[106.8875,-6.4574],[106.875,-6.4574],[106.875,-6.4694]]]},"properties":{"lc_code":12,"lc_name":"Cropland / Natural Vegetation Mosaics"}},{"type":"Feature","geometry":{"type":"Polygon","coordinates":[[[106.8875,-6.4694],[106.9,-6.4694],[106.9,-6.4574],[106.8875,-6.4574],[106.8875,-6.4694]]]},"properties":{"lc_code":12,"lc_name":"Cropland / Natural Vegetation Mosaics"}},{"type":"Feature","geometry":{"type":"Polygon","coordinates":[[[106.9,-6.4694],[106.9125,-6.4694],[106.9125,-6.4574],[106.9,-6.4574],[106.9,-6.4694]]]},"properties":{"lc_code":12,"lc_name":"Cropland / Natural Vegetation Mosaics"}},{"type":"Feature","geometry":{"type":"Polygon","coordinates":[[[106.9125,-6.4694],[106.925,-6.4694],[106.925,-6.4574],[106.9125,-6.4574],[106.9125,-6.4694]]]},"properties":{"lc_code":12,"lc_name":"Cropland / Natural Vegetation Mosaics"}},{"type":"Feature","geometry":{"type":"Polygon","coordinates":[[[106.925,-6.4694],[106.9375,-6.4694],[106.9375,-6.4574],[106.925,-6.4574],[106.925,-6.4694]]]},"properties":{"lc_code":12,"lc_name":"Cropland / Natural Vegetation Mosaics"}},{"type":"Feature","geometry":{"type":"Polygon","coordinates":[[[106.9375,-6.4694],[106.95,-6.4694],[106.95,-6.4574],[106.9375,-6.4574],[106.9375,-6.4694]]]},"properties":{"lc_code":12,"lc_name":"Cropland / Natural Vegetation Mosaics"}},{"type":"Feature","geometry":{"type":"Polygon","coordinates":[[[106.95,-6.4694],[106.9625,-6.4694],[106.9625,-6.4574],[106.95,-6.4574],[106.95,-6.4694]]]},"properties":{"lc_code":12,"lc_name":"Cropland / Natural Vegetation Mosaics"}},{"type":"Feature","geometry":{"type":"Polygon","coordinates":[[[106.9625,-6.4694],[106.975,-6.4694],[106.975,-6.4574],[106.9625,-6.4574],[106.9625,-6.4694]]]},"properties":{"lc_code":12,"lc_name":"Cropland / Natural Vegetation Mosaics"}},{"type":"Feature","geometry":{"type":"Polygon","coordinates":[[[106.975,-6.4694],[106.9875,-6.4694],[106.9875,-6.4574],[106.975,-6.4574],[106.975,-6.4694]]]},"properties":{"lc_code":12,"lc_name":"Cropland / Natural Vegetation Mosaics"}},{"type":"Feature","geometry":{"type":"Polygon","coordinates":[[[106.9875,-6.4694],[107,-6.4694],[107,-6.4574],[106.9875,-6.4574],[106.9875,-6.4694]]]},"properties":{"lc_code":12,"lc_name":"Cropland / Natural Vegetation Mosaics"}},{"type":"Feature","geometry":{"type":"Polygon","coordinates":[[[107,-6.4694],[107.0125,-6.4694],[107.0125,-6.4574],[107,-6.4574],[107,-6.4694]]]},"properties":{"lc_code":12,"lc_name":"Cropland / Natural Vegetation Mosaics"}},{"type":"Feature","geometry":{"type":"Polygon","coordinates":[[[107.0125,-6.4694],[107.025,-6.4694],[107.025,-6.4574],[107.0125,-6.4574],[107.0125,-6.4694]]]},"properties":{"lc_code":12,"lc_name":"Cropland / Natural Vegetation Mosaics"}},{"type":"Feature","geometry":{"type":"Polygon","coordinates":[[[107.025,-6.4694],[107.0375,-6.4694],[107.0375,-6.4574],[107.025,-6.4574],[107.025,-6.4694]]]},"properties":{"lc_code":12,"lc_name":"Cropland / Natural Vegetation Mosaics"}},{"type":"Feature","geometry":{"type":"Polygon","coordinates":[[[107.0375,-6.4694],[107.05,-6.4694],[107.05,-6.4574],[107.0375,-6.4574],[107.0375,-6.4694]]]},"properties":{"lc_code":12,"lc_name":"Cropland / Natural Vegetation Mosaics"}},{"type":"Feature","geometry":{"type":"Polygon","coordinates":[[[107.05,-6.4694],[107.0625,-6.4694],[107.0625,-6.4574],[107.05,-6.4574],[107.05,-6.4694]]]},"properties":{"lc_code":12,"lc_name":"Cropland / Natural Vegetation Mosaics"}},{"type":"Feature","geometry":{"type":"Polygon","coordinates":[[[107.0625,-6.4694],[107.075,-6.4694],[107.075,-6.4574],[107.0625,-6.4574],[107.0625,-6.4694]]]},"properties":{"lc_code":12,"lc_name":"Cropland / Natural Vegetation Mosaics"}},{"type":"Feature","geometry":{"type":"Polygon","coordinates":[[[107.075,-6.4694],[107.0875,-6.4694],[107.0875,-6.4574],[107.075,-6.4574],[107.075,-6.4694]]]},"properties":{"lc_code":12,"lc_name":"Cropland / Natural Vegetation Mosaics"}},{"type":"Feature","geometry":{"type":"Polygon","coordinates":[[[107.0875,-6.4694],[107.1,-6.4694],[107.1,-6.4574],[107.0875,-6.4574],[107.0875,-6.4694]]]},"properties":{"lc_code":12,"lc_name":"Cropland / Natural Vegetation Mosaics"}},{"type":"Feature","geometry":{"type":"Polygon","coordinates":[[[107.1,-6.4694],[107.1125,-6.4694],[107.1125,-6.4574],[107.1,-6.4574],[107.1,-6.4694]]]},"properties":{"lc_code":12,"lc_name":"Cropland / Natural Vegetation Mosaics"}},{"type":"Feature","geometry":{"type":"Polygon","coordinates":[[[107.1125,-6.4694],[107.125,-6.4694],[107.125,-6.4574],[107.1125,-6.4574],[107.1125,-6.4694]]]},"properties":{"lc_code":12,"lc_name":"Cropland / Natural Vegetation Mosaics"}},{"type":"Feature","geometry":{"type":"Polygon","coordinates":[[[107.125,-6.4694],[107.1375,-6.4694],[107.1375,-6.4574],[107.125,-6.4574],[107.125,-6.4694]]]},"properties":{"lc_code":12,"lc_name":"Cropland / Natural Vegetation Mosaics"}},{"type":"Feature","geometry":{"type":"Polygon","coordinates":[[[107.1375,-6.4694],[107.15,-6.4694],[107.15,-6.4574],[107.1375,-6.4574],[107.1375,-6.4694]]]},"properties":{"lc_code":12,"lc_name":"Cropland / Natural Vegetation Mosaics"}},{"type":"Feature","geometry":{"type":"Polygon","coordinates":[[[107.15,-6.4694],[107.1625,-6.4694],[107.1625,-6.4574],[107.15,-6.4574],[107.15,-6.4694]]]},"properties":{"lc_code":12,"lc_name":"Cropland / Natural Vegetation Mosaics"}},{"type":"Feature","geometry":{"type":"Polygon","coordinates":[[[107.1625,-6.4694],[107.175,-6.4694],[107.175,-6.4574],[107.1625,-6.4574],[107.1625,-6.4694]]]},"properties":{"lc_code":12,"lc_name":"Cropland / Natural Vegetation Mosaics"}},{"type":"Feature","geometry":{"type":"Polygon","coordinates":[[[107.175,-6.4694],[107.1875,-6.4694],[107.1875,-6.4574],[107.175,-6.4574],[107.175,-6.4694]]]},"properties":{"lc_code":12,"lc_name":"Cropland / Natural Vegetation Mosaics"}},{"type":"Feature","geometry":{"type":"Polygon","coordinates":[[[107.1875,-6.4694],[107.2,-6.4694],[107.2,-6.4574],[107.1875,-6.4574],[107.1875,-6.4694]]]},"properties":{"lc_code":12,"lc_name":"Cropland / Natural Vegetation Mosaics"}},{"type":"Feature","geometry":{"type":"Polygon","coordinates":[[[107.2,-6.4694],[107.2125,-6.4694],[107.2125,-6.4574],[107.2,-6.4574],[107.2,-6.4694]]]},"properties":{"lc_code":12,"lc_name":"Cropland / Natural Vegetation Mosaics"}},{"type":"Feature","geometry":{"type":"Polygon","coordinates":[[[107.2125,-6.4694],[107.225,-6.4694],[107.225,-6.4574],[107.2125,-6.4574],[107.2125,-6.4694]]]},"properties":{"lc_code":12,"lc_name":"Cropland / Natural Vegetation Mosaics"}},{"type":"Feature","geometry":{"type":"Polygon","coordinates":[[[107.225,-6.4694],[107.2375,-6.4694],[107.2375,-6.4574],[107.225,-6.4574],[107.225,-6.4694]]]},"properties":{"lc_code":12,"lc_name":"Cropland / Natural Vegetation Mosaics"}},{"type":"Feature","geometry":{"type":"Polygon","coordinates":[[[107.2375,-6.4694],[107.25,-6.4694],[107.25,-6.4574],[107.2375,-6.4574],[107.2375,-6.4694]]]},"properties":{"lc_code":12,"lc_name":"Cropland / Natural Vegetation Mosaics"}},{"type":"Feature","geometry":{"type":"Polygon","coordinates":[[[107.25,-6.4694],[107.2625,-6.4694],[107.2625,-6.4574],[107.25,-6.4574],[107.25,-6.4694]]]},"properties":{"lc_code":12,"lc_name":"Cropland / Natural Vegetation Mosaics"}},{"type":"Feature","geometry":{"type":"Polygon","coordinates":[[[107.2625,-6.4694],[107.275,-6.4694],[107.275,-6.4574],[107.2625,-6.4574],[107.2625,-6.4694]]]},"properties":{"lc_code":12,"lc_name":"Cropland / Natural Vegetation Mosaics"}},{"type":"Feature","geometry":{"type":"Polygon","coordinates":[[[107.275,-6.4694],[107.2875,-6.4694],[107.2875,-6.4574],[107.275,-6.4574],[107.275,-6.4694]]]},"properties":{"lc_code":12,"lc_name":"Cropland / Natural Vegetation Mosaics"}},{"type":"Feature","geometry":{"type":"Polygon","coordinates":[[[107.2875,-6.4694],[107.3,-6.4694],[107.3,-6.4574],[107.2875,-6.4574],[107.2875,-6.4694]]]},"properties":{"lc_code":12,"lc_name":"Cropland / Natural Vegetation Mosaics"}},{"type":"Feature","geometry":{"type":"Polygon","coordinates":[[[106.5,-6.4574],[106.5125,-6.4574],[106.5125,-6.4454],[106.5,-6.4454],[106.5,-6.4574]]]},"properties":{"lc_code":12,"lc_name":"Cropland / Natural Vegetation Mosaics"}},{"type":"Feature","geometry":{"type":"Polygon","coordinates":[[[106.5125,-6.4574],[106.525,-6.4574],[106.525,-6.4454],[106.5125,-6.4454],[106.5125,-6.4574]]]},"properties":{"lc_code":12,"lc_name":"Cropland / Natural Vegetation Mosaics"}},{"type":"Feature","geometry":{"type":"Polygon","coordinates":[[[106.525,-6.4574],[106.5375,-6.4574],[106.5375,-6.4454],[106.525,-6.4454],[106.525,-6.4574]]]},"properties":{"lc_code":12,"lc_name":"Cropland / Natural Vegetation Mosaics"}},{"type":"Feature","geometry":{"type":"Polygon","coordinates":[[[106.5375,-6.4574],[106.55,-6.4574],[106.55,-6.4454],[106.5375,-6.4454],[106.5375,-6.4574]]]},"properties":{"lc_code":12,"lc_name":"Cropland / Natural Vegetation Mosaics"}},{"type":"Feature","geometry":{"type":"Polygon","coordinates":[[[106.55,-6.4574],[106.5625,-6.4574],[106.5625,-6.4454],[106.55,-6.4454],[106.55,-6.4574]]]},"properties":{"lc_code":12,"lc_name":"Cropland / Natural Vegetation Mosaics"}},{"type":"Feature","geometry":{"type":"Polygon","coordinates":[[[106.5625,-6.4574],[106.575,-6.4574],[106.575,-6.4454],[106.5625,-6.4454],[106.5625,-6.4574]]]},"properties":{"lc_code":12,"lc_name":"Cropland / Natural Vegetation Mosaics"}},{"type":"Feature","geometry":{"type":"Polygon","coordinates":[[[106.575,-6.4574],[106.5875,-6.4574],[106.5875,-6.4454],[106.575,-6.4454],[106.575,-6.4574]]]},"properties":{"lc_code":12,"lc_name":"Cropland / Natural Vegetation Mosaics"}},{"type":"Feature","geometry":{"type":"Polygon","coordinates":[[[106.5875,-6.4574],[106.6,-6.4574],[106.6,-6.4454],[106.5875,-6.4454],[106.5875,-6.4574]]]},"properties":{"lc_code":12,"lc_name":"Cropland / Natural Vegetation Mosaics"}},{"type":"Feature","geometry":{"type":"Polygon","coordinates":[[[106.6,-6.4574],[106.6125,-6.4574],[106.6125,-6.4454],[106.6,-6.4454],[106.6,-6.4574]]]},"properties":{"lc_code":12,"lc_name":"Cropland / Natural Vegetation Mosaics"}},{"type":"Feature","geometry":{"type":"Polygon","coordinates":[[[106.6125,-6.4574],[106.625,-6.4574],[106.625,-6.4454],[106.6125,-6.4454],[106.6125,-6.4574]]]},"properties":{"lc_code":12,"lc_name":"Cropland / Natural Vegetation Mosaics"}},{"type":"Feature","geometry":{"type":"Polygon","coordinates":[[[106.625,-6.4574],[106.6375,-6.4574],[106.6375,-6.4454],[106.625,-6.4454],[106.625,-6.4574]]]},"properties":{"lc_code":12,"lc_name":"Cropland / Natural Vegetation Mosaics"}},{"type":"Feature","geometry":{"type":"Polygon","coordinates":[[[106.6375,-6.4574],[106.65,-6.4574],[106.65,-6.4454],[106.6375,-6.4454],[106.6375,-6.4574]]]},"properties":{"lc_code":12,"lc_name":"Cropland / Natural Vegetation Mosaics"}},{"type":"Feature","geometry":{"type":"Polygon","coordinates":[[[106.65,-6.4574],[106.6625,-6.4574],[106.6625,-6.4454],[106.65,-6.4454],[106.65,-6.4574]]]},"properties":{"lc_code":12,"lc_name":"Cropland / Natural Vegetation Mosaics"}},{"type":"Feature","geometry":{"type":"Polygon","coordinates":[[[106.6625,-6.4574],[106.675,-6.4574],[106.675,-6.4454],[106.6625,-6.4454],[106.6625,-6.4574]]]},"properties":{"lc_code":12,"lc_name":"Cropland / Natural Vegetation Mosaics"}},{"type":"Feature","geometry":{"type":"Polygon","coordinates":[[[106.675,-6.4574],[106.6875,-6.4574],[106.6875,-6.4454],[106.675,-6.4454],[106.675,-6.4574]]]},"properties":{"lc_code":12,"lc_name":"Cropland / Natural Vegetation Mosaics"}},{"type":"Feature","geometry":{"type":"Polygon","coordinates":[[[106.6875,-6.4574],[106.7,-6.4574],[106.7,-6.4454],[106.6875,-6.4454],[106.6875,-6.4574]]]},"properties":{"lc_code":12,"lc_name":"Cropland / Natural Vegetation Mosaics"}},{"type":"Feature","geometry":{"type":"Polygon","coordinates":[[[106.7,-6.4574],[106.7125,-6.4574],[106.7125,-6.4454],[106.7,-6.4454],[106.7,-6.4574]]]},"properties":{"lc_code":12,"lc_name":"Cropland / Natural Vegetation Mosaics"}},{"type":"Feature","geometry":{"type":"Polygon","coordinates":[[[106.7125,-6.4574],[106.725,-6.4574],[106.725,-6.4454],[106.7125,-6.4454],[106.7125,-6.4574]]]},"properties":{"lc_code":12,"lc_name":"Cropland / Natural Vegetation Mosaics"}},{"type":"Feature","geometry":{"type":"Polygon","coordinates":[[[106.725,-6.4574],[106.7375,-6.4574],[106.7375,-6.4454],[106.725,-6.4454],[106.725,-6.4574]]]},"properties":{"lc_code":12,"lc_name":"Cropland / Natural Vegetation Mosaics"}},{"type":"Feature","geometry":{"type":"Polygon","coordinates":[[[106.7375,-6.4574],[106.75,-6.4574],[106.75,-6.4454],[106.7375,-6.4454],[106.7375,-6.4574]]]},"properties":{"lc_code":12,"lc_name":"Cropland / Natural Vegetation Mosaics"}},{"type":"Feature","geometry":{"type":"Polygon","coordinates":[[[106.75,-6.4574],[106.7625,-6.4574],[106.7625,-6.4454],[106.75,-6.4454],[106.75,-6.4574]]]},"properties":{"lc_code":12,"lc_name":"Cropland / Natural Vegetation Mosaics"}},{"type":"Feature","geometry":{"type":"Polygon","coordinates":[[[106.7625,-6.4574],[106.775,-6.4574],[106.775,-6.4454],[106.7625,-6.4454],[106.7625,-6.4574]]]},"properties":{"lc_code":13,"lc_name":"Urban and Built-up Lands"}},{"type":"Feature","geometry":{"type":"Polygon","coordinates":[[[106.775,-6.4574],[106.7875,-6.4574],[106.7875,-6.4454],[106.775,-6.4454],[106.775,-6.4574]]]},"properties":{"lc_code":13,"lc_name":"Urban and Built-up Lands"}},{"type":"Feature","geometry":{"type":"Polygon","coordinates":[[[106.7875,-6.4574],[106.8,-6.4574],[106.8,-6.4454],[106.7875,-6.4454],[106.7875,-6.4574]]]},"properties":{"lc_code":13,"lc_name":"Urban and Built-up Lands"}},{"type":"Feature","geometry":{"type":"Polygon","coordinates":[[[106.8,-6.4574],[106.8125,-6.4574],[106.8125,-6.4454],[106.8,-6.4454],[106.8,-6.4574]]]},"properties":{"lc_code":13,"lc_name":"Urban and Built-up Lands"}},{"type":"Feature","geometry":{"type":"Polygon","coordinates":[[[106.8125,-6.4574],[106.825,-6.4574],[106.825,-6.4454],[106.8125,-6.4454],[106.8125,-6.4574]]]},"properties":{"lc_code":13,"lc_name":"Urban and Built-up Lands"}},{"type":"Feature","geometry":{"type":"Polygon","coordinates":[[[106.825,-6.4574],[106.8375,-6.4574],[106.8375,-6.4454],[106.825,-6.4454],[106.825,-6.4574]]]},"properties":{"lc_code":13,"lc_name":"Urban and Built-up Lands"}},{"type":"Feature","geometry":{"type":"Polygon","coordinates":[[[106.8375,-6.4574],[106.85,-6.4574],[106.85,-6.4454],[106.8375,-6.4454],[106.8375,-6.4574]]]},"properties":{"lc_code":13,"lc_name":"Urban and Built-up Lands"}},{"type":"Feature","geometry":{"type":"Polygon","coordinates":[[[106.85,-6.4574],[106.8625,-6.4574],[106.8625,-6.4454],[106.85,-6.4454],[106.85,-6.4574]]]},"properties":{"lc_code":13,"lc_name":"Urban and Built-up Lands"}},{"type":"Feature","geometry":{"type":"Polygon","coordinates":[[[106.8625,-6.4574],[106.875,-6.4574],[106.875,-6.4454],[106.8625,-6.4454],[106.8625,-6.4574]]]},"properties":{"lc_code":13,"lc_name":"Urban and Built-up Lands"}},{"type":"Feature","geometry":{"type":"Polygon","coordinates":[[[106.875,-6.4574],[106.8875,-6.4574],[106.8875,-6.4454],[106.875,-6.4454],[106.875,-6.4574]]]},"properties":{"lc_code":13,"lc_name":"Urban and Built-up Lands"}},{"type":"Feature","geometry":{"type":"Polygon","coordinates":[[[106.8875,-6.4574],[106.9,-6.4574],[106.9,-6.4454],[106.8875,-6.4454],[106.8875,-6.4574]]]},"properties":{"lc_code":13,"lc_name":"Urban and Built-up Lands"}},{"type":"Feature","geometry":{"type":"Polygon","coordinates":[[[106.9,-6.4574],[106.9125,-6.4574],[106.9125,-6.4454],[106.9,-6.4454],[106.9,-6.4574]]]},"properties":{"lc_code":12,"lc_name":"Cropland / Natural Vegetation Mosaics"}},{"type":"Feature","geometry":{"type":"Polygon","coordinates":[[[106.9125,-6.4574],[106.925,-6.4574],[106.925,-6.4454],[106.9125,-6.4454],[106.9125,-6.4574]]]},"properties":{"lc_code":12,"lc_name":"Cropland / Natural Vegetation Mosaics"}},{"type":"Feature","geometry":{"type":"Polygon","coordinates":[[[106.925,-6.4574],[106.9375,-6.4574],[106.9375,-6.4454],[106.925,-6.4454],[106.925,-6.4574]]]},"properties":{"lc_code":12,"lc_name":"Cropland / Natural Vegetation Mosaics"}},{"type":"Feature","geometry":{"type":"Polygon","coordinates":[[[106.9375,-6.4574],[106.95,-6.4574],[106.95,-6.4454],[106.9375,-6.4454],[106.9375,-6.4574]]]},"properties":{"lc_code":12,"lc_name":"Cropland / Natural Vegetation Mosaics"}},{"type":"Feature","geometry":{"type":"Polygon","coordinates":[[[106.95,-6.4574],[106.9625,-6.4574],[106.9625,-6.4454],[106.95,-6.4454],[106.95,-6.4574]]]},"properties":{"lc_code":12,"lc_name":"Cropland / Natural Vegetation Mosaics"}},{"type":"Feature","geometry":{"type":"Polygon","coordinates":[[[106.9625,-6.4574],[106.975,-6.4574],[106.975,-6.4454],[106.9625,-6.4454],[106.9625,-6.4574]]]},"properties":{"lc_code":12,"lc_name":"Cropland / Natural Vegetation Mosaics"}},{"type":"Feature","geometry":{"type":"Polygon","coordinates":[[[106.975,-6.4574],[106.9875,-6.4574],[106.9875,-6.4454],[106.975,-6.4454],[106.975,-6.4574]]]},"properties":{"lc_code":12,"lc_name":"Cropland / Natural Vegetation Mosaics"}},{"type":"Feature","geometry":{"type":"Polygon","coordinates":[[[106.9875,-6.4574],[107,-6.4574],[107,-6.4454],[106.9875,-6.4454],[106.9875,-6.4574]]]},"properties":{"lc_code":12,"lc_name":"Cropland / Natural Vegetation Mosaics"}},{"type":"Feature","geometry":{"type":"Polygon","coordinates":[[[107,-6.4574],[107.0125,-6.4574],[107.0125,-6.4454],[107,-6.4454],[107,-6.4574]]]},"properties":{"lc_code":12,"lc_name":"Cropland / Natural Vegetation Mosaics"}},{"type":"Feature","geometry":{"type":"Polygon","coordinates":[[[107.0125,-6.4574],[107.025,-6.4574],[107.025,-6.4454],[107.0125,-6.4454],[107.0125,-6.4574]]]},"properties":{"lc_code":12,"lc_name":"Cropland / Natural Vegetation Mosaics"}},{"type":"Feature","geometry":{"type":"Polygon","coordinates":[[[107.025,-6.4574],[107.0375,-6.4574],[107.0375,-6.4454],[107.025,-6.4454],[107.025,-6.4574]]]},"properties":{"lc_code":12,"lc_name":"Cropland / Natural Vegetation Mosaics"}},{"type":"Feature","geometry":{"type":"Polygon","coordinates":[[[107.0375,-6.4574],[107.05,-6.4574],[107.05,-6.4454],[107.0375,-6.4454],[107.0375,-6.4574]]]},"properties":{"lc_code":12,"lc_name":"Cropland / Natural Vegetation Mosaics"}},{"type":"Feature","geometry":{"type":"Polygon","coordinates":[[[107.05,-6.4574],[107.0625,-6.4574],[107.0625,-6.4454],[107.05,-6.4454],[107.05,-6.4574]]]},"properties":{"lc_code":12,"lc_name":"Cropland / Natural Vegetation Mosaics"}},{"type":"Feature","geometry":{"type":"Polygon","coordinates":[[[107.0625,-6.4574],[107.075,-6.4574],[107.075,-6.4454],[107.0625,-6.4454],[107.0625,-6.4574]]]},"properties":{"lc_code":12,"lc_name":"Cropland / Natural Vegetation Mosaics"}},{"type":"Feature","geometry":{"type":"Polygon","coordinates":[[[107.075,-6.4574],[107.0875,-6.4574],[107.0875,-6.4454],[107.075,-6.4454],[107.075,-6.4574]]]},"properties":{"lc_code":12,"lc_name":"Cropland / Natural Vegetation Mosaics"}},{"type":"Feature","geometry":{"type":"Polygon","coordinates":[[[107.0875,-6.4574],[107.1,-6.4574],[107.1,-6.4454],[107.0875,-6.4454],[107.0875,-6.4574]]]},"properties":{"lc_code":12,"lc_name":"Cropland / Natural Vegetation Mosaics"}},{"type":"Feature","geometry":{"type":"Polygon","coordinates":[[[107.1,-6.4574],[107.1125,-6.4574],[107.1125,-6.4454],[107.1,-6.4454],[107.1,-6.4574]]]},"properties":{"lc_code":12,"lc_name":"Cropland / Natural Vegetation Mosaics"}},{"type":"Feature","geometry":{"type":"Polygon","coordinates":[[[107.1125,-6.4574],[107.125,-6.4574],[107.125,-6.4454],[107.1125,-6.4454],[107.1125,-6.4574]]]},"properties":{"lc_code":12,"lc_name":"Cropland / Natural Vegetation Mosaics"}},{"type":"Feature","geometry":{"type":"Polygon","coordinates":[[[107.125,-6.4574],[107.1375,-6.4574],[107.1375,-6.4454],[107.125,-6.4454],[107.125,-6.4574]]]},"properties":{"lc_code":13,"lc_name":"Urban and Built-up Lands"}},{"type":"Feature","geometry":{"type":"Polygon","coordinates":[[[107.1375,-6.4574],[107.15,-6.4574],[107.15,-6.4454],[107.1375,-6.4454],[107.1375,-6.4574]]]},"properties":{"lc_code":13,"lc_name":"Urban and Built-up Lands"}},{"type":"Feature","geometry":{"type":"Polygon","coordinates":[[[107.15,-6.4574],[107.1625,-6.4574],[107.1625,-6.4454],[107.15,-6.4454],[107.15,-6.4574]]]},"properties":{"lc_code":13,"lc_name":"Urban and Built-up Lands"}},{"type":"Feature","geometry":{"type":"Polygon","coordinates":[[[107.1625,-6.4574],[107.175,-6.4574],[107.175,-6.4454],[107.1625,-6.4454],[107.1625,-6.4574]]]},"properties":{"lc_code":13,"lc_name":"Urban and Built-up Lands"}},{"type":"Feature","geometry":{"type":"Polygon","coordinates":[[[107.175,-6.4574],[107.1875,-6.4574],[107.1875,-6.4454],[107.175,-6.4454],[107.175,-6.4574]]]},"properties":{"lc_code":12,"lc_name":"Cropland / Natural Vegetation Mosaics"}},{"type":"Feature","geometry":{"type":"Polygon","coordinates":[[[107.1875,-6.4574],[107.2,-6.4574],[107.2,-6.4454],[107.1875,-6.4454],[107.1875,-6.4574]]]},"properties":{"lc_code":12,"lc_name":"Cropland / Natural Vegetation Mosaics"}},{"type":"Feature","geometry":{"type":"Polygon","coordinates":[[[107.2,-6.4574],[107.2125,-6.4574],[107.2125,-6.4454],[107.2,-6.4454],[107.2,-6.4574]]]},"properties":{"lc_code":12,"lc_name":"Cropland / Natural Vegetation Mosaics"}},{"type":"Feature","geometry":{"type":"Polygon","coordinates":[[[107.2125,-6.4574],[107.225,-6.4574],[107.225,-6.4454],[107.2125,-6.4454],[107.2125,-6.4574]]]},"properties":{"lc_code":12,"lc_name":"Cropland / Natural Vegetation Mosaics"}},{"type":"Feature","geometry":{"type":"Polygon","coordinates":[[[107.225,-6.4574],[107.2375,-6.4574],[107.2375,-6.4454],[107.225,-6.4454],[107.225,-6.4574]]]},"properties":{"lc_code":12,"lc_name":"Cropland / Natural Vegetation Mosaics"}},{"type":"Feature","geometry":{"type":"Polygon","coordinates":[[[107.2375,-6.4574],[107.25,-6.4574],[107.25,-6.4454],[107.2375,-6.4454],[107.2375,-6.4574]]]},"properties":{"lc_code":12,"lc_name":"Cropland / Natural Vegetation Mosaics"}},{"type":"Feature","geometry":{"type":"Polygon","coordinates":[[[107.25,-6.4574],[107.2625,-6.4574],[107.2625,-6.4454],[107.25,-6.4454],[107.25,-6.4574]]]},"properties":{"lc_code":12,"lc_name":"Cropland / Natural Vegetation Mosaics"}},{"type":"Feature","geometry":{"type":"Polygon","coordinates":[[[107.2625,-6.4574],[107.275,-6.4574],[107.275,-6.4454],[107.2625,-6.4454],[107.2625,-6.4574]]]},"properties":{"lc_code":12,"lc_name":"Cropland / Natural Vegetation Mosaics"}},{"type":"Feature","geometry":{"type":"Polygon","coordinates":[[[107.275,-6.4574],[107.2875,-6.4574],[107.2875,-6.4454],[107.275,-6.4454],[107.275,-6.4574]]]},"properties":{"lc_code":12,"lc_name":"Cropland / Natural Vegetation Mosaics"}},{"type":"Feature","geometry":{"type":"Polygon","coordinates":[[[107.2875,-6.4574],[107.3,-6.4574],[107.3,-6.4454],[107.2875,-6.4454],[107.2875,-6.4574]]]},"properties":{"lc_code":12,"lc_name":"Cropland / Natural Vegetation Mosaics"}},{"type":"Feature","geometry":{"type":"Polygon","coordinates":[[[106.5,-6.4454],[106.5125,-6.4454],[106.5125,-6.4333],[106.5,-6.4333],[106.5,-6.4454]]]},"properties":{"lc_code":12,"lc_name":"Cropland / Natural Vegetation Mosaics"}},{"type":"Feature","geometry":{"type":"Polygon","coordinates":[[[106.5125,-6.4454],[106.525,-6.4454],[106.525,-6.4333],[106.5125,-6.4333],[106.5125,-6.4454]]]},"properties":{"lc_code":12,"lc_name":"Cropland / Natural Vegetation Mosaics"}},{"type":"Feature","geometry":{"type":"Polygon","coordinates":[[[106.525,-6.4454],[106.5375,-6.4454],[106.5375,-6.4333],[106.525,-6.4333],[106.525,-6.4454]]]},"properties":{"lc_code":12,"lc_name":"Cropland / Natural Vegetation Mosaics"}},{"type":"Feature","geometry":{"type":"Polygon","coordinates":[[[106.5375,-6.4454],[106.55,-6.4454],[106.55,-6.4333],[106.5375,-6.4333],[106.5375,-6.4454]]]},"properties":{"lc_code":12,"lc_name":"Cropland / Natural Vegetation Mosaics"}},{"type":"Feature","geometry":{"type":"Polygon","coordinates":[[[106.55,-6.4454],[106.5625,-6.4454],[106.5625,-6.4333],[106.55,-6.4333],[106.55,-6.4454]]]},"properties":{"lc_code":12,"lc_name":"Cropland / Natural Vegetation Mosaics"}},{"type":"Feature","geometry":{"type":"Polygon","coordinates":[[[106.5625,-6.4454],[106.575,-6.4454],[106.575,-6.4333],[106.5625,-6.4333],[106.5625,-6.4454]]]},"properties":{"lc_code":12,"lc_name":"Cropland / Natural Vegetation Mosaics"}},{"type":"Feature","geometry":{"type":"Polygon","coordinates":[[[106.575,-6.4454],[106.5875,-6.4454],[106.5875,-6.4333],[106.575,-6.4333],[106.575,-6.4454]]]},"properties":{"lc_code":12,"lc_name":"Cropland / Natural Vegetation Mosaics"}},{"type":"Feature","geometry":{"type":"Polygon","coordinates":[[[106.5875,-6.4454],[106.6,-6.4454],[106.6,-6.4333],[106.5875,-6.4333],[106.5875,-6.4454]]]},"properties":{"lc_code":12,"lc_name":"Cropland / Natural Vegetation Mosaics"}},{"type":"Feature","geometry":{"type":"Polygon","coordinates":[[[106.6,-6.4454],[106.6125,-6.4454],[106.6125,-6.4333],[106.6,-6.4333],[106.6,-6.4454]]]},"properties":{"lc_code":12,"lc_name":"Cropland / Natural Vegetation Mosaics"}},{"type":"Feature","geometry":{"type":"Polygon","coordinates":[[[106.6125,-6.4454],[106.625,-6.4454],[106.625,-6.4333],[106.6125,-6.4333],[106.6125,-6.4454]]]},"properties":{"lc_code":12,"lc_name":"Cropland / Natural Vegetation Mosaics"}},{"type":"Feature","geometry":{"type":"Polygon","coordinates":[[[106.625,-6.4454],[106.6375,-6.4454],[106.6375,-6.4333],[106.625,-6.4333],[106.625,-6.4454]]]},"properties":{"lc_code":12,"lc_name":"Cropland / Natural Vegetation Mosaics"}},{"type":"Feature","geometry":{"type":"Polygon","coordinates":[[[106.6375,-6.4454],[106.65,-6.4454],[106.65,-6.4333],[106.6375,-6.4333],[106.6375,-6.4454]]]},"properties":{"lc_code":12,"lc_name":"Cropland / Natural Vegetation Mosaics"}},{"type":"Feature","geometry":{"type":"Polygon","coordinates":[[[106.65,-6.4454],[106.6625,-6.4454],[106.6625,-6.4333],[106.65,-6.4333],[106.65,-6.4454]]]},"properties":{"lc_code":12,"lc_name":"Cropland / Natural Vegetation Mosaics"}},{"type":"Feature","geometry":{"type":"Polygon","coordinates":[[[106.6625,-6.4454],[106.675,-6.4454],[106.675,-6.4333],[106.6625,-6.4333],[106.6625,-6.4454]]]},"properties":{"lc_code":12,"lc_name":"Cropland / Natural Vegetation Mosaics"}},{"type":"Feature","geometry":{"type":"Polygon","coordinates":[[[106.675,-6.4454],[106.6875,-6.4454],[106.6875,-6.4333],[106.675,-6.4333],[106.675,-6.4454]]]},"properties":{"lc_code":12,"lc_name":"Cropland / Natural Vegetation Mosaics"}},{"type":"Feature","geometry":{"type":"Polygon","coordinates":[[[106.6875,-6.4454],[106.7,-6.4454],[106.7,-6.4333],[106.6875,-6.4333],[106.6875,-6.4454]]]},"properties":{"lc_code":12,"lc_name":"Cropland / Natural Vegetation Mosaics"}},{"type":"Feature","geometry":{"type":"Polygon","coordinates":[[[106.7,-6.4454],[106.7125,-6.4454],[106.7125,-6.4333],[106.7,-6.4333],[106.7,-6.4454]]]},"properties":{"lc_code":12,"lc_name":"Cropland / Natural Vegetation Mosaics"}},{"type":"Feature","geometry":{"type":"Polygon","coordinates":[[[106.7125,-6.4454],[106.725,-6.4454],[106.725,-6.4333],[106.7125,-6.4333],[106.7125,-6.4454]]]},"properties":{"lc_code":12,"lc_name":"Cropland / Natural Vegetation Mosaics"}},{"type":"Feature","geometry":{"type":"Polygon","coordinates":[[[106.725,-6.4454],[106.7375,-6.4454],[106.7375,-6.4333],[106.725,-6.4333],[106.725,-6.4454]]]},"properties":{"lc_code":12,"lc_name":"Cropland / Natural Vegetation Mosaics"}},{"type":"Feature","geometry":{"type":"Polygon","coordinates":[[[106.7375,-6.4454],[106.75,-6.4454],[106.75,-6.4333],[106.7375,-6.4333],[106.7375,-6.4454]]]},"properties":{"lc_code":12,"lc_name":"Cropland / Natural Vegetation Mosaics"}},{"type":"Feature","geometry":{"type":"Polygon","coordinates":[[[106.75,-6.4454],[106.7625,-6.4454],[106.7625,-6.4333],[106.75,-6.4333],[106.75,-6.4454]]]},"properties":{"lc_code":13,"lc_name":"Urban and Built-up Lands"}},{"type":"Feature","geometry":{"type":"Polygon","coordinates":[[[106.7625,-6.4454],[106.775,-6.4454],[106.775,-6.4333],[106.7625,-6.4333],[106.7625,-6.4454]]]},"properties":{"lc_code":13,"lc_name":"Urban and Built-up Lands"}},{"type":"Feature","geometry":{"type":"Polygon","coordinates":[[[106.775,-6.4454],[106.7875,-6.4454],[106.7875,-6.4333],[106.775,-6.4333],[106.775,-6.4454]]]},"properties":{"lc_code":13,"lc_name":"Urban and Built-up Lands"}},{"type":"Feature","geometry":{"type":"Polygon","coordinates":[[[106.7875,-6.4454],[106.8,-6.4454],[106.8,-6.4333],[106.7875,-6.4333],[106.7875,-6.4454]]]},"properties":{"lc_code":13,"lc_name":"Urban and Built-up Lands"}},{"type":"Feature","geometry":{"type":"Polygon","coordinates":[[[106.8,-6.4454],[106.8125,-6.4454],[106.8125,-6.4333],[106.8,-6.4333],[106.8,-6.4454]]]},"properties":{"lc_code":13,"lc_name":"Urban and Built-up Lands"}},{"type":"Feature","geometry":{"type":"Polygon","coordinates":[[[106.8125,-6.4454],[106.825,-6.4454],[106.825,-6.4333],[106.8125,-6.4333],[106.8125,-6.4454]]]},"properties":{"lc_code":13,"lc_name":"Urban and Built-up Lands"}},{"type":"Feature","geometry":{"type":"Polygon","coordinates":[[[106.825,-6.4454],[106.8375,-6.4454],[106.8375,-6.4333],[106.825,-6.4333],[106.825,-6.4454]]]},"properties":{"lc_code":13,"lc_name":"Urban and Built-up Lands"}},{"type":"Feature","geometry":{"type":"Polygon","coordinates":[[[106.8375,-6.4454],[106.85,-6.4454],[106.85,-6.4333],[106.8375,-6.4333],[106.8375,-6.4454]]]},"properties":{"lc_code":13,"lc_name":"Urban and Built-up Lands"}},{"type":"Feature","geometry":{"type":"Polygon","coordinates":[[[106.85,-6.4454],[106.8625,-6.4454],[106.8625,-6.4333],[106.85,-6.4333],[106.85,-6.4454]]]},"properties":{"lc_code":13,"lc_name":"Urban and Built-up Lands"}},{"type":"Feature","geometry":{"type":"Polygon","coordinates":[[[106.8625,-6.4454],[106.875,-6.4454],[106.875,-6.4333],[106.8625,-6.4333],[106.8625,-6.4454]]]},"properties":{"lc_code":13,"lc_name":"Urban and Built-up Lands"}},{"type":"Feature","geometry":{"type":"Polygon","coordinates":[[[106.875,-6.4454],[106.8875,-6.4454],[106.8875,-6.4333],[106.875,-6.4333],[106.875,-6.4454]]]},"properties":{"lc_code":13,"lc_name":"Urban and Built-up Lands"}},{"type":"Feature","geometry":{"type":"Polygon","coordinates":[[[106.8875,-6.4454],[106.9,-6.4454],[106.9,-6.4333],[106.8875,-6.4333],[106.8875,-6.4454]]]},"properties":{"lc_code":13,"lc_name":"Urban and Built-up Lands"}},{"type":"Feature","geometry":{"type":"Polygon","coordinates":[[[106.9,-6.4454],[106.9125,-6.4454],[106.9125,-6.4333],[106.9,-6.4333],[106.9,-6.4454]]]},"properties":{"lc_code":12,"lc_name":"Cropland / Natural Vegetation Mosaics"}},{"type":"Feature","geometry":{"type":"Polygon","coordinates":[[[106.9125,-6.4454],[106.925,-6.4454],[106.925,-6.4333],[106.9125,-6.4333],[106.9125,-6.4454]]]},"properties":{"lc_code":12,"lc_name":"Cropland / Natural Vegetation Mosaics"}},{"type":"Feature","geometry":{"type":"Polygon","coordinates":[[[106.925,-6.4454],[106.9375,-6.4454],[106.9375,-6.4333],[106.925,-6.4333],[106.925,-6.4454]]]},"properties":{"lc_code":12,"lc_name":"Cropland / Natural Vegetation Mosaics"}},{"type":"Feature","geometry":{"type":"Polygon","coordinates":[[[106.9375,-6.4454],[106.95,-6.4454],[106.95,-6.4333],[106.9375,-6.4333],[106.9375,-6.4454]]]},"properties":{"lc_code":12,"lc_name":"Cropland / Natural Vegetation Mosaics"}},{"type":"Feature","geometry":{"type":"Polygon","coordinates":[[[106.95,-6.4454],[106.9625,-6.4454],[106.9625,-6.4333],[106.95,-6.4333],[106.95,-6.4454]]]},"properties":{"lc_code":12,"lc_name":"Cropland / Natural Vegetation Mosaics"}},{"type":"Feature","geometry":{"type":"Polygon","coordinates":[[[106.9625,-6.4454],[106.975,-6.4454],[106.975,-6.4333],[106.9625,-6.4333],[106.9625,-6.4454]]]},"properties":{"lc_code":12,"lc_name":"Cropland / Natural Vegetation Mosaics"}},{"type":"Feature","geometry":{"type":"Polygon","coordinates":[[[106.975,-6.4454],[106.9875,-6.4454],[106.9875,-6.4333],[106.975,-6.4333],[106.975,-6.4454]]]},"properties":{"lc_code":12,"lc_name":"Cropland / Natural Vegetation Mosaics"}},{"type":"Feature","geometry":{"type":"Polygon","coordinates":[[[106.9875,-6.4454],[107,-6.4454],[107,-6.4333],[106.9875,-6.4333],[106.9875,-6.4454]]]},"properties":{"lc_code":12,"lc_name":"Cropland / Natural Vegetation Mosaics"}},{"type":"Feature","geometry":{"type":"Polygon","coordinates":[[[107,-6.4454],[107.0125,-6.4454],[107.0125,-6.4333],[107,-6.4333],[107,-6.4454]]]},"properties":{"lc_code":12,"lc_name":"Cropland / Natural Vegetation Mosaics"}},{"type":"Feature","geometry":{"type":"Polygon","coordinates":[[[107.0125,-6.4454],[107.025,-6.4454],[107.025,-6.4333],[107.0125,-6.4333],[107.0125,-6.4454]]]},"properties":{"lc_code":12,"lc_name":"Cropland / Natural Vegetation Mosaics"}},{"type":"Feature","geometry":{"type":"Polygon","coordinates":[[[107.025,-6.4454],[107.0375,-6.4454],[107.0375,-6.4333],[107.025,-6.4333],[107.025,-6.4454]]]},"properties":{"lc_code":12,"lc_name":"Cropland / Natural Vegetation Mosaics"}},{"type":"Feature","geometry":{"type":"Polygon","coordinates":[[[107.0375,-6.4454],[107.05,-6.4454],[107.05,-6.4333],[107.0375,-6.4333],[107.0375,-6.4454]]]},"properties":{"lc_code":12,"lc_name":"Cropland / Natural Vegetation Mosaics"}},{"type":"Feature","geometry":{"type":"Polygon","coordinates":[[[107.05,-6.4454],[107.0625,-6.4454],[107.0625,-6.4333],[107.05,-6.4333],[107.05,-6.4454]]]},"properties":{"lc_code":12,"lc_name":"Cropland / Natural Vegetation Mosaics"}},{"type":"Feature","geometry":{"type":"Polygon","coordinates":[[[107.0625,-6.4454],[107.075,-6.4454],[107.075,-6.4333],[107.0625,-6.4333],[107.0625,-6.4454]]]},"properties":{"lc_code":12,"lc_name":"Cropland / Natural Vegetation Mosaics"}},{"type":"Feature","geometry":{"type":"Polygon","coordinates":[[[107.075,-6.4454],[107.0875,-6.4454],[107.0875,-6.4333],[107.075,-6.4333],[107.075,-6.4454]]]},"properties":{"lc_code":12,"lc_name":"Cropland / Natural Vegetation Mosaics"}},{"type":"Feature","geometry":{"type":"Polygon","coordinates":[[[107.0875,-6.4454],[107.1,-6.4454],[107.1,-6.4333],[107.0875,-6.4333],[107.0875,-6.4454]]]},"properties":{"lc_code":13,"lc_name":"Urban and Built-up Lands"}},{"type":"Feature","geometry":{"type":"Polygon","coordinates":[[[107.1,-6.4454],[107.1125,-6.4454],[107.1125,-6.4333],[107.1,-6.4333],[107.1,-6.4454]]]},"properties":{"lc_code":13,"lc_name":"Urban and Built-up Lands"}},{"type":"Feature","geometry":{"type":"Polygon","coordinates":[[[107.1125,-6.4454],[107.125,-6.4454],[107.125,-6.4333],[107.1125,-6.4333],[107.1125,-6.4454]]]},"properties":{"lc_code":13,"lc_name":"Urban and Built-up Lands"}},{"type":"Feature","geometry":{"type":"Polygon","coordinates":[[[107.125,-6.4454],[107.1375,-6.4454],[107.1375,-6.4333],[107.125,-6.4333],[107.125,-6.4454]]]},"properties":{"lc_code":13,"lc_name":"Urban and Built-up Lands"}},{"type":"Feature","geometry":{"type":"Polygon","coordinates":[[[107.1375,-6.4454],[107.15,-6.4454],[107.15,-6.4333],[107.1375,-6.4333],[107.1375,-6.4454]]]},"properties":{"lc_code":13,"lc_name":"Urban and Built-up Lands"}},{"type":"Feature","geometry":{"type":"Polygon","coordinates":[[[107.15,-6.4454],[107.1625,-6.4454],[107.1625,-6.4333],[107.15,-6.4333],[107.15,-6.4454]]]},"properties":{"lc_code":13,"lc_name":"Urban and Built-up Lands"}},{"type":"Feature","geometry":{"type":"Polygon","coordinates":[[[107.1625,-6.4454],[107.175,-6.4454],[107.175,-6.4333],[107.1625,-6.4333],[107.1625,-6.4454]]]},"properties":{"lc_code":13,"lc_name":"Urban and Built-up Lands"}},{"type":"Feature","geometry":{"type":"Polygon","coordinates":[[[107.175,-6.4454],[107.1875,-6.4454],[107.1875,-6.4333],[107.175,-6.4333],[107.175,-6.4454]]]},"properties":{"lc_code":13,"lc_name":"Urban and Built-up Lands"}},{"type":"Feature","geometry":{"type":"Polygon","coordinates":[[[107.1875,-6.4454],[107.2,-6.4454],[107.2,-6.4333],[107.1875,-6.4333],[107.1875,-6.4454]]]},"properties":{"lc_code":13,"lc_name":"Urban and Built-up Lands"}},{"type":"Feature","geometry":{"type":"Polygon","coordinates":[[[107.2,-6.4454],[107.2125,-6.4454],[107.2125,-6.4333],[107.2,-6.4333],[107.2,-6.4454]]]},"properties":{"lc_code":13,"lc_name":"Urban and Built-up Lands"}},{"type":"Feature","geometry":{"type":"Polygon","coordinates":[[[107.2125,-6.4454],[107.225,-6.4454],[107.225,-6.4333],[107.2125,-6.4333],[107.2125,-6.4454]]]},"properties":{"lc_code":12,"lc_name":"Cropland / Natural Vegetation Mosaics"}},{"type":"Feature","geometry":{"type":"Polygon","coordinates":[[[107.225,-6.4454],[107.2375,-6.4454],[107.2375,-6.4333],[107.225,-6.4333],[107.225,-6.4454]]]},"properties":{"lc_code":12,"lc_name":"Cropland / Natural Vegetation Mosaics"}},{"type":"Feature","geometry":{"type":"Polygon","coordinates":[[[107.2375,-6.4454],[107.25,-6.4454],[107.25,-6.4333],[107.2375,-6.4333],[107.2375,-6.4454]]]},"properties":{"lc_code":12,"lc_name":"Cropland / Natural Vegetation Mosaics"}},{"type":"Feature","geometry":{"type":"Polygon","coordinates":[[[107.25,-6.4454],[107.2625,-6.4454],[107.2625,-6.4333],[107.25,-6.4333],[107.25,-6.4454]]]},"properties":{"lc_code":12,"lc_name":"Cropland / Natural Vegetation Mosaics"}},{"type":"Feature","geometry":{"type":"Polygon","coordinates":[[[107.2625,-6.4454],[107.275,-6.4454],[107.275,-6.4333],[107.2625,-6.4333],[107.2625,-6.4454]]]},"properties":{"lc_code":12,"lc_name":"Cropland / Natural Vegetation Mosaics"}},{"type":"Feature","geometry":{"type":"Polygon","coordinates":[[[107.275,-6.4454],[107.2875,-6.4454],[107.2875,-6.4333],[107.275,-6.4333],[107.275,-6.4454]]]},"properties":{"lc_code":12,"lc_name":"Cropland / Natural Vegetation Mosaics"}},{"type":"Feature","geometry":{"type":"Polygon","coordinates":[[[107.2875,-6.4454],[107.3,-6.4454],[107.3,-6.4333],[107.2875,-6.4333],[107.2875,-6.4454]]]},"properties":{"lc_code":12,"lc_name":"Cropland / Natural Vegetation Mosaics"}},{"type":"Feature","geometry":{"type":"Polygon","coordinates":[[[106.5,-6.4333],[106.5125,-6.4333],[106.5125,-6.4213],[106.5,-6.4213],[106.5,-6.4333]]]},"properties":{"lc_code":12,"lc_name":"Cropland / Natural Vegetation Mosaics"}},{"type":"Feature","geometry":{"type":"Polygon","coordinates":[[[106.5125,-6.4333],[106.525,-6.4333],[106.525,-6.4213],[106.5125,-6.4213],[106.5125,-6.4333]]]},"properties":{"lc_code":12,"lc_name":"Cropland / Natural Vegetation Mosaics"}},{"type":"Feature","geometry":{"type":"Polygon","coordinates":[[[106.525,-6.4333],[106.5375,-6.4333],[106.5375,-6.4213],[106.525,-6.4213],[106.525,-6.4333]]]},"properties":{"lc_code":12,"lc_name":"Cropland / Natural Vegetation Mosaics"}},{"type":"Feature","geometry":{"type":"Polygon","coordinates":[[[106.5375,-6.4333],[106.55,-6.4333],[106.55,-6.4213],[106.5375,-6.4213],[106.5375,-6.4333]]]},"properties":{"lc_code":12,"lc_name":"Cropland / Natural Vegetation Mosaics"}},{"type":"Feature","geometry":{"type":"Polygon","coordinates":[[[106.55,-6.4333],[106.5625,-6.4333],[106.5625,-6.4213],[106.55,-6.4213],[106.55,-6.4333]]]},"properties":{"lc_code":12,"lc_name":"Cropland / Natural Vegetation Mosaics"}},{"type":"Feature","geometry":{"type":"Polygon","coordinates":[[[106.5625,-6.4333],[106.575,-6.4333],[106.575,-6.4213],[106.5625,-6.4213],[106.5625,-6.4333]]]},"properties":{"lc_code":12,"lc_name":"Cropland / Natural Vegetation Mosaics"}},{"type":"Feature","geometry":{"type":"Polygon","coordinates":[[[106.575,-6.4333],[106.5875,-6.4333],[106.5875,-6.4213],[106.575,-6.4213],[106.575,-6.4333]]]},"properties":{"lc_code":12,"lc_name":"Cropland / Natural Vegetation Mosaics"}},{"type":"Feature","geometry":{"type":"Polygon","coordinates":[[[106.5875,-6.4333],[106.6,-6.4333],[106.6,-6.4213],[106.5875,-6.4213],[106.5875,-6.4333]]]},"properties":{"lc_code":12,"lc_name":"Cropland / Natural Vegetation Mosaics"}},{"type":"Feature","geometry":{"type":"Polygon","coordinates":[[[106.6,-6.4333],[106.6125,-6.4333],[106.6125,-6.4213],[106.6,-6.4213],[106.6,-6.4333]]]},"properties":{"lc_code":12,"lc_name":"Cropland / Natural Vegetation Mosaics"}},{"type":"Feature","geometry":{"type":"Polygon","coordinates":[[[106.6125,-6.4333],[106.625,-6.4333],[106.625,-6.4213],[106.6125,-6.4213],[106.6125,-6.4333]]]},"properties":{"lc_code":12,"lc_name":"Cropland / Natural Vegetation Mosaics"}},{"type":"Feature","geometry":{"type":"Polygon","coordinates":[[[106.625,-6.4333],[106.6375,-6.4333],[106.6375,-6.4213],[106.625,-6.4213],[106.625,-6.4333]]]},"properties":{"lc_code":12,"lc_name":"Cropland / Natural Vegetation Mosaics"}},{"type":"Feature","geometry":{"type":"Polygon","coordinates":[[[106.6375,-6.4333],[106.65,-6.4333],[106.65,-6.4213],[106.6375,-6.4213],[106.6375,-6.4333]]]},"properties":{"lc_code":12,"lc_name":"Cropland / Natural Vegetation Mosaics"}},{"type":"Feature","geometry":{"type":"Polygon","coordinates":[[[106.65,-6.4333],[106.6625,-6.4333],[106.6625,-6.4213],[106.65,-6.4213],[106.65,-6.4333]]]},"properties":{"lc_code":12,"lc_name":"Cropland / Natural Vegetation Mosaics"}},{"type":"Feature","geometry":{"type":"Polygon","coordinates":[[[106.6625,-6.4333],[106.675,-6.4333],[106.675,-6.4213],[106.6625,-6.4213],[106.6625,-6.4333]]]},"properties":{"lc_code":12,"lc_name":"Cropland / Natural Vegetation Mosaics"}},{"type":"Feature","geometry":{"type":"Polygon","coordinates":[[[106.675,-6.4333],[106.6875,-6.4333],[106.6875,-6.4213],[106.675,-6.4213],[106.675,-6.4333]]]},"properties":{"lc_code":12,"lc_name":"Cropland / Natural Vegetation Mosaics"}},{"type":"Feature","geometry":{"type":"Polygon","coordinates":[[[106.6875,-6.4333],[106.7,-6.4333],[106.7,-6.4213],[106.6875,-6.4213],[106.6875,-6.4333]]]},"properties":{"lc_code":12,"lc_name":"Cropland / Natural Vegetation Mosaics"}},{"type":"Feature","geometry":{"type":"Polygon","coordinates":[[[106.7,-6.4333],[106.7125,-6.4333],[106.7125,-6.4213],[106.7,-6.4213],[106.7,-6.4333]]]},"properties":{"lc_code":12,"lc_name":"Cropland / Natural Vegetation Mosaics"}},{"type":"Feature","geometry":{"type":"Polygon","coordinates":[[[106.7125,-6.4333],[106.725,-6.4333],[106.725,-6.4213],[106.7125,-6.4213],[106.7125,-6.4333]]]},"properties":{"lc_code":12,"lc_name":"Cropland / Natural Vegetation Mosaics"}},{"type":"Feature","geometry":{"type":"Polygon","coordinates":[[[106.725,-6.4333],[106.7375,-6.4333],[106.7375,-6.4213],[106.725,-6.4213],[106.725,-6.4333]]]},"properties":{"lc_code":12,"lc_name":"Cropland / Natural Vegetation Mosaics"}},{"type":"Feature","geometry":{"type":"Polygon","coordinates":[[[106.7375,-6.4333],[106.75,-6.4333],[106.75,-6.4213],[106.7375,-6.4213],[106.7375,-6.4333]]]},"properties":{"lc_code":12,"lc_name":"Cropland / Natural Vegetation Mosaics"}},{"type":"Feature","geometry":{"type":"Polygon","coordinates":[[[106.75,-6.4333],[106.7625,-6.4333],[106.7625,-6.4213],[106.75,-6.4213],[106.75,-6.4333]]]},"properties":{"lc_code":13,"lc_name":"Urban and Built-up Lands"}},{"type":"Feature","geometry":{"type":"Polygon","coordinates":[[[106.7625,-6.4333],[106.775,-6.4333],[106.775,-6.4213],[106.7625,-6.4213],[106.7625,-6.4333]]]},"properties":{"lc_code":13,"lc_name":"Urban and Built-up Lands"}},{"type":"Feature","geometry":{"type":"Polygon","coordinates":[[[106.775,-6.4333],[106.7875,-6.4333],[106.7875,-6.4213],[106.775,-6.4213],[106.775,-6.4333]]]},"properties":{"lc_code":13,"lc_name":"Urban and Built-up Lands"}},{"type":"Feature","geometry":{"type":"Polygon","coordinates":[[[106.7875,-6.4333],[106.8,-6.4333],[106.8,-6.4213],[106.7875,-6.4213],[106.7875,-6.4333]]]},"properties":{"lc_code":13,"lc_name":"Urban and Built-up Lands"}},{"type":"Feature","geometry":{"type":"Polygon","coordinates":[[[106.8,-6.4333],[106.8125,-6.4333],[106.8125,-6.4213],[106.8,-6.4213],[106.8,-6.4333]]]},"properties":{"lc_code":13,"lc_name":"Urban and Built-up Lands"}},{"type":"Feature","geometry":{"type":"Polygon","coordinates":[[[106.8125,-6.4333],[106.825,-6.4333],[106.825,-6.4213],[106.8125,-6.4213],[106.8125,-6.4333]]]},"properties":{"lc_code":13,"lc_name":"Urban and Built-up Lands"}},{"type":"Feature","geometry":{"type":"Polygon","coordinates":[[[106.825,-6.4333],[106.8375,-6.4333],[106.8375,-6.4213],[106.825,-6.4213],[106.825,-6.4333]]]},"properties":{"lc_code":13,"lc_name":"Urban and Built-up Lands"}},{"type":"Feature","geometry":{"type":"Polygon","coordinates":[[[106.8375,-6.4333],[106.85,-6.4333],[106.85,-6.4213],[106.8375,-6.4213],[106.8375,-6.4333]]]},"properties":{"lc_code":13,"lc_name":"Urban and Built-up Lands"}},{"type":"Feature","geometry":{"type":"Polygon","coordinates":[[[106.85,-6.4333],[106.8625,-6.4333],[106.8625,-6.4213],[106.85,-6.4213],[106.85,-6.4333]]]},"properties":{"lc_code":13,"lc_name":"Urban and Built-up Lands"}},{"type":"Feature","geometry":{"type":"Polygon","coordinates":[[[106.8625,-6.4333],[106.875,-6.4333],[106.875,-6.4213],[106.8625,-6.4213],[106.8625,-6.4333]]]},"properties":{"lc_code":13,"lc_name":"Urban and Built-up Lands"}},{"type":"Feature","geometry":{"type":"Polygon","coordinates":[[[106.875,-6.4333],[106.8875,-6.4333],[106.8875,-6.4213],[106.875,-6.4213],[106.875,-6.4333]]]},"properties":{"lc_code":13,"lc_name":"Urban and Built-up Lands"}},{"type":"Feature","geometry":{"type":"Polygon","coordinates":[[[106.8875,-6.4333],[106.9,-6.4333],[106.9,-6.4213],[106.8875,-6.4213],[106.8875,-6.4333]]]},"properties":{"lc_code":13,"lc_name":"Urban and Built-up Lands"}},{"type":"Feature","geometry":{"type":"Polygon","coordinates":[[[106.9,-6.4333],[106.9125,-6.4333],[106.9125,-6.4213],[106.9,-6.4213],[106.9,-6.4333]]]},"properties":{"lc_code":13,"lc_name":"Urban and Built-up Lands"}},{"type":"Feature","geometry":{"type":"Polygon","coordinates":[[[106.9125,-6.4333],[106.925,-6.4333],[106.925,-6.4213],[106.9125,-6.4213],[106.9125,-6.4333]]]},"properties":{"lc_code":12,"lc_name":"Cropland / Natural Vegetation Mosaics"}},{"type":"Feature","geometry":{"type":"Polygon","coordinates":[[[106.925,-6.4333],[106.9375,-6.4333],[106.9375,-6.4213],[106.925,-6.4213],[106.925,-6.4333]]]},"properties":{"lc_code":12,"lc_name":"Cropland / Natural Vegetation Mosaics"}},{"type":"Feature","geometry":{"type":"Polygon","coordinates":[[[106.9375,-6.4333],[106.95,-6.4333],[106.95,-6.4213],[106.9375,-6.4213],[106.9375,-6.4333]]]},"properties":{"lc_code":12,"lc_name":"Cropland / Natural Vegetation Mosaics"}},{"type":"Feature","geometry":{"type":"Polygon","coordinates":[[[106.95,-6.4333],[106.9625,-6.4333],[106.9625,-6.4213],[106.95,-6.4213],[106.95,-6.4333]]]},"properties":{"lc_code":12,"lc_name":"Cropland / Natural Vegetation Mosaics"}},{"type":"Feature","geometry":{"type":"Polygon","coordinates":[[[106.9625,-6.4333],[106.975,-6.4333],[106.975,-6.4213],[106.9625,-6.4213],[106.9625,-6.4333]]]},"properties":{"lc_code":12,"lc_name":"Cropland / Natural Vegetation Mosaics"}},{"type":"Feature","geometry":{"type":"Polygon","coordinates":[[[106.975,-6.4333],[106.9875,-6.4333],[106.9875,-6.4213],[106.975,-6.4213],[106.975,-6.4333]]]},"properties":{"lc_code":12,"lc_name":"Cropland / Natural Vegetation Mosaics"}},{"type":"Feature","geometry":{"type":"Polygon","coordinates":[[[106.9875,-6.4333],[107,-6.4333],[107,-6.4213],[106.9875,-6.4213],[106.9875,-6.4333]]]},"properties":{"lc_code":12,"lc_name":"Cropland / Natural Vegetation Mosaics"}},{"type":"Feature","geometry":{"type":"Polygon","coordinates":[[[107,-6.4333],[107.0125,-6.4333],[107.0125,-6.4213],[107,-6.4213],[107,-6.4333]]]},"properties":{"lc_code":12,"lc_name":"Cropland / Natural Vegetation Mosaics"}},{"type":"Feature","geometry":{"type":"Polygon","coordinates":[[[107.0125,-6.4333],[107.025,-6.4333],[107.025,-6.4213],[107.0125,-6.4213],[107.0125,-6.4333]]]},"properties":{"lc_code":12,"lc_name":"Cropland / Natural Vegetation Mosaics"}},{"type":"Feature","geometry":{"type":"Polygon","coordinates":[[[107.025,-6.4333],[107.0375,-6.4333],[107.0375,-6.4213],[107.025,-6.4213],[107.025,-6.4333]]]},"properties":{"lc_code":12,"lc_name":"Cropland / Natural Vegetation Mosaics"}},{"type":"Feature","geometry":{"type":"Polygon","coordinates":[[[107.0375,-6.4333],[107.05,-6.4333],[107.05,-6.4213],[107.0375,-6.4213],[107.0375,-6.4333]]]},"properties":{"lc_code":12,"lc_name":"Cropland / Natural Vegetation Mosaics"}},{"type":"Feature","geometry":{"type":"Polygon","coordinates":[[[107.05,-6.4333],[107.0625,-6.4333],[107.0625,-6.4213],[107.05,-6.4213],[107.05,-6.4333]]]},"properties":{"lc_code":12,"lc_name":"Cropland / Natural Vegetation Mosaics"}},{"type":"Feature","geometry":{"type":"Polygon","coordinates":[[[107.0625,-6.4333],[107.075,-6.4333],[107.075,-6.4213],[107.0625,-6.4213],[107.0625,-6.4333]]]},"properties":{"lc_code":13,"lc_name":"Urban and Built-up Lands"}},{"type":"Feature","geometry":{"type":"Polygon","coordinates":[[[107.075,-6.4333],[107.0875,-6.4333],[107.0875,-6.4213],[107.075,-6.4213],[107.075,-6.4333]]]},"properties":{"lc_code":13,"lc_name":"Urban and Built-up Lands"}},{"type":"Feature","geometry":{"type":"Polygon","coordinates":[[[107.0875,-6.4333],[107.1,-6.4333],[107.1,-6.4213],[107.0875,-6.4213],[107.0875,-6.4333]]]},"properties":{"lc_code":13,"lc_name":"Urban and Built-up Lands"}},{"type":"Feature","geometry":{"type":"Polygon","coordinates":[[[107.1,-6.4333],[107.1125,-6.4333],[107.1125,-6.4213],[107.1,-6.4213],[107.1,-6.4333]]]},"properties":{"lc_code":13,"lc_name":"Urban and Built-up Lands"}},{"type":"Feature","geometry":{"type":"Polygon","coordinates":[[[107.1125,-6.4333],[107.125,-6.4333],[107.125,-6.4213],[107.1125,-6.4213],[107.1125,-6.4333]]]},"properties":{"lc_code":13,"lc_name":"Urban and Built-up Lands"}},{"type":"Feature","geometry":{"type":"Polygon","coordinates":[[[107.125,-6.4333],[107.1375,-6.4333],[107.1375,-6.4213],[107.125,-6.4213],[107.125,-6.4333]]]},"properties":{"lc_code":13,"lc_name":"Urban and Built-up Lands"}},{"type":"Feature","geometry":{"type":"Polygon","coordinates":[[[107.1375,-6.4333],[107.15,-6.4333],[107.15,-6.4213],[107.1375,-6.4213],[107.1375,-6.4333]]]},"properties":{"lc_code":13,"lc_name":"Urban and Built-up Lands"}},{"type":"Feature","geometry":{"type":"Polygon","coordinates":[[[107.15,-6.4333],[107.1625,-6.4333],[107.1625,-6.4213],[107.15,-6.4213],[107.15,-6.4333]]]},"properties":{"lc_code":13,"lc_name":"Urban and Built-up Lands"}},{"type":"Feature","geometry":{"type":"Polygon","coordinates":[[[107.1625,-6.4333],[107.175,-6.4333],[107.175,-6.4213],[107.1625,-6.4213],[107.1625,-6.4333]]]},"properties":{"lc_code":13,"lc_name":"Urban and Built-up Lands"}},{"type":"Feature","geometry":{"type":"Polygon","coordinates":[[[107.175,-6.4333],[107.1875,-6.4333],[107.1875,-6.4213],[107.175,-6.4213],[107.175,-6.4333]]]},"properties":{"lc_code":13,"lc_name":"Urban and Built-up Lands"}},{"type":"Feature","geometry":{"type":"Polygon","coordinates":[[[107.1875,-6.4333],[107.2,-6.4333],[107.2,-6.4213],[107.1875,-6.4213],[107.1875,-6.4333]]]},"properties":{"lc_code":13,"lc_name":"Urban and Built-up Lands"}},{"type":"Feature","geometry":{"type":"Polygon","coordinates":[[[107.2,-6.4333],[107.2125,-6.4333],[107.2125,-6.4213],[107.2,-6.4213],[107.2,-6.4333]]]},"properties":{"lc_code":13,"lc_name":"Urban and Built-up Lands"}},{"type":"Feature","geometry":{"type":"Polygon","coordinates":[[[107.2125,-6.4333],[107.225,-6.4333],[107.225,-6.4213],[107.2125,-6.4213],[107.2125,-6.4333]]]},"properties":{"lc_code":13,"lc_name":"Urban and Built-up Lands"}},{"type":"Feature","geometry":{"type":"Polygon","coordinates":[[[107.225,-6.4333],[107.2375,-6.4333],[107.2375,-6.4213],[107.225,-6.4213],[107.225,-6.4333]]]},"properties":{"lc_code":13,"lc_name":"Urban and Built-up Lands"}},{"type":"Feature","geometry":{"type":"Polygon","coordinates":[[[107.2375,-6.4333],[107.25,-6.4333],[107.25,-6.4213],[107.2375,-6.4213],[107.2375,-6.4333]]]},"properties":{"lc_code":12,"lc_name":"Cropland / Natural Vegetation Mosaics"}},{"type":"Feature","geometry":{"type":"Polygon","coordinates":[[[107.25,-6.4333],[107.2625,-6.4333],[107.2625,-6.4213],[107.25,-6.4213],[107.25,-6.4333]]]},"properties":{"lc_code":12,"lc_name":"Cropland / Natural Vegetation Mosaics"}},{"type":"Feature","geometry":{"type":"Polygon","coordinates":[[[107.2625,-6.4333],[107.275,-6.4333],[107.275,-6.4213],[107.2625,-6.4213],[107.2625,-6.4333]]]},"properties":{"lc_code":12,"lc_name":"Cropland / Natural Vegetation Mosaics"}},{"type":"Feature","geometry":{"type":"Polygon","coordinates":[[[107.275,-6.4333],[107.2875,-6.4333],[107.2875,-6.4213],[107.275,-6.4213],[107.275,-6.4333]]]},"properties":{"lc_code":12,"lc_name":"Cropland / Natural Vegetation Mosaics"}},{"type":"Feature","geometry":{"type":"Polygon","coordinates":[[[107.2875,-6.4333],[107.3,-6.4333],[107.3,-6.4213],[107.2875,-6.4213],[107.2875,-6.4333]]]},"properties":{"lc_code":12,"lc_name":"Cropland / Natural Vegetation Mosaics"}},{"type":"Feature","geometry":{"type":"Polygon","coordinates":[[[106.5,-6.4213],[106.5125,-6.4213],[106.5125,-6.4093],[106.5,-6.4093],[106.5,-6.4213]]]},"properties":{"lc_code":12,"lc_name":"Cropland / Natural Vegetation Mosaics"}},{"type":"Feature","geometry":{"type":"Polygon","coordinates":[[[106.5125,-6.4213],[106.525,-6.4213],[106.525,-6.4093],[106.5125,-6.4093],[106.5125,-6.4213]]]},"properties":{"lc_code":12,"lc_name":"Cropland / Natural Vegetation Mosaics"}},{"type":"Feature","geometry":{"type":"Polygon","coordinates":[[[106.525,-6.4213],[106.5375,-6.4213],[106.5375,-6.4093],[106.525,-6.4093],[106.525,-6.4213]]]},"properties":{"lc_code":12,"lc_name":"Cropland / Natural Vegetation Mosaics"}},{"type":"Feature","geometry":{"type":"Polygon","coordinates":[[[106.5375,-6.4213],[106.55,-6.4213],[106.55,-6.4093],[106.5375,-6.4093],[106.5375,-6.4213]]]},"properties":{"lc_code":12,"lc_name":"Cropland / Natural Vegetation Mosaics"}},{"type":"Feature","geometry":{"type":"Polygon","coordinates":[[[106.55,-6.4213],[106.5625,-6.4213],[106.5625,-6.4093],[106.55,-6.4093],[106.55,-6.4213]]]},"properties":{"lc_code":12,"lc_name":"Cropland / Natural Vegetation Mosaics"}},{"type":"Feature","geometry":{"type":"Polygon","coordinates":[[[106.5625,-6.4213],[106.575,-6.4213],[106.575,-6.4093],[106.5625,-6.4093],[106.5625,-6.4213]]]},"properties":{"lc_code":12,"lc_name":"Cropland / Natural Vegetation Mosaics"}},{"type":"Feature","geometry":{"type":"Polygon","coordinates":[[[106.575,-6.4213],[106.5875,-6.4213],[106.5875,-6.4093],[106.575,-6.4093],[106.575,-6.4213]]]},"properties":{"lc_code":12,"lc_name":"Cropland / Natural Vegetation Mosaics"}},{"type":"Feature","geometry":{"type":"Polygon","coordinates":[[[106.5875,-6.4213],[106.6,-6.4213],[106.6,-6.4093],[106.5875,-6.4093],[106.5875,-6.4213]]]},"properties":{"lc_code":12,"lc_name":"Cropland / Natural Vegetation Mosaics"}},{"type":"Feature","geometry":{"type":"Polygon","coordinates":[[[106.6,-6.4213],[106.6125,-6.4213],[106.6125,-6.4093],[106.6,-6.4093],[106.6,-6.4213]]]},"properties":{"lc_code":12,"lc_name":"Cropland / Natural Vegetation Mosaics"}},{"type":"Feature","geometry":{"type":"Polygon","coordinates":[[[106.6125,-6.4213],[106.625,-6.4213],[106.625,-6.4093],[106.6125,-6.4093],[106.6125,-6.4213]]]},"properties":{"lc_code":12,"lc_name":"Cropland / Natural Vegetation Mosaics"}},{"type":"Feature","geometry":{"type":"Polygon","coordinates":[[[106.625,-6.4213],[106.6375,-6.4213],[106.6375,-6.4093],[106.625,-6.4093],[106.625,-6.4213]]]},"properties":{"lc_code":12,"lc_name":"Cropland / Natural Vegetation Mosaics"}},{"type":"Feature","geometry":{"type":"Polygon","coordinates":[[[106.6375,-6.4213],[106.65,-6.4213],[106.65,-6.4093],[106.6375,-6.4093],[106.6375,-6.4213]]]},"properties":{"lc_code":12,"lc_name":"Cropland / Natural Vegetation Mosaics"}},{"type":"Feature","geometry":{"type":"Polygon","coordinates":[[[106.65,-6.4213],[106.6625,-6.4213],[106.6625,-6.4093],[106.65,-6.4093],[106.65,-6.4213]]]},"properties":{"lc_code":12,"lc_name":"Cropland / Natural Vegetation Mosaics"}},{"type":"Feature","geometry":{"type":"Polygon","coordinates":[[[106.6625,-6.4213],[106.675,-6.4213],[106.675,-6.4093],[106.6625,-6.4093],[106.6625,-6.4213]]]},"properties":{"lc_code":12,"lc_name":"Cropland / Natural Vegetation Mosaics"}},{"type":"Feature","geometry":{"type":"Polygon","coordinates":[[[106.675,-6.4213],[106.6875,-6.4213],[106.6875,-6.4093],[106.675,-6.4093],[106.675,-6.4213]]]},"properties":{"lc_code":12,"lc_name":"Cropland / Natural Vegetation Mosaics"}},{"type":"Feature","geometry":{"type":"Polygon","coordinates":[[[106.6875,-6.4213],[106.7,-6.4213],[106.7,-6.4093],[106.6875,-6.4093],[106.6875,-6.4213]]]},"properties":{"lc_code":12,"lc_name":"Cropland / Natural Vegetation Mosaics"}},{"type":"Feature","geometry":{"type":"Polygon","coordinates":[[[106.7,-6.4213],[106.7125,-6.4213],[106.7125,-6.4093],[106.7,-6.4093],[106.7,-6.4213]]]},"properties":{"lc_code":12,"lc_name":"Cropland / Natural Vegetation Mosaics"}},{"type":"Feature","geometry":{"type":"Polygon","coordinates":[[[106.7125,-6.4213],[106.725,-6.4213],[106.725,-6.4093],[106.7125,-6.4093],[106.7125,-6.4213]]]},"properties":{"lc_code":12,"lc_name":"Cropland / Natural Vegetation Mosaics"}},{"type":"Feature","geometry":{"type":"Polygon","coordinates":[[[106.725,-6.4213],[106.7375,-6.4213],[106.7375,-6.4093],[106.725,-6.4093],[106.725,-6.4213]]]},"properties":{"lc_code":12,"lc_name":"Cropland / Natural Vegetation Mosaics"}},{"type":"Feature","geometry":{"type":"Polygon","coordinates":[[[106.7375,-6.4213],[106.75,-6.4213],[106.75,-6.4093],[106.7375,-6.4093],[106.7375,-6.4213]]]},"properties":{"lc_code":13,"lc_name":"Urban and Built-up Lands"}},{"type":"Feature","geometry":{"type":"Polygon","coordinates":[[[106.75,-6.4213],[106.7625,-6.4213],[106.7625,-6.4093],[106.75,-6.4093],[106.75,-6.4213]]]},"properties":{"lc_code":13,"lc_name":"Urban and Built-up Lands"}},{"type":"Feature","geometry":{"type":"Polygon","coordinates":[[[106.7625,-6.4213],[106.775,-6.4213],[106.775,-6.4093],[106.7625,-6.4093],[106.7625,-6.4213]]]},"properties":{"lc_code":13,"lc_name":"Urban and Built-up Lands"}},{"type":"Feature","geometry":{"type":"Polygon","coordinates":[[[106.775,-6.4213],[106.7875,-6.4213],[106.7875,-6.4093],[106.775,-6.4093],[106.775,-6.4213]]]},"properties":{"lc_code":13,"lc_name":"Urban and Built-up Lands"}},{"type":"Feature","geometry":{"type":"Polygon","coordinates":[[[106.7875,-6.4213],[106.8,-6.4213],[106.8,-6.4093],[106.7875,-6.4093],[106.7875,-6.4213]]]},"properties":{"lc_code":13,"lc_name":"Urban and Built-up Lands"}},{"type":"Feature","geometry":{"type":"Polygon","coordinates":[[[106.8,-6.4213],[106.8125,-6.4213],[106.8125,-6.4093],[106.8,-6.4093],[106.8,-6.4213]]]},"properties":{"lc_code":13,"lc_name":"Urban and Built-up Lands"}},{"type":"Feature","geometry":{"type":"Polygon","coordinates":[[[106.8125,-6.4213],[106.825,-6.4213],[106.825,-6.4093],[106.8125,-6.4093],[106.8125,-6.4213]]]},"properties":{"lc_code":13,"lc_name":"Urban and Built-up Lands"}},{"type":"Feature","geometry":{"type":"Polygon","coordinates":[[[106.825,-6.4213],[106.8375,-6.4213],[106.8375,-6.4093],[106.825,-6.4093],[106.825,-6.4213]]]},"properties":{"lc_code":13,"lc_name":"Urban and Built-up Lands"}},{"type":"Feature","geometry":{"type":"Polygon","coordinates":[[[106.8375,-6.4213],[106.85,-6.4213],[106.85,-6.4093],[106.8375,-6.4093],[106.8375,-6.4213]]]},"properties":{"lc_code":13,"lc_name":"Urban and Built-up Lands"}},{"type":"Feature","geometry":{"type":"Polygon","coordinates":[[[106.85,-6.4213],[106.8625,-6.4213],[106.8625,-6.4093],[106.85,-6.4093],[106.85,-6.4213]]]},"properties":{"lc_code":13,"lc_name":"Urban and Built-up Lands"}},{"type":"Feature","geometry":{"type":"Polygon","coordinates":[[[106.8625,-6.4213],[106.875,-6.4213],[106.875,-6.4093],[106.8625,-6.4093],[106.8625,-6.4213]]]},"properties":{"lc_code":13,"lc_name":"Urban and Built-up Lands"}},{"type":"Feature","geometry":{"type":"Polygon","coordinates":[[[106.875,-6.4213],[106.8875,-6.4213],[106.8875,-6.4093],[106.875,-6.4093],[106.875,-6.4213]]]},"properties":{"lc_code":13,"lc_name":"Urban and Built-up Lands"}},{"type":"Feature","geometry":{"type":"Polygon","coordinates":[[[106.8875,-6.4213],[106.9,-6.4213],[106.9,-6.4093],[106.8875,-6.4093],[106.8875,-6.4213]]]},"properties":{"lc_code":13,"lc_name":"Urban and Built-up Lands"}},{"type":"Feature","geometry":{"type":"Polygon","coordinates":[[[106.9,-6.4213],[106.9125,-6.4213],[106.9125,-6.4093],[106.9,-6.4093],[106.9,-6.4213]]]},"properties":{"lc_code":13,"lc_name":"Urban and Built-up Lands"}},{"type":"Feature","geometry":{"type":"Polygon","coordinates":[[[106.9125,-6.4213],[106.925,-6.4213],[106.925,-6.4093],[106.9125,-6.4093],[106.9125,-6.4213]]]},"properties":{"lc_code":13,"lc_name":"Urban and Built-up Lands"}},{"type":"Feature","geometry":{"type":"Polygon","coordinates":[[[106.925,-6.4213],[106.9375,-6.4213],[106.9375,-6.4093],[106.925,-6.4093],[106.925,-6.4213]]]},"properties":{"lc_code":12,"lc_name":"Cropland / Natural Vegetation Mosaics"}},{"type":"Feature","geometry":{"type":"Polygon","coordinates":[[[106.9375,-6.4213],[106.95,-6.4213],[106.95,-6.4093],[106.9375,-6.4093],[106.9375,-6.4213]]]},"properties":{"lc_code":12,"lc_name":"Cropland / Natural Vegetation Mosaics"}},{"type":"Feature","geometry":{"type":"Polygon","coordinates":[[[106.95,-6.4213],[106.9625,-6.4213],[106.9625,-6.4093],[106.95,-6.4093],[106.95,-6.4213]]]},"properties":{"lc_code":12,"lc_name":"Cropland / Natural Vegetation Mosaics"}},{"type":"Feature","geometry":{"type":"Polygon","coordinates":[[[106.9625,-6.4213],[106.975,-6.4213],[106.975,-6.4093],[106.9625,-6.4093],[106.9625,-6.4213]]]},"properties":{"lc_code":12,"lc_name":"Cropland / Natural Vegetation Mosaics"}},{"type":"Feature","geometry":{"type":"Polygon","coordinates":[[[106.975,-6.4213],[106.9875,-6.4213],[106.9875,-6.4093],[106.975,-6.4093],[106.975,-6.4213]]]},"properties":{"lc_code":12,"lc_name":"Cropland / Natural Vegetation Mosaics"}},{"type":"Feature","geometry":{"type":"Polygon","coordinates":[[[106.9875,-6.4213],[107,-6.4213],[107,-6.4093],[106.9875,-6.4093],[106.9875,-6.4213]]]},"properties":{"lc_code":12,"lc_name":"Cropland / Natural Vegetation Mosaics"}},{"type":"Feature","geometry":{"type":"Polygon","coordinates":[[[107,-6.4213],[107.0125,-6.4213],[107.0125,-6.4093],[107,-6.4093],[107,-6.4213]]]},"properties":{"lc_code":12,"lc_name":"Cropland / Natural Vegetation Mosaics"}},{"type":"Feature","geometry":{"type":"Polygon","coordinates":[[[107.0125,-6.4213],[107.025,-6.4213],[107.025,-6.4093],[107.0125,-6.4093],[107.0125,-6.4213]]]},"properties":{"lc_code":12,"lc_name":"Cropland / Natural Vegetation Mosaics"}},{"type":"Feature","geometry":{"type":"Polygon","coordinates":[[[107.025,-6.4213],[107.0375,-6.4213],[107.0375,-6.4093],[107.025,-6.4093],[107.025,-6.4213]]]},"properties":{"lc_code":12,"lc_name":"Cropland / Natural Vegetation Mosaics"}},{"type":"Feature","geometry":{"type":"Polygon","coordinates":[[[107.0375,-6.4213],[107.05,-6.4213],[107.05,-6.4093],[107.0375,-6.4093],[107.0375,-6.4213]]]},"properties":{"lc_code":12,"lc_name":"Cropland / Natural Vegetation Mosaics"}},{"type":"Feature","geometry":{"type":"Polygon","coordinates":[[[107.05,-6.4213],[107.0625,-6.4213],[107.0625,-6.4093],[107.05,-6.4093],[107.05,-6.4213]]]},"properties":{"lc_code":13,"lc_name":"Urban and Built-up Lands"}},{"type":"Feature","geometry":{"type":"Polygon","coordinates":[[[107.0625,-6.4213],[107.075,-6.4213],[107.075,-6.4093],[107.0625,-6.4093],[107.0625,-6.4213]]]},"properties":{"lc_code":13,"lc_name":"Urban and Built-up Lands"}},{"type":"Feature","geometry":{"type":"Polygon","coordinates":[[[107.075,-6.4213],[107.0875,-6.4213],[107.0875,-6.4093],[107.075,-6.4093],[107.075,-6.4213]]]},"properties":{"lc_code":13,"lc_name":"Urban and Built-up Lands"}},{"type":"Feature","geometry":{"type":"Polygon","coordinates":[[[107.0875,-6.4213],[107.1,-6.4213],[107.1,-6.4093],[107.0875,-6.4093],[107.0875,-6.4213]]]},"properties":{"lc_code":13,"lc_name":"Urban and Built-up Lands"}},{"type":"Feature","geometry":{"type":"Polygon","coordinates":[[[107.1,-6.4213],[107.1125,-6.4213],[107.1125,-6.4093],[107.1,-6.4093],[107.1,-6.4213]]]},"properties":{"lc_code":13,"lc_name":"Urban and Built-up Lands"}},{"type":"Feature","geometry":{"type":"Polygon","coordinates":[[[107.1125,-6.4213],[107.125,-6.4213],[107.125,-6.4093],[107.1125,-6.4093],[107.1125,-6.4213]]]},"properties":{"lc_code":13,"lc_name":"Urban and Built-up Lands"}},{"type":"Feature","geometry":{"type":"Polygon","coordinates":[[[107.125,-6.4213],[107.1375,-6.4213],[107.1375,-6.4093],[107.125,-6.4093],[107.125,-6.4213]]]},"properties":{"lc_code":13,"lc_name":"Urban and Built-up Lands"}},{"type":"Feature","geometry":{"type":"Polygon","coordinates":[[[107.1375,-6.4213],[107.15,-6.4213],[107.15,-6.4093],[107.1375,-6.4093],[107.1375,-6.4213]]]},"properties":{"lc_code":13,"lc_name":"Urban and Built-up Lands"}},{"type":"Feature","geometry":{"type":"Polygon","coordinates":[[[107.15,-6.4213],[107.1625,-6.4213],[107.1625,-6.4093],[107.15,-6.4093],[107.15,-6.4213]]]},"properties":{"lc_code":13,"lc_name":"Urban and Built-up Lands"}},{"type":"Feature","geometry":{"type":"Polygon","coordinates":[[[107.1625,-6.4213],[107.175,-6.4213],[107.175,-6.4093],[107.1625,-6.4093],[107.1625,-6.4213]]]},"properties":{"lc_code":13,"lc_name":"Urban and Built-up Lands"}},{"type":"Feature","geometry":{"type":"Polygon","coordinates":[[[107.175,-6.4213],[107.1875,-6.4213],[107.1875,-6.4093],[107.175,-6.4093],[107.175,-6.4213]]]},"properties":{"lc_code":13,"lc_name":"Urban and Built-up Lands"}},{"type":"Feature","geometry":{"type":"Polygon","coordinates":[[[107.1875,-6.4213],[107.2,-6.4213],[107.2,-6.4093],[107.1875,-6.4093],[107.1875,-6.4213]]]},"properties":{"lc_code":13,"lc_name":"Urban and Built-up Lands"}},{"type":"Feature","geometry":{"type":"Polygon","coordinates":[[[107.2,-6.4213],[107.2125,-6.4213],[107.2125,-6.4093],[107.2,-6.4093],[107.2,-6.4213]]]},"properties":{"lc_code":13,"lc_name":"Urban and Built-up Lands"}},{"type":"Feature","geometry":{"type":"Polygon","coordinates":[[[107.2125,-6.4213],[107.225,-6.4213],[107.225,-6.4093],[107.2125,-6.4093],[107.2125,-6.4213]]]},"properties":{"lc_code":13,"lc_name":"Urban and Built-up Lands"}},{"type":"Feature","geometry":{"type":"Polygon","coordinates":[[[107.225,-6.4213],[107.2375,-6.4213],[107.2375,-6.4093],[107.225,-6.4093],[107.225,-6.4213]]]},"properties":{"lc_code":13,"lc_name":"Urban and Built-up Lands"}},{"type":"Feature","geometry":{"type":"Polygon","coordinates":[[[107.2375,-6.4213],[107.25,-6.4213],[107.25,-6.4093],[107.2375,-6.4093],[107.2375,-6.4213]]]},"properties":{"lc_code":13,"lc_name":"Urban and Built-up Lands"}},{"type":"Feature","geometry":{"type":"Polygon","coordinates":[[[107.25,-6.4213],[107.2625,-6.4213],[107.2625,-6.4093],[107.25,-6.4093],[107.25,-6.4213]]]},"properties":{"lc_code":12,"lc_name":"Cropland / Natural Vegetation Mosaics"}},{"type":"Feature","geometry":{"type":"Polygon","coordinates":[[[107.2625,-6.4213],[107.275,-6.4213],[107.275,-6.4093],[107.2625,-6.4093],[107.2625,-6.4213]]]},"properties":{"lc_code":12,"lc_name":"Cropland / Natural Vegetation Mosaics"}},{"type":"Feature","geometry":{"type":"Polygon","coordinates":[[[107.275,-6.4213],[107.2875,-6.4213],[107.2875,-6.4093],[107.275,-6.4093],[107.275,-6.4213]]]},"properties":{"lc_code":12,"lc_name":"Cropland / Natural Vegetation Mosaics"}},{"type":"Feature","geometry":{"type":"Polygon","coordinates":[[[107.2875,-6.4213],[107.3,-6.4213],[107.3,-6.4093],[107.2875,-6.4093],[107.2875,-6.4213]]]},"properties":{"lc_code":12,"lc_name":"Cropland / Natural Vegetation Mosaics"}},{"type":"Feature","geometry":{"type":"Polygon","coordinates":[[[106.5,-6.4093],[106.5125,-6.4093],[106.5125,-6.3972],[106.5,-6.3972],[106.5,-6.4093]]]},"properties":{"lc_code":12,"lc_name":"Cropland / Natural Vegetation Mosaics"}},{"type":"Feature","geometry":{"type":"Polygon","coordinates":[[[106.5125,-6.4093],[106.525,-6.4093],[106.525,-6.3972],[106.5125,-6.3972],[106.5125,-6.4093]]]},"properties":{"lc_code":12,"lc_name":"Cropland / Natural Vegetation Mosaics"}},{"type":"Feature","geometry":{"type":"Polygon","coordinates":[[[106.525,-6.4093],[106.5375,-6.4093],[106.5375,-6.3972],[106.525,-6.3972],[106.525,-6.4093]]]},"properties":{"lc_code":12,"lc_name":"Cropland / Natural Vegetation Mosaics"}},{"type":"Feature","geometry":{"type":"Polygon","coordinates":[[[106.5375,-6.4093],[106.55,-6.4093],[106.55,-6.3972],[106.5375,-6.3972],[106.5375,-6.4093]]]},"properties":{"lc_code":12,"lc_name":"Cropland / Natural Vegetation Mosaics"}},{"type":"Feature","geometry":{"type":"Polygon","coordinates":[[[106.55,-6.4093],[106.5625,-6.4093],[106.5625,-6.3972],[106.55,-6.3972],[106.55,-6.4093]]]},"properties":{"lc_code":12,"lc_name":"Cropland / Natural Vegetation Mosaics"}},{"type":"Feature","geometry":{"type":"Polygon","coordinates":[[[106.5625,-6.4093],[106.575,-6.4093],[106.575,-6.3972],[106.5625,-6.3972],[106.5625,-6.4093]]]},"properties":{"lc_code":12,"lc_name":"Cropland / Natural Vegetation Mosaics"}},{"type":"Feature","geometry":{"type":"Polygon","coordinates":[[[106.575,-6.4093],[106.5875,-6.4093],[106.5875,-6.3972],[106.575,-6.3972],[106.575,-6.4093]]]},"properties":{"lc_code":12,"lc_name":"Cropland / Natural Vegetation Mosaics"}},{"type":"Feature","geometry":{"type":"Polygon","coordinates":[[[106.5875,-6.4093],[106.6,-6.4093],[106.6,-6.3972],[106.5875,-6.3972],[106.5875,-6.4093]]]},"properties":{"lc_code":12,"lc_name":"Cropland / Natural Vegetation Mosaics"}},{"type":"Feature","geometry":{"type":"Polygon","coordinates":[[[106.6,-6.4093],[106.6125,-6.4093],[106.6125,-6.3972],[106.6,-6.3972],[106.6,-6.4093]]]},"properties":{"lc_code":12,"lc_name":"Cropland / Natural Vegetation Mosaics"}},{"type":"Feature","geometry":{"type":"Polygon","coordinates":[[[106.6125,-6.4093],[106.625,-6.4093],[106.625,-6.3972],[106.6125,-6.3972],[106.6125,-6.4093]]]},"properties":{"lc_code":12,"lc_name":"Cropland / Natural Vegetation Mosaics"}},{"type":"Feature","geometry":{"type":"Polygon","coordinates":[[[106.625,-6.4093],[106.6375,-6.4093],[106.6375,-6.3972],[106.625,-6.3972],[106.625,-6.4093]]]},"properties":{"lc_code":12,"lc_name":"Cropland / Natural Vegetation Mosaics"}},{"type":"Feature","geometry":{"type":"Polygon","coordinates":[[[106.6375,-6.4093],[106.65,-6.4093],[106.65,-6.3972],[106.6375,-6.3972],[106.6375,-6.4093]]]},"properties":{"lc_code":13,"lc_name":"Urban and Built-up Lands"}},{"type":"Feature","geometry":{"type":"Polygon","coordinates":[[[106.65,-6.4093],[106.6625,-6.4093],[106.6625,-6.3972],[106.65,-6.3972],[106.65,-6.4093]]]},"properties":{"lc_code":13,"lc_name":"Urban and Built-up Lands"}},{"type":"Feature","geometry":{"type":"Polygon","coordinates":[[[106.6625,-6.4093],[106.675,-6.4093],[106.675,-6.3972],[106.6625,-6.3972],[106.6625,-6.4093]]]},"properties":{"lc_code":13,"lc_name":"Urban and Built-up Lands"}},{"type":"Feature","geometry":{"type":"Polygon","coordinates":[[[106.675,-6.4093],[106.6875,-6.4093],[106.6875,-6.3972],[106.675,-6.3972],[106.675,-6.4093]]]},"properties":{"lc_code":13,"lc_name":"Urban and Built-up Lands"}},{"type":"Feature","geometry":{"type":"Polygon","coordinates":[[[106.6875,-6.4093],[106.7,-6.4093],[106.7,-6.3972],[106.6875,-6.3972],[106.6875,-6.4093]]]},"properties":{"lc_code":13,"lc_name":"Urban and Built-up Lands"}},{"type":"Feature","geometry":{"type":"Polygon","coordinates":[[[106.7,-6.4093],[106.7125,-6.4093],[106.7125,-6.3972],[106.7,-6.3972],[106.7,-6.4093]]]},"properties":{"lc_code":13,"lc_name":"Urban and Built-up Lands"}},{"type":"Feature","geometry":{"type":"Polygon","coordinates":[[[106.7125,-6.4093],[106.725,-6.4093],[106.725,-6.3972],[106.7125,-6.3972],[106.7125,-6.4093]]]},"properties":{"lc_code":12,"lc_name":"Cropland / Natural Vegetation Mosaics"}},{"type":"Feature","geometry":{"type":"Polygon","coordinates":[[[106.725,-6.4093],[106.7375,-6.4093],[106.7375,-6.3972],[106.725,-6.3972],[106.725,-6.4093]]]},"properties":{"lc_code":12,"lc_name":"Cropland / Natural Vegetation Mosaics"}},{"type":"Feature","geometry":{"type":"Polygon","coordinates":[[[106.7375,-6.4093],[106.75,-6.4093],[106.75,-6.3972],[106.7375,-6.3972],[106.7375,-6.4093]]]},"properties":{"lc_code":13,"lc_name":"Urban and Built-up Lands"}},{"type":"Feature","geometry":{"type":"Polygon","coordinates":[[[106.75,-6.4093],[106.7625,-6.4093],[106.7625,-6.3972],[106.75,-6.3972],[106.75,-6.4093]]]},"properties":{"lc_code":13,"lc_name":"Urban and Built-up Lands"}},{"type":"Feature","geometry":{"type":"Polygon","coordinates":[[[106.7625,-6.4093],[106.775,-6.4093],[106.775,-6.3972],[106.7625,-6.3972],[106.7625,-6.4093]]]},"properties":{"lc_code":13,"lc_name":"Urban and Built-up Lands"}},{"type":"Feature","geometry":{"type":"Polygon","coordinates":[[[106.775,-6.4093],[106.7875,-6.4093],[106.7875,-6.3972],[106.775,-6.3972],[106.775,-6.4093]]]},"properties":{"lc_code":13,"lc_name":"Urban and Built-up Lands"}},{"type":"Feature","geometry":{"type":"Polygon","coordinates":[[[106.7875,-6.4093],[106.8,-6.4093],[106.8,-6.3972],[106.7875,-6.3972],[106.7875,-6.4093]]]},"properties":{"lc_code":13,"lc_name":"Urban and Built-up Lands"}},{"type":"Feature","geometry":{"type":"Polygon","coordinates":[[[106.8,-6.4093],[106.8125,-6.4093],[106.8125,-6.3972],[106.8,-6.3972],[106.8,-6.4093]]]},"properties":{"lc_code":13,"lc_name":"Urban and Built-up Lands"}},{"type":"Feature","geometry":{"type":"Polygon","coordinates":[[[106.8125,-6.4093],[106.825,-6.4093],[106.825,-6.3972],[106.8125,-6.3972],[106.8125,-6.4093]]]},"properties":{"lc_code":13,"lc_name":"Urban and Built-up Lands"}},{"type":"Feature","geometry":{"type":"Polygon","coordinates":[[[106.825,-6.4093],[106.8375,-6.4093],[106.8375,-6.3972],[106.825,-6.3972],[106.825,-6.4093]]]},"properties":{"lc_code":13,"lc_name":"Urban and Built-up Lands"}},{"type":"Feature","geometry":{"type":"Polygon","coordinates":[[[106.8375,-6.4093],[106.85,-6.4093],[106.85,-6.3972],[106.8375,-6.3972],[106.8375,-6.4093]]]},"properties":{"lc_code":13,"lc_name":"Urban and Built-up Lands"}},{"type":"Feature","geometry":{"type":"Polygon","coordinates":[[[106.85,-6.4093],[106.8625,-6.4093],[106.8625,-6.3972],[106.85,-6.3972],[106.85,-6.4093]]]},"properties":{"lc_code":13,"lc_name":"Urban and Built-up Lands"}},{"type":"Feature","geometry":{"type":"Polygon","coordinates":[[[106.8625,-6.4093],[106.875,-6.4093],[106.875,-6.3972],[106.8625,-6.3972],[106.8625,-6.4093]]]},"properties":{"lc_code":13,"lc_name":"Urban and Built-up Lands"}},{"type":"Feature","geometry":{"type":"Polygon","coordinates":[[[106.875,-6.4093],[106.8875,-6.4093],[106.8875,-6.3972],[106.875,-6.3972],[106.875,-6.4093]]]},"properties":{"lc_code":13,"lc_name":"Urban and Built-up Lands"}},{"type":"Feature","geometry":{"type":"Polygon","coordinates":[[[106.8875,-6.4093],[106.9,-6.4093],[106.9,-6.3972],[106.8875,-6.3972],[106.8875,-6.4093]]]},"properties":{"lc_code":13,"lc_name":"Urban and Built-up Lands"}},{"type":"Feature","geometry":{"type":"Polygon","coordinates":[[[106.9,-6.4093],[106.9125,-6.4093],[106.9125,-6.3972],[106.9,-6.3972],[106.9,-6.4093]]]},"properties":{"lc_code":13,"lc_name":"Urban and Built-up Lands"}},{"type":"Feature","geometry":{"type":"Polygon","coordinates":[[[106.9125,-6.4093],[106.925,-6.4093],[106.925,-6.3972],[106.9125,-6.3972],[106.9125,-6.4093]]]},"properties":{"lc_code":13,"lc_name":"Urban and Built-up Lands"}},{"type":"Feature","geometry":{"type":"Polygon","coordinates":[[[106.925,-6.4093],[106.9375,-6.4093],[106.9375,-6.3972],[106.925,-6.3972],[106.925,-6.4093]]]},"properties":{"lc_code":12,"lc_name":"Cropland / Natural Vegetation Mosaics"}},{"type":"Feature","geometry":{"type":"Polygon","coordinates":[[[106.9375,-6.4093],[106.95,-6.4093],[106.95,-6.3972],[106.9375,-6.3972],[106.9375,-6.4093]]]},"properties":{"lc_code":12,"lc_name":"Cropland / Natural Vegetation Mosaics"}},{"type":"Feature","geometry":{"type":"Polygon","coordinates":[[[106.95,-6.4093],[106.9625,-6.4093],[106.9625,-6.3972],[106.95,-6.3972],[106.95,-6.4093]]]},"properties":{"lc_code":12,"lc_name":"Cropland / Natural Vegetation Mosaics"}},{"type":"Feature","geometry":{"type":"Polygon","coordinates":[[[106.9625,-6.4093],[106.975,-6.4093],[106.975,-6.3972],[106.9625,-6.3972],[106.9625,-6.4093]]]},"properties":{"lc_code":12,"lc_name":"Cropland / Natural Vegetation Mosaics"}},{"type":"Feature","geometry":{"type":"Polygon","coordinates":[[[106.975,-6.4093],[106.9875,-6.4093],[106.9875,-6.3972],[106.975,-6.3972],[106.975,-6.4093]]]},"properties":{"lc_code":12,"lc_name":"Cropland / Natural Vegetation Mosaics"}},{"type":"Feature","geometry":{"type":"Polygon","coordinates":[[[106.9875,-6.4093],[107,-6.4093],[107,-6.3972],[106.9875,-6.3972],[106.9875,-6.4093]]]},"properties":{"lc_code":12,"lc_name":"Cropland / Natural Vegetation Mosaics"}},{"type":"Feature","geometry":{"type":"Polygon","coordinates":[[[107,-6.4093],[107.0125,-6.4093],[107.0125,-6.3972],[107,-6.3972],[107,-6.4093]]]},"properties":{"lc_code":12,"lc_name":"Cropland / Natural Vegetation Mosaics"}},{"type":"Feature","geometry":{"type":"Polygon","coordinates":[[[107.0125,-6.4093],[107.025,-6.4093],[107.025,-6.3972],[107.0125,-6.3972],[107.0125,-6.4093]]]},"properties":{"lc_code":12,"lc_name":"Cropland / Natural Vegetation Mosaics"}},{"type":"Feature","geometry":{"type":"Polygon","coordinates":[[[107.025,-6.4093],[107.0375,-6.4093],[107.0375,-6.3972],[107.025,-6.3972],[107.025,-6.4093]]]},"properties":{"lc_code":12,"lc_name":"Cropland / Natural Vegetation Mosaics"}},{"type":"Feature","geometry":{"type":"Polygon","coordinates":[[[107.0375,-6.4093],[107.05,-6.4093],[107.05,-6.3972],[107.0375,-6.3972],[107.0375,-6.4093]]]},"properties":{"lc_code":13,"lc_name":"Urban and Built-up Lands"}},{"type":"Feature","geometry":{"type":"Polygon","coordinates":[[[107.05,-6.4093],[107.0625,-6.4093],[107.0625,-6.3972],[107.05,-6.3972],[107.05,-6.4093]]]},"properties":{"lc_code":13,"lc_name":"Urban and Built-up Lands"}},{"type":"Feature","geometry":{"type":"Polygon","coordinates":[[[107.0625,-6.4093],[107.075,-6.4093],[107.075,-6.3972],[107.0625,-6.3972],[107.0625,-6.4093]]]},"properties":{"lc_code":13,"lc_name":"Urban and Built-up Lands"}},{"type":"Feature","geometry":{"type":"Polygon","coordinates":[[[107.075,-6.4093],[107.0875,-6.4093],[107.0875,-6.3972],[107.075,-6.3972],[107.075,-6.4093]]]},"properties":{"lc_code":13,"lc_name":"Urban and Built-up Lands"}},{"type":"Feature","geometry":{"type":"Polygon","coordinates":[[[107.0875,-6.4093],[107.1,-6.4093],[107.1,-6.3972],[107.0875,-6.3972],[107.0875,-6.4093]]]},"properties":{"lc_code":13,"lc_name":"Urban and Built-up Lands"}},{"type":"Feature","geometry":{"type":"Polygon","coordinates":[[[107.1,-6.4093],[107.1125,-6.4093],[107.1125,-6.3972],[107.1,-6.3972],[107.1,-6.4093]]]},"properties":{"lc_code":13,"lc_name":"Urban and Built-up Lands"}},{"type":"Feature","geometry":{"type":"Polygon","coordinates":[[[107.1125,-6.4093],[107.125,-6.4093],[107.125,-6.3972],[107.1125,-6.3972],[107.1125,-6.4093]]]},"properties":{"lc_code":13,"lc_name":"Urban and Built-up Lands"}},{"type":"Feature","geometry":{"type":"Polygon","coordinates":[[[107.125,-6.4093],[107.1375,-6.4093],[107.1375,-6.3972],[107.125,-6.3972],[107.125,-6.4093]]]},"properties":{"lc_code":13,"lc_name":"Urban and Built-up Lands"}},{"type":"Feature","geometry":{"type":"Polygon","coordinates":[[[107.1375,-6.4093],[107.15,-6.4093],[107.15,-6.3972],[107.1375,-6.3972],[107.1375,-6.4093]]]},"properties":{"lc_code":13,"lc_name":"Urban and Built-up Lands"}},{"type":"Feature","geometry":{"type":"Polygon","coordinates":[[[107.15,-6.4093],[107.1625,-6.4093],[107.1625,-6.3972],[107.15,-6.3972],[107.15,-6.4093]]]},"properties":{"lc_code":13,"lc_name":"Urban and Built-up Lands"}},{"type":"Feature","geometry":{"type":"Polygon","coordinates":[[[107.1625,-6.4093],[107.175,-6.4093],[107.175,-6.3972],[107.1625,-6.3972],[107.1625,-6.4093]]]},"properties":{"lc_code":13,"lc_name":"Urban and Built-up Lands"}},{"type":"Feature","geometry":{"type":"Polygon","coordinates":[[[107.175,-6.4093],[107.1875,-6.4093],[107.1875,-6.3972],[107.175,-6.3972],[107.175,-6.4093]]]},"properties":{"lc_code":13,"lc_name":"Urban and Built-up Lands"}},{"type":"Feature","geometry":{"type":"Polygon","coordinates":[[[107.1875,-6.4093],[107.2,-6.4093],[107.2,-6.3972],[107.1875,-6.3972],[107.1875,-6.4093]]]},"properties":{"lc_code":13,"lc_name":"Urban and Built-up Lands"}},{"type":"Feature","geometry":{"type":"Polygon","coordinates":[[[107.2,-6.4093],[107.2125,-6.4093],[107.2125,-6.3972],[107.2,-6.3972],[107.2,-6.4093]]]},"properties":{"lc_code":13,"lc_name":"Urban and Built-up Lands"}},{"type":"Feature","geometry":{"type":"Polygon","coordinates":[[[107.2125,-6.4093],[107.225,-6.4093],[107.225,-6.3972],[107.2125,-6.3972],[107.2125,-6.4093]]]},"properties":{"lc_code":13,"lc_name":"Urban and Built-up Lands"}},{"type":"Feature","geometry":{"type":"Polygon","coordinates":[[[107.225,-6.4093],[107.2375,-6.4093],[107.2375,-6.3972],[107.225,-6.3972],[107.225,-6.4093]]]},"properties":{"lc_code":13,"lc_name":"Urban and Built-up Lands"}},{"type":"Feature","geometry":{"type":"Polygon","coordinates":[[[107.2375,-6.4093],[107.25,-6.4093],[107.25,-6.3972],[107.2375,-6.3972],[107.2375,-6.4093]]]},"properties":{"lc_code":13,"lc_name":"Urban and Built-up Lands"}},{"type":"Feature","geometry":{"type":"Polygon","coordinates":[[[107.25,-6.4093],[107.2625,-6.4093],[107.2625,-6.3972],[107.25,-6.3972],[107.25,-6.4093]]]},"properties":{"lc_code":13,"lc_name":"Urban and Built-up Lands"}},{"type":"Feature","geometry":{"type":"Polygon","coordinates":[[[107.2625,-6.4093],[107.275,-6.4093],[107.275,-6.3972],[107.2625,-6.3972],[107.2625,-6.4093]]]},"properties":{"lc_code":12,"lc_name":"Cropland / Natural Vegetation Mosaics"}},{"type":"Feature","geometry":{"type":"Polygon","coordinates":[[[107.275,-6.4093],[107.2875,-6.4093],[107.2875,-6.3972],[107.275,-6.3972],[107.275,-6.4093]]]},"properties":{"lc_code":12,"lc_name":"Cropland / Natural Vegetation Mosaics"}},{"type":"Feature","geometry":{"type":"Polygon","coordinates":[[[107.2875,-6.4093],[107.3,-6.4093],[107.3,-6.3972],[107.2875,-6.3972],[107.2875,-6.4093]]]},"properties":{"lc_code":12,"lc_name":"Cropland / Natural Vegetation Mosaics"}},{"type":"Feature","geometry":{"type":"Polygon","coordinates":[[[106.5,-6.3972],[106.5125,-6.3972],[106.5125,-6.3852],[106.5,-6.3852],[106.5,-6.3972]]]},"properties":{"lc_code":12,"lc_name":"Cropland / Natural Vegetation Mosaics"}},{"type":"Feature","geometry":{"type":"Polygon","coordinates":[[[106.5125,-6.3972],[106.525,-6.3972],[106.525,-6.3852],[106.5125,-6.3852],[106.5125,-6.3972]]]},"properties":{"lc_code":12,"lc_name":"Cropland / Natural Vegetation Mosaics"}},{"type":"Feature","geometry":{"type":"Polygon","coordinates":[[[106.525,-6.3972],[106.5375,-6.3972],[106.5375,-6.3852],[106.525,-6.3852],[106.525,-6.3972]]]},"properties":{"lc_code":12,"lc_name":"Cropland / Natural Vegetation Mosaics"}},{"type":"Feature","geometry":{"type":"Polygon","coordinates":[[[106.5375,-6.3972],[106.55,-6.3972],[106.55,-6.3852],[106.5375,-6.3852],[106.5375,-6.3972]]]},"properties":{"lc_code":12,"lc_name":"Cropland / Natural Vegetation Mosaics"}},{"type":"Feature","geometry":{"type":"Polygon","coordinates":[[[106.55,-6.3972],[106.5625,-6.3972],[106.5625,-6.3852],[106.55,-6.3852],[106.55,-6.3972]]]},"properties":{"lc_code":12,"lc_name":"Cropland / Natural Vegetation Mosaics"}},{"type":"Feature","geometry":{"type":"Polygon","coordinates":[[[106.5625,-6.3972],[106.575,-6.3972],[106.575,-6.3852],[106.5625,-6.3852],[106.5625,-6.3972]]]},"properties":{"lc_code":12,"lc_name":"Cropland / Natural Vegetation Mosaics"}},{"type":"Feature","geometry":{"type":"Polygon","coordinates":[[[106.575,-6.3972],[106.5875,-6.3972],[106.5875,-6.3852],[106.575,-6.3852],[106.575,-6.3972]]]},"properties":{"lc_code":12,"lc_name":"Cropland / Natural Vegetation Mosaics"}},{"type":"Feature","geometry":{"type":"Polygon","coordinates":[[[106.5875,-6.3972],[106.6,-6.3972],[106.6,-6.3852],[106.5875,-6.3852],[106.5875,-6.3972]]]},"properties":{"lc_code":12,"lc_name":"Cropland / Natural Vegetation Mosaics"}},{"type":"Feature","geometry":{"type":"Polygon","coordinates":[[[106.6,-6.3972],[106.6125,-6.3972],[106.6125,-6.3852],[106.6,-6.3852],[106.6,-6.3972]]]},"properties":{"lc_code":12,"lc_name":"Cropland / Natural Vegetation Mosaics"}},{"type":"Feature","geometry":{"type":"Polygon","coordinates":[[[106.6125,-6.3972],[106.625,-6.3972],[106.625,-6.3852],[106.6125,-6.3852],[106.6125,-6.3972]]]},"properties":{"lc_code":13,"lc_name":"Urban and Built-up Lands"}},{"type":"Feature","geometry":{"type":"Polygon","coordinates":[[[106.625,-6.3972],[106.6375,-6.3972],[106.6375,-6.3852],[106.625,-6.3852],[106.625,-6.3972]]]},"properties":{"lc_code":13,"lc_name":"Urban and Built-up Lands"}},{"type":"Feature","geometry":{"type":"Polygon","coordinates":[[[106.6375,-6.3972],[106.65,-6.3972],[106.65,-6.3852],[106.6375,-6.3852],[106.6375,-6.3972]]]},"properties":{"lc_code":13,"lc_name":"Urban and Built-up Lands"}},{"type":"Feature","geometry":{"type":"Polygon","coordinates":[[[106.65,-6.3972],[106.6625,-6.3972],[106.6625,-6.3852],[106.65,-6.3852],[106.65,-6.3972]]]},"properties":{"lc_code":13,"lc_name":"Urban and Built-up Lands"}},{"type":"Feature","geometry":{"type":"Polygon","coordinates":[[[106.6625,-6.3972],[106.675,-6.3972],[106.675,-6.3852],[106.6625,-6.3852],[106.6625,-6.3972]]]},"properties":{"lc_code":13,"lc_name":"Urban and Built-up Lands"}},{"type":"Feature","geometry":{"type":"Polygon","coordinates":[[[106.675,-6.3972],[106.6875,-6.3972],[106.6875,-6.3852],[106.675,-6.3852],[106.675,-6.3972]]]},"properties":{"lc_code":13,"lc_name":"Urban and Built-up Lands"}},{"type":"Feature","geometry":{"type":"Polygon","coordinates":[[[106.6875,-6.3972],[106.7,-6.3972],[106.7,-6.3852],[106.6875,-6.3852],[106.6875,-6.3972]]]},"properties":{"lc_code":13,"lc_name":"Urban and Built-up Lands"}},{"type":"Feature","geometry":{"type":"Polygon","coordinates":[[[106.7,-6.3972],[106.7125,-6.3972],[106.7125,-6.3852],[106.7,-6.3852],[106.7,-6.3972]]]},"properties":{"lc_code":13,"lc_name":"Urban and Built-up Lands"}},{"type":"Feature","geometry":{"type":"Polygon","coordinates":[[[106.7125,-6.3972],[106.725,-6.3972],[106.725,-6.3852],[106.7125,-6.3852],[106.7125,-6.3972]]]},"properties":{"lc_code":13,"lc_name":"Urban and Built-up Lands"}},{"type":"Feature","geometry":{"type":"Polygon","coordinates":[[[106.725,-6.3972],[106.7375,-6.3972],[106.7375,-6.3852],[106.725,-6.3852],[106.725,-6.3972]]]},"properties":{"lc_code":13,"lc_name":"Urban and Built-up Lands"}},{"type":"Feature","geometry":{"type":"Polygon","coordinates":[[[106.7375,-6.3972],[106.75,-6.3972],[106.75,-6.3852],[106.7375,-6.3852],[106.7375,-6.3972]]]},"properties":{"lc_code":13,"lc_name":"Urban and Built-up Lands"}},{"type":"Feature","geometry":{"type":"Polygon","coordinates":[[[106.75,-6.3972],[106.7625,-6.3972],[106.7625,-6.3852],[106.75,-6.3852],[106.75,-6.3972]]]},"properties":{"lc_code":13,"lc_name":"Urban and Built-up Lands"}},{"type":"Feature","geometry":{"type":"Polygon","coordinates":[[[106.7625,-6.3972],[106.775,-6.3972],[106.775,-6.3852],[106.7625,-6.3852],[106.7625,-6.3972]]]},"properties":{"lc_code":13,"lc_name":"Urban and Built-up Lands"}},{"type":"Feature","geometry":{"type":"Polygon","coordinates":[[[106.775,-6.3972],[106.7875,-6.3972],[106.7875,-6.3852],[106.775,-6.3852],[106.775,-6.3972]]]},"properties":{"lc_code":13,"lc_name":"Urban and Built-up Lands"}},{"type":"Feature","geometry":{"type":"Polygon","coordinates":[[[106.7875,-6.3972],[106.8,-6.3972],[106.8,-6.3852],[106.7875,-6.3852],[106.7875,-6.3972]]]},"properties":{"lc_code":13,"lc_name":"Urban and Built-up Lands"}},{"type":"Feature","geometry":{"type":"Polygon","coordinates":[[[106.8,-6.3972],[106.8125,-6.3972],[106.8125,-6.3852],[106.8,-6.3852],[106.8,-6.3972]]]},"properties":{"lc_code":13,"lc_name":"Urban and Built-up Lands"}},{"type":"Feature","geometry":{"type":"Polygon","coordinates":[[[106.8125,-6.3972],[106.825,-6.3972],[106.825,-6.3852],[106.8125,-6.3852],[106.8125,-6.3972]]]},"properties":{"lc_code":13,"lc_name":"Urban and Built-up Lands"}},{"type":"Feature","geometry":{"type":"Polygon","coordinates":[[[106.825,-6.3972],[106.8375,-6.3972],[106.8375,-6.3852],[106.825,-6.3852],[106.825,-6.3972]]]},"properties":{"lc_code":13,"lc_name":"Urban and Built-up Lands"}},{"type":"Feature","geometry":{"type":"Polygon","coordinates":[[[106.8375,-6.3972],[106.85,-6.3972],[106.85,-6.3852],[106.8375,-6.3852],[106.8375,-6.3972]]]},"properties":{"lc_code":13,"lc_name":"Urban and Built-up Lands"}},{"type":"Feature","geometry":{"type":"Polygon","coordinates":[[[106.85,-6.3972],[106.8625,-6.3972],[106.8625,-6.3852],[106.85,-6.3852],[106.85,-6.3972]]]},"properties":{"lc_code":13,"lc_name":"Urban and Built-up Lands"}},{"type":"Feature","geometry":{"type":"Polygon","coordinates":[[[106.8625,-6.3972],[106.875,-6.3972],[106.875,-6.3852],[106.8625,-6.3852],[106.8625,-6.3972]]]},"properties":{"lc_code":13,"lc_name":"Urban and Built-up Lands"}},{"type":"Feature","geometry":{"type":"Polygon","coordinates":[[[106.875,-6.3972],[106.8875,-6.3972],[106.8875,-6.3852],[106.875,-6.3852],[106.875,-6.3972]]]},"properties":{"lc_code":13,"lc_name":"Urban and Built-up Lands"}},{"type":"Feature","geometry":{"type":"Polygon","coordinates":[[[106.8875,-6.3972],[106.9,-6.3972],[106.9,-6.3852],[106.8875,-6.3852],[106.8875,-6.3972]]]},"properties":{"lc_code":13,"lc_name":"Urban and Built-up Lands"}},{"type":"Feature","geometry":{"type":"Polygon","coordinates":[[[106.9,-6.3972],[106.9125,-6.3972],[106.9125,-6.3852],[106.9,-6.3852],[106.9,-6.3972]]]},"properties":{"lc_code":13,"lc_name":"Urban and Built-up Lands"}},{"type":"Feature","geometry":{"type":"Polygon","coordinates":[[[106.9125,-6.3972],[106.925,-6.3972],[106.925,-6.3852],[106.9125,-6.3852],[106.9125,-6.3972]]]},"properties":{"lc_code":13,"lc_name":"Urban and Built-up Lands"}},{"type":"Feature","geometry":{"type":"Polygon","coordinates":[[[106.925,-6.3972],[106.9375,-6.3972],[106.9375,-6.3852],[106.925,-6.3852],[106.925,-6.3972]]]},"properties":{"lc_code":12,"lc_name":"Cropland / Natural Vegetation Mosaics"}},{"type":"Feature","geometry":{"type":"Polygon","coordinates":[[[106.9375,-6.3972],[106.95,-6.3972],[106.95,-6.3852],[106.9375,-6.3852],[106.9375,-6.3972]]]},"properties":{"lc_code":12,"lc_name":"Cropland / Natural Vegetation Mosaics"}},{"type":"Feature","geometry":{"type":"Polygon","coordinates":[[[106.95,-6.3972],[106.9625,-6.3972],[106.9625,-6.3852],[106.95,-6.3852],[106.95,-6.3972]]]},"properties":{"lc_code":12,"lc_name":"Cropland / Natural Vegetation Mosaics"}},{"type":"Feature","geometry":{"type":"Polygon","coordinates":[[[106.9625,-6.3972],[106.975,-6.3972],[106.975,-6.3852],[106.9625,-6.3852],[106.9625,-6.3972]]]},"properties":{"lc_code":12,"lc_name":"Cropland / Natural Vegetation Mosaics"}},{"type":"Feature","geometry":{"type":"Polygon","coordinates":[[[106.975,-6.3972],[106.9875,-6.3972],[106.9875,-6.3852],[106.975,-6.3852],[106.975,-6.3972]]]},"properties":{"lc_code":12,"lc_name":"Cropland / Natural Vegetation Mosaics"}},{"type":"Feature","geometry":{"type":"Polygon","coordinates":[[[106.9875,-6.3972],[107,-6.3972],[107,-6.3852],[106.9875,-6.3852],[106.9875,-6.3972]]]},"properties":{"lc_code":12,"lc_name":"Cropland / Natural Vegetation Mosaics"}},{"type":"Feature","geometry":{"type":"Polygon","coordinates":[[[107,-6.3972],[107.0125,-6.3972],[107.0125,-6.3852],[107,-6.3852],[107,-6.3972]]]},"properties":{"lc_code":12,"lc_name":"Cropland / Natural Vegetation Mosaics"}},{"type":"Feature","geometry":{"type":"Polygon","coordinates":[[[107.0125,-6.3972],[107.025,-6.3972],[107.025,-6.3852],[107.0125,-6.3852],[107.0125,-6.3972]]]},"properties":{"lc_code":12,"lc_name":"Cropland / Natural Vegetation Mosaics"}},{"type":"Feature","geometry":{"type":"Polygon","coordinates":[[[107.025,-6.3972],[107.0375,-6.3972],[107.0375,-6.3852],[107.025,-6.3852],[107.025,-6.3972]]]},"properties":{"lc_code":13,"lc_name":"Urban and Built-up Lands"}},{"type":"Feature","geometry":{"type":"Polygon","coordinates":[[[107.0375,-6.3972],[107.05,-6.3972],[107.05,-6.3852],[107.0375,-6.3852],[107.0375,-6.3972]]]},"properties":{"lc_code":13,"lc_name":"Urban and Built-up Lands"}},{"type":"Feature","geometry":{"type":"Polygon","coordinates":[[[107.05,-6.3972],[107.0625,-6.3972],[107.0625,-6.3852],[107.05,-6.3852],[107.05,-6.3972]]]},"properties":{"lc_code":13,"lc_name":"Urban and Built-up Lands"}},{"type":"Feature","geometry":{"type":"Polygon","coordinates":[[[107.0625,-6.3972],[107.075,-6.3972],[107.075,-6.3852],[107.0625,-6.3852],[107.0625,-6.3972]]]},"properties":{"lc_code":13,"lc_name":"Urban and Built-up Lands"}},{"type":"Feature","geometry":{"type":"Polygon","coordinates":[[[107.075,-6.3972],[107.0875,-6.3972],[107.0875,-6.3852],[107.075,-6.3852],[107.075,-6.3972]]]},"properties":{"lc_code":13,"lc_name":"Urban and Built-up Lands"}},{"type":"Feature","geometry":{"type":"Polygon","coordinates":[[[107.0875,-6.3972],[107.1,-6.3972],[107.1,-6.3852],[107.0875,-6.3852],[107.0875,-6.3972]]]},"properties":{"lc_code":13,"lc_name":"Urban and Built-up Lands"}},{"type":"Feature","geometry":{"type":"Polygon","coordinates":[[[107.1,-6.3972],[107.1125,-6.3972],[107.1125,-6.3852],[107.1,-6.3852],[107.1,-6.3972]]]},"properties":{"lc_code":13,"lc_name":"Urban and Built-up Lands"}},{"type":"Feature","geometry":{"type":"Polygon","coordinates":[[[107.1125,-6.3972],[107.125,-6.3972],[107.125,-6.3852],[107.1125,-6.3852],[107.1125,-6.3972]]]},"properties":{"lc_code":13,"lc_name":"Urban and Built-up Lands"}},{"type":"Feature","geometry":{"type":"Polygon","coordinates":[[[107.125,-6.3972],[107.1375,-6.3972],[107.1375,-6.3852],[107.125,-6.3852],[107.125,-6.3972]]]},"properties":{"lc_code":13,"lc_name":"Urban and Built-up Lands"}},{"type":"Feature","geometry":{"type":"Polygon","coordinates":[[[107.1375,-6.3972],[107.15,-6.3972],[107.15,-6.3852],[107.1375,-6.3852],[107.1375,-6.3972]]]},"properties":{"lc_code":13,"lc_name":"Urban and Built-up Lands"}},{"type":"Feature","geometry":{"type":"Polygon","coordinates":[[[107.15,-6.3972],[107.1625,-6.3972],[107.1625,-6.3852],[107.15,-6.3852],[107.15,-6.3972]]]},"properties":{"lc_code":13,"lc_name":"Urban and Built-up Lands"}},{"type":"Feature","geometry":{"type":"Polygon","coordinates":[[[107.1625,-6.3972],[107.175,-6.3972],[107.175,-6.3852],[107.1625,-6.3852],[107.1625,-6.3972]]]},"properties":{"lc_code":13,"lc_name":"Urban and Built-up Lands"}},{"type":"Feature","geometry":{"type":"Polygon","coordinates":[[[107.175,-6.3972],[107.1875,-6.3972],[107.1875,-6.3852],[107.175,-6.3852],[107.175,-6.3972]]]},"properties":{"lc_code":13,"lc_name":"Urban and Built-up Lands"}},{"type":"Feature","geometry":{"type":"Polygon","coordinates":[[[107.1875,-6.3972],[107.2,-6.3972],[107.2,-6.3852],[107.1875,-6.3852],[107.1875,-6.3972]]]},"properties":{"lc_code":13,"lc_name":"Urban and Built-up Lands"}},{"type":"Feature","geometry":{"type":"Polygon","coordinates":[[[107.2,-6.3972],[107.2125,-6.3972],[107.2125,-6.3852],[107.2,-6.3852],[107.2,-6.3972]]]},"properties":{"lc_code":13,"lc_name":"Urban and Built-up Lands"}},{"type":"Feature","geometry":{"type":"Polygon","coordinates":[[[107.2125,-6.3972],[107.225,-6.3972],[107.225,-6.3852],[107.2125,-6.3852],[107.2125,-6.3972]]]},"properties":{"lc_code":13,"lc_name":"Urban and Built-up Lands"}},{"type":"Feature","geometry":{"type":"Polygon","coordinates":[[[107.225,-6.3972],[107.2375,-6.3972],[107.2375,-6.3852],[107.225,-6.3852],[107.225,-6.3972]]]},"properties":{"lc_code":13,"lc_name":"Urban and Built-up Lands"}},{"type":"Feature","geometry":{"type":"Polygon","coordinates":[[[107.2375,-6.3972],[107.25,-6.3972],[107.25,-6.3852],[107.2375,-6.3852],[107.2375,-6.3972]]]},"properties":{"lc_code":13,"lc_name":"Urban and Built-up Lands"}},{"type":"Feature","geometry":{"type":"Polygon","coordinates":[[[107.25,-6.3972],[107.2625,-6.3972],[107.2625,-6.3852],[107.25,-6.3852],[107.25,-6.3972]]]},"properties":{"lc_code":13,"lc_name":"Urban and Built-up Lands"}},{"type":"Feature","geometry":{"type":"Polygon","coordinates":[[[107.2625,-6.3972],[107.275,-6.3972],[107.275,-6.3852],[107.2625,-6.3852],[107.2625,-6.3972]]]},"properties":{"lc_code":13,"lc_name":"Urban and Built-up Lands"}},{"type":"Feature","geometry":{"type":"Polygon","coordinates":[[[107.275,-6.3972],[107.2875,-6.3972],[107.2875,-6.3852],[107.275,-6.3852],[107.275,-6.3972]]]},"properties":{"lc_code":12,"lc_name":"Cropland / Natural Vegetation Mosaics"}},{"type":"Feature","geometry":{"type":"Polygon","coordinates":[[[107.2875,-6.3972],[107.3,-6.3972],[107.3,-6.3852],[107.2875,-6.3852],[107.2875,-6.3972]]]},"properties":{"lc_code":12,"lc_name":"Cropland / Natural Vegetation Mosaics"}},{"type":"Feature","geometry":{"type":"Polygon","coordinates":[[[106.5,-6.3852],[106.5125,-6.3852],[106.5125,-6.3731],[106.5,-6.3731],[106.5,-6.3852]]]},"properties":{"lc_code":12,"lc_name":"Cropland / Natural Vegetation Mosaics"}},{"type":"Feature","geometry":{"type":"Polygon","coordinates":[[[106.5125,-6.3852],[106.525,-6.3852],[106.525,-6.3731],[106.5125,-6.3731],[106.5125,-6.3852]]]},"properties":{"lc_code":12,"lc_name":"Cropland / Natural Vegetation Mosaics"}},{"type":"Feature","geometry":{"type":"Polygon","coordinates":[[[106.525,-6.3852],[106.5375,-6.3852],[106.5375,-6.3731],[106.525,-6.3731],[106.525,-6.3852]]]},"properties":{"lc_code":12,"lc_name":"Cropland / Natural Vegetation Mosaics"}},{"type":"Feature","geometry":{"type":"Polygon","coordinates":[[[106.5375,-6.3852],[106.55,-6.3852],[106.55,-6.3731],[106.5375,-6.3731],[106.5375,-6.3852]]]},"properties":{"lc_code":12,"lc_name":"Cropland / Natural Vegetation Mosaics"}},{"type":"Feature","geometry":{"type":"Polygon","coordinates":[[[106.55,-6.3852],[106.5625,-6.3852],[106.5625,-6.3731],[106.55,-6.3731],[106.55,-6.3852]]]},"properties":{"lc_code":12,"lc_name":"Cropland / Natural Vegetation Mosaics"}},{"type":"Feature","geometry":{"type":"Polygon","coordinates":[[[106.5625,-6.3852],[106.575,-6.3852],[106.575,-6.3731],[106.5625,-6.3731],[106.5625,-6.3852]]]},"properties":{"lc_code":12,"lc_name":"Cropland / Natural Vegetation Mosaics"}},{"type":"Feature","geometry":{"type":"Polygon","coordinates":[[[106.575,-6.3852],[106.5875,-6.3852],[106.5875,-6.3731],[106.575,-6.3731],[106.575,-6.3852]]]},"properties":{"lc_code":12,"lc_name":"Cropland / Natural Vegetation Mosaics"}},{"type":"Feature","geometry":{"type":"Polygon","coordinates":[[[106.5875,-6.3852],[106.6,-6.3852],[106.6,-6.3731],[106.5875,-6.3731],[106.5875,-6.3852]]]},"properties":{"lc_code":12,"lc_name":"Cropland / Natural Vegetation Mosaics"}},{"type":"Feature","geometry":{"type":"Polygon","coordinates":[[[106.6,-6.3852],[106.6125,-6.3852],[106.6125,-6.3731],[106.6,-6.3731],[106.6,-6.3852]]]},"properties":{"lc_code":13,"lc_name":"Urban and Built-up Lands"}},{"type":"Feature","geometry":{"type":"Polygon","coordinates":[[[106.6125,-6.3852],[106.625,-6.3852],[106.625,-6.3731],[106.6125,-6.3731],[106.6125,-6.3852]]]},"properties":{"lc_code":13,"lc_name":"Urban and Built-up Lands"}},{"type":"Feature","geometry":{"type":"Polygon","coordinates":[[[106.625,-6.3852],[106.6375,-6.3852],[106.6375,-6.3731],[106.625,-6.3731],[106.625,-6.3852]]]},"properties":{"lc_code":13,"lc_name":"Urban and Built-up Lands"}},{"type":"Feature","geometry":{"type":"Polygon","coordinates":[[[106.6375,-6.3852],[106.65,-6.3852],[106.65,-6.3731],[106.6375,-6.3731],[106.6375,-6.3852]]]},"properties":{"lc_code":13,"lc_name":"Urban and Built-up Lands"}},{"type":"Feature","geometry":{"type":"Polygon","coordinates":[[[106.65,-6.3852],[106.6625,-6.3852],[106.6625,-6.3731],[106.65,-6.3731],[106.65,-6.3852]]]},"properties":{"lc_code":13,"lc_name":"Urban and Built-up Lands"}},{"type":"Feature","geometry":{"type":"Polygon","coordinates":[[[106.6625,-6.3852],[106.675,-6.3852],[106.675,-6.3731],[106.6625,-6.3731],[106.6625,-6.3852]]]},"properties":{"lc_code":13,"lc_name":"Urban and Built-up Lands"}},{"type":"Feature","geometry":{"type":"Polygon","coordinates":[[[106.675,-6.3852],[106.6875,-6.3852],[106.6875,-6.3731],[106.675,-6.3731],[106.675,-6.3852]]]},"properties":{"lc_code":13,"lc_name":"Urban and Built-up Lands"}},{"type":"Feature","geometry":{"type":"Polygon","coordinates":[[[106.6875,-6.3852],[106.7,-6.3852],[106.7,-6.3731],[106.6875,-6.3731],[106.6875,-6.3852]]]},"properties":{"lc_code":13,"lc_name":"Urban and Built-up Lands"}},{"type":"Feature","geometry":{"type":"Polygon","coordinates":[[[106.7,-6.3852],[106.7125,-6.3852],[106.7125,-6.3731],[106.7,-6.3731],[106.7,-6.3852]]]},"properties":{"lc_code":13,"lc_name":"Urban and Built-up Lands"}},{"type":"Feature","geometry":{"type":"Polygon","coordinates":[[[106.7125,-6.3852],[106.725,-6.3852],[106.725,-6.3731],[106.7125,-6.3731],[106.7125,-6.3852]]]},"properties":{"lc_code":13,"lc_name":"Urban and Built-up Lands"}},{"type":"Feature","geometry":{"type":"Polygon","coordinates":[[[106.725,-6.3852],[106.7375,-6.3852],[106.7375,-6.3731],[106.725,-6.3731],[106.725,-6.3852]]]},"properties":{"lc_code":13,"lc_name":"Urban and Built-up Lands"}},{"type":"Feature","geometry":{"type":"Polygon","coordinates":[[[106.7375,-6.3852],[106.75,-6.3852],[106.75,-6.3731],[106.7375,-6.3731],[106.7375,-6.3852]]]},"properties":{"lc_code":13,"lc_name":"Urban and Built-up Lands"}},{"type":"Feature","geometry":{"type":"Polygon","coordinates":[[[106.75,-6.3852],[106.7625,-6.3852],[106.7625,-6.3731],[106.75,-6.3731],[106.75,-6.3852]]]},"properties":{"lc_code":13,"lc_name":"Urban and Built-up Lands"}},{"type":"Feature","geometry":{"type":"Polygon","coordinates":[[[106.7625,-6.3852],[106.775,-6.3852],[106.775,-6.3731],[106.7625,-6.3731],[106.7625,-6.3852]]]},"properties":{"lc_code":13,"lc_name":"Urban and Built-up Lands"}},{"type":"Feature","geometry":{"type":"Polygon","coordinates":[[[106.775,-6.3852],[106.7875,-6.3852],[106.7875,-6.3731],[106.775,-6.3731],[106.775,-6.3852]]]},"properties":{"lc_code":13,"lc_name":"Urban and Built-up Lands"}},{"type":"Feature","geometry":{"type":"Polygon","coordinates":[[[106.7875,-6.3852],[106.8,-6.3852],[106.8,-6.3731],[106.7875,-6.3731],[106.7875,-6.3852]]]},"properties":{"lc_code":13,"lc_name":"Urban and Built-up Lands"}},{"type":"Feature","geometry":{"type":"Polygon","coordinates":[[[106.8,-6.3852],[106.8125,-6.3852],[106.8125,-6.3731],[106.8,-6.3731],[106.8,-6.3852]]]},"properties":{"lc_code":13,"lc_name":"Urban and Built-up Lands"}},{"type":"Feature","geometry":{"type":"Polygon","coordinates":[[[106.8125,-6.3852],[106.825,-6.3852],[106.825,-6.3731],[106.8125,-6.3731],[106.8125,-6.3852]]]},"properties":{"lc_code":13,"lc_name":"Urban and Built-up Lands"}},{"type":"Feature","geometry":{"type":"Polygon","coordinates":[[[106.825,-6.3852],[106.8375,-6.3852],[106.8375,-6.3731],[106.825,-6.3731],[106.825,-6.3852]]]},"properties":{"lc_code":13,"lc_name":"Urban and Built-up Lands"}},{"type":"Feature","geometry":{"type":"Polygon","coordinates":[[[106.8375,-6.3852],[106.85,-6.3852],[106.85,-6.3731],[106.8375,-6.3731],[106.8375,-6.3852]]]},"properties":{"lc_code":13,"lc_name":"Urban and Built-up Lands"}},{"type":"Feature","geometry":{"type":"Polygon","coordinates":[[[106.85,-6.3852],[106.8625,-6.3852],[106.8625,-6.3731],[106.85,-6.3731],[106.85,-6.3852]]]},"properties":{"lc_code":13,"lc_name":"Urban and Built-up Lands"}},{"type":"Feature","geometry":{"type":"Polygon","coordinates":[[[106.8625,-6.3852],[106.875,-6.3852],[106.875,-6.3731],[106.8625,-6.3731],[106.8625,-6.3852]]]},"properties":{"lc_code":13,"lc_name":"Urban and Built-up Lands"}},{"type":"Feature","geometry":{"type":"Polygon","coordinates":[[[106.875,-6.3852],[106.8875,-6.3852],[106.8875,-6.3731],[106.875,-6.3731],[106.875,-6.3852]]]},"properties":{"lc_code":13,"lc_name":"Urban and Built-up Lands"}},{"type":"Feature","geometry":{"type":"Polygon","coordinates":[[[106.8875,-6.3852],[106.9,-6.3852],[106.9,-6.3731],[106.8875,-6.3731],[106.8875,-6.3852]]]},"properties":{"lc_code":13,"lc_name":"Urban and Built-up Lands"}},{"type":"Feature","geometry":{"type":"Polygon","coordinates":[[[106.9,-6.3852],[106.9125,-6.3852],[106.9125,-6.3731],[106.9,-6.3731],[106.9,-6.3852]]]},"properties":{"lc_code":13,"lc_name":"Urban and Built-up Lands"}},{"type":"Feature","geometry":{"type":"Polygon","coordinates":[[[106.9125,-6.3852],[106.925,-6.3852],[106.925,-6.3731],[106.9125,-6.3731],[106.9125,-6.3852]]]},"properties":{"lc_code":13,"lc_name":"Urban and Built-up Lands"}},{"type":"Feature","geometry":{"type":"Polygon","coordinates":[[[106.925,-6.3852],[106.9375,-6.3852],[106.9375,-6.3731],[106.925,-6.3731],[106.925,-6.3852]]]},"properties":{"lc_code":12,"lc_name":"Cropland / Natural Vegetation Mosaics"}},{"type":"Feature","geometry":{"type":"Polygon","coordinates":[[[106.9375,-6.3852],[106.95,-6.3852],[106.95,-6.3731],[106.9375,-6.3731],[106.9375,-6.3852]]]},"properties":{"lc_code":12,"lc_name":"Cropland / Natural Vegetation Mosaics"}},{"type":"Feature","geometry":{"type":"Polygon","coordinates":[[[106.95,-6.3852],[106.9625,-6.3852],[106.9625,-6.3731],[106.95,-6.3731],[106.95,-6.3852]]]},"properties":{"lc_code":12,"lc_name":"Cropland / Natural Vegetation Mosaics"}},{"type":"Feature","geometry":{"type":"Polygon","coordinates":[[[106.9625,-6.3852],[106.975,-6.3852],[106.975,-6.3731],[106.9625,-6.3731],[106.9625,-6.3852]]]},"properties":{"lc_code":12,"lc_name":"Cropland / Natural Vegetation Mosaics"}},{"type":"Feature","geometry":{"type":"Polygon","coordinates":[[[106.975,-6.3852],[106.9875,-6.3852],[106.9875,-6.3731],[106.975,-6.3731],[106.975,-6.3852]]]},"properties":{"lc_code":12,"lc_name":"Cropland / Natural Vegetation Mosaics"}},{"type":"Feature","geometry":{"type":"Polygon","coordinates":[[[106.9875,-6.3852],[107,-6.3852],[107,-6.3731],[106.9875,-6.3731],[106.9875,-6.3852]]]},"properties":{"lc_code":12,"lc_name":"Cropland / Natural Vegetation Mosaics"}},{"type":"Feature","geometry":{"type":"Polygon","coordinates":[[[107,-6.3852],[107.0125,-6.3852],[107.0125,-6.3731],[107,-6.3731],[107,-6.3852]]]},"properties":{"lc_code":12,"lc_name":"Cropland / Natural Vegetation Mosaics"}},{"type":"Feature","geometry":{"type":"Polygon","coordinates":[[[107.0125,-6.3852],[107.025,-6.3852],[107.025,-6.3731],[107.0125,-6.3731],[107.0125,-6.3852]]]},"properties":{"lc_code":12,"lc_name":"Cropland / Natural Vegetation Mosaics"}},{"type":"Feature","geometry":{"type":"Polygon","coordinates":[[[107.025,-6.3852],[107.0375,-6.3852],[107.0375,-6.3731],[107.025,-6.3731],[107.025,-6.3852]]]},"properties":{"lc_code":13,"lc_name":"Urban and Built-up Lands"}},{"type":"Feature","geometry":{"type":"Polygon","coordinates":[[[107.0375,-6.3852],[107.05,-6.3852],[107.05,-6.3731],[107.0375,-6.3731],[107.0375,-6.3852]]]},"properties":{"lc_code":13,"lc_name":"Urban and Built-up Lands"}},{"type":"Feature","geometry":{"type":"Polygon","coordinates":[[[107.05,-6.3852],[107.0625,-6.3852],[107.0625,-6.3731],[107.05,-6.3731],[107.05,-6.3852]]]},"properties":{"lc_code":13,"lc_name":"Urban and Built-up Lands"}},{"type":"Feature","geometry":{"type":"Polygon","coordinates":[[[107.0625,-6.3852],[107.075,-6.3852],[107.075,-6.3731],[107.0625,-6.3731],[107.0625,-6.3852]]]},"properties":{"lc_code":13,"lc_name":"Urban and Built-up Lands"}},{"type":"Feature","geometry":{"type":"Polygon","coordinates":[[[107.075,-6.3852],[107.0875,-6.3852],[107.0875,-6.3731],[107.075,-6.3731],[107.075,-6.3852]]]},"properties":{"lc_code":13,"lc_name":"Urban and Built-up Lands"}},{"type":"Feature","geometry":{"type":"Polygon","coordinates":[[[107.0875,-6.3852],[107.1,-6.3852],[107.1,-6.3731],[107.0875,-6.3731],[107.0875,-6.3852]]]},"properties":{"lc_code":13,"lc_name":"Urban and Built-up Lands"}},{"type":"Feature","geometry":{"type":"Polygon","coordinates":[[[107.1,-6.3852],[107.1125,-6.3852],[107.1125,-6.3731],[107.1,-6.3731],[107.1,-6.3852]]]},"properties":{"lc_code":13,"lc_name":"Urban and Built-up Lands"}},{"type":"Feature","geometry":{"type":"Polygon","coordinates":[[[107.1125,-6.3852],[107.125,-6.3852],[107.125,-6.3731],[107.1125,-6.3731],[107.1125,-6.3852]]]},"properties":{"lc_code":13,"lc_name":"Urban and Built-up Lands"}},{"type":"Feature","geometry":{"type":"Polygon","coordinates":[[[107.125,-6.3852],[107.1375,-6.3852],[107.1375,-6.3731],[107.125,-6.3731],[107.125,-6.3852]]]},"properties":{"lc_code":13,"lc_name":"Urban and Built-up Lands"}},{"type":"Feature","geometry":{"type":"Polygon","coordinates":[[[107.1375,-6.3852],[107.15,-6.3852],[107.15,-6.3731],[107.1375,-6.3731],[107.1375,-6.3852]]]},"properties":{"lc_code":13,"lc_name":"Urban and Built-up Lands"}},{"type":"Feature","geometry":{"type":"Polygon","coordinates":[[[107.15,-6.3852],[107.1625,-6.3852],[107.1625,-6.3731],[107.15,-6.3731],[107.15,-6.3852]]]},"properties":{"lc_code":13,"lc_name":"Urban and Built-up Lands"}},{"type":"Feature","geometry":{"type":"Polygon","coordinates":[[[107.1625,-6.3852],[107.175,-6.3852],[107.175,-6.3731],[107.1625,-6.3731],[107.1625,-6.3852]]]},"properties":{"lc_code":13,"lc_name":"Urban and Built-up Lands"}},{"type":"Feature","geometry":{"type":"Polygon","coordinates":[[[107.175,-6.3852],[107.1875,-6.3852],[107.1875,-6.3731],[107.175,-6.3731],[107.175,-6.3852]]]},"properties":{"lc_code":13,"lc_name":"Urban and Built-up Lands"}},{"type":"Feature","geometry":{"type":"Polygon","coordinates":[[[107.1875,-6.3852],[107.2,-6.3852],[107.2,-6.3731],[107.1875,-6.3731],[107.1875,-6.3852]]]},"properties":{"lc_code":13,"lc_name":"Urban and Built-up Lands"}},{"type":"Feature","geometry":{"type":"Polygon","coordinates":[[[107.2,-6.3852],[107.2125,-6.3852],[107.2125,-6.3731],[107.2,-6.3731],[107.2,-6.3852]]]},"properties":{"lc_code":13,"lc_name":"Urban and Built-up Lands"}},{"type":"Feature","geometry":{"type":"Polygon","coordinates":[[[107.2125,-6.3852],[107.225,-6.3852],[107.225,-6.3731],[107.2125,-6.3731],[107.2125,-6.3852]]]},"properties":{"lc_code":13,"lc_name":"Urban and Built-up Lands"}},{"type":"Feature","geometry":{"type":"Polygon","coordinates":[[[107.225,-6.3852],[107.2375,-6.3852],[107.2375,-6.3731],[107.225,-6.3731],[107.225,-6.3852]]]},"properties":{"lc_code":13,"lc_name":"Urban and Built-up Lands"}},{"type":"Feature","geometry":{"type":"Polygon","coordinates":[[[107.2375,-6.3852],[107.25,-6.3852],[107.25,-6.3731],[107.2375,-6.3731],[107.2375,-6.3852]]]},"properties":{"lc_code":13,"lc_name":"Urban and Built-up Lands"}},{"type":"Feature","geometry":{"type":"Polygon","coordinates":[[[107.25,-6.3852],[107.2625,-6.3852],[107.2625,-6.3731],[107.25,-6.3731],[107.25,-6.3852]]]},"properties":{"lc_code":13,"lc_name":"Urban and Built-up Lands"}},{"type":"Feature","geometry":{"type":"Polygon","coordinates":[[[107.2625,-6.3852],[107.275,-6.3852],[107.275,-6.3731],[107.2625,-6.3731],[107.2625,-6.3852]]]},"properties":{"lc_code":13,"lc_name":"Urban and Built-up Lands"}},{"type":"Feature","geometry":{"type":"Polygon","coordinates":[[[107.275,-6.3852],[107.2875,-6.3852],[107.2875,-6.3731],[107.275,-6.3731],[107.275,-6.3852]]]},"properties":{"lc_code":12,"lc_name":"Cropland / Natural Vegetation Mosaics"}},{"type":"Feature","geometry":{"type":"Polygon","coordinates":[[[107.2875,-6.3852],[107.3,-6.3852],[107.3,-6.3731],[107.2875,-6.3731],[107.2875,-6.3852]]]},"properties":{"lc_code":12,"lc_name":"Cropland / Natural Vegetation Mosaics"}},{"type":"Feature","geometry":{"type":"Polygon","coordinates":[[[106.5,-6.3731],[106.5125,-6.3731],[106.5125,-6.3611],[106.5,-6.3611],[106.5,-6.3731]]]},"properties":{"lc_code":12,"lc_name":"Cropland / Natural Vegetation Mosaics"}},{"type":"Feature","geometry":{"type":"Polygon","coordinates":[[[106.5125,-6.3731],[106.525,-6.3731],[106.525,-6.3611],[106.5125,-6.3611],[106.5125,-6.3731]]]},"properties":{"lc_code":12,"lc_name":"Cropland / Natural Vegetation Mosaics"}},{"type":"Feature","geometry":{"type":"Polygon","coordinates":[[[106.525,-6.3731],[106.5375,-6.3731],[106.5375,-6.3611],[106.525,-6.3611],[106.525,-6.3731]]]},"properties":{"lc_code":12,"lc_name":"Cropland / Natural Vegetation Mosaics"}},{"type":"Feature","geometry":{"type":"Polygon","coordinates":[[[106.5375,-6.3731],[106.55,-6.3731],[106.55,-6.3611],[106.5375,-6.3611],[106.5375,-6.3731]]]},"properties":{"lc_code":12,"lc_name":"Cropland / Natural Vegetation Mosaics"}},{"type":"Feature","geometry":{"type":"Polygon","coordinates":[[[106.55,-6.3731],[106.5625,-6.3731],[106.5625,-6.3611],[106.55,-6.3611],[106.55,-6.3731]]]},"properties":{"lc_code":12,"lc_name":"Cropland / Natural Vegetation Mosaics"}},{"type":"Feature","geometry":{"type":"Polygon","coordinates":[[[106.5625,-6.3731],[106.575,-6.3731],[106.575,-6.3611],[106.5625,-6.3611],[106.5625,-6.3731]]]},"properties":{"lc_code":12,"lc_name":"Cropland / Natural Vegetation Mosaics"}},{"type":"Feature","geometry":{"type":"Polygon","coordinates":[[[106.575,-6.3731],[106.5875,-6.3731],[106.5875,-6.3611],[106.575,-6.3611],[106.575,-6.3731]]]},"properties":{"lc_code":12,"lc_name":"Cropland / Natural Vegetation Mosaics"}},{"type":"Feature","geometry":{"type":"Polygon","coordinates":[[[106.5875,-6.3731],[106.6,-6.3731],[106.6,-6.3611],[106.5875,-6.3611],[106.5875,-6.3731]]]},"properties":{"lc_code":13,"lc_name":"Urban and Built-up Lands"}},{"type":"Feature","geometry":{"type":"Polygon","coordinates":[[[106.6,-6.3731],[106.6125,-6.3731],[106.6125,-6.3611],[106.6,-6.3611],[106.6,-6.3731]]]},"properties":{"lc_code":13,"lc_name":"Urban and Built-up Lands"}},{"type":"Feature","geometry":{"type":"Polygon","coordinates":[[[106.6125,-6.3731],[106.625,-6.3731],[106.625,-6.3611],[106.6125,-6.3611],[106.6125,-6.3731]]]},"properties":{"lc_code":13,"lc_name":"Urban and Built-up Lands"}},{"type":"Feature","geometry":{"type":"Polygon","coordinates":[[[106.625,-6.3731],[106.6375,-6.3731],[106.6375,-6.3611],[106.625,-6.3611],[106.625,-6.3731]]]},"properties":{"lc_code":13,"lc_name":"Urban and Built-up Lands"}},{"type":"Feature","geometry":{"type":"Polygon","coordinates":[[[106.6375,-6.3731],[106.65,-6.3731],[106.65,-6.3611],[106.6375,-6.3611],[106.6375,-6.3731]]]},"properties":{"lc_code":13,"lc_name":"Urban and Built-up Lands"}},{"type":"Feature","geometry":{"type":"Polygon","coordinates":[[[106.65,-6.3731],[106.6625,-6.3731],[106.6625,-6.3611],[106.65,-6.3611],[106.65,-6.3731]]]},"properties":{"lc_code":13,"lc_name":"Urban and Built-up Lands"}},{"type":"Feature","geometry":{"type":"Polygon","coordinates":[[[106.6625,-6.3731],[106.675,-6.3731],[106.675,-6.3611],[106.6625,-6.3611],[106.6625,-6.3731]]]},"properties":{"lc_code":13,"lc_name":"Urban and Built-up Lands"}},{"type":"Feature","geometry":{"type":"Polygon","coordinates":[[[106.675,-6.3731],[106.6875,-6.3731],[106.6875,-6.3611],[106.675,-6.3611],[106.675,-6.3731]]]},"properties":{"lc_code":13,"lc_name":"Urban and Built-up Lands"}},{"type":"Feature","geometry":{"type":"Polygon","coordinates":[[[106.6875,-6.3731],[106.7,-6.3731],[106.7,-6.3611],[106.6875,-6.3611],[106.6875,-6.3731]]]},"properties":{"lc_code":13,"lc_name":"Urban and Built-up Lands"}},{"type":"Feature","geometry":{"type":"Polygon","coordinates":[[[106.7,-6.3731],[106.7125,-6.3731],[106.7125,-6.3611],[106.7,-6.3611],[106.7,-6.3731]]]},"properties":{"lc_code":13,"lc_name":"Urban and Built-up Lands"}},{"type":"Feature","geometry":{"type":"Polygon","coordinates":[[[106.7125,-6.3731],[106.725,-6.3731],[106.725,-6.3611],[106.7125,-6.3611],[106.7125,-6.3731]]]},"properties":{"lc_code":13,"lc_name":"Urban and Built-up Lands"}},{"type":"Feature","geometry":{"type":"Polygon","coordinates":[[[106.725,-6.3731],[106.7375,-6.3731],[106.7375,-6.3611],[106.725,-6.3611],[106.725,-6.3731]]]},"properties":{"lc_code":13,"lc_name":"Urban and Built-up Lands"}},{"type":"Feature","geometry":{"type":"Polygon","coordinates":[[[106.7375,-6.3731],[106.75,-6.3731],[106.75,-6.3611],[106.7375,-6.3611],[106.7375,-6.3731]]]},"properties":{"lc_code":13,"lc_name":"Urban and Built-up Lands"}},{"type":"Feature","geometry":{"type":"Polygon","coordinates":[[[106.75,-6.3731],[106.7625,-6.3731],[106.7625,-6.3611],[106.75,-6.3611],[106.75,-6.3731]]]},"properties":{"lc_code":13,"lc_name":"Urban and Built-up Lands"}},{"type":"Feature","geometry":{"type":"Polygon","coordinates":[[[106.7625,-6.3731],[106.775,-6.3731],[106.775,-6.3611],[106.7625,-6.3611],[106.7625,-6.3731]]]},"properties":{"lc_code":13,"lc_name":"Urban and Built-up Lands"}},{"type":"Feature","geometry":{"type":"Polygon","coordinates":[[[106.775,-6.3731],[106.7875,-6.3731],[106.7875,-6.3611],[106.775,-6.3611],[106.775,-6.3731]]]},"properties":{"lc_code":13,"lc_name":"Urban and Built-up Lands"}},{"type":"Feature","geometry":{"type":"Polygon","coordinates":[[[106.7875,-6.3731],[106.8,-6.3731],[106.8,-6.3611],[106.7875,-6.3611],[106.7875,-6.3731]]]},"properties":{"lc_code":13,"lc_name":"Urban and Built-up Lands"}},{"type":"Feature","geometry":{"type":"Polygon","coordinates":[[[106.8,-6.3731],[106.8125,-6.3731],[106.8125,-6.3611],[106.8,-6.3611],[106.8,-6.3731]]]},"properties":{"lc_code":13,"lc_name":"Urban and Built-up Lands"}},{"type":"Feature","geometry":{"type":"Polygon","coordinates":[[[106.8125,-6.3731],[106.825,-6.3731],[106.825,-6.3611],[106.8125,-6.3611],[106.8125,-6.3731]]]},"properties":{"lc_code":13,"lc_name":"Urban and Built-up Lands"}},{"type":"Feature","geometry":{"type":"Polygon","coordinates":[[[106.825,-6.3731],[106.8375,-6.3731],[106.8375,-6.3611],[106.825,-6.3611],[106.825,-6.3731]]]},"properties":{"lc_code":13,"lc_name":"Urban and Built-up Lands"}},{"type":"Feature","geometry":{"type":"Polygon","coordinates":[[[106.8375,-6.3731],[106.85,-6.3731],[106.85,-6.3611],[106.8375,-6.3611],[106.8375,-6.3731]]]},"properties":{"lc_code":13,"lc_name":"Urban and Built-up Lands"}},{"type":"Feature","geometry":{"type":"Polygon","coordinates":[[[106.85,-6.3731],[106.8625,-6.3731],[106.8625,-6.3611],[106.85,-6.3611],[106.85,-6.3731]]]},"properties":{"lc_code":13,"lc_name":"Urban and Built-up Lands"}},{"type":"Feature","geometry":{"type":"Polygon","coordinates":[[[106.8625,-6.3731],[106.875,-6.3731],[106.875,-6.3611],[106.8625,-6.3611],[106.8625,-6.3731]]]},"properties":{"lc_code":13,"lc_name":"Urban and Built-up Lands"}},{"type":"Feature","geometry":{"type":"Polygon","coordinates":[[[106.875,-6.3731],[106.8875,-6.3731],[106.8875,-6.3611],[106.875,-6.3611],[106.875,-6.3731]]]},"properties":{"lc_code":13,"lc_name":"Urban and Built-up Lands"}},{"type":"Feature","geometry":{"type":"Polygon","coordinates":[[[106.8875,-6.3731],[106.9,-6.3731],[106.9,-6.3611],[106.8875,-6.3611],[106.8875,-6.3731]]]},"properties":{"lc_code":13,"lc_name":"Urban and Built-up Lands"}},{"type":"Feature","geometry":{"type":"Polygon","coordinates":[[[106.9,-6.3731],[106.9125,-6.3731],[106.9125,-6.3611],[106.9,-6.3611],[106.9,-6.3731]]]},"properties":{"lc_code":13,"lc_name":"Urban and Built-up Lands"}},{"type":"Feature","geometry":{"type":"Polygon","coordinates":[[[106.9125,-6.3731],[106.925,-6.3731],[106.925,-6.3611],[106.9125,-6.3611],[106.9125,-6.3731]]]},"properties":{"lc_code":13,"lc_name":"Urban and Built-up Lands"}},{"type":"Feature","geometry":{"type":"Polygon","coordinates":[[[106.925,-6.3731],[106.9375,-6.3731],[106.9375,-6.3611],[106.925,-6.3611],[106.925,-6.3731]]]},"properties":{"lc_code":12,"lc_name":"Cropland / Natural Vegetation Mosaics"}},{"type":"Feature","geometry":{"type":"Polygon","coordinates":[[[106.9375,-6.3731],[106.95,-6.3731],[106.95,-6.3611],[106.9375,-6.3611],[106.9375,-6.3731]]]},"properties":{"lc_code":12,"lc_name":"Cropland / Natural Vegetation Mosaics"}},{"type":"Feature","geometry":{"type":"Polygon","coordinates":[[[106.95,-6.3731],[106.9625,-6.3731],[106.9625,-6.3611],[106.95,-6.3611],[106.95,-6.3731]]]},"properties":{"lc_code":12,"lc_name":"Cropland / Natural Vegetation Mosaics"}},{"type":"Feature","geometry":{"type":"Polygon","coordinates":[[[106.9625,-6.3731],[106.975,-6.3731],[106.975,-6.3611],[106.9625,-6.3611],[106.9625,-6.3731]]]},"properties":{"lc_code":12,"lc_name":"Cropland / Natural Vegetation Mosaics"}},{"type":"Feature","geometry":{"type":"Polygon","coordinates":[[[106.975,-6.3731],[106.9875,-6.3731],[106.9875,-6.3611],[106.975,-6.3611],[106.975,-6.3731]]]},"properties":{"lc_code":12,"lc_name":"Cropland / Natural Vegetation Mosaics"}},{"type":"Feature","geometry":{"type":"Polygon","coordinates":[[[106.9875,-6.3731],[107,-6.3731],[107,-6.3611],[106.9875,-6.3611],[106.9875,-6.3731]]]},"properties":{"lc_code":12,"lc_name":"Cropland / Natural Vegetation Mosaics"}},{"type":"Feature","geometry":{"type":"Polygon","coordinates":[[[107,-6.3731],[107.0125,-6.3731],[107.0125,-6.3611],[107,-6.3611],[107,-6.3731]]]},"properties":{"lc_code":12,"lc_name":"Cropland / Natural Vegetation Mosaics"}},{"type":"Feature","geometry":{"type":"Polygon","coordinates":[[[107.0125,-6.3731],[107.025,-6.3731],[107.025,-6.3611],[107.0125,-6.3611],[107.0125,-6.3731]]]},"properties":{"lc_code":13,"lc_name":"Urban and Built-up Lands"}},{"type":"Feature","geometry":{"type":"Polygon","coordinates":[[[107.025,-6.3731],[107.0375,-6.3731],[107.0375,-6.3611],[107.025,-6.3611],[107.025,-6.3731]]]},"properties":{"lc_code":13,"lc_name":"Urban and Built-up Lands"}},{"type":"Feature","geometry":{"type":"Polygon","coordinates":[[[107.0375,-6.3731],[107.05,-6.3731],[107.05,-6.3611],[107.0375,-6.3611],[107.0375,-6.3731]]]},"properties":{"lc_code":13,"lc_name":"Urban and Built-up Lands"}},{"type":"Feature","geometry":{"type":"Polygon","coordinates":[[[107.05,-6.3731],[107.0625,-6.3731],[107.0625,-6.3611],[107.05,-6.3611],[107.05,-6.3731]]]},"properties":{"lc_code":13,"lc_name":"Urban and Built-up Lands"}},{"type":"Feature","geometry":{"type":"Polygon","coordinates":[[[107.0625,-6.3731],[107.075,-6.3731],[107.075,-6.3611],[107.0625,-6.3611],[107.0625,-6.3731]]]},"properties":{"lc_code":13,"lc_name":"Urban and Built-up Lands"}},{"type":"Feature","geometry":{"type":"Polygon","coordinates":[[[107.075,-6.3731],[107.0875,-6.3731],[107.0875,-6.3611],[107.075,-6.3611],[107.075,-6.3731]]]},"properties":{"lc_code":13,"lc_name":"Urban and Built-up Lands"}},{"type":"Feature","geometry":{"type":"Polygon","coordinates":[[[107.0875,-6.3731],[107.1,-6.3731],[107.1,-6.3611],[107.0875,-6.3611],[107.0875,-6.3731]]]},"properties":{"lc_code":13,"lc_name":"Urban and Built-up Lands"}},{"type":"Feature","geometry":{"type":"Polygon","coordinates":[[[107.1,-6.3731],[107.1125,-6.3731],[107.1125,-6.3611],[107.1,-6.3611],[107.1,-6.3731]]]},"properties":{"lc_code":13,"lc_name":"Urban and Built-up Lands"}},{"type":"Feature","geometry":{"type":"Polygon","coordinates":[[[107.1125,-6.3731],[107.125,-6.3731],[107.125,-6.3611],[107.1125,-6.3611],[107.1125,-6.3731]]]},"properties":{"lc_code":13,"lc_name":"Urban and Built-up Lands"}},{"type":"Feature","geometry":{"type":"Polygon","coordinates":[[[107.125,-6.3731],[107.1375,-6.3731],[107.1375,-6.3611],[107.125,-6.3611],[107.125,-6.3731]]]},"properties":{"lc_code":13,"lc_name":"Urban and Built-up Lands"}},{"type":"Feature","geometry":{"type":"Polygon","coordinates":[[[107.1375,-6.3731],[107.15,-6.3731],[107.15,-6.3611],[107.1375,-6.3611],[107.1375,-6.3731]]]},"properties":{"lc_code":13,"lc_name":"Urban and Built-up Lands"}},{"type":"Feature","geometry":{"type":"Polygon","coordinates":[[[107.15,-6.3731],[107.1625,-6.3731],[107.1625,-6.3611],[107.15,-6.3611],[107.15,-6.3731]]]},"properties":{"lc_code":13,"lc_name":"Urban and Built-up Lands"}},{"type":"Feature","geometry":{"type":"Polygon","coordinates":[[[107.1625,-6.3731],[107.175,-6.3731],[107.175,-6.3611],[107.1625,-6.3611],[107.1625,-6.3731]]]},"properties":{"lc_code":13,"lc_name":"Urban and Built-up Lands"}},{"type":"Feature","geometry":{"type":"Polygon","coordinates":[[[107.175,-6.3731],[107.1875,-6.3731],[107.1875,-6.3611],[107.175,-6.3611],[107.175,-6.3731]]]},"properties":{"lc_code":13,"lc_name":"Urban and Built-up Lands"}},{"type":"Feature","geometry":{"type":"Polygon","coordinates":[[[107.1875,-6.3731],[107.2,-6.3731],[107.2,-6.3611],[107.1875,-6.3611],[107.1875,-6.3731]]]},"properties":{"lc_code":13,"lc_name":"Urban and Built-up Lands"}},{"type":"Feature","geometry":{"type":"Polygon","coordinates":[[[107.2,-6.3731],[107.2125,-6.3731],[107.2125,-6.3611],[107.2,-6.3611],[107.2,-6.3731]]]},"properties":{"lc_code":13,"lc_name":"Urban and Built-up Lands"}},{"type":"Feature","geometry":{"type":"Polygon","coordinates":[[[107.2125,-6.3731],[107.225,-6.3731],[107.225,-6.3611],[107.2125,-6.3611],[107.2125,-6.3731]]]},"properties":{"lc_code":13,"lc_name":"Urban and Built-up Lands"}},{"type":"Feature","geometry":{"type":"Polygon","coordinates":[[[107.225,-6.3731],[107.2375,-6.3731],[107.2375,-6.3611],[107.225,-6.3611],[107.225,-6.3731]]]},"properties":{"lc_code":13,"lc_name":"Urban and Built-up Lands"}},{"type":"Feature","geometry":{"type":"Polygon","coordinates":[[[107.2375,-6.3731],[107.25,-6.3731],[107.25,-6.3611],[107.2375,-6.3611],[107.2375,-6.3731]]]},"properties":{"lc_code":13,"lc_name":"Urban and Built-up Lands"}},{"type":"Feature","geometry":{"type":"Polygon","coordinates":[[[107.25,-6.3731],[107.2625,-6.3731],[107.2625,-6.3611],[107.25,-6.3611],[107.25,-6.3731]]]},"properties":{"lc_code":13,"lc_name":"Urban and Built-up Lands"}},{"type":"Feature","geometry":{"type":"Polygon","coordinates":[[[107.2625,-6.3731],[107.275,-6.3731],[107.275,-6.3611],[107.2625,-6.3611],[107.2625,-6.3731]]]},"properties":{"lc_code":13,"lc_name":"Urban and Built-up Lands"}},{"type":"Feature","geometry":{"type":"Polygon","coordinates":[[[107.275,-6.3731],[107.2875,-6.3731],[107.2875,-6.3611],[107.275,-6.3611],[107.275,-6.3731]]]},"properties":{"lc_code":13,"lc_name":"Urban and Built-up Lands"}},{"type":"Feature","geometry":{"type":"Polygon","coordinates":[[[107.2875,-6.3731],[107.3,-6.3731],[107.3,-6.3611],[107.2875,-6.3611],[107.2875,-6.3731]]]},"properties":{"lc_code":12,"lc_name":"Cropland / Natural Vegetation Mosaics"}},{"type":"Feature","geometry":{"type":"Polygon","coordinates":[[[106.5,-6.3611],[106.5125,-6.3611],[106.5125,-6.3491],[106.5,-6.3491],[106.5,-6.3611]]]},"properties":{"lc_code":12,"lc_name":"Cropland / Natural Vegetation Mosaics"}},{"type":"Feature","geometry":{"type":"Polygon","coordinates":[[[106.5125,-6.3611],[106.525,-6.3611],[106.525,-6.3491],[106.5125,-6.3491],[106.5125,-6.3611]]]},"properties":{"lc_code":12,"lc_name":"Cropland / Natural Vegetation Mosaics"}},{"type":"Feature","geometry":{"type":"Polygon","coordinates":[[[106.525,-6.3611],[106.5375,-6.3611],[106.5375,-6.3491],[106.525,-6.3491],[106.525,-6.3611]]]},"properties":{"lc_code":12,"lc_name":"Cropland / Natural Vegetation Mosaics"}},{"type":"Feature","geometry":{"type":"Polygon","coordinates":[[[106.5375,-6.3611],[106.55,-6.3611],[106.55,-6.3491],[106.5375,-6.3491],[106.5375,-6.3611]]]},"properties":{"lc_code":12,"lc_name":"Cropland / Natural Vegetation Mosaics"}},{"type":"Feature","geometry":{"type":"Polygon","coordinates":[[[106.55,-6.3611],[106.5625,-6.3611],[106.5625,-6.3491],[106.55,-6.3491],[106.55,-6.3611]]]},"properties":{"lc_code":12,"lc_name":"Cropland / Natural Vegetation Mosaics"}},{"type":"Feature","geometry":{"type":"Polygon","coordinates":[[[106.5625,-6.3611],[106.575,-6.3611],[106.575,-6.3491],[106.5625,-6.3491],[106.5625,-6.3611]]]},"properties":{"lc_code":12,"lc_name":"Cropland / Natural Vegetation Mosaics"}},{"type":"Feature","geometry":{"type":"Polygon","coordinates":[[[106.575,-6.3611],[106.5875,-6.3611],[106.5875,-6.3491],[106.575,-6.3491],[106.575,-6.3611]]]},"properties":{"lc_code":13,"lc_name":"Urban and Built-up Lands"}},{"type":"Feature","geometry":{"type":"Polygon","coordinates":[[[106.5875,-6.3611],[106.6,-6.3611],[106.6,-6.3491],[106.5875,-6.3491],[106.5875,-6.3611]]]},"properties":{"lc_code":13,"lc_name":"Urban and Built-up Lands"}},{"type":"Feature","geometry":{"type":"Polygon","coordinates":[[[106.6,-6.3611],[106.6125,-6.3611],[106.6125,-6.3491],[106.6,-6.3491],[106.6,-6.3611]]]},"properties":{"lc_code":13,"lc_name":"Urban and Built-up Lands"}},{"type":"Feature","geometry":{"type":"Polygon","coordinates":[[[106.6125,-6.3611],[106.625,-6.3611],[106.625,-6.3491],[106.6125,-6.3491],[106.6125,-6.3611]]]},"properties":{"lc_code":13,"lc_name":"Urban and Built-up Lands"}},{"type":"Feature","geometry":{"type":"Polygon","coordinates":[[[106.625,-6.3611],[106.6375,-6.3611],[106.6375,-6.3491],[106.625,-6.3491],[106.625,-6.3611]]]},"properties":{"lc_code":13,"lc_name":"Urban and Built-up Lands"}},{"type":"Feature","geometry":{"type":"Polygon","coordinates":[[[106.6375,-6.3611],[106.65,-6.3611],[106.65,-6.3491],[106.6375,-6.3491],[106.6375,-6.3611]]]},"properties":{"lc_code":13,"lc_name":"Urban and Built-up Lands"}},{"type":"Feature","geometry":{"type":"Polygon","coordinates":[[[106.65,-6.3611],[106.6625,-6.3611],[106.6625,-6.3491],[106.65,-6.3491],[106.65,-6.3611]]]},"properties":{"lc_code":13,"lc_name":"Urban and Built-up Lands"}},{"type":"Feature","geometry":{"type":"Polygon","coordinates":[[[106.6625,-6.3611],[106.675,-6.3611],[106.675,-6.3491],[106.6625,-6.3491],[106.6625,-6.3611]]]},"properties":{"lc_code":13,"lc_name":"Urban and Built-up Lands"}},{"type":"Feature","geometry":{"type":"Polygon","coordinates":[[[106.675,-6.3611],[106.6875,-6.3611],[106.6875,-6.3491],[106.675,-6.3491],[106.675,-6.3611]]]},"properties":{"lc_code":13,"lc_name":"Urban and Built-up Lands"}},{"type":"Feature","geometry":{"type":"Polygon","coordinates":[[[106.6875,-6.3611],[106.7,-6.3611],[106.7,-6.3491],[106.6875,-6.3491],[106.6875,-6.3611]]]},"properties":{"lc_code":13,"lc_name":"Urban and Built-up Lands"}},{"type":"Feature","geometry":{"type":"Polygon","coordinates":[[[106.7,-6.3611],[106.7125,-6.3611],[106.7125,-6.3491],[106.7,-6.3491],[106.7,-6.3611]]]},"properties":{"lc_code":13,"lc_name":"Urban and Built-up Lands"}},{"type":"Feature","geometry":{"type":"Polygon","coordinates":[[[106.7125,-6.3611],[106.725,-6.3611],[106.725,-6.3491],[106.7125,-6.3491],[106.7125,-6.3611]]]},"properties":{"lc_code":13,"lc_name":"Urban and Built-up Lands"}},{"type":"Feature","geometry":{"type":"Polygon","coordinates":[[[106.725,-6.3611],[106.7375,-6.3611],[106.7375,-6.3491],[106.725,-6.3491],[106.725,-6.3611]]]},"properties":{"lc_code":13,"lc_name":"Urban and Built-up Lands"}},{"type":"Feature","geometry":{"type":"Polygon","coordinates":[[[106.7375,-6.3611],[106.75,-6.3611],[106.75,-6.3491],[106.7375,-6.3491],[106.7375,-6.3611]]]},"properties":{"lc_code":13,"lc_name":"Urban and Built-up Lands"}},{"type":"Feature","geometry":{"type":"Polygon","coordinates":[[[106.75,-6.3611],[106.7625,-6.3611],[106.7625,-6.3491],[106.75,-6.3491],[106.75,-6.3611]]]},"properties":{"lc_code":13,"lc_name":"Urban and Built-up Lands"}},{"type":"Feature","geometry":{"type":"Polygon","coordinates":[[[106.7625,-6.3611],[106.775,-6.3611],[106.775,-6.3491],[106.7625,-6.3491],[106.7625,-6.3611]]]},"properties":{"lc_code":13,"lc_name":"Urban and Built-up Lands"}},{"type":"Feature","geometry":{"type":"Polygon","coordinates":[[[106.775,-6.3611],[106.7875,-6.3611],[106.7875,-6.3491],[106.775,-6.3491],[106.775,-6.3611]]]},"properties":{"lc_code":13,"lc_name":"Urban and Built-up Lands"}},{"type":"Feature","geometry":{"type":"Polygon","coordinates":[[[106.7875,-6.3611],[106.8,-6.3611],[106.8,-6.3491],[106.7875,-6.3491],[106.7875,-6.3611]]]},"properties":{"lc_code":13,"lc_name":"Urban and Built-up Lands"}},{"type":"Feature","geometry":{"type":"Polygon","coordinates":[[[106.8,-6.3611],[106.8125,-6.3611],[106.8125,-6.3491],[106.8,-6.3491],[106.8,-6.3611]]]},"properties":{"lc_code":13,"lc_name":"Urban and Built-up Lands"}},{"type":"Feature","geometry":{"type":"Polygon","coordinates":[[[106.8125,-6.3611],[106.825,-6.3611],[106.825,-6.3491],[106.8125,-6.3491],[106.8125,-6.3611]]]},"properties":{"lc_code":13,"lc_name":"Urban and Built-up Lands"}},{"type":"Feature","geometry":{"type":"Polygon","coordinates":[[[106.825,-6.3611],[106.8375,-6.3611],[106.8375,-6.3491],[106.825,-6.3491],[106.825,-6.3611]]]},"properties":{"lc_code":13,"lc_name":"Urban and Built-up Lands"}},{"type":"Feature","geometry":{"type":"Polygon","coordinates":[[[106.8375,-6.3611],[106.85,-6.3611],[106.85,-6.3491],[106.8375,-6.3491],[106.8375,-6.3611]]]},"properties":{"lc_code":13,"lc_name":"Urban and Built-up Lands"}},{"type":"Feature","geometry":{"type":"Polygon","coordinates":[[[106.85,-6.3611],[106.8625,-6.3611],[106.8625,-6.3491],[106.85,-6.3491],[106.85,-6.3611]]]},"properties":{"lc_code":13,"lc_name":"Urban and Built-up Lands"}},{"type":"Feature","geometry":{"type":"Polygon","coordinates":[[[106.8625,-6.3611],[106.875,-6.3611],[106.875,-6.3491],[106.8625,-6.3491],[106.8625,-6.3611]]]},"properties":{"lc_code":13,"lc_name":"Urban and Built-up Lands"}},{"type":"Feature","geometry":{"type":"Polygon","coordinates":[[[106.875,-6.3611],[106.8875,-6.3611],[106.8875,-6.3491],[106.875,-6.3491],[106.875,-6.3611]]]},"properties":{"lc_code":13,"lc_name":"Urban and Built-up Lands"}},{"type":"Feature","geometry":{"type":"Polygon","coordinates":[[[106.8875,-6.3611],[106.9,-6.3611],[106.9,-6.3491],[106.8875,-6.3491],[106.8875,-6.3611]]]},"properties":{"lc_code":13,"lc_name":"Urban and Built-up Lands"}},{"type":"Feature","geometry":{"type":"Polygon","coordinates":[[[106.9,-6.3611],[106.9125,-6.3611],[106.9125,-6.3491],[106.9,-6.3491],[106.9,-6.3611]]]},"properties":{"lc_code":13,"lc_name":"Urban and Built-up Lands"}},{"type":"Feature","geometry":{"type":"Polygon","coordinates":[[[106.9125,-6.3611],[106.925,-6.3611],[106.925,-6.3491],[106.9125,-6.3491],[106.9125,-6.3611]]]},"properties":{"lc_code":13,"lc_name":"Urban and Built-up Lands"}},{"type":"Feature","geometry":{"type":"Polygon","coordinates":[[[106.925,-6.3611],[106.9375,-6.3611],[106.9375,-6.3491],[106.925,-6.3491],[106.925,-6.3611]]]},"properties":{"lc_code":12,"lc_name":"Cropland / Natural Vegetation Mosaics"}},{"type":"Feature","geometry":{"type":"Polygon","coordinates":[[[106.9375,-6.3611],[106.95,-6.3611],[106.95,-6.3491],[106.9375,-6.3491],[106.9375,-6.3611]]]},"properties":{"lc_code":12,"lc_name":"Cropland / Natural Vegetation Mosaics"}},{"type":"Feature","geometry":{"type":"Polygon","coordinates":[[[106.95,-6.3611],[106.9625,-6.3611],[106.9625,-6.3491],[106.95,-6.3491],[106.95,-6.3611]]]},"properties":{"lc_code":13,"lc_name":"Urban and Built-up Lands"}},{"type":"Feature","geometry":{"type":"Polygon","coordinates":[[[106.9625,-6.3611],[106.975,-6.3611],[106.975,-6.3491],[106.9625,-6.3491],[106.9625,-6.3611]]]},"properties":{"lc_code":13,"lc_name":"Urban and Built-up Lands"}},{"type":"Feature","geometry":{"type":"Polygon","coordinates":[[[106.975,-6.3611],[106.9875,-6.3611],[106.9875,-6.3491],[106.975,-6.3491],[106.975,-6.3611]]]},"properties":{"lc_code":13,"lc_name":"Urban and Built-up Lands"}},{"type":"Feature","geometry":{"type":"Polygon","coordinates":[[[106.9875,-6.3611],[107,-6.3611],[107,-6.3491],[106.9875,-6.3491],[106.9875,-6.3611]]]},"properties":{"lc_code":13,"lc_name":"Urban and Built-up Lands"}},{"type":"Feature","geometry":{"type":"Polygon","coordinates":[[[107,-6.3611],[107.0125,-6.3611],[107.0125,-6.3491],[107,-6.3491],[107,-6.3611]]]},"properties":{"lc_code":13,"lc_name":"Urban and Built-up Lands"}},{"type":"Feature","geometry":{"type":"Polygon","coordinates":[[[107.0125,-6.3611],[107.025,-6.3611],[107.025,-6.3491],[107.0125,-6.3491],[107.0125,-6.3611]]]},"properties":{"lc_code":13,"lc_name":"Urban and Built-up Lands"}},{"type":"Feature","geometry":{"type":"Polygon","coordinates":[[[107.025,-6.3611],[107.0375,-6.3611],[107.0375,-6.3491],[107.025,-6.3491],[107.025,-6.3611]]]},"properties":{"lc_code":13,"lc_name":"Urban and Built-up Lands"}},{"type":"Feature","geometry":{"type":"Polygon","coordinates":[[[107.0375,-6.3611],[107.05,-6.3611],[107.05,-6.3491],[107.0375,-6.3491],[107.0375,-6.3611]]]},"properties":{"lc_code":13,"lc_name":"Urban and Built-up Lands"}},{"type":"Feature","geometry":{"type":"Polygon","coordinates":[[[107.05,-6.3611],[107.0625,-6.3611],[107.0625,-6.3491],[107.05,-6.3491],[107.05,-6.3611]]]},"properties":{"lc_code":13,"lc_name":"Urban and Built-up Lands"}},{"type":"Feature","geometry":{"type":"Polygon","coordinates":[[[107.0625,-6.3611],[107.075,-6.3611],[107.075,-6.3491],[107.0625,-6.3491],[107.0625,-6.3611]]]},"properties":{"lc_code":13,"lc_name":"Urban and Built-up Lands"}},{"type":"Feature","geometry":{"type":"Polygon","coordinates":[[[107.075,-6.3611],[107.0875,-6.3611],[107.0875,-6.3491],[107.075,-6.3491],[107.075,-6.3611]]]},"properties":{"lc_code":13,"lc_name":"Urban and Built-up Lands"}},{"type":"Feature","geometry":{"type":"Polygon","coordinates":[[[107.0875,-6.3611],[107.1,-6.3611],[107.1,-6.3491],[107.0875,-6.3491],[107.0875,-6.3611]]]},"properties":{"lc_code":13,"lc_name":"Urban and Built-up Lands"}},{"type":"Feature","geometry":{"type":"Polygon","coordinates":[[[107.1,-6.3611],[107.1125,-6.3611],[107.1125,-6.3491],[107.1,-6.3491],[107.1,-6.3611]]]},"properties":{"lc_code":13,"lc_name":"Urban and Built-up Lands"}},{"type":"Feature","geometry":{"type":"Polygon","coordinates":[[[107.1125,-6.3611],[107.125,-6.3611],[107.125,-6.3491],[107.1125,-6.3491],[107.1125,-6.3611]]]},"properties":{"lc_code":13,"lc_name":"Urban and Built-up Lands"}},{"type":"Feature","geometry":{"type":"Polygon","coordinates":[[[107.125,-6.3611],[107.1375,-6.3611],[107.1375,-6.3491],[107.125,-6.3491],[107.125,-6.3611]]]},"properties":{"lc_code":13,"lc_name":"Urban and Built-up Lands"}},{"type":"Feature","geometry":{"type":"Polygon","coordinates":[[[107.1375,-6.3611],[107.15,-6.3611],[107.15,-6.3491],[107.1375,-6.3491],[107.1375,-6.3611]]]},"properties":{"lc_code":13,"lc_name":"Urban and Built-up Lands"}},{"type":"Feature","geometry":{"type":"Polygon","coordinates":[[[107.15,-6.3611],[107.1625,-6.3611],[107.1625,-6.3491],[107.15,-6.3491],[107.15,-6.3611]]]},"properties":{"lc_code":13,"lc_name":"Urban and Built-up Lands"}},{"type":"Feature","geometry":{"type":"Polygon","coordinates":[[[107.1625,-6.3611],[107.175,-6.3611],[107.175,-6.3491],[107.1625,-6.3491],[107.1625,-6.3611]]]},"properties":{"lc_code":13,"lc_name":"Urban and Built-up Lands"}},{"type":"Feature","geometry":{"type":"Polygon","coordinates":[[[107.175,-6.3611],[107.1875,-6.3611],[107.1875,-6.3491],[107.175,-6.3491],[107.175,-6.3611]]]},"properties":{"lc_code":13,"lc_name":"Urban and Built-up Lands"}},{"type":"Feature","geometry":{"type":"Polygon","coordinates":[[[107.1875,-6.3611],[107.2,-6.3611],[107.2,-6.3491],[107.1875,-6.3491],[107.1875,-6.3611]]]},"properties":{"lc_code":13,"lc_name":"Urban and Built-up Lands"}},{"type":"Feature","geometry":{"type":"Polygon","coordinates":[[[107.2,-6.3611],[107.2125,-6.3611],[107.2125,-6.3491],[107.2,-6.3491],[107.2,-6.3611]]]},"properties":{"lc_code":13,"lc_name":"Urban and Built-up Lands"}},{"type":"Feature","geometry":{"type":"Polygon","coordinates":[[[107.2125,-6.3611],[107.225,-6.3611],[107.225,-6.3491],[107.2125,-6.3491],[107.2125,-6.3611]]]},"properties":{"lc_code":13,"lc_name":"Urban and Built-up Lands"}},{"type":"Feature","geometry":{"type":"Polygon","coordinates":[[[107.225,-6.3611],[107.2375,-6.3611],[107.2375,-6.3491],[107.225,-6.3491],[107.225,-6.3611]]]},"properties":{"lc_code":13,"lc_name":"Urban and Built-up Lands"}},{"type":"Feature","geometry":{"type":"Polygon","coordinates":[[[107.2375,-6.3611],[107.25,-6.3611],[107.25,-6.3491],[107.2375,-6.3491],[107.2375,-6.3611]]]},"properties":{"lc_code":13,"lc_name":"Urban and Built-up Lands"}},{"type":"Feature","geometry":{"type":"Polygon","coordinates":[[[107.25,-6.3611],[107.2625,-6.3611],[107.2625,-6.3491],[107.25,-6.3491],[107.25,-6.3611]]]},"properties":{"lc_code":13,"lc_name":"Urban and Built-up Lands"}},{"type":"Feature","geometry":{"type":"Polygon","coordinates":[[[107.2625,-6.3611],[107.275,-6.3611],[107.275,-6.3491],[107.2625,-6.3491],[107.2625,-6.3611]]]},"properties":{"lc_code":13,"lc_name":"Urban and Built-up Lands"}},{"type":"Feature","geometry":{"type":"Polygon","coordinates":[[[107.275,-6.3611],[107.2875,-6.3611],[107.2875,-6.3491],[107.275,-6.3491],[107.275,-6.3611]]]},"properties":{"lc_code":13,"lc_name":"Urban and Built-up Lands"}},{"type":"Feature","geometry":{"type":"Polygon","coordinates":[[[107.2875,-6.3611],[107.3,-6.3611],[107.3,-6.3491],[107.2875,-6.3491],[107.2875,-6.3611]]]},"properties":{"lc_code":12,"lc_name":"Cropland / Natural Vegetation Mosaics"}},{"type":"Feature","geometry":{"type":"Polygon","coordinates":[[[106.5,-6.3491],[106.5125,-6.3491],[106.5125,-6.337],[106.5,-6.337],[106.5,-6.3491]]]},"properties":{"lc_code":12,"lc_name":"Cropland / Natural Vegetation Mosaics"}},{"type":"Feature","geometry":{"type":"Polygon","coordinates":[[[106.5125,-6.3491],[106.525,-6.3491],[106.525,-6.337],[106.5125,-6.337],[106.5125,-6.3491]]]},"properties":{"lc_code":12,"lc_name":"Cropland / Natural Vegetation Mosaics"}},{"type":"Feature","geometry":{"type":"Polygon","coordinates":[[[106.525,-6.3491],[106.5375,-6.3491],[106.5375,-6.337],[106.525,-6.337],[106.525,-6.3491]]]},"properties":{"lc_code":12,"lc_name":"Cropland / Natural Vegetation Mosaics"}},{"type":"Feature","geometry":{"type":"Polygon","coordinates":[[[106.5375,-6.3491],[106.55,-6.3491],[106.55,-6.337],[106.5375,-6.337],[106.5375,-6.3491]]]},"properties":{"lc_code":12,"lc_name":"Cropland / Natural Vegetation Mosaics"}},{"type":"Feature","geometry":{"type":"Polygon","coordinates":[[[106.55,-6.3491],[106.5625,-6.3491],[106.5625,-6.337],[106.55,-6.337],[106.55,-6.3491]]]},"properties":{"lc_code":12,"lc_name":"Cropland / Natural Vegetation Mosaics"}},{"type":"Feature","geometry":{"type":"Polygon","coordinates":[[[106.5625,-6.3491],[106.575,-6.3491],[106.575,-6.337],[106.5625,-6.337],[106.5625,-6.3491]]]},"properties":{"lc_code":12,"lc_name":"Cropland / Natural Vegetation Mosaics"}},{"type":"Feature","geometry":{"type":"Polygon","coordinates":[[[106.575,-6.3491],[106.5875,-6.3491],[106.5875,-6.337],[106.575,-6.337],[106.575,-6.3491]]]},"properties":{"lc_code":13,"lc_name":"Urban and Built-up Lands"}},{"type":"Feature","geometry":{"type":"Polygon","coordinates":[[[106.5875,-6.3491],[106.6,-6.3491],[106.6,-6.337],[106.5875,-6.337],[106.5875,-6.3491]]]},"properties":{"lc_code":13,"lc_name":"Urban and Built-up Lands"}},{"type":"Feature","geometry":{"type":"Polygon","coordinates":[[[106.6,-6.3491],[106.6125,-6.3491],[106.6125,-6.337],[106.6,-6.337],[106.6,-6.3491]]]},"properties":{"lc_code":13,"lc_name":"Urban and Built-up Lands"}},{"type":"Feature","geometry":{"type":"Polygon","coordinates":[[[106.6125,-6.3491],[106.625,-6.3491],[106.625,-6.337],[106.6125,-6.337],[106.6125,-6.3491]]]},"properties":{"lc_code":13,"lc_name":"Urban and Built-up Lands"}},{"type":"Feature","geometry":{"type":"Polygon","coordinates":[[[106.625,-6.3491],[106.6375,-6.3491],[106.6375,-6.337],[106.625,-6.337],[106.625,-6.3491]]]},"properties":{"lc_code":13,"lc_name":"Urban and Built-up Lands"}},{"type":"Feature","geometry":{"type":"Polygon","coordinates":[[[106.6375,-6.3491],[106.65,-6.3491],[106.65,-6.337],[106.6375,-6.337],[106.6375,-6.3491]]]},"properties":{"lc_code":13,"lc_name":"Urban and Built-up Lands"}},{"type":"Feature","geometry":{"type":"Polygon","coordinates":[[[106.65,-6.3491],[106.6625,-6.3491],[106.6625,-6.337],[106.65,-6.337],[106.65,-6.3491]]]},"properties":{"lc_code":13,"lc_name":"Urban and Built-up Lands"}},{"type":"Feature","geometry":{"type":"Polygon","coordinates":[[[106.6625,-6.3491],[106.675,-6.3491],[106.675,-6.337],[106.6625,-6.337],[106.6625,-6.3491]]]},"properties":{"lc_code":13,"lc_name":"Urban and Built-up Lands"}},{"type":"Feature","geometry":{"type":"Polygon","coordinates":[[[106.675,-6.3491],[106.6875,-6.3491],[106.6875,-6.337],[106.675,-6.337],[106.675,-6.3491]]]},"properties":{"lc_code":13,"lc_name":"Urban and Built-up Lands"}},{"type":"Feature","geometry":{"type":"Polygon","coordinates":[[[106.6875,-6.3491],[106.7,-6.3491],[106.7,-6.337],[106.6875,-6.337],[106.6875,-6.3491]]]},"properties":{"lc_code":13,"lc_name":"Urban and Built-up Lands"}},{"type":"Feature","geometry":{"type":"Polygon","coordinates":[[[106.7,-6.3491],[106.7125,-6.3491],[106.7125,-6.337],[106.7,-6.337],[106.7,-6.3491]]]},"properties":{"lc_code":13,"lc_name":"Urban and Built-up Lands"}},{"type":"Feature","geometry":{"type":"Polygon","coordinates":[[[106.7125,-6.3491],[106.725,-6.3491],[106.725,-6.337],[106.7125,-6.337],[106.7125,-6.3491]]]},"properties":{"lc_code":13,"lc_name":"Urban and Built-up Lands"}},{"type":"Feature","geometry":{"type":"Polygon","coordinates":[[[106.725,-6.3491],[106.7375,-6.3491],[106.7375,-6.337],[106.725,-6.337],[106.725,-6.3491]]]},"properties":{"lc_code":13,"lc_name":"Urban and Built-up Lands"}},{"type":"Feature","geometry":{"type":"Polygon","coordinates":[[[106.7375,-6.3491],[106.75,-6.3491],[106.75,-6.337],[106.7375,-6.337],[106.7375,-6.3491]]]},"properties":{"lc_code":13,"lc_name":"Urban and Built-up Lands"}},{"type":"Feature","geometry":{"type":"Polygon","coordinates":[[[106.75,-6.3491],[106.7625,-6.3491],[106.7625,-6.337],[106.75,-6.337],[106.75,-6.3491]]]},"properties":{"lc_code":13,"lc_name":"Urban and Built-up Lands"}},{"type":"Feature","geometry":{"type":"Polygon","coordinates":[[[106.7625,-6.3491],[106.775,-6.3491],[106.775,-6.337],[106.7625,-6.337],[106.7625,-6.3491]]]},"properties":{"lc_code":13,"lc_name":"Urban and Built-up Lands"}},{"type":"Feature","geometry":{"type":"Polygon","coordinates":[[[106.775,-6.3491],[106.7875,-6.3491],[106.7875,-6.337],[106.775,-6.337],[106.775,-6.3491]]]},"properties":{"lc_code":13,"lc_name":"Urban and Built-up Lands"}},{"type":"Feature","geometry":{"type":"Polygon","coordinates":[[[106.7875,-6.3491],[106.8,-6.3491],[106.8,-6.337],[106.7875,-6.337],[106.7875,-6.3491]]]},"properties":{"lc_code":13,"lc_name":"Urban and Built-up Lands"}},{"type":"Feature","geometry":{"type":"Polygon","coordinates":[[[106.8,-6.3491],[106.8125,-6.3491],[106.8125,-6.337],[106.8,-6.337],[106.8,-6.3491]]]},"properties":{"lc_code":13,"lc_name":"Urban and Built-up Lands"}},{"type":"Feature","geometry":{"type":"Polygon","coordinates":[[[106.8125,-6.3491],[106.825,-6.3491],[106.825,-6.337],[106.8125,-6.337],[106.8125,-6.3491]]]},"properties":{"lc_code":13,"lc_name":"Urban and Built-up Lands"}},{"type":"Feature","geometry":{"type":"Polygon","coordinates":[[[106.825,-6.3491],[106.8375,-6.3491],[106.8375,-6.337],[106.825,-6.337],[106.825,-6.3491]]]},"properties":{"lc_code":13,"lc_name":"Urban and Built-up Lands"}},{"type":"Feature","geometry":{"type":"Polygon","coordinates":[[[106.8375,-6.3491],[106.85,-6.3491],[106.85,-6.337],[106.8375,-6.337],[106.8375,-6.3491]]]},"properties":{"lc_code":13,"lc_name":"Urban and Built-up Lands"}},{"type":"Feature","geometry":{"type":"Polygon","coordinates":[[[106.85,-6.3491],[106.8625,-6.3491],[106.8625,-6.337],[106.85,-6.337],[106.85,-6.3491]]]},"properties":{"lc_code":13,"lc_name":"Urban and Built-up Lands"}},{"type":"Feature","geometry":{"type":"Polygon","coordinates":[[[106.8625,-6.3491],[106.875,-6.3491],[106.875,-6.337],[106.8625,-6.337],[106.8625,-6.3491]]]},"properties":{"lc_code":13,"lc_name":"Urban and Built-up Lands"}},{"type":"Feature","geometry":{"type":"Polygon","coordinates":[[[106.875,-6.3491],[106.8875,-6.3491],[106.8875,-6.337],[106.875,-6.337],[106.875,-6.3491]]]},"properties":{"lc_code":13,"lc_name":"Urban and Built-up Lands"}},{"type":"Feature","geometry":{"type":"Polygon","coordinates":[[[106.8875,-6.3491],[106.9,-6.3491],[106.9,-6.337],[106.8875,-6.337],[106.8875,-6.3491]]]},"properties":{"lc_code":13,"lc_name":"Urban and Built-up Lands"}},{"type":"Feature","geometry":{"type":"Polygon","coordinates":[[[106.9,-6.3491],[106.9125,-6.3491],[106.9125,-6.337],[106.9,-6.337],[106.9,-6.3491]]]},"properties":{"lc_code":13,"lc_name":"Urban and Built-up Lands"}},{"type":"Feature","geometry":{"type":"Polygon","coordinates":[[[106.9125,-6.3491],[106.925,-6.3491],[106.925,-6.337],[106.9125,-6.337],[106.9125,-6.3491]]]},"properties":{"lc_code":12,"lc_name":"Cropland / Natural Vegetation Mosaics"}},{"type":"Feature","geometry":{"type":"Polygon","coordinates":[[[106.925,-6.3491],[106.9375,-6.3491],[106.9375,-6.337],[106.925,-6.337],[106.925,-6.3491]]]},"properties":{"lc_code":13,"lc_name":"Urban and Built-up Lands"}},{"type":"Feature","geometry":{"type":"Polygon","coordinates":[[[106.9375,-6.3491],[106.95,-6.3491],[106.95,-6.337],[106.9375,-6.337],[106.9375,-6.3491]]]},"properties":{"lc_code":13,"lc_name":"Urban and Built-up Lands"}},{"type":"Feature","geometry":{"type":"Polygon","coordinates":[[[106.95,-6.3491],[106.9625,-6.3491],[106.9625,-6.337],[106.95,-6.337],[106.95,-6.3491]]]},"properties":{"lc_code":13,"lc_name":"Urban and Built-up Lands"}},{"type":"Feature","geometry":{"type":"Polygon","coordinates":[[[106.9625,-6.3491],[106.975,-6.3491],[106.975,-6.337],[106.9625,-6.337],[106.9625,-6.3491]]]},"properties":{"lc_code":13,"lc_name":"Urban and Built-up Lands"}},{"type":"Feature","geometry":{"type":"Polygon","coordinates":[[[106.975,-6.3491],[106.9875,-6.3491],[106.9875,-6.337],[106.975,-6.337],[106.975,-6.3491]]]},"properties":{"lc_code":13,"lc_name":"Urban and Built-up Lands"}},{"type":"Feature","geometry":{"type":"Polygon","coordinates":[[[106.9875,-6.3491],[107,-6.3491],[107,-6.337],[106.9875,-6.337],[106.9875,-6.3491]]]},"properties":{"lc_code":13,"lc_name":"Urban and Built-up Lands"}},{"type":"Feature","geometry":{"type":"Polygon","coordinates":[[[107,-6.3491],[107.0125,-6.3491],[107.0125,-6.337],[107,-6.337],[107,-6.3491]]]},"properties":{"lc_code":13,"lc_name":"Urban and Built-up Lands"}},{"type":"Feature","geometry":{"type":"Polygon","coordinates":[[[107.0125,-6.3491],[107.025,-6.3491],[107.025,-6.337],[107.0125,-6.337],[107.0125,-6.3491]]]},"properties":{"lc_code":13,"lc_name":"Urban and Built-up Lands"}},{"type":"Feature","geometry":{"type":"Polygon","coordinates":[[[107.025,-6.3491],[107.0375,-6.3491],[107.0375,-6.337],[107.025,-6.337],[107.025,-6.3491]]]},"properties":{"lc_code":13,"lc_name":"Urban and Built-up Lands"}},{"type":"Feature","geometry":{"type":"Polygon","coordinates":[[[107.0375,-6.3491],[107.05,-6.3491],[107.05,-6.337],[107.0375,-6.337],[107.0375,-6.3491]]]},"properties":{"lc_code":13,"lc_name":"Urban and Built-up Lands"}},{"type":"Feature","geometry":{"type":"Polygon","coordinates":[[[107.05,-6.3491],[107.0625,-6.3491],[107.0625,-6.337],[107.05,-6.337],[107.05,-6.3491]]]},"properties":{"lc_code":13,"lc_name":"Urban and Built-up Lands"}},{"type":"Feature","geometry":{"type":"Polygon","coordinates":[[[107.0625,-6.3491],[107.075,-6.3491],[107.075,-6.337],[107.0625,-6.337],[107.0625,-6.3491]]]},"properties":{"lc_code":13,"lc_name":"Urban and Built-up Lands"}},{"type":"Feature","geometry":{"type":"Polygon","coordinates":[[[107.075,-6.3491],[107.0875,-6.3491],[107.0875,-6.337],[107.075,-6.337],[107.075,-6.3491]]]},"properties":{"lc_code":13,"lc_name":"Urban and Built-up Lands"}},{"type":"Feature","geometry":{"type":"Polygon","coordinates":[[[107.0875,-6.3491],[107.1,-6.3491],[107.1,-6.337],[107.0875,-6.337],[107.0875,-6.3491]]]},"properties":{"lc_code":13,"lc_name":"Urban and Built-up Lands"}},{"type":"Feature","geometry":{"type":"Polygon","coordinates":[[[107.1,-6.3491],[107.1125,-6.3491],[107.1125,-6.337],[107.1,-6.337],[107.1,-6.3491]]]},"properties":{"lc_code":13,"lc_name":"Urban and Built-up Lands"}},{"type":"Feature","geometry":{"type":"Polygon","coordinates":[[[107.1125,-6.3491],[107.125,-6.3491],[107.125,-6.337],[107.1125,-6.337],[107.1125,-6.3491]]]},"properties":{"lc_code":13,"lc_name":"Urban and Built-up Lands"}},{"type":"Feature","geometry":{"type":"Polygon","coordinates":[[[107.125,-6.3491],[107.1375,-6.3491],[107.1375,-6.337],[107.125,-6.337],[107.125,-6.3491]]]},"properties":{"lc_code":13,"lc_name":"Urban and Built-up Lands"}},{"type":"Feature","geometry":{"type":"Polygon","coordinates":[[[107.1375,-6.3491],[107.15,-6.3491],[107.15,-6.337],[107.1375,-6.337],[107.1375,-6.3491]]]},"properties":{"lc_code":13,"lc_name":"Urban and Built-up Lands"}},{"type":"Feature","geometry":{"type":"Polygon","coordinates":[[[107.15,-6.3491],[107.1625,-6.3491],[107.1625,-6.337],[107.15,-6.337],[107.15,-6.3491]]]},"properties":{"lc_code":13,"lc_name":"Urban and Built-up Lands"}},{"type":"Feature","geometry":{"type":"Polygon","coordinates":[[[107.1625,-6.3491],[107.175,-6.3491],[107.175,-6.337],[107.1625,-6.337],[107.1625,-6.3491]]]},"properties":{"lc_code":13,"lc_name":"Urban and Built-up Lands"}},{"type":"Feature","geometry":{"type":"Polygon","coordinates":[[[107.175,-6.3491],[107.1875,-6.3491],[107.1875,-6.337],[107.175,-6.337],[107.175,-6.3491]]]},"properties":{"lc_code":13,"lc_name":"Urban and Built-up Lands"}},{"type":"Feature","geometry":{"type":"Polygon","coordinates":[[[107.1875,-6.3491],[107.2,-6.3491],[107.2,-6.337],[107.1875,-6.337],[107.1875,-6.3491]]]},"properties":{"lc_code":13,"lc_name":"Urban and Built-up Lands"}},{"type":"Feature","geometry":{"type":"Polygon","coordinates":[[[107.2,-6.3491],[107.2125,-6.3491],[107.2125,-6.337],[107.2,-6.337],[107.2,-6.3491]]]},"properties":{"lc_code":13,"lc_name":"Urban and Built-up Lands"}},{"type":"Feature","geometry":{"type":"Polygon","coordinates":[[[107.2125,-6.3491],[107.225,-6.3491],[107.225,-6.337],[107.2125,-6.337],[107.2125,-6.3491]]]},"properties":{"lc_code":13,"lc_name":"Urban and Built-up Lands"}},{"type":"Feature","geometry":{"type":"Polygon","coordinates":[[[107.225,-6.3491],[107.2375,-6.3491],[107.2375,-6.337],[107.225,-6.337],[107.225,-6.3491]]]},"properties":{"lc_code":13,"lc_name":"Urban and Built-up Lands"}},{"type":"Feature","geometry":{"type":"Polygon","coordinates":[[[107.2375,-6.3491],[107.25,-6.3491],[107.25,-6.337],[107.2375,-6.337],[107.2375,-6.3491]]]},"properties":{"lc_code":13,"lc_name":"Urban and Built-up Lands"}},{"type":"Feature","geometry":{"type":"Polygon","coordinates":[[[107.25,-6.3491],[107.2625,-6.3491],[107.2625,-6.337],[107.25,-6.337],[107.25,-6.3491]]]},"properties":{"lc_code":13,"lc_name":"Urban and Built-up Lands"}},{"type":"Feature","geometry":{"type":"Polygon","coordinates":[[[107.2625,-6.3491],[107.275,-6.3491],[107.275,-6.337],[107.2625,-6.337],[107.2625,-6.3491]]]},"properties":{"lc_code":13,"lc_name":"Urban and Built-up Lands"}},{"type":"Feature","geometry":{"type":"Polygon","coordinates":[[[107.275,-6.3491],[107.2875,-6.3491],[107.2875,-6.337],[107.275,-6.337],[107.275,-6.3491]]]},"properties":{"lc_code":13,"lc_name":"Urban and Built-up Lands"}},{"type":"Feature","geometry":{"type":"Polygon","coordinates":[[[107.2875,-6.3491],[107.3,-6.3491],[107.3,-6.337],[107.2875,-6.337],[107.2875,-6.3491]]]},"properties":{"lc_code":12,"lc_name":"Cropland / Natural Vegetation Mosaics"}},{"type":"Feature","geometry":{"type":"Polygon","coordinates":[[[106.5,-6.337],[106.5125,-6.337],[106.5125,-6.325],[106.5,-6.325],[106.5,-6.337]]]},"properties":{"lc_code":12,"lc_name":"Cropland / Natural Vegetation Mosaics"}},{"type":"Feature","geometry":{"type":"Polygon","coordinates":[[[106.5125,-6.337],[106.525,-6.337],[106.525,-6.325],[106.5125,-6.325],[106.5125,-6.337]]]},"properties":{"lc_code":12,"lc_name":"Cropland / Natural Vegetation Mosaics"}},{"type":"Feature","geometry":{"type":"Polygon","coordinates":[[[106.525,-6.337],[106.5375,-6.337],[106.5375,-6.325],[106.525,-6.325],[106.525,-6.337]]]},"properties":{"lc_code":12,"lc_name":"Cropland / Natural Vegetation Mosaics"}},{"type":"Feature","geometry":{"type":"Polygon","coordinates":[[[106.5375,-6.337],[106.55,-6.337],[106.55,-6.325],[106.5375,-6.325],[106.5375,-6.337]]]},"properties":{"lc_code":12,"lc_name":"Cropland / Natural Vegetation Mosaics"}},{"type":"Feature","geometry":{"type":"Polygon","coordinates":[[[106.55,-6.337],[106.5625,-6.337],[106.5625,-6.325],[106.55,-6.325],[106.55,-6.337]]]},"properties":{"lc_code":12,"lc_name":"Cropland / Natural Vegetation Mosaics"}},{"type":"Feature","geometry":{"type":"Polygon","coordinates":[[[106.5625,-6.337],[106.575,-6.337],[106.575,-6.325],[106.5625,-6.325],[106.5625,-6.337]]]},"properties":{"lc_code":13,"lc_name":"Urban and Built-up Lands"}},{"type":"Feature","geometry":{"type":"Polygon","coordinates":[[[106.575,-6.337],[106.5875,-6.337],[106.5875,-6.325],[106.575,-6.325],[106.575,-6.337]]]},"properties":{"lc_code":13,"lc_name":"Urban and Built-up Lands"}},{"type":"Feature","geometry":{"type":"Polygon","coordinates":[[[106.5875,-6.337],[106.6,-6.337],[106.6,-6.325],[106.5875,-6.325],[106.5875,-6.337]]]},"properties":{"lc_code":13,"lc_name":"Urban and Built-up Lands"}},{"type":"Feature","geometry":{"type":"Polygon","coordinates":[[[106.6,-6.337],[106.6125,-6.337],[106.6125,-6.325],[106.6,-6.325],[106.6,-6.337]]]},"properties":{"lc_code":13,"lc_name":"Urban and Built-up Lands"}},{"type":"Feature","geometry":{"type":"Polygon","coordinates":[[[106.6125,-6.337],[106.625,-6.337],[106.625,-6.325],[106.6125,-6.325],[106.6125,-6.337]]]},"properties":{"lc_code":13,"lc_name":"Urban and Built-up Lands"}},{"type":"Feature","geometry":{"type":"Polygon","coordinates":[[[106.625,-6.337],[106.6375,-6.337],[106.6375,-6.325],[106.625,-6.325],[106.625,-6.337]]]},"properties":{"lc_code":13,"lc_name":"Urban and Built-up Lands"}},{"type":"Feature","geometry":{"type":"Polygon","coordinates":[[[106.6375,-6.337],[106.65,-6.337],[106.65,-6.325],[106.6375,-6.325],[106.6375,-6.337]]]},"properties":{"lc_code":13,"lc_name":"Urban and Built-up Lands"}},{"type":"Feature","geometry":{"type":"Polygon","coordinates":[[[106.65,-6.337],[106.6625,-6.337],[106.6625,-6.325],[106.65,-6.325],[106.65,-6.337]]]},"properties":{"lc_code":13,"lc_name":"Urban and Built-up Lands"}},{"type":"Feature","geometry":{"type":"Polygon","coordinates":[[[106.6625,-6.337],[106.675,-6.337],[106.675,-6.325],[106.6625,-6.325],[106.6625,-6.337]]]},"properties":{"lc_code":13,"lc_name":"Urban and Built-up Lands"}},{"type":"Feature","geometry":{"type":"Polygon","coordinates":[[[106.675,-6.337],[106.6875,-6.337],[106.6875,-6.325],[106.675,-6.325],[106.675,-6.337]]]},"properties":{"lc_code":13,"lc_name":"Urban and Built-up Lands"}},{"type":"Feature","geometry":{"type":"Polygon","coordinates":[[[106.6875,-6.337],[106.7,-6.337],[106.7,-6.325],[106.6875,-6.325],[106.6875,-6.337]]]},"properties":{"lc_code":13,"lc_name":"Urban and Built-up Lands"}},{"type":"Feature","geometry":{"type":"Polygon","coordinates":[[[106.7,-6.337],[106.7125,-6.337],[106.7125,-6.325],[106.7,-6.325],[106.7,-6.337]]]},"properties":{"lc_code":13,"lc_name":"Urban and Built-up Lands"}},{"type":"Feature","geometry":{"type":"Polygon","coordinates":[[[106.7125,-6.337],[106.725,-6.337],[106.725,-6.325],[106.7125,-6.325],[106.7125,-6.337]]]},"properties":{"lc_code":13,"lc_name":"Urban and Built-up Lands"}},{"type":"Feature","geometry":{"type":"Polygon","coordinates":[[[106.725,-6.337],[106.7375,-6.337],[106.7375,-6.325],[106.725,-6.325],[106.725,-6.337]]]},"properties":{"lc_code":13,"lc_name":"Urban and Built-up Lands"}},{"type":"Feature","geometry":{"type":"Polygon","coordinates":[[[106.7375,-6.337],[106.75,-6.337],[106.75,-6.325],[106.7375,-6.325],[106.7375,-6.337]]]},"properties":{"lc_code":13,"lc_name":"Urban and Built-up Lands"}},{"type":"Feature","geometry":{"type":"Polygon","coordinates":[[[106.75,-6.337],[106.7625,-6.337],[106.7625,-6.325],[106.75,-6.325],[106.75,-6.337]]]},"properties":{"lc_code":13,"lc_name":"Urban and Built-up Lands"}},{"type":"Feature","geometry":{"type":"Polygon","coordinates":[[[106.7625,-6.337],[106.775,-6.337],[106.775,-6.325],[106.7625,-6.325],[106.7625,-6.337]]]},"properties":{"lc_code":13,"lc_name":"Urban and Built-up Lands"}},{"type":"Feature","geometry":{"type":"Polygon","coordinates":[[[106.775,-6.337],[106.7875,-6.337],[106.7875,-6.325],[106.775,-6.325],[106.775,-6.337]]]},"properties":{"lc_code":13,"lc_name":"Urban and Built-up Lands"}},{"type":"Feature","geometry":{"type":"Polygon","coordinates":[[[106.7875,-6.337],[106.8,-6.337],[106.8,-6.325],[106.7875,-6.325],[106.7875,-6.337]]]},"properties":{"lc_code":13,"lc_name":"Urban and Built-up Lands"}},{"type":"Feature","geometry":{"type":"Polygon","coordinates":[[[106.8,-6.337],[106.8125,-6.337],[106.8125,-6.325],[106.8,-6.325],[106.8,-6.337]]]},"properties":{"lc_code":13,"lc_name":"Urban and Built-up Lands"}},{"type":"Feature","geometry":{"type":"Polygon","coordinates":[[[106.8125,-6.337],[106.825,-6.337],[106.825,-6.325],[106.8125,-6.325],[106.8125,-6.337]]]},"properties":{"lc_code":13,"lc_name":"Urban and Built-up Lands"}},{"type":"Feature","geometry":{"type":"Polygon","coordinates":[[[106.825,-6.337],[106.8375,-6.337],[106.8375,-6.325],[106.825,-6.325],[106.825,-6.337]]]},"properties":{"lc_code":13,"lc_name":"Urban and Built-up Lands"}},{"type":"Feature","geometry":{"type":"Polygon","coordinates":[[[106.8375,-6.337],[106.85,-6.337],[106.85,-6.325],[106.8375,-6.325],[106.8375,-6.337]]]},"properties":{"lc_code":13,"lc_name":"Urban and Built-up Lands"}},{"type":"Feature","geometry":{"type":"Polygon","coordinates":[[[106.85,-6.337],[106.8625,-6.337],[106.8625,-6.325],[106.85,-6.325],[106.85,-6.337]]]},"properties":{"lc_code":13,"lc_name":"Urban and Built-up Lands"}},{"type":"Feature","geometry":{"type":"Polygon","coordinates":[[[106.8625,-6.337],[106.875,-6.337],[106.875,-6.325],[106.8625,-6.325],[106.8625,-6.337]]]},"properties":{"lc_code":13,"lc_name":"Urban and Built-up Lands"}},{"type":"Feature","geometry":{"type":"Polygon","coordinates":[[[106.875,-6.337],[106.8875,-6.337],[106.8875,-6.325],[106.875,-6.325],[106.875,-6.337]]]},"properties":{"lc_code":13,"lc_name":"Urban and Built-up Lands"}},{"type":"Feature","geometry":{"type":"Polygon","coordinates":[[[106.8875,-6.337],[106.9,-6.337],[106.9,-6.325],[106.8875,-6.325],[106.8875,-6.337]]]},"properties":{"lc_code":13,"lc_name":"Urban and Built-up Lands"}},{"type":"Feature","geometry":{"type":"Polygon","coordinates":[[[106.9,-6.337],[106.9125,-6.337],[106.9125,-6.325],[106.9,-6.325],[106.9,-6.337]]]},"properties":{"lc_code":13,"lc_name":"Urban and Built-up Lands"}},{"type":"Feature","geometry":{"type":"Polygon","coordinates":[[[106.9125,-6.337],[106.925,-6.337],[106.925,-6.325],[106.9125,-6.325],[106.9125,-6.337]]]},"properties":{"lc_code":13,"lc_name":"Urban and Built-up Lands"}},{"type":"Feature","geometry":{"type":"Polygon","coordinates":[[[106.925,-6.337],[106.9375,-6.337],[106.9375,-6.325],[106.925,-6.325],[106.925,-6.337]]]},"properties":{"lc_code":13,"lc_name":"Urban and Built-up Lands"}},{"type":"Feature","geometry":{"type":"Polygon","coordinates":[[[106.9375,-6.337],[106.95,-6.337],[106.95,-6.325],[106.9375,-6.325],[106.9375,-6.337]]]},"properties":{"lc_code":13,"lc_name":"Urban and Built-up Lands"}},{"type":"Feature","geometry":{"type":"Polygon","coordinates":[[[106.95,-6.337],[106.9625,-6.337],[106.9625,-6.325],[106.95,-6.325],[106.95,-6.337]]]},"properties":{"lc_code":13,"lc_name":"Urban and Built-up Lands"}},{"type":"Feature","geometry":{"type":"Polygon","coordinates":[[[106.9625,-6.337],[106.975,-6.337],[106.975,-6.325],[106.9625,-6.325],[106.9625,-6.337]]]},"properties":{"lc_code":13,"lc_name":"Urban and Built-up Lands"}},{"type":"Feature","geometry":{"type":"Polygon","coordinates":[[[106.975,-6.337],[106.9875,-6.337],[106.9875,-6.325],[106.975,-6.325],[106.975,-6.337]]]},"properties":{"lc_code":13,"lc_name":"Urban and Built-up Lands"}},{"type":"Feature","geometry":{"type":"Polygon","coordinates":[[[106.9875,-6.337],[107,-6.337],[107,-6.325],[106.9875,-6.325],[106.9875,-6.337]]]},"properties":{"lc_code":13,"lc_name":"Urban and Built-up Lands"}},{"type":"Feature","geometry":{"type":"Polygon","coordinates":[[[107,-6.337],[107.0125,-6.337],[107.0125,-6.325],[107,-6.325],[107,-6.337]]]},"properties":{"lc_code":13,"lc_name":"Urban and Built-up Lands"}},{"type":"Feature","geometry":{"type":"Polygon","coordinates":[[[107.0125,-6.337],[107.025,-6.337],[107.025,-6.325],[107.0125,-6.325],[107.0125,-6.337]]]},"properties":{"lc_code":13,"lc_name":"Urban and Built-up Lands"}},{"type":"Feature","geometry":{"type":"Polygon","coordinates":[[[107.025,-6.337],[107.0375,-6.337],[107.0375,-6.325],[107.025,-6.325],[107.025,-6.337]]]},"properties":{"lc_code":13,"lc_name":"Urban and Built-up Lands"}},{"type":"Feature","geometry":{"type":"Polygon","coordinates":[[[107.0375,-6.337],[107.05,-6.337],[107.05,-6.325],[107.0375,-6.325],[107.0375,-6.337]]]},"properties":{"lc_code":13,"lc_name":"Urban and Built-up Lands"}},{"type":"Feature","geometry":{"type":"Polygon","coordinates":[[[107.05,-6.337],[107.0625,-6.337],[107.0625,-6.325],[107.05,-6.325],[107.05,-6.337]]]},"properties":{"lc_code":13,"lc_name":"Urban and Built-up Lands"}},{"type":"Feature","geometry":{"type":"Polygon","coordinates":[[[107.0625,-6.337],[107.075,-6.337],[107.075,-6.325],[107.0625,-6.325],[107.0625,-6.337]]]},"properties":{"lc_code":13,"lc_name":"Urban and Built-up Lands"}},{"type":"Feature","geometry":{"type":"Polygon","coordinates":[[[107.075,-6.337],[107.0875,-6.337],[107.0875,-6.325],[107.075,-6.325],[107.075,-6.337]]]},"properties":{"lc_code":13,"lc_name":"Urban and Built-up Lands"}},{"type":"Feature","geometry":{"type":"Polygon","coordinates":[[[107.0875,-6.337],[107.1,-6.337],[107.1,-6.325],[107.0875,-6.325],[107.0875,-6.337]]]},"properties":{"lc_code":13,"lc_name":"Urban and Built-up Lands"}},{"type":"Feature","geometry":{"type":"Polygon","coordinates":[[[107.1,-6.337],[107.1125,-6.337],[107.1125,-6.325],[107.1,-6.325],[107.1,-6.337]]]},"properties":{"lc_code":13,"lc_name":"Urban and Built-up Lands"}},{"type":"Feature","geometry":{"type":"Polygon","coordinates":[[[107.1125,-6.337],[107.125,-6.337],[107.125,-6.325],[107.1125,-6.325],[107.1125,-6.337]]]},"properties":{"lc_code":13,"lc_name":"Urban and Built-up Lands"}},{"type":"Feature","geometry":{"type":"Polygon","coordinates":[[[107.125,-6.337],[107.1375,-6.337],[107.1375,-6.325],[107.125,-6.325],[107.125,-6.337]]]},"properties":{"lc_code":13,"lc_name":"Urban and Built-up Lands"}},{"type":"Feature","geometry":{"type":"Polygon","coordinates":[[[107.1375,-6.337],[107.15,-6.337],[107.15,-6.325],[107.1375,-6.325],[107.1375,-6.337]]]},"properties":{"lc_code":13,"lc_name":"Urban and Built-up Lands"}},{"type":"Feature","geometry":{"type":"Polygon","coordinates":[[[107.15,-6.337],[107.1625,-6.337],[107.1625,-6.325],[107.15,-6.325],[107.15,-6.337]]]},"properties":{"lc_code":13,"lc_name":"Urban and Built-up Lands"}},{"type":"Feature","geometry":{"type":"Polygon","coordinates":[[[107.1625,-6.337],[107.175,-6.337],[107.175,-6.325],[107.1625,-6.325],[107.1625,-6.337]]]},"properties":{"lc_code":13,"lc_name":"Urban and Built-up Lands"}},{"type":"Feature","geometry":{"type":"Polygon","coordinates":[[[107.175,-6.337],[107.1875,-6.337],[107.1875,-6.325],[107.175,-6.325],[107.175,-6.337]]]},"properties":{"lc_code":13,"lc_name":"Urban and Built-up Lands"}},{"type":"Feature","geometry":{"type":"Polygon","coordinates":[[[107.1875,-6.337],[107.2,-6.337],[107.2,-6.325],[107.1875,-6.325],[107.1875,-6.337]]]},"properties":{"lc_code":13,"lc_name":"Urban and Built-up Lands"}},{"type":"Feature","geometry":{"type":"Polygon","coordinates":[[[107.2,-6.337],[107.2125,-6.337],[107.2125,-6.325],[107.2,-6.325],[107.2,-6.337]]]},"properties":{"lc_code":13,"lc_name":"Urban and Built-up Lands"}},{"type":"Feature","geometry":{"type":"Polygon","coordinates":[[[107.2125,-6.337],[107.225,-6.337],[107.225,-6.325],[107.2125,-6.325],[107.2125,-6.337]]]},"properties":{"lc_code":13,"lc_name":"Urban and Built-up Lands"}},{"type":"Feature","geometry":{"type":"Polygon","coordinates":[[[107.225,-6.337],[107.2375,-6.337],[107.2375,-6.325],[107.225,-6.325],[107.225,-6.337]]]},"properties":{"lc_code":13,"lc_name":"Urban and Built-up Lands"}},{"type":"Feature","geometry":{"type":"Polygon","coordinates":[[[107.2375,-6.337],[107.25,-6.337],[107.25,-6.325],[107.2375,-6.325],[107.2375,-6.337]]]},"properties":{"lc_code":13,"lc_name":"Urban and Built-up Lands"}},{"type":"Feature","geometry":{"type":"Polygon","coordinates":[[[107.25,-6.337],[107.2625,-6.337],[107.2625,-6.325],[107.25,-6.325],[107.25,-6.337]]]},"properties":{"lc_code":13,"lc_name":"Urban and Built-up Lands"}},{"type":"Feature","geometry":{"type":"Polygon","coordinates":[[[107.2625,-6.337],[107.275,-6.337],[107.275,-6.325],[107.2625,-6.325],[107.2625,-6.337]]]},"properties":{"lc_code":13,"lc_name":"Urban and Built-up Lands"}},{"type":"Feature","geometry":{"type":"Polygon","coordinates":[[[107.275,-6.337],[107.2875,-6.337],[107.2875,-6.325],[107.275,-6.325],[107.275,-6.337]]]},"properties":{"lc_code":13,"lc_name":"Urban and Built-up Lands"}},{"type":"Feature","geometry":{"type":"Polygon","coordinates":[[[107.2875,-6.337],[107.3,-6.337],[107.3,-6.325],[107.2875,-6.325],[107.2875,-6.337]]]},"properties":{"lc_code":12,"lc_name":"Cropland / Natural Vegetation Mosaics"}},{"type":"Feature","geometry":{"type":"Polygon","coordinates":[[[106.5,-6.325],[106.5125,-6.325],[106.5125,-6.313],[106.5,-6.313],[106.5,-6.325]]]},"properties":{"lc_code":12,"lc_name":"Cropland / Natural Vegetation Mosaics"}},{"type":"Feature","geometry":{"type":"Polygon","coordinates":[[[106.5125,-6.325],[106.525,-6.325],[106.525,-6.313],[106.5125,-6.313],[106.5125,-6.325]]]},"properties":{"lc_code":12,"lc_name":"Cropland / Natural Vegetation Mosaics"}},{"type":"Feature","geometry":{"type":"Polygon","coordinates":[[[106.525,-6.325],[106.5375,-6.325],[106.5375,-6.313],[106.525,-6.313],[106.525,-6.325]]]},"properties":{"lc_code":12,"lc_name":"Cropland / Natural Vegetation Mosaics"}},{"type":"Feature","geometry":{"type":"Polygon","coordinates":[[[106.5375,-6.325],[106.55,-6.325],[106.55,-6.313],[106.5375,-6.313],[106.5375,-6.325]]]},"properties":{"lc_code":12,"lc_name":"Cropland / Natural Vegetation Mosaics"}},{"type":"Feature","geometry":{"type":"Polygon","coordinates":[[[106.55,-6.325],[106.5625,-6.325],[106.5625,-6.313],[106.55,-6.313],[106.55,-6.325]]]},"properties":{"lc_code":12,"lc_name":"Cropland / Natural Vegetation Mosaics"}},{"type":"Feature","geometry":{"type":"Polygon","coordinates":[[[106.5625,-6.325],[106.575,-6.325],[106.575,-6.313],[106.5625,-6.313],[106.5625,-6.325]]]},"properties":{"lc_code":13,"lc_name":"Urban and Built-up Lands"}},{"type":"Feature","geometry":{"type":"Polygon","coordinates":[[[106.575,-6.325],[106.5875,-6.325],[106.5875,-6.313],[106.575,-6.313],[106.575,-6.325]]]},"properties":{"lc_code":13,"lc_name":"Urban and Built-up Lands"}},{"type":"Feature","geometry":{"type":"Polygon","coordinates":[[[106.5875,-6.325],[106.6,-6.325],[106.6,-6.313],[106.5875,-6.313],[106.5875,-6.325]]]},"properties":{"lc_code":13,"lc_name":"Urban and Built-up Lands"}},{"type":"Feature","geometry":{"type":"Polygon","coordinates":[[[106.6,-6.325],[106.6125,-6.325],[106.6125,-6.313],[106.6,-6.313],[106.6,-6.325]]]},"properties":{"lc_code":13,"lc_name":"Urban and Built-up Lands"}},{"type":"Feature","geometry":{"type":"Polygon","coordinates":[[[106.6125,-6.325],[106.625,-6.325],[106.625,-6.313],[106.6125,-6.313],[106.6125,-6.325]]]},"properties":{"lc_code":13,"lc_name":"Urban and Built-up Lands"}},{"type":"Feature","geometry":{"type":"Polygon","coordinates":[[[106.625,-6.325],[106.6375,-6.325],[106.6375,-6.313],[106.625,-6.313],[106.625,-6.325]]]},"properties":{"lc_code":13,"lc_name":"Urban and Built-up Lands"}},{"type":"Feature","geometry":{"type":"Polygon","coordinates":[[[106.6375,-6.325],[106.65,-6.325],[106.65,-6.313],[106.6375,-6.313],[106.6375,-6.325]]]},"properties":{"lc_code":13,"lc_name":"Urban and Built-up Lands"}},{"type":"Feature","geometry":{"type":"Polygon","coordinates":[[[106.65,-6.325],[106.6625,-6.325],[106.6625,-6.313],[106.65,-6.313],[106.65,-6.325]]]},"properties":{"lc_code":13,"lc_name":"Urban and Built-up Lands"}},{"type":"Feature","geometry":{"type":"Polygon","coordinates":[[[106.6625,-6.325],[106.675,-6.325],[106.675,-6.313],[106.6625,-6.313],[106.6625,-6.325]]]},"properties":{"lc_code":13,"lc_name":"Urban and Built-up Lands"}},{"type":"Feature","geometry":{"type":"Polygon","coordinates":[[[106.675,-6.325],[106.6875,-6.325],[106.6875,-6.313],[106.675,-6.313],[106.675,-6.325]]]},"properties":{"lc_code":13,"lc_name":"Urban and Built-up Lands"}},{"type":"Feature","geometry":{"type":"Polygon","coordinates":[[[106.6875,-6.325],[106.7,-6.325],[106.7,-6.313],[106.6875,-6.313],[106.6875,-6.325]]]},"properties":{"lc_code":13,"lc_name":"Urban and Built-up Lands"}},{"type":"Feature","geometry":{"type":"Polygon","coordinates":[[[106.7,-6.325],[106.7125,-6.325],[106.7125,-6.313],[106.7,-6.313],[106.7,-6.325]]]},"properties":{"lc_code":13,"lc_name":"Urban and Built-up Lands"}},{"type":"Feature","geometry":{"type":"Polygon","coordinates":[[[106.7125,-6.325],[106.725,-6.325],[106.725,-6.313],[106.7125,-6.313],[106.7125,-6.325]]]},"properties":{"lc_code":13,"lc_name":"Urban and Built-up Lands"}},{"type":"Feature","geometry":{"type":"Polygon","coordinates":[[[106.725,-6.325],[106.7375,-6.325],[106.7375,-6.313],[106.725,-6.313],[106.725,-6.325]]]},"properties":{"lc_code":13,"lc_name":"Urban and Built-up Lands"}},{"type":"Feature","geometry":{"type":"Polygon","coordinates":[[[106.7375,-6.325],[106.75,-6.325],[106.75,-6.313],[106.7375,-6.313],[106.7375,-6.325]]]},"properties":{"lc_code":13,"lc_name":"Urban and Built-up Lands"}},{"type":"Feature","geometry":{"type":"Polygon","coordinates":[[[106.75,-6.325],[106.7625,-6.325],[106.7625,-6.313],[106.75,-6.313],[106.75,-6.325]]]},"properties":{"lc_code":13,"lc_name":"Urban and Built-up Lands"}},{"type":"Feature","geometry":{"type":"Polygon","coordinates":[[[106.7625,-6.325],[106.775,-6.325],[106.775,-6.313],[106.7625,-6.313],[106.7625,-6.325]]]},"properties":{"lc_code":13,"lc_name":"Urban and Built-up Lands"}},{"type":"Feature","geometry":{"type":"Polygon","coordinates":[[[106.775,-6.325],[106.7875,-6.325],[106.7875,-6.313],[106.775,-6.313],[106.775,-6.325]]]},"properties":{"lc_code":13,"lc_name":"Urban and Built-up Lands"}},{"type":"Feature","geometry":{"type":"Polygon","coordinates":[[[106.7875,-6.325],[106.8,-6.325],[106.8,-6.313],[106.7875,-6.313],[106.7875,-6.325]]]},"properties":{"lc_code":13,"lc_name":"Urban and Built-up Lands"}},{"type":"Feature","geometry":{"type":"Polygon","coordinates":[[[106.8,-6.325],[106.8125,-6.325],[106.8125,-6.313],[106.8,-6.313],[106.8,-6.325]]]},"properties":{"lc_code":13,"lc_name":"Urban and Built-up Lands"}},{"type":"Feature","geometry":{"type":"Polygon","coordinates":[[[106.8125,-6.325],[106.825,-6.325],[106.825,-6.313],[106.8125,-6.313],[106.8125,-6.325]]]},"properties":{"lc_code":13,"lc_name":"Urban and Built-up Lands"}},{"type":"Feature","geometry":{"type":"Polygon","coordinates":[[[106.825,-6.325],[106.8375,-6.325],[106.8375,-6.313],[106.825,-6.313],[106.825,-6.325]]]},"properties":{"lc_code":13,"lc_name":"Urban and Built-up Lands"}},{"type":"Feature","geometry":{"type":"Polygon","coordinates":[[[106.8375,-6.325],[106.85,-6.325],[106.85,-6.313],[106.8375,-6.313],[106.8375,-6.325]]]},"properties":{"lc_code":13,"lc_name":"Urban and Built-up Lands"}},{"type":"Feature","geometry":{"type":"Polygon","coordinates":[[[106.85,-6.325],[106.8625,-6.325],[106.8625,-6.313],[106.85,-6.313],[106.85,-6.325]]]},"properties":{"lc_code":13,"lc_name":"Urban and Built-up Lands"}},{"type":"Feature","geometry":{"type":"Polygon","coordinates":[[[106.8625,-6.325],[106.875,-6.325],[106.875,-6.313],[106.8625,-6.313],[106.8625,-6.325]]]},"properties":{"lc_code":13,"lc_name":"Urban and Built-up Lands"}},{"type":"Feature","geometry":{"type":"Polygon","coordinates":[[[106.875,-6.325],[106.8875,-6.325],[106.8875,-6.313],[106.875,-6.313],[106.875,-6.325]]]},"properties":{"lc_code":13,"lc_name":"Urban and Built-up Lands"}},{"type":"Feature","geometry":{"type":"Polygon","coordinates":[[[106.8875,-6.325],[106.9,-6.325],[106.9,-6.313],[106.8875,-6.313],[106.8875,-6.325]]]},"properties":{"lc_code":13,"lc_name":"Urban and Built-up Lands"}},{"type":"Feature","geometry":{"type":"Polygon","coordinates":[[[106.9,-6.325],[106.9125,-6.325],[106.9125,-6.313],[106.9,-6.313],[106.9,-6.325]]]},"properties":{"lc_code":13,"lc_name":"Urban and Built-up Lands"}},{"type":"Feature","geometry":{"type":"Polygon","coordinates":[[[106.9125,-6.325],[106.925,-6.325],[106.925,-6.313],[106.9125,-6.313],[106.9125,-6.325]]]},"properties":{"lc_code":13,"lc_name":"Urban and Built-up Lands"}},{"type":"Feature","geometry":{"type":"Polygon","coordinates":[[[106.925,-6.325],[106.9375,-6.325],[106.9375,-6.313],[106.925,-6.313],[106.925,-6.325]]]},"properties":{"lc_code":13,"lc_name":"Urban and Built-up Lands"}},{"type":"Feature","geometry":{"type":"Polygon","coordinates":[[[106.9375,-6.325],[106.95,-6.325],[106.95,-6.313],[106.9375,-6.313],[106.9375,-6.325]]]},"properties":{"lc_code":13,"lc_name":"Urban and Built-up Lands"}},{"type":"Feature","geometry":{"type":"Polygon","coordinates":[[[106.95,-6.325],[106.9625,-6.325],[106.9625,-6.313],[106.95,-6.313],[106.95,-6.325]]]},"properties":{"lc_code":13,"lc_name":"Urban and Built-up Lands"}},{"type":"Feature","geometry":{"type":"Polygon","coordinates":[[[106.9625,-6.325],[106.975,-6.325],[106.975,-6.313],[106.9625,-6.313],[106.9625,-6.325]]]},"properties":{"lc_code":13,"lc_name":"Urban and Built-up Lands"}},{"type":"Feature","geometry":{"type":"Polygon","coordinates":[[[106.975,-6.325],[106.9875,-6.325],[106.9875,-6.313],[106.975,-6.313],[106.975,-6.325]]]},"properties":{"lc_code":13,"lc_name":"Urban and Built-up Lands"}},{"type":"Feature","geometry":{"type":"Polygon","coordinates":[[[106.9875,-6.325],[107,-6.325],[107,-6.313],[106.9875,-6.313],[106.9875,-6.325]]]},"properties":{"lc_code":13,"lc_name":"Urban and Built-up Lands"}},{"type":"Feature","geometry":{"type":"Polygon","coordinates":[[[107,-6.325],[107.0125,-6.325],[107.0125,-6.313],[107,-6.313],[107,-6.325]]]},"properties":{"lc_code":13,"lc_name":"Urban and Built-up Lands"}},{"type":"Feature","geometry":{"type":"Polygon","coordinates":[[[107.0125,-6.325],[107.025,-6.325],[107.025,-6.313],[107.0125,-6.313],[107.0125,-6.325]]]},"properties":{"lc_code":13,"lc_name":"Urban and Built-up Lands"}},{"type":"Feature","geometry":{"type":"Polygon","coordinates":[[[107.025,-6.325],[107.0375,-6.325],[107.0375,-6.313],[107.025,-6.313],[107.025,-6.325]]]},"properties":{"lc_code":13,"lc_name":"Urban and Built-up Lands"}},{"type":"Feature","geometry":{"type":"Polygon","coordinates":[[[107.0375,-6.325],[107.05,-6.325],[107.05,-6.313],[107.0375,-6.313],[107.0375,-6.325]]]},"properties":{"lc_code":13,"lc_name":"Urban and Built-up Lands"}},{"type":"Feature","geometry":{"type":"Polygon","coordinates":[[[107.05,-6.325],[107.0625,-6.325],[107.0625,-6.313],[107.05,-6.313],[107.05,-6.325]]]},"properties":{"lc_code":13,"lc_name":"Urban and Built-up Lands"}},{"type":"Feature","geometry":{"type":"Polygon","coordinates":[[[107.0625,-6.325],[107.075,-6.325],[107.075,-6.313],[107.0625,-6.313],[107.0625,-6.325]]]},"properties":{"lc_code":13,"lc_name":"Urban and Built-up Lands"}},{"type":"Feature","geometry":{"type":"Polygon","coordinates":[[[107.075,-6.325],[107.0875,-6.325],[107.0875,-6.313],[107.075,-6.313],[107.075,-6.325]]]},"properties":{"lc_code":13,"lc_name":"Urban and Built-up Lands"}},{"type":"Feature","geometry":{"type":"Polygon","coordinates":[[[107.0875,-6.325],[107.1,-6.325],[107.1,-6.313],[107.0875,-6.313],[107.0875,-6.325]]]},"properties":{"lc_code":13,"lc_name":"Urban and Built-up Lands"}},{"type":"Feature","geometry":{"type":"Polygon","coordinates":[[[107.1,-6.325],[107.1125,-6.325],[107.1125,-6.313],[107.1,-6.313],[107.1,-6.325]]]},"properties":{"lc_code":13,"lc_name":"Urban and Built-up Lands"}},{"type":"Feature","geometry":{"type":"Polygon","coordinates":[[[107.1125,-6.325],[107.125,-6.325],[107.125,-6.313],[107.1125,-6.313],[107.1125,-6.325]]]},"properties":{"lc_code":13,"lc_name":"Urban and Built-up Lands"}},{"type":"Feature","geometry":{"type":"Polygon","coordinates":[[[107.125,-6.325],[107.1375,-6.325],[107.1375,-6.313],[107.125,-6.313],[107.125,-6.325]]]},"properties":{"lc_code":13,"lc_name":"Urban and Built-up Lands"}},{"type":"Feature","geometry":{"type":"Polygon","coordinates":[[[107.1375,-6.325],[107.15,-6.325],[107.15,-6.313],[107.1375,-6.313],[107.1375,-6.325]]]},"properties":{"lc_code":13,"lc_name":"Urban and Built-up Lands"}},{"type":"Feature","geometry":{"type":"Polygon","coordinates":[[[107.15,-6.325],[107.1625,-6.325],[107.1625,-6.313],[107.15,-6.313],[107.15,-6.325]]]},"properties":{"lc_code":13,"lc_name":"Urban and Built-up Lands"}},{"type":"Feature","geometry":{"type":"Polygon","coordinates":[[[107.1625,-6.325],[107.175,-6.325],[107.175,-6.313],[107.1625,-6.313],[107.1625,-6.325]]]},"properties":{"lc_code":13,"lc_name":"Urban and Built-up Lands"}},{"type":"Feature","geometry":{"type":"Polygon","coordinates":[[[107.175,-6.325],[107.1875,-6.325],[107.1875,-6.313],[107.175,-6.313],[107.175,-6.325]]]},"properties":{"lc_code":13,"lc_name":"Urban and Built-up Lands"}},{"type":"Feature","geometry":{"type":"Polygon","coordinates":[[[107.1875,-6.325],[107.2,-6.325],[107.2,-6.313],[107.1875,-6.313],[107.1875,-6.325]]]},"properties":{"lc_code":13,"lc_name":"Urban and Built-up Lands"}},{"type":"Feature","geometry":{"type":"Polygon","coordinates":[[[107.2,-6.325],[107.2125,-6.325],[107.2125,-6.313],[107.2,-6.313],[107.2,-6.325]]]},"properties":{"lc_code":13,"lc_name":"Urban and Built-up Lands"}},{"type":"Feature","geometry":{"type":"Polygon","coordinates":[[[107.2125,-6.325],[107.225,-6.325],[107.225,-6.313],[107.2125,-6.313],[107.2125,-6.325]]]},"properties":{"lc_code":13,"lc_name":"Urban and Built-up Lands"}},{"type":"Feature","geometry":{"type":"Polygon","coordinates":[[[107.225,-6.325],[107.2375,-6.325],[107.2375,-6.313],[107.225,-6.313],[107.225,-6.325]]]},"properties":{"lc_code":13,"lc_name":"Urban and Built-up Lands"}},{"type":"Feature","geometry":{"type":"Polygon","coordinates":[[[107.2375,-6.325],[107.25,-6.325],[107.25,-6.313],[107.2375,-6.313],[107.2375,-6.325]]]},"properties":{"lc_code":13,"lc_name":"Urban and Built-up Lands"}},{"type":"Feature","geometry":{"type":"Polygon","coordinates":[[[107.25,-6.325],[107.2625,-6.325],[107.2625,-6.313],[107.25,-6.313],[107.25,-6.325]]]},"properties":{"lc_code":13,"lc_name":"Urban and Built-up Lands"}},{"type":"Feature","geometry":{"type":"Polygon","coordinates":[[[107.2625,-6.325],[107.275,-6.325],[107.275,-6.313],[107.2625,-6.313],[107.2625,-6.325]]]},"properties":{"lc_code":13,"lc_name":"Urban and Built-up Lands"}},{"type":"Feature","geometry":{"type":"Polygon","coordinates":[[[107.275,-6.325],[107.2875,-6.325],[107.2875,-6.313],[107.275,-6.313],[107.275,-6.325]]]},"properties":{"lc_code":13,"lc_name":"Urban and Built-up Lands"}},{"type":"Feature","geometry":{"type":"Polygon","coordinates":[[[107.2875,-6.325],[107.3,-6.325],[107.3,-6.313],[107.2875,-6.313],[107.2875,-6.325]]]},"properties":{"lc_code":12,"lc_name":"Cropland / Natural Vegetation Mosaics"}},{"type":"Feature","geometry":{"type":"Polygon","coordinates":[[[106.5,-6.313],[106.5125,-6.313],[106.5125,-6.3009],[106.5,-6.3009],[106.5,-6.313]]]},"properties":{"lc_code":12,"lc_name":"Cropland / Natural Vegetation Mosaics"}},{"type":"Feature","geometry":{"type":"Polygon","coordinates":[[[106.5125,-6.313],[106.525,-6.313],[106.525,-6.3009],[106.5125,-6.3009],[106.5125,-6.313]]]},"properties":{"lc_code":12,"lc_name":"Cropland / Natural Vegetation Mosaics"}},{"type":"Feature","geometry":{"type":"Polygon","coordinates":[[[106.525,-6.313],[106.5375,-6.313],[106.5375,-6.3009],[106.525,-6.3009],[106.525,-6.313]]]},"properties":{"lc_code":12,"lc_name":"Cropland / Natural Vegetation Mosaics"}},{"type":"Feature","geometry":{"type":"Polygon","coordinates":[[[106.5375,-6.313],[106.55,-6.313],[106.55,-6.3009],[106.5375,-6.3009],[106.5375,-6.313]]]},"properties":{"lc_code":12,"lc_name":"Cropland / Natural Vegetation Mosaics"}},{"type":"Feature","geometry":{"type":"Polygon","coordinates":[[[106.55,-6.313],[106.5625,-6.313],[106.5625,-6.3009],[106.55,-6.3009],[106.55,-6.313]]]},"properties":{"lc_code":12,"lc_name":"Cropland / Natural Vegetation Mosaics"}},{"type":"Feature","geometry":{"type":"Polygon","coordinates":[[[106.5625,-6.313],[106.575,-6.313],[106.575,-6.3009],[106.5625,-6.3009],[106.5625,-6.313]]]},"properties":{"lc_code":13,"lc_name":"Urban and Built-up Lands"}},{"type":"Feature","geometry":{"type":"Polygon","coordinates":[[[106.575,-6.313],[106.5875,-6.313],[106.5875,-6.3009],[106.575,-6.3009],[106.575,-6.313]]]},"properties":{"lc_code":13,"lc_name":"Urban and Built-up Lands"}},{"type":"Feature","geometry":{"type":"Polygon","coordinates":[[[106.5875,-6.313],[106.6,-6.313],[106.6,-6.3009],[106.5875,-6.3009],[106.5875,-6.313]]]},"properties":{"lc_code":13,"lc_name":"Urban and Built-up Lands"}},{"type":"Feature","geometry":{"type":"Polygon","coordinates":[[[106.6,-6.313],[106.6125,-6.313],[106.6125,-6.3009],[106.6,-6.3009],[106.6,-6.313]]]},"properties":{"lc_code":13,"lc_name":"Urban and Built-up Lands"}},{"type":"Feature","geometry":{"type":"Polygon","coordinates":[[[106.6125,-6.313],[106.625,-6.313],[106.625,-6.3009],[106.6125,-6.3009],[106.6125,-6.313]]]},"properties":{"lc_code":13,"lc_name":"Urban and Built-up Lands"}},{"type":"Feature","geometry":{"type":"Polygon","coordinates":[[[106.625,-6.313],[106.6375,-6.313],[106.6375,-6.3009],[106.625,-6.3009],[106.625,-6.313]]]},"properties":{"lc_code":13,"lc_name":"Urban and Built-up Lands"}},{"type":"Feature","geometry":{"type":"Polygon","coordinates":[[[106.6375,-6.313],[106.65,-6.313],[106.65,-6.3009],[106.6375,-6.3009],[106.6375,-6.313]]]},"properties":{"lc_code":13,"lc_name":"Urban and Built-up Lands"}},{"type":"Feature","geometry":{"type":"Polygon","coordinates":[[[106.65,-6.313],[106.6625,-6.313],[106.6625,-6.3009],[106.65,-6.3009],[106.65,-6.313]]]},"properties":{"lc_code":13,"lc_name":"Urban and Built-up Lands"}},{"type":"Feature","geometry":{"type":"Polygon","coordinates":[[[106.6625,-6.313],[106.675,-6.313],[106.675,-6.3009],[106.6625,-6.3009],[106.6625,-6.313]]]},"properties":{"lc_code":13,"lc_name":"Urban and Built-up Lands"}},{"type":"Feature","geometry":{"type":"Polygon","coordinates":[[[106.675,-6.313],[106.6875,-6.313],[106.6875,-6.3009],[106.675,-6.3009],[106.675,-6.313]]]},"properties":{"lc_code":13,"lc_name":"Urban and Built-up Lands"}},{"type":"Feature","geometry":{"type":"Polygon","coordinates":[[[106.6875,-6.313],[106.7,-6.313],[106.7,-6.3009],[106.6875,-6.3009],[106.6875,-6.313]]]},"properties":{"lc_code":13,"lc_name":"Urban and Built-up Lands"}},{"type":"Feature","geometry":{"type":"Polygon","coordinates":[[[106.7,-6.313],[106.7125,-6.313],[106.7125,-6.3009],[106.7,-6.3009],[106.7,-6.313]]]},"properties":{"lc_code":13,"lc_name":"Urban and Built-up Lands"}},{"type":"Feature","geometry":{"type":"Polygon","coordinates":[[[106.7125,-6.313],[106.725,-6.313],[106.725,-6.3009],[106.7125,-6.3009],[106.7125,-6.313]]]},"properties":{"lc_code":13,"lc_name":"Urban and Built-up Lands"}},{"type":"Feature","geometry":{"type":"Polygon","coordinates":[[[106.725,-6.313],[106.7375,-6.313],[106.7375,-6.3009],[106.725,-6.3009],[106.725,-6.313]]]},"properties":{"lc_code":13,"lc_name":"Urban and Built-up Lands"}},{"type":"Feature","geometry":{"type":"Polygon","coordinates":[[[106.7375,-6.313],[106.75,-6.313],[106.75,-6.3009],[106.7375,-6.3009],[106.7375,-6.313]]]},"properties":{"lc_code":13,"lc_name":"Urban and Built-up Lands"}},{"type":"Feature","geometry":{"type":"Polygon","coordinates":[[[106.75,-6.313],[106.7625,-6.313],[106.7625,-6.3009],[106.75,-6.3009],[106.75,-6.313]]]},"properties":{"lc_code":13,"lc_name":"Urban and Built-up Lands"}},{"type":"Feature","geometry":{"type":"Polygon","coordinates":[[[106.7625,-6.313],[106.775,-6.313],[106.775,-6.3009],[106.7625,-6.3009],[106.7625,-6.313]]]},"properties":{"lc_code":13,"lc_name":"Urban and Built-up Lands"}},{"type":"Feature","geometry":{"type":"Polygon","coordinates":[[[106.775,-6.313],[106.7875,-6.313],[106.7875,-6.3009],[106.775,-6.3009],[106.775,-6.313]]]},"properties":{"lc_code":13,"lc_name":"Urban and Built-up Lands"}},{"type":"Feature","geometry":{"type":"Polygon","coordinates":[[[106.7875,-6.313],[106.8,-6.313],[106.8,-6.3009],[106.7875,-6.3009],[106.7875,-6.313]]]},"properties":{"lc_code":13,"lc_name":"Urban and Built-up Lands"}},{"type":"Feature","geometry":{"type":"Polygon","coordinates":[[[106.8,-6.313],[106.8125,-6.313],[106.8125,-6.3009],[106.8,-6.3009],[106.8,-6.313]]]},"properties":{"lc_code":13,"lc_name":"Urban and Built-up Lands"}},{"type":"Feature","geometry":{"type":"Polygon","coordinates":[[[106.8125,-6.313],[106.825,-6.313],[106.825,-6.3009],[106.8125,-6.3009],[106.8125,-6.313]]]},"properties":{"lc_code":13,"lc_name":"Urban and Built-up Lands"}},{"type":"Feature","geometry":{"type":"Polygon","coordinates":[[[106.825,-6.313],[106.8375,-6.313],[106.8375,-6.3009],[106.825,-6.3009],[106.825,-6.313]]]},"properties":{"lc_code":13,"lc_name":"Urban and Built-up Lands"}},{"type":"Feature","geometry":{"type":"Polygon","coordinates":[[[106.8375,-6.313],[106.85,-6.313],[106.85,-6.3009],[106.8375,-6.3009],[106.8375,-6.313]]]},"properties":{"lc_code":13,"lc_name":"Urban and Built-up Lands"}},{"type":"Feature","geometry":{"type":"Polygon","coordinates":[[[106.85,-6.313],[106.8625,-6.313],[106.8625,-6.3009],[106.85,-6.3009],[106.85,-6.313]]]},"properties":{"lc_code":13,"lc_name":"Urban and Built-up Lands"}},{"type":"Feature","geometry":{"type":"Polygon","coordinates":[[[106.8625,-6.313],[106.875,-6.313],[106.875,-6.3009],[106.8625,-6.3009],[106.8625,-6.313]]]},"properties":{"lc_code":13,"lc_name":"Urban and Built-up Lands"}},{"type":"Feature","geometry":{"type":"Polygon","coordinates":[[[106.875,-6.313],[106.8875,-6.313],[106.8875,-6.3009],[106.875,-6.3009],[106.875,-6.313]]]},"properties":{"lc_code":13,"lc_name":"Urban and Built-up Lands"}},{"type":"Feature","geometry":{"type":"Polygon","coordinates":[[[106.8875,-6.313],[106.9,-6.313],[106.9,-6.3009],[106.8875,-6.3009],[106.8875,-6.313]]]},"properties":{"lc_code":13,"lc_name":"Urban and Built-up Lands"}},{"type":"Feature","geometry":{"type":"Polygon","coordinates":[[[106.9,-6.313],[106.9125,-6.313],[106.9125,-6.3009],[106.9,-6.3009],[106.9,-6.313]]]},"properties":{"lc_code":13,"lc_name":"Urban and Built-up Lands"}},{"type":"Feature","geometry":{"type":"Polygon","coordinates":[[[106.9125,-6.313],[106.925,-6.313],[106.925,-6.3009],[106.9125,-6.3009],[106.9125,-6.313]]]},"properties":{"lc_code":13,"lc_name":"Urban and Built-up Lands"}},{"type":"Feature","geometry":{"type":"Polygon","coordinates":[[[106.925,-6.313],[106.9375,-6.313],[106.9375,-6.3009],[106.925,-6.3009],[106.925,-6.313]]]},"properties":{"lc_code":13,"lc_name":"Urban and Built-up Lands"}},{"type":"Feature","geometry":{"type":"Polygon","coordinates":[[[106.9375,-6.313],[106.95,-6.313],[106.95,-6.3009],[106.9375,-6.3009],[106.9375,-6.313]]]},"properties":{"lc_code":13,"lc_name":"Urban and Built-up Lands"}},{"type":"Feature","geometry":{"type":"Polygon","coordinates":[[[106.95,-6.313],[106.9625,-6.313],[106.9625,-6.3009],[106.95,-6.3009],[106.95,-6.313]]]},"properties":{"lc_code":13,"lc_name":"Urban and Built-up Lands"}},{"type":"Feature","geometry":{"type":"Polygon","coordinates":[[[106.9625,-6.313],[106.975,-6.313],[106.975,-6.3009],[106.9625,-6.3009],[106.9625,-6.313]]]},"properties":{"lc_code":13,"lc_name":"Urban and Built-up Lands"}},{"type":"Feature","geometry":{"type":"Polygon","coordinates":[[[106.975,-6.313],[106.9875,-6.313],[106.9875,-6.3009],[106.975,-6.3009],[106.975,-6.313]]]},"properties":{"lc_code":13,"lc_name":"Urban and Built-up Lands"}},{"type":"Feature","geometry":{"type":"Polygon","coordinates":[[[106.9875,-6.313],[107,-6.313],[107,-6.3009],[106.9875,-6.3009],[106.9875,-6.313]]]},"properties":{"lc_code":13,"lc_name":"Urban and Built-up Lands"}},{"type":"Feature","geometry":{"type":"Polygon","coordinates":[[[107,-6.313],[107.0125,-6.313],[107.0125,-6.3009],[107,-6.3009],[107,-6.313]]]},"properties":{"lc_code":13,"lc_name":"Urban and Built-up Lands"}},{"type":"Feature","geometry":{"type":"Polygon","coordinates":[[[107.0125,-6.313],[107.025,-6.313],[107.025,-6.3009],[107.0125,-6.3009],[107.0125,-6.313]]]},"properties":{"lc_code":13,"lc_name":"Urban and Built-up Lands"}},{"type":"Feature","geometry":{"type":"Polygon","coordinates":[[[107.025,-6.313],[107.0375,-6.313],[107.0375,-6.3009],[107.025,-6.3009],[107.025,-6.313]]]},"properties":{"lc_code":13,"lc_name":"Urban and Built-up Lands"}},{"type":"Feature","geometry":{"type":"Polygon","coordinates":[[[107.0375,-6.313],[107.05,-6.313],[107.05,-6.3009],[107.0375,-6.3009],[107.0375,-6.313]]]},"properties":{"lc_code":13,"lc_name":"Urban and Built-up Lands"}},{"type":"Feature","geometry":{"type":"Polygon","coordinates":[[[107.05,-6.313],[107.0625,-6.313],[107.0625,-6.3009],[107.05,-6.3009],[107.05,-6.313]]]},"properties":{"lc_code":13,"lc_name":"Urban and Built-up Lands"}},{"type":"Feature","geometry":{"type":"Polygon","coordinates":[[[107.0625,-6.313],[107.075,-6.313],[107.075,-6.3009],[107.0625,-6.3009],[107.0625,-6.313]]]},"properties":{"lc_code":13,"lc_name":"Urban and Built-up Lands"}},{"type":"Feature","geometry":{"type":"Polygon","coordinates":[[[107.075,-6.313],[107.0875,-6.313],[107.0875,-6.3009],[107.075,-6.3009],[107.075,-6.313]]]},"properties":{"lc_code":13,"lc_name":"Urban and Built-up Lands"}},{"type":"Feature","geometry":{"type":"Polygon","coordinates":[[[107.0875,-6.313],[107.1,-6.313],[107.1,-6.3009],[107.0875,-6.3009],[107.0875,-6.313]]]},"properties":{"lc_code":13,"lc_name":"Urban and Built-up Lands"}},{"type":"Feature","geometry":{"type":"Polygon","coordinates":[[[107.1,-6.313],[107.1125,-6.313],[107.1125,-6.3009],[107.1,-6.3009],[107.1,-6.313]]]},"properties":{"lc_code":13,"lc_name":"Urban and Built-up Lands"}},{"type":"Feature","geometry":{"type":"Polygon","coordinates":[[[107.1125,-6.313],[107.125,-6.313],[107.125,-6.3009],[107.1125,-6.3009],[107.1125,-6.313]]]},"properties":{"lc_code":13,"lc_name":"Urban and Built-up Lands"}},{"type":"Feature","geometry":{"type":"Polygon","coordinates":[[[107.125,-6.313],[107.1375,-6.313],[107.1375,-6.3009],[107.125,-6.3009],[107.125,-6.313]]]},"properties":{"lc_code":13,"lc_name":"Urban and Built-up Lands"}},{"type":"Feature","geometry":{"type":"Polygon","coordinates":[[[107.1375,-6.313],[107.15,-6.313],[107.15,-6.3009],[107.1375,-6.3009],[107.1375,-6.313]]]},"properties":{"lc_code":13,"lc_name":"Urban and Built-up Lands"}},{"type":"Feature","geometry":{"type":"Polygon","coordinates":[[[107.15,-6.313],[107.1625,-6.313],[107.1625,-6.3009],[107.15,-6.3009],[107.15,-6.313]]]},"properties":{"lc_code":13,"lc_name":"Urban and Built-up Lands"}},{"type":"Feature","geometry":{"type":"Polygon","coordinates":[[[107.1625,-6.313],[107.175,-6.313],[107.175,-6.3009],[107.1625,-6.3009],[107.1625,-6.313]]]},"properties":{"lc_code":13,"lc_name":"Urban and Built-up Lands"}},{"type":"Feature","geometry":{"type":"Polygon","coordinates":[[[107.175,-6.313],[107.1875,-6.313],[107.1875,-6.3009],[107.175,-6.3009],[107.175,-6.313]]]},"properties":{"lc_code":13,"lc_name":"Urban and Built-up Lands"}},{"type":"Feature","geometry":{"type":"Polygon","coordinates":[[[107.1875,-6.313],[107.2,-6.313],[107.2,-6.3009],[107.1875,-6.3009],[107.1875,-6.313]]]},"properties":{"lc_code":13,"lc_name":"Urban and Built-up Lands"}},{"type":"Feature","geometry":{"type":"Polygon","coordinates":[[[107.2,-6.313],[107.2125,-6.313],[107.2125,-6.3009],[107.2,-6.3009],[107.2,-6.313]]]},"properties":{"lc_code":13,"lc_name":"Urban and Built-up Lands"}},{"type":"Feature","geometry":{"type":"Polygon","coordinates":[[[107.2125,-6.313],[107.225,-6.313],[107.225,-6.3009],[107.2125,-6.3009],[107.2125,-6.313]]]},"properties":{"lc_code":13,"lc_name":"Urban and Built-up Lands"}},{"type":"Feature","geometry":{"type":"Polygon","coordinates":[[[107.225,-6.313],[107.2375,-6.313],[107.2375,-6.3009],[107.225,-6.3009],[107.225,-6.313]]]},"properties":{"lc_code":13,"lc_name":"Urban and Built-up Lands"}},{"type":"Feature","geometry":{"type":"Polygon","coordinates":[[[107.2375,-6.313],[107.25,-6.313],[107.25,-6.3009],[107.2375,-6.3009],[107.2375,-6.313]]]},"properties":{"lc_code":13,"lc_name":"Urban and Built-up Lands"}},{"type":"Feature","geometry":{"type":"Polygon","coordinates":[[[107.25,-6.313],[107.2625,-6.313],[107.2625,-6.3009],[107.25,-6.3009],[107.25,-6.313]]]},"properties":{"lc_code":13,"lc_name":"Urban and Built-up Lands"}},{"type":"Feature","geometry":{"type":"Polygon","coordinates":[[[107.2625,-6.313],[107.275,-6.313],[107.275,-6.3009],[107.2625,-6.3009],[107.2625,-6.313]]]},"properties":{"lc_code":13,"lc_name":"Urban and Built-up Lands"}},{"type":"Feature","geometry":{"type":"Polygon","coordinates":[[[107.275,-6.313],[107.2875,-6.313],[107.2875,-6.3009],[107.275,-6.3009],[107.275,-6.313]]]},"properties":{"lc_code":13,"lc_name":"Urban and Built-up Lands"}},{"type":"Feature","geometry":{"type":"Polygon","coordinates":[[[107.2875,-6.313],[107.3,-6.313],[107.3,-6.3009],[107.2875,-6.3009],[107.2875,-6.313]]]},"properties":{"lc_code":13,"lc_name":"Urban and Built-up Lands"}},{"type":"Feature","geometry":{"type":"Polygon","coordinates":[[[106.5,-6.3009],[106.5125,-6.3009],[106.5125,-6.2889],[106.5,-6.2889],[106.5,-6.3009]]]},"properties":{"lc_code":12,"lc_name":"Cropland / Natural Vegetation Mosaics"}},{"type":"Feature","geometry":{"type":"Polygon","coordinates":[[[106.5125,-6.3009],[106.525,-6.3009],[106.525,-6.2889],[106.5125,-6.2889],[106.5125,-6.3009]]]},"properties":{"lc_code":12,"lc_name":"Cropland / Natural Vegetation Mosaics"}},{"type":"Feature","geometry":{"type":"Polygon","coordinates":[[[106.525,-6.3009],[106.5375,-6.3009],[106.5375,-6.2889],[106.525,-6.2889],[106.525,-6.3009]]]},"properties":{"lc_code":12,"lc_name":"Cropland / Natural Vegetation Mosaics"}},{"type":"Feature","geometry":{"type":"Polygon","coordinates":[[[106.5375,-6.3009],[106.55,-6.3009],[106.55,-6.2889],[106.5375,-6.2889],[106.5375,-6.3009]]]},"properties":{"lc_code":12,"lc_name":"Cropland / Natural Vegetation Mosaics"}},{"type":"Feature","geometry":{"type":"Polygon","coordinates":[[[106.55,-6.3009],[106.5625,-6.3009],[106.5625,-6.2889],[106.55,-6.2889],[106.55,-6.3009]]]},"properties":{"lc_code":12,"lc_name":"Cropland / Natural Vegetation Mosaics"}},{"type":"Feature","geometry":{"type":"Polygon","coordinates":[[[106.5625,-6.3009],[106.575,-6.3009],[106.575,-6.2889],[106.5625,-6.2889],[106.5625,-6.3009]]]},"properties":{"lc_code":13,"lc_name":"Urban and Built-up Lands"}},{"type":"Feature","geometry":{"type":"Polygon","coordinates":[[[106.575,-6.3009],[106.5875,-6.3009],[106.5875,-6.2889],[106.575,-6.2889],[106.575,-6.3009]]]},"properties":{"lc_code":13,"lc_name":"Urban and Built-up Lands"}},{"type":"Feature","geometry":{"type":"Polygon","coordinates":[[[106.5875,-6.3009],[106.6,-6.3009],[106.6,-6.2889],[106.5875,-6.2889],[106.5875,-6.3009]]]},"properties":{"lc_code":13,"lc_name":"Urban and Built-up Lands"}},{"type":"Feature","geometry":{"type":"Polygon","coordinates":[[[106.6,-6.3009],[106.6125,-6.3009],[106.6125,-6.2889],[106.6,-6.2889],[106.6,-6.3009]]]},"properties":{"lc_code":13,"lc_name":"Urban and Built-up Lands"}},{"type":"Feature","geometry":{"type":"Polygon","coordinates":[[[106.6125,-6.3009],[106.625,-6.3009],[106.625,-6.2889],[106.6125,-6.2889],[106.6125,-6.3009]]]},"properties":{"lc_code":13,"lc_name":"Urban and Built-up Lands"}},{"type":"Feature","geometry":{"type":"Polygon","coordinates":[[[106.625,-6.3009],[106.6375,-6.3009],[106.6375,-6.2889],[106.625,-6.2889],[106.625,-6.3009]]]},"properties":{"lc_code":13,"lc_name":"Urban and Built-up Lands"}},{"type":"Feature","geometry":{"type":"Polygon","coordinates":[[[106.6375,-6.3009],[106.65,-6.3009],[106.65,-6.2889],[106.6375,-6.2889],[106.6375,-6.3009]]]},"properties":{"lc_code":13,"lc_name":"Urban and Built-up Lands"}},{"type":"Feature","geometry":{"type":"Polygon","coordinates":[[[106.65,-6.3009],[106.6625,-6.3009],[106.6625,-6.2889],[106.65,-6.2889],[106.65,-6.3009]]]},"properties":{"lc_code":13,"lc_name":"Urban and Built-up Lands"}},{"type":"Feature","geometry":{"type":"Polygon","coordinates":[[[106.6625,-6.3009],[106.675,-6.3009],[106.675,-6.2889],[106.6625,-6.2889],[106.6625,-6.3009]]]},"properties":{"lc_code":13,"lc_name":"Urban and Built-up Lands"}},{"type":"Feature","geometry":{"type":"Polygon","coordinates":[[[106.675,-6.3009],[106.6875,-6.3009],[106.6875,-6.2889],[106.675,-6.2889],[106.675,-6.3009]]]},"properties":{"lc_code":13,"lc_name":"Urban and Built-up Lands"}},{"type":"Feature","geometry":{"type":"Polygon","coordinates":[[[106.6875,-6.3009],[106.7,-6.3009],[106.7,-6.2889],[106.6875,-6.2889],[106.6875,-6.3009]]]},"properties":{"lc_code":13,"lc_name":"Urban and Built-up Lands"}},{"type":"Feature","geometry":{"type":"Polygon","coordinates":[[[106.7,-6.3009],[106.7125,-6.3009],[106.7125,-6.2889],[106.7,-6.2889],[106.7,-6.3009]]]},"properties":{"lc_code":13,"lc_name":"Urban and Built-up Lands"}},{"type":"Feature","geometry":{"type":"Polygon","coordinates":[[[106.7125,-6.3009],[106.725,-6.3009],[106.725,-6.2889],[106.7125,-6.2889],[106.7125,-6.3009]]]},"properties":{"lc_code":13,"lc_name":"Urban and Built-up Lands"}},{"type":"Feature","geometry":{"type":"Polygon","coordinates":[[[106.725,-6.3009],[106.7375,-6.3009],[106.7375,-6.2889],[106.725,-6.2889],[106.725,-6.3009]]]},"properties":{"lc_code":13,"lc_name":"Urban and Built-up Lands"}},{"type":"Feature","geometry":{"type":"Polygon","coordinates":[[[106.7375,-6.3009],[106.75,-6.3009],[106.75,-6.2889],[106.7375,-6.2889],[106.7375,-6.3009]]]},"properties":{"lc_code":13,"lc_name":"Urban and Built-up Lands"}},{"type":"Feature","geometry":{"type":"Polygon","coordinates":[[[106.75,-6.3009],[106.7625,-6.3009],[106.7625,-6.2889],[106.75,-6.2889],[106.75,-6.3009]]]},"properties":{"lc_code":13,"lc_name":"Urban and Built-up Lands"}},{"type":"Feature","geometry":{"type":"Polygon","coordinates":[[[106.7625,-6.3009],[106.775,-6.3009],[106.775,-6.2889],[106.7625,-6.2889],[106.7625,-6.3009]]]},"properties":{"lc_code":13,"lc_name":"Urban and Built-up Lands"}},{"type":"Feature","geometry":{"type":"Polygon","coordinates":[[[106.775,-6.3009],[106.7875,-6.3009],[106.7875,-6.2889],[106.775,-6.2889],[106.775,-6.3009]]]},"properties":{"lc_code":13,"lc_name":"Urban and Built-up Lands"}},{"type":"Feature","geometry":{"type":"Polygon","coordinates":[[[106.7875,-6.3009],[106.8,-6.3009],[106.8,-6.2889],[106.7875,-6.2889],[106.7875,-6.3009]]]},"properties":{"lc_code":13,"lc_name":"Urban and Built-up Lands"}},{"type":"Feature","geometry":{"type":"Polygon","coordinates":[[[106.8,-6.3009],[106.8125,-6.3009],[106.8125,-6.2889],[106.8,-6.2889],[106.8,-6.3009]]]},"properties":{"lc_code":13,"lc_name":"Urban and Built-up Lands"}},{"type":"Feature","geometry":{"type":"Polygon","coordinates":[[[106.8125,-6.3009],[106.825,-6.3009],[106.825,-6.2889],[106.8125,-6.2889],[106.8125,-6.3009]]]},"properties":{"lc_code":13,"lc_name":"Urban and Built-up Lands"}},{"type":"Feature","geometry":{"type":"Polygon","coordinates":[[[106.825,-6.3009],[106.8375,-6.3009],[106.8375,-6.2889],[106.825,-6.2889],[106.825,-6.3009]]]},"properties":{"lc_code":13,"lc_name":"Urban and Built-up Lands"}},{"type":"Feature","geometry":{"type":"Polygon","coordinates":[[[106.8375,-6.3009],[106.85,-6.3009],[106.85,-6.2889],[106.8375,-6.2889],[106.8375,-6.3009]]]},"properties":{"lc_code":13,"lc_name":"Urban and Built-up Lands"}},{"type":"Feature","geometry":{"type":"Polygon","coordinates":[[[106.85,-6.3009],[106.8625,-6.3009],[106.8625,-6.2889],[106.85,-6.2889],[106.85,-6.3009]]]},"properties":{"lc_code":13,"lc_name":"Urban and Built-up Lands"}},{"type":"Feature","geometry":{"type":"Polygon","coordinates":[[[106.8625,-6.3009],[106.875,-6.3009],[106.875,-6.2889],[106.8625,-6.2889],[106.8625,-6.3009]]]},"properties":{"lc_code":13,"lc_name":"Urban and Built-up Lands"}},{"type":"Feature","geometry":{"type":"Polygon","coordinates":[[[106.875,-6.3009],[106.8875,-6.3009],[106.8875,-6.2889],[106.875,-6.2889],[106.875,-6.3009]]]},"properties":{"lc_code":13,"lc_name":"Urban and Built-up Lands"}},{"type":"Feature","geometry":{"type":"Polygon","coordinates":[[[106.8875,-6.3009],[106.9,-6.3009],[106.9,-6.2889],[106.8875,-6.2889],[106.8875,-6.3009]]]},"properties":{"lc_code":13,"lc_name":"Urban and Built-up Lands"}},{"type":"Feature","geometry":{"type":"Polygon","coordinates":[[[106.9,-6.3009],[106.9125,-6.3009],[106.9125,-6.2889],[106.9,-6.2889],[106.9,-6.3009]]]},"properties":{"lc_code":13,"lc_name":"Urban and Built-up Lands"}},{"type":"Feature","geometry":{"type":"Polygon","coordinates":[[[106.9125,-6.3009],[106.925,-6.3009],[106.925,-6.2889],[106.9125,-6.2889],[106.9125,-6.3009]]]},"properties":{"lc_code":13,"lc_name":"Urban and Built-up Lands"}},{"type":"Feature","geometry":{"type":"Polygon","coordinates":[[[106.925,-6.3009],[106.9375,-6.3009],[106.9375,-6.2889],[106.925,-6.2889],[106.925,-6.3009]]]},"properties":{"lc_code":13,"lc_name":"Urban and Built-up Lands"}},{"type":"Feature","geometry":{"type":"Polygon","coordinates":[[[106.9375,-6.3009],[106.95,-6.3009],[106.95,-6.2889],[106.9375,-6.2889],[106.9375,-6.3009]]]},"properties":{"lc_code":13,"lc_name":"Urban and Built-up Lands"}},{"type":"Feature","geometry":{"type":"Polygon","coordinates":[[[106.95,-6.3009],[106.9625,-6.3009],[106.9625,-6.2889],[106.95,-6.2889],[106.95,-6.3009]]]},"properties":{"lc_code":13,"lc_name":"Urban and Built-up Lands"}},{"type":"Feature","geometry":{"type":"Polygon","coordinates":[[[106.9625,-6.3009],[106.975,-6.3009],[106.975,-6.2889],[106.9625,-6.2889],[106.9625,-6.3009]]]},"properties":{"lc_code":13,"lc_name":"Urban and Built-up Lands"}},{"type":"Feature","geometry":{"type":"Polygon","coordinates":[[[106.975,-6.3009],[106.9875,-6.3009],[106.9875,-6.2889],[106.975,-6.2889],[106.975,-6.3009]]]},"properties":{"lc_code":13,"lc_name":"Urban and Built-up Lands"}},{"type":"Feature","geometry":{"type":"Polygon","coordinates":[[[106.9875,-6.3009],[107,-6.3009],[107,-6.2889],[106.9875,-6.2889],[106.9875,-6.3009]]]},"properties":{"lc_code":13,"lc_name":"Urban and Built-up Lands"}},{"type":"Feature","geometry":{"type":"Polygon","coordinates":[[[107,-6.3009],[107.0125,-6.3009],[107.0125,-6.2889],[107,-6.2889],[107,-6.3009]]]},"properties":{"lc_code":13,"lc_name":"Urban and Built-up Lands"}},{"type":"Feature","geometry":{"type":"Polygon","coordinates":[[[107.0125,-6.3009],[107.025,-6.3009],[107.025,-6.2889],[107.0125,-6.2889],[107.0125,-6.3009]]]},"properties":{"lc_code":13,"lc_name":"Urban and Built-up Lands"}},{"type":"Feature","geometry":{"type":"Polygon","coordinates":[[[107.025,-6.3009],[107.0375,-6.3009],[107.0375,-6.2889],[107.025,-6.2889],[107.025,-6.3009]]]},"properties":{"lc_code":13,"lc_name":"Urban and Built-up Lands"}},{"type":"Feature","geometry":{"type":"Polygon","coordinates":[[[107.0375,-6.3009],[107.05,-6.3009],[107.05,-6.2889],[107.0375,-6.2889],[107.0375,-6.3009]]]},"properties":{"lc_code":13,"lc_name":"Urban and Built-up Lands"}},{"type":"Feature","geometry":{"type":"Polygon","coordinates":[[[107.05,-6.3009],[107.0625,-6.3009],[107.0625,-6.2889],[107.05,-6.2889],[107.05,-6.3009]]]},"properties":{"lc_code":13,"lc_name":"Urban and Built-up Lands"}},{"type":"Feature","geometry":{"type":"Polygon","coordinates":[[[107.0625,-6.3009],[107.075,-6.3009],[107.075,-6.2889],[107.0625,-6.2889],[107.0625,-6.3009]]]},"properties":{"lc_code":13,"lc_name":"Urban and Built-up Lands"}},{"type":"Feature","geometry":{"type":"Polygon","coordinates":[[[107.075,-6.3009],[107.0875,-6.3009],[107.0875,-6.2889],[107.075,-6.2889],[107.075,-6.3009]]]},"properties":{"lc_code":13,"lc_name":"Urban and Built-up Lands"}},{"type":"Feature","geometry":{"type":"Polygon","coordinates":[[[107.0875,-6.3009],[107.1,-6.3009],[107.1,-6.2889],[107.0875,-6.2889],[107.0875,-6.3009]]]},"properties":{"lc_code":13,"lc_name":"Urban and Built-up Lands"}},{"type":"Feature","geometry":{"type":"Polygon","coordinates":[[[107.1,-6.3009],[107.1125,-6.3009],[107.1125,-6.2889],[107.1,-6.2889],[107.1,-6.3009]]]},"properties":{"lc_code":13,"lc_name":"Urban and Built-up Lands"}},{"type":"Feature","geometry":{"type":"Polygon","coordinates":[[[107.1125,-6.3009],[107.125,-6.3009],[107.125,-6.2889],[107.1125,-6.2889],[107.1125,-6.3009]]]},"properties":{"lc_code":13,"lc_name":"Urban and Built-up Lands"}},{"type":"Feature","geometry":{"type":"Polygon","coordinates":[[[107.125,-6.3009],[107.1375,-6.3009],[107.1375,-6.2889],[107.125,-6.2889],[107.125,-6.3009]]]},"properties":{"lc_code":13,"lc_name":"Urban and Built-up Lands"}},{"type":"Feature","geometry":{"type":"Polygon","coordinates":[[[107.1375,-6.3009],[107.15,-6.3009],[107.15,-6.2889],[107.1375,-6.2889],[107.1375,-6.3009]]]},"properties":{"lc_code":13,"lc_name":"Urban and Built-up Lands"}},{"type":"Feature","geometry":{"type":"Polygon","coordinates":[[[107.15,-6.3009],[107.1625,-6.3009],[107.1625,-6.2889],[107.15,-6.2889],[107.15,-6.3009]]]},"properties":{"lc_code":13,"lc_name":"Urban and Built-up Lands"}},{"type":"Feature","geometry":{"type":"Polygon","coordinates":[[[107.1625,-6.3009],[107.175,-6.3009],[107.175,-6.2889],[107.1625,-6.2889],[107.1625,-6.3009]]]},"properties":{"lc_code":13,"lc_name":"Urban and Built-up Lands"}},{"type":"Feature","geometry":{"type":"Polygon","coordinates":[[[107.175,-6.3009],[107.1875,-6.3009],[107.1875,-6.2889],[107.175,-6.2889],[107.175,-6.3009]]]},"properties":{"lc_code":13,"lc_name":"Urban and Built-up Lands"}},{"type":"Feature","geometry":{"type":"Polygon","coordinates":[[[107.1875,-6.3009],[107.2,-6.3009],[107.2,-6.2889],[107.1875,-6.2889],[107.1875,-6.3009]]]},"properties":{"lc_code":13,"lc_name":"Urban and Built-up Lands"}},{"type":"Feature","geometry":{"type":"Polygon","coordinates":[[[107.2,-6.3009],[107.2125,-6.3009],[107.2125,-6.2889],[107.2,-6.2889],[107.2,-6.3009]]]},"properties":{"lc_code":13,"lc_name":"Urban and Built-up Lands"}},{"type":"Feature","geometry":{"type":"Polygon","coordinates":[[[107.2125,-6.3009],[107.225,-6.3009],[107.225,-6.2889],[107.2125,-6.2889],[107.2125,-6.3009]]]},"properties":{"lc_code":13,"lc_name":"Urban and Built-up Lands"}},{"type":"Feature","geometry":{"type":"Polygon","coordinates":[[[107.225,-6.3009],[107.2375,-6.3009],[107.2375,-6.2889],[107.225,-6.2889],[107.225,-6.3009]]]},"properties":{"lc_code":13,"lc_name":"Urban and Built-up Lands"}},{"type":"Feature","geometry":{"type":"Polygon","coordinates":[[[107.2375,-6.3009],[107.25,-6.3009],[107.25,-6.2889],[107.2375,-6.2889],[107.2375,-6.3009]]]},"properties":{"lc_code":13,"lc_name":"Urban and Built-up Lands"}},{"type":"Feature","geometry":{"type":"Polygon","coordinates":[[[107.25,-6.3009],[107.2625,-6.3009],[107.2625,-6.2889],[107.25,-6.2889],[107.25,-6.3009]]]},"properties":{"lc_code":13,"lc_name":"Urban and Built-up Lands"}},{"type":"Feature","geometry":{"type":"Polygon","coordinates":[[[107.2625,-6.3009],[107.275,-6.3009],[107.275,-6.2889],[107.2625,-6.2889],[107.2625,-6.3009]]]},"properties":{"lc_code":13,"lc_name":"Urban and Built-up Lands"}},{"type":"Feature","geometry":{"type":"Polygon","coordinates":[[[107.275,-6.3009],[107.2875,-6.3009],[107.2875,-6.2889],[107.275,-6.2889],[107.275,-6.3009]]]},"properties":{"lc_code":13,"lc_name":"Urban and Built-up Lands"}},{"type":"Feature","geometry":{"type":"Polygon","coordinates":[[[107.2875,-6.3009],[107.3,-6.3009],[107.3,-6.2889],[107.2875,-6.2889],[107.2875,-6.3009]]]},"properties":{"lc_code":12,"lc_name":"Cropland / Natural Vegetation Mosaics"}},{"type":"Feature","geometry":{"type":"Polygon","coordinates":[[[106.5,-6.2889],[106.5125,-6.2889],[106.5125,-6.2769],[106.5,-6.2769],[106.5,-6.2889]]]},"properties":{"lc_code":12,"lc_name":"Cropland / Natural Vegetation Mosaics"}},{"type":"Feature","geometry":{"type":"Polygon","coordinates":[[[106.5125,-6.2889],[106.525,-6.2889],[106.525,-6.2769],[106.5125,-6.2769],[106.5125,-6.2889]]]},"properties":{"lc_code":12,"lc_name":"Cropland / Natural Vegetation Mosaics"}},{"type":"Feature","geometry":{"type":"Polygon","coordinates":[[[106.525,-6.2889],[106.5375,-6.2889],[106.5375,-6.2769],[106.525,-6.2769],[106.525,-6.2889]]]},"properties":{"lc_code":12,"lc_name":"Cropland / Natural Vegetation Mosaics"}},{"type":"Feature","geometry":{"type":"Polygon","coordinates":[[[106.5375,-6.2889],[106.55,-6.2889],[106.55,-6.2769],[106.5375,-6.2769],[106.5375,-6.2889]]]},"properties":{"lc_code":12,"lc_name":"Cropland / Natural Vegetation Mosaics"}},{"type":"Feature","geometry":{"type":"Polygon","coordinates":[[[106.55,-6.2889],[106.5625,-6.2889],[106.5625,-6.2769],[106.55,-6.2769],[106.55,-6.2889]]]},"properties":{"lc_code":12,"lc_name":"Cropland / Natural Vegetation Mosaics"}},{"type":"Feature","geometry":{"type":"Polygon","coordinates":[[[106.5625,-6.2889],[106.575,-6.2889],[106.575,-6.2769],[106.5625,-6.2769],[106.5625,-6.2889]]]},"properties":{"lc_code":13,"lc_name":"Urban and Built-up Lands"}},{"type":"Feature","geometry":{"type":"Polygon","coordinates":[[[106.575,-6.2889],[106.5875,-6.2889],[106.5875,-6.2769],[106.575,-6.2769],[106.575,-6.2889]]]},"properties":{"lc_code":13,"lc_name":"Urban and Built-up Lands"}},{"type":"Feature","geometry":{"type":"Polygon","coordinates":[[[106.5875,-6.2889],[106.6,-6.2889],[106.6,-6.2769],[106.5875,-6.2769],[106.5875,-6.2889]]]},"properties":{"lc_code":13,"lc_name":"Urban and Built-up Lands"}},{"type":"Feature","geometry":{"type":"Polygon","coordinates":[[[106.6,-6.2889],[106.6125,-6.2889],[106.6125,-6.2769],[106.6,-6.2769],[106.6,-6.2889]]]},"properties":{"lc_code":13,"lc_name":"Urban and Built-up Lands"}},{"type":"Feature","geometry":{"type":"Polygon","coordinates":[[[106.6125,-6.2889],[106.625,-6.2889],[106.625,-6.2769],[106.6125,-6.2769],[106.6125,-6.2889]]]},"properties":{"lc_code":13,"lc_name":"Urban and Built-up Lands"}},{"type":"Feature","geometry":{"type":"Polygon","coordinates":[[[106.625,-6.2889],[106.6375,-6.2889],[106.6375,-6.2769],[106.625,-6.2769],[106.625,-6.2889]]]},"properties":{"lc_code":13,"lc_name":"Urban and Built-up Lands"}},{"type":"Feature","geometry":{"type":"Polygon","coordinates":[[[106.6375,-6.2889],[106.65,-6.2889],[106.65,-6.2769],[106.6375,-6.2769],[106.6375,-6.2889]]]},"properties":{"lc_code":13,"lc_name":"Urban and Built-up Lands"}},{"type":"Feature","geometry":{"type":"Polygon","coordinates":[[[106.65,-6.2889],[106.6625,-6.2889],[106.6625,-6.2769],[106.65,-6.2769],[106.65,-6.2889]]]},"properties":{"lc_code":13,"lc_name":"Urban and Built-up Lands"}},{"type":"Feature","geometry":{"type":"Polygon","coordinates":[[[106.6625,-6.2889],[106.675,-6.2889],[106.675,-6.2769],[106.6625,-6.2769],[106.6625,-6.2889]]]},"properties":{"lc_code":13,"lc_name":"Urban and Built-up Lands"}},{"type":"Feature","geometry":{"type":"Polygon","coordinates":[[[106.675,-6.2889],[106.6875,-6.2889],[106.6875,-6.2769],[106.675,-6.2769],[106.675,-6.2889]]]},"properties":{"lc_code":13,"lc_name":"Urban and Built-up Lands"}},{"type":"Feature","geometry":{"type":"Polygon","coordinates":[[[106.6875,-6.2889],[106.7,-6.2889],[106.7,-6.2769],[106.6875,-6.2769],[106.6875,-6.2889]]]},"properties":{"lc_code":13,"lc_name":"Urban and Built-up Lands"}},{"type":"Feature","geometry":{"type":"Polygon","coordinates":[[[106.7,-6.2889],[106.7125,-6.2889],[106.7125,-6.2769],[106.7,-6.2769],[106.7,-6.2889]]]},"properties":{"lc_code":13,"lc_name":"Urban and Built-up Lands"}},{"type":"Feature","geometry":{"type":"Polygon","coordinates":[[[106.7125,-6.2889],[106.725,-6.2889],[106.725,-6.2769],[106.7125,-6.2769],[106.7125,-6.2889]]]},"properties":{"lc_code":13,"lc_name":"Urban and Built-up Lands"}},{"type":"Feature","geometry":{"type":"Polygon","coordinates":[[[106.725,-6.2889],[106.7375,-6.2889],[106.7375,-6.2769],[106.725,-6.2769],[106.725,-6.2889]]]},"properties":{"lc_code":13,"lc_name":"Urban and Built-up Lands"}},{"type":"Feature","geometry":{"type":"Polygon","coordinates":[[[106.7375,-6.2889],[106.75,-6.2889],[106.75,-6.2769],[106.7375,-6.2769],[106.7375,-6.2889]]]},"properties":{"lc_code":13,"lc_name":"Urban and Built-up Lands"}},{"type":"Feature","geometry":{"type":"Polygon","coordinates":[[[106.75,-6.2889],[106.7625,-6.2889],[106.7625,-6.2769],[106.75,-6.2769],[106.75,-6.2889]]]},"properties":{"lc_code":13,"lc_name":"Urban and Built-up Lands"}},{"type":"Feature","geometry":{"type":"Polygon","coordinates":[[[106.7625,-6.2889],[106.775,-6.2889],[106.775,-6.2769],[106.7625,-6.2769],[106.7625,-6.2889]]]},"properties":{"lc_code":13,"lc_name":"Urban and Built-up Lands"}},{"type":"Feature","geometry":{"type":"Polygon","coordinates":[[[106.775,-6.2889],[106.7875,-6.2889],[106.7875,-6.2769],[106.775,-6.2769],[106.775,-6.2889]]]},"properties":{"lc_code":13,"lc_name":"Urban and Built-up Lands"}},{"type":"Feature","geometry":{"type":"Polygon","coordinates":[[[106.7875,-6.2889],[106.8,-6.2889],[106.8,-6.2769],[106.7875,-6.2769],[106.7875,-6.2889]]]},"properties":{"lc_code":13,"lc_name":"Urban and Built-up Lands"}},{"type":"Feature","geometry":{"type":"Polygon","coordinates":[[[106.8,-6.2889],[106.8125,-6.2889],[106.8125,-6.2769],[106.8,-6.2769],[106.8,-6.2889]]]},"properties":{"lc_code":13,"lc_name":"Urban and Built-up Lands"}},{"type":"Feature","geometry":{"type":"Polygon","coordinates":[[[106.8125,-6.2889],[106.825,-6.2889],[106.825,-6.2769],[106.8125,-6.2769],[106.8125,-6.2889]]]},"properties":{"lc_code":13,"lc_name":"Urban and Built-up Lands"}},{"type":"Feature","geometry":{"type":"Polygon","coordinates":[[[106.825,-6.2889],[106.8375,-6.2889],[106.8375,-6.2769],[106.825,-6.2769],[106.825,-6.2889]]]},"properties":{"lc_code":13,"lc_name":"Urban and Built-up Lands"}},{"type":"Feature","geometry":{"type":"Polygon","coordinates":[[[106.8375,-6.2889],[106.85,-6.2889],[106.85,-6.2769],[106.8375,-6.2769],[106.8375,-6.2889]]]},"properties":{"lc_code":13,"lc_name":"Urban and Built-up Lands"}},{"type":"Feature","geometry":{"type":"Polygon","coordinates":[[[106.85,-6.2889],[106.8625,-6.2889],[106.8625,-6.2769],[106.85,-6.2769],[106.85,-6.2889]]]},"properties":{"lc_code":13,"lc_name":"Urban and Built-up Lands"}},{"type":"Feature","geometry":{"type":"Polygon","coordinates":[[[106.8625,-6.2889],[106.875,-6.2889],[106.875,-6.2769],[106.8625,-6.2769],[106.8625,-6.2889]]]},"properties":{"lc_code":13,"lc_name":"Urban and Built-up Lands"}},{"type":"Feature","geometry":{"type":"Polygon","coordinates":[[[106.875,-6.2889],[106.8875,-6.2889],[106.8875,-6.2769],[106.875,-6.2769],[106.875,-6.2889]]]},"properties":{"lc_code":13,"lc_name":"Urban and Built-up Lands"}},{"type":"Feature","geometry":{"type":"Polygon","coordinates":[[[106.8875,-6.2889],[106.9,-6.2889],[106.9,-6.2769],[106.8875,-6.2769],[106.8875,-6.2889]]]},"properties":{"lc_code":13,"lc_name":"Urban and Built-up Lands"}},{"type":"Feature","geometry":{"type":"Polygon","coordinates":[[[106.9,-6.2889],[106.9125,-6.2889],[106.9125,-6.2769],[106.9,-6.2769],[106.9,-6.2889]]]},"properties":{"lc_code":13,"lc_name":"Urban and Built-up Lands"}},{"type":"Feature","geometry":{"type":"Polygon","coordinates":[[[106.9125,-6.2889],[106.925,-6.2889],[106.925,-6.2769],[106.9125,-6.2769],[106.9125,-6.2889]]]},"properties":{"lc_code":13,"lc_name":"Urban and Built-up Lands"}},{"type":"Feature","geometry":{"type":"Polygon","coordinates":[[[106.925,-6.2889],[106.9375,-6.2889],[106.9375,-6.2769],[106.925,-6.2769],[106.925,-6.2889]]]},"properties":{"lc_code":13,"lc_name":"Urban and Built-up Lands"}},{"type":"Feature","geometry":{"type":"Polygon","coordinates":[[[106.9375,-6.2889],[106.95,-6.2889],[106.95,-6.2769],[106.9375,-6.2769],[106.9375,-6.2889]]]},"properties":{"lc_code":13,"lc_name":"Urban and Built-up Lands"}},{"type":"Feature","geometry":{"type":"Polygon","coordinates":[[[106.95,-6.2889],[106.9625,-6.2889],[106.9625,-6.2769],[106.95,-6.2769],[106.95,-6.2889]]]},"properties":{"lc_code":13,"lc_name":"Urban and Built-up Lands"}},{"type":"Feature","geometry":{"type":"Polygon","coordinates":[[[106.9625,-6.2889],[106.975,-6.2889],[106.975,-6.2769],[106.9625,-6.2769],[106.9625,-6.2889]]]},"properties":{"lc_code":13,"lc_name":"Urban and Built-up Lands"}},{"type":"Feature","geometry":{"type":"Polygon","coordinates":[[[106.975,-6.2889],[106.9875,-6.2889],[106.9875,-6.2769],[106.975,-6.2769],[106.975,-6.2889]]]},"properties":{"lc_code":13,"lc_name":"Urban and Built-up Lands"}},{"type":"Feature","geometry":{"type":"Polygon","coordinates":[[[106.9875,-6.2889],[107,-6.2889],[107,-6.2769],[106.9875,-6.2769],[106.9875,-6.2889]]]},"properties":{"lc_code":13,"lc_name":"Urban and Built-up Lands"}},{"type":"Feature","geometry":{"type":"Polygon","coordinates":[[[107,-6.2889],[107.0125,-6.2889],[107.0125,-6.2769],[107,-6.2769],[107,-6.2889]]]},"properties":{"lc_code":13,"lc_name":"Urban and Built-up Lands"}},{"type":"Feature","geometry":{"type":"Polygon","coordinates":[[[107.0125,-6.2889],[107.025,-6.2889],[107.025,-6.2769],[107.0125,-6.2769],[107.0125,-6.2889]]]},"properties":{"lc_code":13,"lc_name":"Urban and Built-up Lands"}},{"type":"Feature","geometry":{"type":"Polygon","coordinates":[[[107.025,-6.2889],[107.0375,-6.2889],[107.0375,-6.2769],[107.025,-6.2769],[107.025,-6.2889]]]},"properties":{"lc_code":13,"lc_name":"Urban and Built-up Lands"}},{"type":"Feature","geometry":{"type":"Polygon","coordinates":[[[107.0375,-6.2889],[107.05,-6.2889],[107.05,-6.2769],[107.0375,-6.2769],[107.0375,-6.2889]]]},"properties":{"lc_code":13,"lc_name":"Urban and Built-up Lands"}},{"type":"Feature","geometry":{"type":"Polygon","coordinates":[[[107.05,-6.2889],[107.0625,-6.2889],[107.0625,-6.2769],[107.05,-6.2769],[107.05,-6.2889]]]},"properties":{"lc_code":13,"lc_name":"Urban and Built-up Lands"}},{"type":"Feature","geometry":{"type":"Polygon","coordinates":[[[107.0625,-6.2889],[107.075,-6.2889],[107.075,-6.2769],[107.0625,-6.2769],[107.0625,-6.2889]]]},"properties":{"lc_code":13,"lc_name":"Urban and Built-up Lands"}},{"type":"Feature","geometry":{"type":"Polygon","coordinates":[[[107.075,-6.2889],[107.0875,-6.2889],[107.0875,-6.2769],[107.075,-6.2769],[107.075,-6.2889]]]},"properties":{"lc_code":13,"lc_name":"Urban and Built-up Lands"}},{"type":"Feature","geometry":{"type":"Polygon","coordinates":[[[107.0875,-6.2889],[107.1,-6.2889],[107.1,-6.2769],[107.0875,-6.2769],[107.0875,-6.2889]]]},"properties":{"lc_code":13,"lc_name":"Urban and Built-up Lands"}},{"type":"Feature","geometry":{"type":"Polygon","coordinates":[[[107.1,-6.2889],[107.1125,-6.2889],[107.1125,-6.2769],[107.1,-6.2769],[107.1,-6.2889]]]},"properties":{"lc_code":13,"lc_name":"Urban and Built-up Lands"}},{"type":"Feature","geometry":{"type":"Polygon","coordinates":[[[107.1125,-6.2889],[107.125,-6.2889],[107.125,-6.2769],[107.1125,-6.2769],[107.1125,-6.2889]]]},"properties":{"lc_code":13,"lc_name":"Urban and Built-up Lands"}},{"type":"Feature","geometry":{"type":"Polygon","coordinates":[[[107.125,-6.2889],[107.1375,-6.2889],[107.1375,-6.2769],[107.125,-6.2769],[107.125,-6.2889]]]},"properties":{"lc_code":13,"lc_name":"Urban and Built-up Lands"}},{"type":"Feature","geometry":{"type":"Polygon","coordinates":[[[107.1375,-6.2889],[107.15,-6.2889],[107.15,-6.2769],[107.1375,-6.2769],[107.1375,-6.2889]]]},"properties":{"lc_code":13,"lc_name":"Urban and Built-up Lands"}},{"type":"Feature","geometry":{"type":"Polygon","coordinates":[[[107.15,-6.2889],[107.1625,-6.2889],[107.1625,-6.2769],[107.15,-6.2769],[107.15,-6.2889]]]},"properties":{"lc_code":13,"lc_name":"Urban and Built-up Lands"}},{"type":"Feature","geometry":{"type":"Polygon","coordinates":[[[107.1625,-6.2889],[107.175,-6.2889],[107.175,-6.2769],[107.1625,-6.2769],[107.1625,-6.2889]]]},"properties":{"lc_code":13,"lc_name":"Urban and Built-up Lands"}},{"type":"Feature","geometry":{"type":"Polygon","coordinates":[[[107.175,-6.2889],[107.1875,-6.2889],[107.1875,-6.2769],[107.175,-6.2769],[107.175,-6.2889]]]},"properties":{"lc_code":13,"lc_name":"Urban and Built-up Lands"}},{"type":"Feature","geometry":{"type":"Polygon","coordinates":[[[107.1875,-6.2889],[107.2,-6.2889],[107.2,-6.2769],[107.1875,-6.2769],[107.1875,-6.2889]]]},"properties":{"lc_code":13,"lc_name":"Urban and Built-up Lands"}},{"type":"Feature","geometry":{"type":"Polygon","coordinates":[[[107.2,-6.2889],[107.2125,-6.2889],[107.2125,-6.2769],[107.2,-6.2769],[107.2,-6.2889]]]},"properties":{"lc_code":13,"lc_name":"Urban and Built-up Lands"}},{"type":"Feature","geometry":{"type":"Polygon","coordinates":[[[107.2125,-6.2889],[107.225,-6.2889],[107.225,-6.2769],[107.2125,-6.2769],[107.2125,-6.2889]]]},"properties":{"lc_code":13,"lc_name":"Urban and Built-up Lands"}},{"type":"Feature","geometry":{"type":"Polygon","coordinates":[[[107.225,-6.2889],[107.2375,-6.2889],[107.2375,-6.2769],[107.225,-6.2769],[107.225,-6.2889]]]},"properties":{"lc_code":13,"lc_name":"Urban and Built-up Lands"}},{"type":"Feature","geometry":{"type":"Polygon","coordinates":[[[107.2375,-6.2889],[107.25,-6.2889],[107.25,-6.2769],[107.2375,-6.2769],[107.2375,-6.2889]]]},"properties":{"lc_code":13,"lc_name":"Urban and Built-up Lands"}},{"type":"Feature","geometry":{"type":"Polygon","coordinates":[[[107.25,-6.2889],[107.2625,-6.2889],[107.2625,-6.2769],[107.25,-6.2769],[107.25,-6.2889]]]},"properties":{"lc_code":13,"lc_name":"Urban and Built-up Lands"}},{"type":"Feature","geometry":{"type":"Polygon","coordinates":[[[107.2625,-6.2889],[107.275,-6.2889],[107.275,-6.2769],[107.2625,-6.2769],[107.2625,-6.2889]]]},"properties":{"lc_code":13,"lc_name":"Urban and Built-up Lands"}},{"type":"Feature","geometry":{"type":"Polygon","coordinates":[[[107.275,-6.2889],[107.2875,-6.2889],[107.2875,-6.2769],[107.275,-6.2769],[107.275,-6.2889]]]},"properties":{"lc_code":13,"lc_name":"Urban and Built-up Lands"}},{"type":"Feature","geometry":{"type":"Polygon","coordinates":[[[107.2875,-6.2889],[107.3,-6.2889],[107.3,-6.2769],[107.2875,-6.2769],[107.2875,-6.2889]]]},"properties":{"lc_code":12,"lc_name":"Cropland / Natural Vegetation Mosaics"}},{"type":"Feature","geometry":{"type":"Polygon","coordinates":[[[106.5,-6.2769],[106.5125,-6.2769],[106.5125,-6.2648],[106.5,-6.2648],[106.5,-6.2769]]]},"properties":{"lc_code":12,"lc_name":"Cropland / Natural Vegetation Mosaics"}},{"type":"Feature","geometry":{"type":"Polygon","coordinates":[[[106.5125,-6.2769],[106.525,-6.2769],[106.525,-6.2648],[106.5125,-6.2648],[106.5125,-6.2769]]]},"properties":{"lc_code":12,"lc_name":"Cropland / Natural Vegetation Mosaics"}},{"type":"Feature","geometry":{"type":"Polygon","coordinates":[[[106.525,-6.2769],[106.5375,-6.2769],[106.5375,-6.2648],[106.525,-6.2648],[106.525,-6.2769]]]},"properties":{"lc_code":12,"lc_name":"Cropland / Natural Vegetation Mosaics"}},{"type":"Feature","geometry":{"type":"Polygon","coordinates":[[[106.5375,-6.2769],[106.55,-6.2769],[106.55,-6.2648],[106.5375,-6.2648],[106.5375,-6.2769]]]},"properties":{"lc_code":12,"lc_name":"Cropland / Natural Vegetation Mosaics"}},{"type":"Feature","geometry":{"type":"Polygon","coordinates":[[[106.55,-6.2769],[106.5625,-6.2769],[106.5625,-6.2648],[106.55,-6.2648],[106.55,-6.2769]]]},"properties":{"lc_code":12,"lc_name":"Cropland / Natural Vegetation Mosaics"}},{"type":"Feature","geometry":{"type":"Polygon","coordinates":[[[106.5625,-6.2769],[106.575,-6.2769],[106.575,-6.2648],[106.5625,-6.2648],[106.5625,-6.2769]]]},"properties":{"lc_code":13,"lc_name":"Urban and Built-up Lands"}},{"type":"Feature","geometry":{"type":"Polygon","coordinates":[[[106.575,-6.2769],[106.5875,-6.2769],[106.5875,-6.2648],[106.575,-6.2648],[106.575,-6.2769]]]},"properties":{"lc_code":13,"lc_name":"Urban and Built-up Lands"}},{"type":"Feature","geometry":{"type":"Polygon","coordinates":[[[106.5875,-6.2769],[106.6,-6.2769],[106.6,-6.2648],[106.5875,-6.2648],[106.5875,-6.2769]]]},"properties":{"lc_code":13,"lc_name":"Urban and Built-up Lands"}},{"type":"Feature","geometry":{"type":"Polygon","coordinates":[[[106.6,-6.2769],[106.6125,-6.2769],[106.6125,-6.2648],[106.6,-6.2648],[106.6,-6.2769]]]},"properties":{"lc_code":13,"lc_name":"Urban and Built-up Lands"}},{"type":"Feature","geometry":{"type":"Polygon","coordinates":[[[106.6125,-6.2769],[106.625,-6.2769],[106.625,-6.2648],[106.6125,-6.2648],[106.6125,-6.2769]]]},"properties":{"lc_code":13,"lc_name":"Urban and Built-up Lands"}},{"type":"Feature","geometry":{"type":"Polygon","coordinates":[[[106.625,-6.2769],[106.6375,-6.2769],[106.6375,-6.2648],[106.625,-6.2648],[106.625,-6.2769]]]},"properties":{"lc_code":13,"lc_name":"Urban and Built-up Lands"}},{"type":"Feature","geometry":{"type":"Polygon","coordinates":[[[106.6375,-6.2769],[106.65,-6.2769],[106.65,-6.2648],[106.6375,-6.2648],[106.6375,-6.2769]]]},"properties":{"lc_code":13,"lc_name":"Urban and Built-up Lands"}},{"type":"Feature","geometry":{"type":"Polygon","coordinates":[[[106.65,-6.2769],[106.6625,-6.2769],[106.6625,-6.2648],[106.65,-6.2648],[106.65,-6.2769]]]},"properties":{"lc_code":13,"lc_name":"Urban and Built-up Lands"}},{"type":"Feature","geometry":{"type":"Polygon","coordinates":[[[106.6625,-6.2769],[106.675,-6.2769],[106.675,-6.2648],[106.6625,-6.2648],[106.6625,-6.2769]]]},"properties":{"lc_code":13,"lc_name":"Urban and Built-up Lands"}},{"type":"Feature","geometry":{"type":"Polygon","coordinates":[[[106.675,-6.2769],[106.6875,-6.2769],[106.6875,-6.2648],[106.675,-6.2648],[106.675,-6.2769]]]},"properties":{"lc_code":13,"lc_name":"Urban and Built-up Lands"}},{"type":"Feature","geometry":{"type":"Polygon","coordinates":[[[106.6875,-6.2769],[106.7,-6.2769],[106.7,-6.2648],[106.6875,-6.2648],[106.6875,-6.2769]]]},"properties":{"lc_code":13,"lc_name":"Urban and Built-up Lands"}},{"type":"Feature","geometry":{"type":"Polygon","coordinates":[[[106.7,-6.2769],[106.7125,-6.2769],[106.7125,-6.2648],[106.7,-6.2648],[106.7,-6.2769]]]},"properties":{"lc_code":13,"lc_name":"Urban and Built-up Lands"}},{"type":"Feature","geometry":{"type":"Polygon","coordinates":[[[106.7125,-6.2769],[106.725,-6.2769],[106.725,-6.2648],[106.7125,-6.2648],[106.7125,-6.2769]]]},"properties":{"lc_code":13,"lc_name":"Urban and Built-up Lands"}},{"type":"Feature","geometry":{"type":"Polygon","coordinates":[[[106.725,-6.2769],[106.7375,-6.2769],[106.7375,-6.2648],[106.725,-6.2648],[106.725,-6.2769]]]},"properties":{"lc_code":13,"lc_name":"Urban and Built-up Lands"}},{"type":"Feature","geometry":{"type":"Polygon","coordinates":[[[106.7375,-6.2769],[106.75,-6.2769],[106.75,-6.2648],[106.7375,-6.2648],[106.7375,-6.2769]]]},"properties":{"lc_code":13,"lc_name":"Urban and Built-up Lands"}},{"type":"Feature","geometry":{"type":"Polygon","coordinates":[[[106.75,-6.2769],[106.7625,-6.2769],[106.7625,-6.2648],[106.75,-6.2648],[106.75,-6.2769]]]},"properties":{"lc_code":13,"lc_name":"Urban and Built-up Lands"}},{"type":"Feature","geometry":{"type":"Polygon","coordinates":[[[106.7625,-6.2769],[106.775,-6.2769],[106.775,-6.2648],[106.7625,-6.2648],[106.7625,-6.2769]]]},"properties":{"lc_code":13,"lc_name":"Urban and Built-up Lands"}},{"type":"Feature","geometry":{"type":"Polygon","coordinates":[[[106.775,-6.2769],[106.7875,-6.2769],[106.7875,-6.2648],[106.775,-6.2648],[106.775,-6.2769]]]},"properties":{"lc_code":13,"lc_name":"Urban and Built-up Lands"}},{"type":"Feature","geometry":{"type":"Polygon","coordinates":[[[106.7875,-6.2769],[106.8,-6.2769],[106.8,-6.2648],[106.7875,-6.2648],[106.7875,-6.2769]]]},"properties":{"lc_code":13,"lc_name":"Urban and Built-up Lands"}},{"type":"Feature","geometry":{"type":"Polygon","coordinates":[[[106.8,-6.2769],[106.8125,-6.2769],[106.8125,-6.2648],[106.8,-6.2648],[106.8,-6.2769]]]},"properties":{"lc_code":13,"lc_name":"Urban and Built-up Lands"}},{"type":"Feature","geometry":{"type":"Polygon","coordinates":[[[106.8125,-6.2769],[106.825,-6.2769],[106.825,-6.2648],[106.8125,-6.2648],[106.8125,-6.2769]]]},"properties":{"lc_code":13,"lc_name":"Urban and Built-up Lands"}},{"type":"Feature","geometry":{"type":"Polygon","coordinates":[[[106.825,-6.2769],[106.8375,-6.2769],[106.8375,-6.2648],[106.825,-6.2648],[106.825,-6.2769]]]},"properties":{"lc_code":13,"lc_name":"Urban and Built-up Lands"}},{"type":"Feature","geometry":{"type":"Polygon","coordinates":[[[106.8375,-6.2769],[106.85,-6.2769],[106.85,-6.2648],[106.8375,-6.2648],[106.8375,-6.2769]]]},"properties":{"lc_code":13,"lc_name":"Urban and Built-up Lands"}},{"type":"Feature","geometry":{"type":"Polygon","coordinates":[[[106.85,-6.2769],[106.8625,-6.2769],[106.8625,-6.2648],[106.85,-6.2648],[106.85,-6.2769]]]},"properties":{"lc_code":13,"lc_name":"Urban and Built-up Lands"}},{"type":"Feature","geometry":{"type":"Polygon","coordinates":[[[106.8625,-6.2769],[106.875,-6.2769],[106.875,-6.2648],[106.8625,-6.2648],[106.8625,-6.2769]]]},"properties":{"lc_code":13,"lc_name":"Urban and Built-up Lands"}},{"type":"Feature","geometry":{"type":"Polygon","coordinates":[[[106.875,-6.2769],[106.8875,-6.2769],[106.8875,-6.2648],[106.875,-6.2648],[106.875,-6.2769]]]},"properties":{"lc_code":13,"lc_name":"Urban and Built-up Lands"}},{"type":"Feature","geometry":{"type":"Polygon","coordinates":[[[106.8875,-6.2769],[106.9,-6.2769],[106.9,-6.2648],[106.8875,-6.2648],[106.8875,-6.2769]]]},"properties":{"lc_code":13,"lc_name":"Urban and Built-up Lands"}},{"type":"Feature","geometry":{"type":"Polygon","coordinates":[[[106.9,-6.2769],[106.9125,-6.2769],[106.9125,-6.2648],[106.9,-6.2648],[106.9,-6.2769]]]},"properties":{"lc_code":13,"lc_name":"Urban and Built-up Lands"}},{"type":"Feature","geometry":{"type":"Polygon","coordinates":[[[106.9125,-6.2769],[106.925,-6.2769],[106.925,-6.2648],[106.9125,-6.2648],[106.9125,-6.2769]]]},"properties":{"lc_code":13,"lc_name":"Urban and Built-up Lands"}},{"type":"Feature","geometry":{"type":"Polygon","coordinates":[[[106.925,-6.2769],[106.9375,-6.2769],[106.9375,-6.2648],[106.925,-6.2648],[106.925,-6.2769]]]},"properties":{"lc_code":13,"lc_name":"Urban and Built-up Lands"}},{"type":"Feature","geometry":{"type":"Polygon","coordinates":[[[106.9375,-6.2769],[106.95,-6.2769],[106.95,-6.2648],[106.9375,-6.2648],[106.9375,-6.2769]]]},"properties":{"lc_code":13,"lc_name":"Urban and Built-up Lands"}},{"type":"Feature","geometry":{"type":"Polygon","coordinates":[[[106.95,-6.2769],[106.9625,-6.2769],[106.9625,-6.2648],[106.95,-6.2648],[106.95,-6.2769]]]},"properties":{"lc_code":13,"lc_name":"Urban and Built-up Lands"}},{"type":"Feature","geometry":{"type":"Polygon","coordinates":[[[106.9625,-6.2769],[106.975,-6.2769],[106.975,-6.2648],[106.9625,-6.2648],[106.9625,-6.2769]]]},"properties":{"lc_code":13,"lc_name":"Urban and Built-up Lands"}},{"type":"Feature","geometry":{"type":"Polygon","coordinates":[[[106.975,-6.2769],[106.9875,-6.2769],[106.9875,-6.2648],[106.975,-6.2648],[106.975,-6.2769]]]},"properties":{"lc_code":13,"lc_name":"Urban and Built-up Lands"}},{"type":"Feature","geometry":{"type":"Polygon","coordinates":[[[106.9875,-6.2769],[107,-6.2769],[107,-6.2648],[106.9875,-6.2648],[106.9875,-6.2769]]]},"properties":{"lc_code":13,"lc_name":"Urban and Built-up Lands"}},{"type":"Feature","geometry":{"type":"Polygon","coordinates":[[[107,-6.2769],[107.0125,-6.2769],[107.0125,-6.2648],[107,-6.2648],[107,-6.2769]]]},"properties":{"lc_code":13,"lc_name":"Urban and Built-up Lands"}},{"type":"Feature","geometry":{"type":"Polygon","coordinates":[[[107.0125,-6.2769],[107.025,-6.2769],[107.025,-6.2648],[107.0125,-6.2648],[107.0125,-6.2769]]]},"properties":{"lc_code":13,"lc_name":"Urban and Built-up Lands"}},{"type":"Feature","geometry":{"type":"Polygon","coordinates":[[[107.025,-6.2769],[107.0375,-6.2769],[107.0375,-6.2648],[107.025,-6.2648],[107.025,-6.2769]]]},"properties":{"lc_code":13,"lc_name":"Urban and Built-up Lands"}},{"type":"Feature","geometry":{"type":"Polygon","coordinates":[[[107.0375,-6.2769],[107.05,-6.2769],[107.05,-6.2648],[107.0375,-6.2648],[107.0375,-6.2769]]]},"properties":{"lc_code":13,"lc_name":"Urban and Built-up Lands"}},{"type":"Feature","geometry":{"type":"Polygon","coordinates":[[[107.05,-6.2769],[107.0625,-6.2769],[107.0625,-6.2648],[107.05,-6.2648],[107.05,-6.2769]]]},"properties":{"lc_code":13,"lc_name":"Urban and Built-up Lands"}},{"type":"Feature","geometry":{"type":"Polygon","coordinates":[[[107.0625,-6.2769],[107.075,-6.2769],[107.075,-6.2648],[107.0625,-6.2648],[107.0625,-6.2769]]]},"properties":{"lc_code":13,"lc_name":"Urban and Built-up Lands"}},{"type":"Feature","geometry":{"type":"Polygon","coordinates":[[[107.075,-6.2769],[107.0875,-6.2769],[107.0875,-6.2648],[107.075,-6.2648],[107.075,-6.2769]]]},"properties":{"lc_code":13,"lc_name":"Urban and Built-up Lands"}},{"type":"Feature","geometry":{"type":"Polygon","coordinates":[[[107.0875,-6.2769],[107.1,-6.2769],[107.1,-6.2648],[107.0875,-6.2648],[107.0875,-6.2769]]]},"properties":{"lc_code":13,"lc_name":"Urban and Built-up Lands"}},{"type":"Feature","geometry":{"type":"Polygon","coordinates":[[[107.1,-6.2769],[107.1125,-6.2769],[107.1125,-6.2648],[107.1,-6.2648],[107.1,-6.2769]]]},"properties":{"lc_code":13,"lc_name":"Urban and Built-up Lands"}},{"type":"Feature","geometry":{"type":"Polygon","coordinates":[[[107.1125,-6.2769],[107.125,-6.2769],[107.125,-6.2648],[107.1125,-6.2648],[107.1125,-6.2769]]]},"properties":{"lc_code":13,"lc_name":"Urban and Built-up Lands"}},{"type":"Feature","geometry":{"type":"Polygon","coordinates":[[[107.125,-6.2769],[107.1375,-6.2769],[107.1375,-6.2648],[107.125,-6.2648],[107.125,-6.2769]]]},"properties":{"lc_code":13,"lc_name":"Urban and Built-up Lands"}},{"type":"Feature","geometry":{"type":"Polygon","coordinates":[[[107.1375,-6.2769],[107.15,-6.2769],[107.15,-6.2648],[107.1375,-6.2648],[107.1375,-6.2769]]]},"properties":{"lc_code":13,"lc_name":"Urban and Built-up Lands"}},{"type":"Feature","geometry":{"type":"Polygon","coordinates":[[[107.15,-6.2769],[107.1625,-6.2769],[107.1625,-6.2648],[107.15,-6.2648],[107.15,-6.2769]]]},"properties":{"lc_code":13,"lc_name":"Urban and Built-up Lands"}},{"type":"Feature","geometry":{"type":"Polygon","coordinates":[[[107.1625,-6.2769],[107.175,-6.2769],[107.175,-6.2648],[107.1625,-6.2648],[107.1625,-6.2769]]]},"properties":{"lc_code":13,"lc_name":"Urban and Built-up Lands"}},{"type":"Feature","geometry":{"type":"Polygon","coordinates":[[[107.175,-6.2769],[107.1875,-6.2769],[107.1875,-6.2648],[107.175,-6.2648],[107.175,-6.2769]]]},"properties":{"lc_code":13,"lc_name":"Urban and Built-up Lands"}},{"type":"Feature","geometry":{"type":"Polygon","coordinates":[[[107.1875,-6.2769],[107.2,-6.2769],[107.2,-6.2648],[107.1875,-6.2648],[107.1875,-6.2769]]]},"properties":{"lc_code":13,"lc_name":"Urban and Built-up Lands"}},{"type":"Feature","geometry":{"type":"Polygon","coordinates":[[[107.2,-6.2769],[107.2125,-6.2769],[107.2125,-6.2648],[107.2,-6.2648],[107.2,-6.2769]]]},"properties":{"lc_code":13,"lc_name":"Urban and Built-up Lands"}},{"type":"Feature","geometry":{"type":"Polygon","coordinates":[[[107.2125,-6.2769],[107.225,-6.2769],[107.225,-6.2648],[107.2125,-6.2648],[107.2125,-6.2769]]]},"properties":{"lc_code":13,"lc_name":"Urban and Built-up Lands"}},{"type":"Feature","geometry":{"type":"Polygon","coordinates":[[[107.225,-6.2769],[107.2375,-6.2769],[107.2375,-6.2648],[107.225,-6.2648],[107.225,-6.2769]]]},"properties":{"lc_code":13,"lc_name":"Urban and Built-up Lands"}},{"type":"Feature","geometry":{"type":"Polygon","coordinates":[[[107.2375,-6.2769],[107.25,-6.2769],[107.25,-6.2648],[107.2375,-6.2648],[107.2375,-6.2769]]]},"properties":{"lc_code":13,"lc_name":"Urban and Built-up Lands"}},{"type":"Feature","geometry":{"type":"Polygon","coordinates":[[[107.25,-6.2769],[107.2625,-6.2769],[107.2625,-6.2648],[107.25,-6.2648],[107.25,-6.2769]]]},"properties":{"lc_code":13,"lc_name":"Urban and Built-up Lands"}},{"type":"Feature","geometry":{"type":"Polygon","coordinates":[[[107.2625,-6.2769],[107.275,-6.2769],[107.275,-6.2648],[107.2625,-6.2648],[107.2625,-6.2769]]]},"properties":{"lc_code":13,"lc_name":"Urban and Built-up Lands"}},{"type":"Feature","geometry":{"type":"Polygon","coordinates":[[[107.275,-6.2769],[107.2875,-6.2769],[107.2875,-6.2648],[107.275,-6.2648],[107.275,-6.2769]]]},"properties":{"lc_code":13,"lc_name":"Urban and Built-up Lands"}},{"type":"Feature","geometry":{"type":"Polygon","coordinates":[[[107.2875,-6.2769],[107.3,-6.2769],[107.3,-6.2648],[107.2875,-6.2648],[107.2875,-6.2769]]]},"properties":{"lc_code":12,"lc_name":"Cropland / Natural Vegetation Mosaics"}},{"type":"Feature","geometry":{"type":"Polygon","coordinates":[[[106.5,-6.2648],[106.5125,-6.2648],[106.5125,-6.2528],[106.5,-6.2528],[106.5,-6.2648]]]},"properties":{"lc_code":12,"lc_name":"Cropland / Natural Vegetation Mosaics"}},{"type":"Feature","geometry":{"type":"Polygon","coordinates":[[[106.5125,-6.2648],[106.525,-6.2648],[106.525,-6.2528],[106.5125,-6.2528],[106.5125,-6.2648]]]},"properties":{"lc_code":12,"lc_name":"Cropland / Natural Vegetation Mosaics"}},{"type":"Feature","geometry":{"type":"Polygon","coordinates":[[[106.525,-6.2648],[106.5375,-6.2648],[106.5375,-6.2528],[106.525,-6.2528],[106.525,-6.2648]]]},"properties":{"lc_code":12,"lc_name":"Cropland / Natural Vegetation Mosaics"}},{"type":"Feature","geometry":{"type":"Polygon","coordinates":[[[106.5375,-6.2648],[106.55,-6.2648],[106.55,-6.2528],[106.5375,-6.2528],[106.5375,-6.2648]]]},"properties":{"lc_code":12,"lc_name":"Cropland / Natural Vegetation Mosaics"}},{"type":"Feature","geometry":{"type":"Polygon","coordinates":[[[106.55,-6.2648],[106.5625,-6.2648],[106.5625,-6.2528],[106.55,-6.2528],[106.55,-6.2648]]]},"properties":{"lc_code":13,"lc_name":"Urban and Built-up Lands"}},{"type":"Feature","geometry":{"type":"Polygon","coordinates":[[[106.5625,-6.2648],[106.575,-6.2648],[106.575,-6.2528],[106.5625,-6.2528],[106.5625,-6.2648]]]},"properties":{"lc_code":13,"lc_name":"Urban and Built-up Lands"}},{"type":"Feature","geometry":{"type":"Polygon","coordinates":[[[106.575,-6.2648],[106.5875,-6.2648],[106.5875,-6.2528],[106.575,-6.2528],[106.575,-6.2648]]]},"properties":{"lc_code":13,"lc_name":"Urban and Built-up Lands"}},{"type":"Feature","geometry":{"type":"Polygon","coordinates":[[[106.5875,-6.2648],[106.6,-6.2648],[106.6,-6.2528],[106.5875,-6.2528],[106.5875,-6.2648]]]},"properties":{"lc_code":13,"lc_name":"Urban and Built-up Lands"}},{"type":"Feature","geometry":{"type":"Polygon","coordinates":[[[106.6,-6.2648],[106.6125,-6.2648],[106.6125,-6.2528],[106.6,-6.2528],[106.6,-6.2648]]]},"properties":{"lc_code":13,"lc_name":"Urban and Built-up Lands"}},{"type":"Feature","geometry":{"type":"Polygon","coordinates":[[[106.6125,-6.2648],[106.625,-6.2648],[106.625,-6.2528],[106.6125,-6.2528],[106.6125,-6.2648]]]},"properties":{"lc_code":13,"lc_name":"Urban and Built-up Lands"}},{"type":"Feature","geometry":{"type":"Polygon","coordinates":[[[106.625,-6.2648],[106.6375,-6.2648],[106.6375,-6.2528],[106.625,-6.2528],[106.625,-6.2648]]]},"properties":{"lc_code":13,"lc_name":"Urban and Built-up Lands"}},{"type":"Feature","geometry":{"type":"Polygon","coordinates":[[[106.6375,-6.2648],[106.65,-6.2648],[106.65,-6.2528],[106.6375,-6.2528],[106.6375,-6.2648]]]},"properties":{"lc_code":13,"lc_name":"Urban and Built-up Lands"}},{"type":"Feature","geometry":{"type":"Polygon","coordinates":[[[106.65,-6.2648],[106.6625,-6.2648],[106.6625,-6.2528],[106.65,-6.2528],[106.65,-6.2648]]]},"properties":{"lc_code":13,"lc_name":"Urban and Built-up Lands"}},{"type":"Feature","geometry":{"type":"Polygon","coordinates":[[[106.6625,-6.2648],[106.675,-6.2648],[106.675,-6.2528],[106.6625,-6.2528],[106.6625,-6.2648]]]},"properties":{"lc_code":13,"lc_name":"Urban and Built-up Lands"}},{"type":"Feature","geometry":{"type":"Polygon","coordinates":[[[106.675,-6.2648],[106.6875,-6.2648],[106.6875,-6.2528],[106.675,-6.2528],[106.675,-6.2648]]]},"properties":{"lc_code":13,"lc_name":"Urban and Built-up Lands"}},{"type":"Feature","geometry":{"type":"Polygon","coordinates":[[[106.6875,-6.2648],[106.7,-6.2648],[106.7,-6.2528],[106.6875,-6.2528],[106.6875,-6.2648]]]},"properties":{"lc_code":13,"lc_name":"Urban and Built-up Lands"}},{"type":"Feature","geometry":{"type":"Polygon","coordinates":[[[106.7,-6.2648],[106.7125,-6.2648],[106.7125,-6.2528],[106.7,-6.2528],[106.7,-6.2648]]]},"properties":{"lc_code":13,"lc_name":"Urban and Built-up Lands"}},{"type":"Feature","geometry":{"type":"Polygon","coordinates":[[[106.7125,-6.2648],[106.725,-6.2648],[106.725,-6.2528],[106.7125,-6.2528],[106.7125,-6.2648]]]},"properties":{"lc_code":13,"lc_name":"Urban and Built-up Lands"}},{"type":"Feature","geometry":{"type":"Polygon","coordinates":[[[106.725,-6.2648],[106.7375,-6.2648],[106.7375,-6.2528],[106.725,-6.2528],[106.725,-6.2648]]]},"properties":{"lc_code":13,"lc_name":"Urban and Built-up Lands"}},{"type":"Feature","geometry":{"type":"Polygon","coordinates":[[[106.7375,-6.2648],[106.75,-6.2648],[106.75,-6.2528],[106.7375,-6.2528],[106.7375,-6.2648]]]},"properties":{"lc_code":13,"lc_name":"Urban and Built-up Lands"}},{"type":"Feature","geometry":{"type":"Polygon","coordinates":[[[106.75,-6.2648],[106.7625,-6.2648],[106.7625,-6.2528],[106.75,-6.2528],[106.75,-6.2648]]]},"properties":{"lc_code":13,"lc_name":"Urban and Built-up Lands"}},{"type":"Feature","geometry":{"type":"Polygon","coordinates":[[[106.7625,-6.2648],[106.775,-6.2648],[106.775,-6.2528],[106.7625,-6.2528],[106.7625,-6.2648]]]},"properties":{"lc_code":13,"lc_name":"Urban and Built-up Lands"}},{"type":"Feature","geometry":{"type":"Polygon","coordinates":[[[106.775,-6.2648],[106.7875,-6.2648],[106.7875,-6.2528],[106.775,-6.2528],[106.775,-6.2648]]]},"properties":{"lc_code":13,"lc_name":"Urban and Built-up Lands"}},{"type":"Feature","geometry":{"type":"Polygon","coordinates":[[[106.7875,-6.2648],[106.8,-6.2648],[106.8,-6.2528],[106.7875,-6.2528],[106.7875,-6.2648]]]},"properties":{"lc_code":13,"lc_name":"Urban and Built-up Lands"}},{"type":"Feature","geometry":{"type":"Polygon","coordinates":[[[106.8,-6.2648],[106.8125,-6.2648],[106.8125,-6.2528],[106.8,-6.2528],[106.8,-6.2648]]]},"properties":{"lc_code":13,"lc_name":"Urban and Built-up Lands"}},{"type":"Feature","geometry":{"type":"Polygon","coordinates":[[[106.8125,-6.2648],[106.825,-6.2648],[106.825,-6.2528],[106.8125,-6.2528],[106.8125,-6.2648]]]},"properties":{"lc_code":13,"lc_name":"Urban and Built-up Lands"}},{"type":"Feature","geometry":{"type":"Polygon","coordinates":[[[106.825,-6.2648],[106.8375,-6.2648],[106.8375,-6.2528],[106.825,-6.2528],[106.825,-6.2648]]]},"properties":{"lc_code":13,"lc_name":"Urban and Built-up Lands"}},{"type":"Feature","geometry":{"type":"Polygon","coordinates":[[[106.8375,-6.2648],[106.85,-6.2648],[106.85,-6.2528],[106.8375,-6.2528],[106.8375,-6.2648]]]},"properties":{"lc_code":13,"lc_name":"Urban and Built-up Lands"}},{"type":"Feature","geometry":{"type":"Polygon","coordinates":[[[106.85,-6.2648],[106.8625,-6.2648],[106.8625,-6.2528],[106.85,-6.2528],[106.85,-6.2648]]]},"properties":{"lc_code":13,"lc_name":"Urban and Built-up Lands"}},{"type":"Feature","geometry":{"type":"Polygon","coordinates":[[[106.8625,-6.2648],[106.875,-6.2648],[106.875,-6.2528],[106.8625,-6.2528],[106.8625,-6.2648]]]},"properties":{"lc_code":13,"lc_name":"Urban and Built-up Lands"}},{"type":"Feature","geometry":{"type":"Polygon","coordinates":[[[106.875,-6.2648],[106.8875,-6.2648],[106.8875,-6.2528],[106.875,-6.2528],[106.875,-6.2648]]]},"properties":{"lc_code":13,"lc_name":"Urban and Built-up Lands"}},{"type":"Feature","geometry":{"type":"Polygon","coordinates":[[[106.8875,-6.2648],[106.9,-6.2648],[106.9,-6.2528],[106.8875,-6.2528],[106.8875,-6.2648]]]},"properties":{"lc_code":13,"lc_name":"Urban and Built-up Lands"}},{"type":"Feature","geometry":{"type":"Polygon","coordinates":[[[106.9,-6.2648],[106.9125,-6.2648],[106.9125,-6.2528],[106.9,-6.2528],[106.9,-6.2648]]]},"properties":{"lc_code":13,"lc_name":"Urban and Built-up Lands"}},{"type":"Feature","geometry":{"type":"Polygon","coordinates":[[[106.9125,-6.2648],[106.925,-6.2648],[106.925,-6.2528],[106.9125,-6.2528],[106.9125,-6.2648]]]},"properties":{"lc_code":13,"lc_name":"Urban and Built-up Lands"}},{"type":"Feature","geometry":{"type":"Polygon","coordinates":[[[106.925,-6.2648],[106.9375,-6.2648],[106.9375,-6.2528],[106.925,-6.2528],[106.925,-6.2648]]]},"properties":{"lc_code":13,"lc_name":"Urban and Built-up Lands"}},{"type":"Feature","geometry":{"type":"Polygon","coordinates":[[[106.9375,-6.2648],[106.95,-6.2648],[106.95,-6.2528],[106.9375,-6.2528],[106.9375,-6.2648]]]},"properties":{"lc_code":13,"lc_name":"Urban and Built-up Lands"}},{"type":"Feature","geometry":{"type":"Polygon","coordinates":[[[106.95,-6.2648],[106.9625,-6.2648],[106.9625,-6.2528],[106.95,-6.2528],[106.95,-6.2648]]]},"properties":{"lc_code":13,"lc_name":"Urban and Built-up Lands"}},{"type":"Feature","geometry":{"type":"Polygon","coordinates":[[[106.9625,-6.2648],[106.975,-6.2648],[106.975,-6.2528],[106.9625,-6.2528],[106.9625,-6.2648]]]},"properties":{"lc_code":13,"lc_name":"Urban and Built-up Lands"}},{"type":"Feature","geometry":{"type":"Polygon","coordinates":[[[106.975,-6.2648],[106.9875,-6.2648],[106.9875,-6.2528],[106.975,-6.2528],[106.975,-6.2648]]]},"properties":{"lc_code":13,"lc_name":"Urban and Built-up Lands"}},{"type":"Feature","geometry":{"type":"Polygon","coordinates":[[[106.9875,-6.2648],[107,-6.2648],[107,-6.2528],[106.9875,-6.2528],[106.9875,-6.2648]]]},"properties":{"lc_code":13,"lc_name":"Urban and Built-up Lands"}},{"type":"Feature","geometry":{"type":"Polygon","coordinates":[[[107,-6.2648],[107.0125,-6.2648],[107.0125,-6.2528],[107,-6.2528],[107,-6.2648]]]},"properties":{"lc_code":13,"lc_name":"Urban and Built-up Lands"}},{"type":"Feature","geometry":{"type":"Polygon","coordinates":[[[107.0125,-6.2648],[107.025,-6.2648],[107.025,-6.2528],[107.0125,-6.2528],[107.0125,-6.2648]]]},"properties":{"lc_code":13,"lc_name":"Urban and Built-up Lands"}},{"type":"Feature","geometry":{"type":"Polygon","coordinates":[[[107.025,-6.2648],[107.0375,-6.2648],[107.0375,-6.2528],[107.025,-6.2528],[107.025,-6.2648]]]},"properties":{"lc_code":13,"lc_name":"Urban and Built-up Lands"}},{"type":"Feature","geometry":{"type":"Polygon","coordinates":[[[107.0375,-6.2648],[107.05,-6.2648],[107.05,-6.2528],[107.0375,-6.2528],[107.0375,-6.2648]]]},"properties":{"lc_code":13,"lc_name":"Urban and Built-up Lands"}},{"type":"Feature","geometry":{"type":"Polygon","coordinates":[[[107.05,-6.2648],[107.0625,-6.2648],[107.0625,-6.2528],[107.05,-6.2528],[107.05,-6.2648]]]},"properties":{"lc_code":13,"lc_name":"Urban and Built-up Lands"}},{"type":"Feature","geometry":{"type":"Polygon","coordinates":[[[107.0625,-6.2648],[107.075,-6.2648],[107.075,-6.2528],[107.0625,-6.2528],[107.0625,-6.2648]]]},"properties":{"lc_code":13,"lc_name":"Urban and Built-up Lands"}},{"type":"Feature","geometry":{"type":"Polygon","coordinates":[[[107.075,-6.2648],[107.0875,-6.2648],[107.0875,-6.2528],[107.075,-6.2528],[107.075,-6.2648]]]},"properties":{"lc_code":13,"lc_name":"Urban and Built-up Lands"}},{"type":"Feature","geometry":{"type":"Polygon","coordinates":[[[107.0875,-6.2648],[107.1,-6.2648],[107.1,-6.2528],[107.0875,-6.2528],[107.0875,-6.2648]]]},"properties":{"lc_code":13,"lc_name":"Urban and Built-up Lands"}},{"type":"Feature","geometry":{"type":"Polygon","coordinates":[[[107.1,-6.2648],[107.1125,-6.2648],[107.1125,-6.2528],[107.1,-6.2528],[107.1,-6.2648]]]},"properties":{"lc_code":13,"lc_name":"Urban and Built-up Lands"}},{"type":"Feature","geometry":{"type":"Polygon","coordinates":[[[107.1125,-6.2648],[107.125,-6.2648],[107.125,-6.2528],[107.1125,-6.2528],[107.1125,-6.2648]]]},"properties":{"lc_code":13,"lc_name":"Urban and Built-up Lands"}},{"type":"Feature","geometry":{"type":"Polygon","coordinates":[[[107.125,-6.2648],[107.1375,-6.2648],[107.1375,-6.2528],[107.125,-6.2528],[107.125,-6.2648]]]},"properties":{"lc_code":13,"lc_name":"Urban and Built-up Lands"}},{"type":"Feature","geometry":{"type":"Polygon","coordinates":[[[107.1375,-6.2648],[107.15,-6.2648],[107.15,-6.2528],[107.1375,-6.2528],[107.1375,-6.2648]]]},"properties":{"lc_code":13,"lc_name":"Urban and Built-up Lands"}},{"type":"Feature","geometry":{"type":"Polygon","coordinates":[[[107.15,-6.2648],[107.1625,-6.2648],[107.1625,-6.2528],[107.15,-6.2528],[107.15,-6.2648]]]},"properties":{"lc_code":13,"lc_name":"Urban and Built-up Lands"}},{"type":"Feature","geometry":{"type":"Polygon","coordinates":[[[107.1625,-6.2648],[107.175,-6.2648],[107.175,-6.2528],[107.1625,-6.2528],[107.1625,-6.2648]]]},"properties":{"lc_code":13,"lc_name":"Urban and Built-up Lands"}},{"type":"Feature","geometry":{"type":"Polygon","coordinates":[[[107.175,-6.2648],[107.1875,-6.2648],[107.1875,-6.2528],[107.175,-6.2528],[107.175,-6.2648]]]},"properties":{"lc_code":13,"lc_name":"Urban and Built-up Lands"}},{"type":"Feature","geometry":{"type":"Polygon","coordinates":[[[107.1875,-6.2648],[107.2,-6.2648],[107.2,-6.2528],[107.1875,-6.2528],[107.1875,-6.2648]]]},"properties":{"lc_code":13,"lc_name":"Urban and Built-up Lands"}},{"type":"Feature","geometry":{"type":"Polygon","coordinates":[[[107.2,-6.2648],[107.2125,-6.2648],[107.2125,-6.2528],[107.2,-6.2528],[107.2,-6.2648]]]},"properties":{"lc_code":13,"lc_name":"Urban and Built-up Lands"}},{"type":"Feature","geometry":{"type":"Polygon","coordinates":[[[107.2125,-6.2648],[107.225,-6.2648],[107.225,-6.2528],[107.2125,-6.2528],[107.2125,-6.2648]]]},"properties":{"lc_code":13,"lc_name":"Urban and Built-up Lands"}},{"type":"Feature","geometry":{"type":"Polygon","coordinates":[[[107.225,-6.2648],[107.2375,-6.2648],[107.2375,-6.2528],[107.225,-6.2528],[107.225,-6.2648]]]},"properties":{"lc_code":13,"lc_name":"Urban and Built-up Lands"}},{"type":"Feature","geometry":{"type":"Polygon","coordinates":[[[107.2375,-6.2648],[107.25,-6.2648],[107.25,-6.2528],[107.2375,-6.2528],[107.2375,-6.2648]]]},"properties":{"lc_code":13,"lc_name":"Urban and Built-up Lands"}},{"type":"Feature","geometry":{"type":"Polygon","coordinates":[[[107.25,-6.2648],[107.2625,-6.2648],[107.2625,-6.2528],[107.25,-6.2528],[107.25,-6.2648]]]},"properties":{"lc_code":13,"lc_name":"Urban and Built-up Lands"}},{"type":"Feature","geometry":{"type":"Polygon","coordinates":[[[107.2625,-6.2648],[107.275,-6.2648],[107.275,-6.2528],[107.2625,-6.2528],[107.2625,-6.2648]]]},"properties":{"lc_code":13,"lc_name":"Urban and Built-up Lands"}},{"type":"Feature","geometry":{"type":"Polygon","coordinates":[[[107.275,-6.2648],[107.2875,-6.2648],[107.2875,-6.2528],[107.275,-6.2528],[107.275,-6.2648]]]},"properties":{"lc_code":13,"lc_name":"Urban and Built-up Lands"}},{"type":"Feature","geometry":{"type":"Polygon","coordinates":[[[107.2875,-6.2648],[107.3,-6.2648],[107.3,-6.2528],[107.2875,-6.2528],[107.2875,-6.2648]]]},"properties":{"lc_code":12,"lc_name":"Cropland / Natural Vegetation Mosaics"}},{"type":"Feature","geometry":{"type":"Polygon","coordinates":[[[106.5,-6.2528],[106.5125,-6.2528],[106.5125,-6.2407],[106.5,-6.2407],[106.5,-6.2528]]]},"properties":{"lc_code":12,"lc_name":"Cropland / Natural Vegetation Mosaics"}},{"type":"Feature","geometry":{"type":"Polygon","coordinates":[[[106.5125,-6.2528],[106.525,-6.2528],[106.525,-6.2407],[106.5125,-6.2407],[106.5125,-6.2528]]]},"properties":{"lc_code":12,"lc_name":"Cropland / Natural Vegetation Mosaics"}},{"type":"Feature","geometry":{"type":"Polygon","coordinates":[[[106.525,-6.2528],[106.5375,-6.2528],[106.5375,-6.2407],[106.525,-6.2407],[106.525,-6.2528]]]},"properties":{"lc_code":12,"lc_name":"Cropland / Natural Vegetation Mosaics"}},{"type":"Feature","geometry":{"type":"Polygon","coordinates":[[[106.5375,-6.2528],[106.55,-6.2528],[106.55,-6.2407],[106.5375,-6.2407],[106.5375,-6.2528]]]},"properties":{"lc_code":13,"lc_name":"Urban and Built-up Lands"}},{"type":"Feature","geometry":{"type":"Polygon","coordinates":[[[106.55,-6.2528],[106.5625,-6.2528],[106.5625,-6.2407],[106.55,-6.2407],[106.55,-6.2528]]]},"properties":{"lc_code":13,"lc_name":"Urban and Built-up Lands"}},{"type":"Feature","geometry":{"type":"Polygon","coordinates":[[[106.5625,-6.2528],[106.575,-6.2528],[106.575,-6.2407],[106.5625,-6.2407],[106.5625,-6.2528]]]},"properties":{"lc_code":13,"lc_name":"Urban and Built-up Lands"}},{"type":"Feature","geometry":{"type":"Polygon","coordinates":[[[106.575,-6.2528],[106.5875,-6.2528],[106.5875,-6.2407],[106.575,-6.2407],[106.575,-6.2528]]]},"properties":{"lc_code":13,"lc_name":"Urban and Built-up Lands"}},{"type":"Feature","geometry":{"type":"Polygon","coordinates":[[[106.5875,-6.2528],[106.6,-6.2528],[106.6,-6.2407],[106.5875,-6.2407],[106.5875,-6.2528]]]},"properties":{"lc_code":13,"lc_name":"Urban and Built-up Lands"}},{"type":"Feature","geometry":{"type":"Polygon","coordinates":[[[106.6,-6.2528],[106.6125,-6.2528],[106.6125,-6.2407],[106.6,-6.2407],[106.6,-6.2528]]]},"properties":{"lc_code":13,"lc_name":"Urban and Built-up Lands"}},{"type":"Feature","geometry":{"type":"Polygon","coordinates":[[[106.6125,-6.2528],[106.625,-6.2528],[106.625,-6.2407],[106.6125,-6.2407],[106.6125,-6.2528]]]},"properties":{"lc_code":13,"lc_name":"Urban and Built-up Lands"}},{"type":"Feature","geometry":{"type":"Polygon","coordinates":[[[106.625,-6.2528],[106.6375,-6.2528],[106.6375,-6.2407],[106.625,-6.2407],[106.625,-6.2528]]]},"properties":{"lc_code":13,"lc_name":"Urban and Built-up Lands"}},{"type":"Feature","geometry":{"type":"Polygon","coordinates":[[[106.6375,-6.2528],[106.65,-6.2528],[106.65,-6.2407],[106.6375,-6.2407],[106.6375,-6.2528]]]},"properties":{"lc_code":13,"lc_name":"Urban and Built-up Lands"}},{"type":"Feature","geometry":{"type":"Polygon","coordinates":[[[106.65,-6.2528],[106.6625,-6.2528],[106.6625,-6.2407],[106.65,-6.2407],[106.65,-6.2528]]]},"properties":{"lc_code":13,"lc_name":"Urban and Built-up Lands"}},{"type":"Feature","geometry":{"type":"Polygon","coordinates":[[[106.6625,-6.2528],[106.675,-6.2528],[106.675,-6.2407],[106.6625,-6.2407],[106.6625,-6.2528]]]},"properties":{"lc_code":13,"lc_name":"Urban and Built-up Lands"}},{"type":"Feature","geometry":{"type":"Polygon","coordinates":[[[106.675,-6.2528],[106.6875,-6.2528],[106.6875,-6.2407],[106.675,-6.2407],[106.675,-6.2528]]]},"properties":{"lc_code":13,"lc_name":"Urban and Built-up Lands"}},{"type":"Feature","geometry":{"type":"Polygon","coordinates":[[[106.6875,-6.2528],[106.7,-6.2528],[106.7,-6.2407],[106.6875,-6.2407],[106.6875,-6.2528]]]},"properties":{"lc_code":13,"lc_name":"Urban and Built-up Lands"}},{"type":"Feature","geometry":{"type":"Polygon","coordinates":[[[106.7,-6.2528],[106.7125,-6.2528],[106.7125,-6.2407],[106.7,-6.2407],[106.7,-6.2528]]]},"properties":{"lc_code":13,"lc_name":"Urban and Built-up Lands"}},{"type":"Feature","geometry":{"type":"Polygon","coordinates":[[[106.7125,-6.2528],[106.725,-6.2528],[106.725,-6.2407],[106.7125,-6.2407],[106.7125,-6.2528]]]},"properties":{"lc_code":13,"lc_name":"Urban and Built-up Lands"}},{"type":"Feature","geometry":{"type":"Polygon","coordinates":[[[106.725,-6.2528],[106.7375,-6.2528],[106.7375,-6.2407],[106.725,-6.2407],[106.725,-6.2528]]]},"properties":{"lc_code":13,"lc_name":"Urban and Built-up Lands"}},{"type":"Feature","geometry":{"type":"Polygon","coordinates":[[[106.7375,-6.2528],[106.75,-6.2528],[106.75,-6.2407],[106.7375,-6.2407],[106.7375,-6.2528]]]},"properties":{"lc_code":13,"lc_name":"Urban and Built-up Lands"}},{"type":"Feature","geometry":{"type":"Polygon","coordinates":[[[106.75,-6.2528],[106.7625,-6.2528],[106.7625,-6.2407],[106.75,-6.2407],[106.75,-6.2528]]]},"properties":{"lc_code":13,"lc_name":"Urban and Built-up Lands"}},{"type":"Feature","geometry":{"type":"Polygon","coordinates":[[[106.7625,-6.2528],[106.775,-6.2528],[106.775,-6.2407],[106.7625,-6.2407],[106.7625,-6.2528]]]},"properties":{"lc_code":13,"lc_name":"Urban and Built-up Lands"}},{"type":"Feature","geometry":{"type":"Polygon","coordinates":[[[106.775,-6.2528],[106.7875,-6.2528],[106.7875,-6.2407],[106.775,-6.2407],[106.775,-6.2528]]]},"properties":{"lc_code":13,"lc_name":"Urban and Built-up Lands"}},{"type":"Feature","geometry":{"type":"Polygon","coordinates":[[[106.7875,-6.2528],[106.8,-6.2528],[106.8,-6.2407],[106.7875,-6.2407],[106.7875,-6.2528]]]},"properties":{"lc_code":13,"lc_name":"Urban and Built-up Lands"}},{"type":"Feature","geometry":{"type":"Polygon","coordinates":[[[106.8,-6.2528],[106.8125,-6.2528],[106.8125,-6.2407],[106.8,-6.2407],[106.8,-6.2528]]]},"properties":{"lc_code":13,"lc_name":"Urban and Built-up Lands"}},{"type":"Feature","geometry":{"type":"Polygon","coordinates":[[[106.8125,-6.2528],[106.825,-6.2528],[106.825,-6.2407],[106.8125,-6.2407],[106.8125,-6.2528]]]},"properties":{"lc_code":13,"lc_name":"Urban and Built-up Lands"}},{"type":"Feature","geometry":{"type":"Polygon","coordinates":[[[106.825,-6.2528],[106.8375,-6.2528],[106.8375,-6.2407],[106.825,-6.2407],[106.825,-6.2528]]]},"properties":{"lc_code":13,"lc_name":"Urban and Built-up Lands"}},{"type":"Feature","geometry":{"type":"Polygon","coordinates":[[[106.8375,-6.2528],[106.85,-6.2528],[106.85,-6.2407],[106.8375,-6.2407],[106.8375,-6.2528]]]},"properties":{"lc_code":13,"lc_name":"Urban and Built-up Lands"}},{"type":"Feature","geometry":{"type":"Polygon","coordinates":[[[106.85,-6.2528],[106.8625,-6.2528],[106.8625,-6.2407],[106.85,-6.2407],[106.85,-6.2528]]]},"properties":{"lc_code":13,"lc_name":"Urban and Built-up Lands"}},{"type":"Feature","geometry":{"type":"Polygon","coordinates":[[[106.8625,-6.2528],[106.875,-6.2528],[106.875,-6.2407],[106.8625,-6.2407],[106.8625,-6.2528]]]},"properties":{"lc_code":13,"lc_name":"Urban and Built-up Lands"}},{"type":"Feature","geometry":{"type":"Polygon","coordinates":[[[106.875,-6.2528],[106.8875,-6.2528],[106.8875,-6.2407],[106.875,-6.2407],[106.875,-6.2528]]]},"properties":{"lc_code":13,"lc_name":"Urban and Built-up Lands"}},{"type":"Feature","geometry":{"type":"Polygon","coordinates":[[[106.8875,-6.2528],[106.9,-6.2528],[106.9,-6.2407],[106.8875,-6.2407],[106.8875,-6.2528]]]},"properties":{"lc_code":13,"lc_name":"Urban and Built-up Lands"}},{"type":"Feature","geometry":{"type":"Polygon","coordinates":[[[106.9,-6.2528],[106.9125,-6.2528],[106.9125,-6.2407],[106.9,-6.2407],[106.9,-6.2528]]]},"properties":{"lc_code":13,"lc_name":"Urban and Built-up Lands"}},{"type":"Feature","geometry":{"type":"Polygon","coordinates":[[[106.9125,-6.2528],[106.925,-6.2528],[106.925,-6.2407],[106.9125,-6.2407],[106.9125,-6.2528]]]},"properties":{"lc_code":13,"lc_name":"Urban and Built-up Lands"}},{"type":"Feature","geometry":{"type":"Polygon","coordinates":[[[106.925,-6.2528],[106.9375,-6.2528],[106.9375,-6.2407],[106.925,-6.2407],[106.925,-6.2528]]]},"properties":{"lc_code":13,"lc_name":"Urban and Built-up Lands"}},{"type":"Feature","geometry":{"type":"Polygon","coordinates":[[[106.9375,-6.2528],[106.95,-6.2528],[106.95,-6.2407],[106.9375,-6.2407],[106.9375,-6.2528]]]},"properties":{"lc_code":13,"lc_name":"Urban and Built-up Lands"}},{"type":"Feature","geometry":{"type":"Polygon","coordinates":[[[106.95,-6.2528],[106.9625,-6.2528],[106.9625,-6.2407],[106.95,-6.2407],[106.95,-6.2528]]]},"properties":{"lc_code":13,"lc_name":"Urban and Built-up Lands"}},{"type":"Feature","geometry":{"type":"Polygon","coordinates":[[[106.9625,-6.2528],[106.975,-6.2528],[106.975,-6.2407],[106.9625,-6.2407],[106.9625,-6.2528]]]},"properties":{"lc_code":13,"lc_name":"Urban and Built-up Lands"}},{"type":"Feature","geometry":{"type":"Polygon","coordinates":[[[106.975,-6.2528],[106.9875,-6.2528],[106.9875,-6.2407],[106.975,-6.2407],[106.975,-6.2528]]]},"properties":{"lc_code":13,"lc_name":"Urban and Built-up Lands"}},{"type":"Feature","geometry":{"type":"Polygon","coordinates":[[[106.9875,-6.2528],[107,-6.2528],[107,-6.2407],[106.9875,-6.2407],[106.9875,-6.2528]]]},"properties":{"lc_code":13,"lc_name":"Urban and Built-up Lands"}},{"type":"Feature","geometry":{"type":"Polygon","coordinates":[[[107,-6.2528],[107.0125,-6.2528],[107.0125,-6.2407],[107,-6.2407],[107,-6.2528]]]},"properties":{"lc_code":13,"lc_name":"Urban and Built-up Lands"}},{"type":"Feature","geometry":{"type":"Polygon","coordinates":[[[107.0125,-6.2528],[107.025,-6.2528],[107.025,-6.2407],[107.0125,-6.2407],[107.0125,-6.2528]]]},"properties":{"lc_code":13,"lc_name":"Urban and Built-up Lands"}},{"type":"Feature","geometry":{"type":"Polygon","coordinates":[[[107.025,-6.2528],[107.0375,-6.2528],[107.0375,-6.2407],[107.025,-6.2407],[107.025,-6.2528]]]},"properties":{"lc_code":13,"lc_name":"Urban and Built-up Lands"}},{"type":"Feature","geometry":{"type":"Polygon","coordinates":[[[107.0375,-6.2528],[107.05,-6.2528],[107.05,-6.2407],[107.0375,-6.2407],[107.0375,-6.2528]]]},"properties":{"lc_code":13,"lc_name":"Urban and Built-up Lands"}},{"type":"Feature","geometry":{"type":"Polygon","coordinates":[[[107.05,-6.2528],[107.0625,-6.2528],[107.0625,-6.2407],[107.05,-6.2407],[107.05,-6.2528]]]},"properties":{"lc_code":13,"lc_name":"Urban and Built-up Lands"}},{"type":"Feature","geometry":{"type":"Polygon","coordinates":[[[107.0625,-6.2528],[107.075,-6.2528],[107.075,-6.2407],[107.0625,-6.2407],[107.0625,-6.2528]]]},"properties":{"lc_code":13,"lc_name":"Urban and Built-up Lands"}},{"type":"Feature","geometry":{"type":"Polygon","coordinates":[[[107.075,-6.2528],[107.0875,-6.2528],[107.0875,-6.2407],[107.075,-6.2407],[107.075,-6.2528]]]},"properties":{"lc_code":13,"lc_name":"Urban and Built-up Lands"}},{"type":"Feature","geometry":{"type":"Polygon","coordinates":[[[107.0875,-6.2528],[107.1,-6.2528],[107.1,-6.2407],[107.0875,-6.2407],[107.0875,-6.2528]]]},"properties":{"lc_code":13,"lc_name":"Urban and Built-up Lands"}},{"type":"Feature","geometry":{"type":"Polygon","coordinates":[[[107.1,-6.2528],[107.1125,-6.2528],[107.1125,-6.2407],[107.1,-6.2407],[107.1,-6.2528]]]},"properties":{"lc_code":13,"lc_name":"Urban and Built-up Lands"}},{"type":"Feature","geometry":{"type":"Polygon","coordinates":[[[107.1125,-6.2528],[107.125,-6.2528],[107.125,-6.2407],[107.1125,-6.2407],[107.1125,-6.2528]]]},"properties":{"lc_code":13,"lc_name":"Urban and Built-up Lands"}},{"type":"Feature","geometry":{"type":"Polygon","coordinates":[[[107.125,-6.2528],[107.1375,-6.2528],[107.1375,-6.2407],[107.125,-6.2407],[107.125,-6.2528]]]},"properties":{"lc_code":13,"lc_name":"Urban and Built-up Lands"}},{"type":"Feature","geometry":{"type":"Polygon","coordinates":[[[107.1375,-6.2528],[107.15,-6.2528],[107.15,-6.2407],[107.1375,-6.2407],[107.1375,-6.2528]]]},"properties":{"lc_code":13,"lc_name":"Urban and Built-up Lands"}},{"type":"Feature","geometry":{"type":"Polygon","coordinates":[[[107.15,-6.2528],[107.1625,-6.2528],[107.1625,-6.2407],[107.15,-6.2407],[107.15,-6.2528]]]},"properties":{"lc_code":13,"lc_name":"Urban and Built-up Lands"}},{"type":"Feature","geometry":{"type":"Polygon","coordinates":[[[107.1625,-6.2528],[107.175,-6.2528],[107.175,-6.2407],[107.1625,-6.2407],[107.1625,-6.2528]]]},"properties":{"lc_code":13,"lc_name":"Urban and Built-up Lands"}},{"type":"Feature","geometry":{"type":"Polygon","coordinates":[[[107.175,-6.2528],[107.1875,-6.2528],[107.1875,-6.2407],[107.175,-6.2407],[107.175,-6.2528]]]},"properties":{"lc_code":13,"lc_name":"Urban and Built-up Lands"}},{"type":"Feature","geometry":{"type":"Polygon","coordinates":[[[107.1875,-6.2528],[107.2,-6.2528],[107.2,-6.2407],[107.1875,-6.2407],[107.1875,-6.2528]]]},"properties":{"lc_code":13,"lc_name":"Urban and Built-up Lands"}},{"type":"Feature","geometry":{"type":"Polygon","coordinates":[[[107.2,-6.2528],[107.2125,-6.2528],[107.2125,-6.2407],[107.2,-6.2407],[107.2,-6.2528]]]},"properties":{"lc_code":13,"lc_name":"Urban and Built-up Lands"}},{"type":"Feature","geometry":{"type":"Polygon","coordinates":[[[107.2125,-6.2528],[107.225,-6.2528],[107.225,-6.2407],[107.2125,-6.2407],[107.2125,-6.2528]]]},"properties":{"lc_code":13,"lc_name":"Urban and Built-up Lands"}},{"type":"Feature","geometry":{"type":"Polygon","coordinates":[[[107.225,-6.2528],[107.2375,-6.2528],[107.2375,-6.2407],[107.225,-6.2407],[107.225,-6.2528]]]},"properties":{"lc_code":13,"lc_name":"Urban and Built-up Lands"}},{"type":"Feature","geometry":{"type":"Polygon","coordinates":[[[107.2375,-6.2528],[107.25,-6.2528],[107.25,-6.2407],[107.2375,-6.2407],[107.2375,-6.2528]]]},"properties":{"lc_code":13,"lc_name":"Urban and Built-up Lands"}},{"type":"Feature","geometry":{"type":"Polygon","coordinates":[[[107.25,-6.2528],[107.2625,-6.2528],[107.2625,-6.2407],[107.25,-6.2407],[107.25,-6.2528]]]},"properties":{"lc_code":13,"lc_name":"Urban and Built-up Lands"}},{"type":"Feature","geometry":{"type":"Polygon","coordinates":[[[107.2625,-6.2528],[107.275,-6.2528],[107.275,-6.2407],[107.2625,-6.2407],[107.2625,-6.2528]]]},"properties":{"lc_code":13,"lc_name":"Urban and Built-up Lands"}},{"type":"Feature","geometry":{"type":"Polygon","coordinates":[[[107.275,-6.2528],[107.2875,-6.2528],[107.2875,-6.2407],[107.275,-6.2407],[107.275,-6.2528]]]},"properties":{"lc_code":12,"lc_name":"Cropland / Natural Vegetation Mosaics"}},{"type":"Feature","geometry":{"type":"Polygon","coordinates":[[[107.2875,-6.2528],[107.3,-6.2528],[107.3,-6.2407],[107.2875,-6.2407],[107.2875,-6.2528]]]},"properties":{"lc_code":12,"lc_name":"Cropland / Natural Vegetation Mosaics"}},{"type":"Feature","geometry":{"type":"Polygon","coordinates":[[[106.5,-6.2407],[106.5125,-6.2407],[106.5125,-6.2287],[106.5,-6.2287],[106.5,-6.2407]]]},"properties":{"lc_code":12,"lc_name":"Cropland / Natural Vegetation Mosaics"}},{"type":"Feature","geometry":{"type":"Polygon","coordinates":[[[106.5125,-6.2407],[106.525,-6.2407],[106.525,-6.2287],[106.5125,-6.2287],[106.5125,-6.2407]]]},"properties":{"lc_code":12,"lc_name":"Cropland / Natural Vegetation Mosaics"}},{"type":"Feature","geometry":{"type":"Polygon","coordinates":[[[106.525,-6.2407],[106.5375,-6.2407],[106.5375,-6.2287],[106.525,-6.2287],[106.525,-6.2407]]]},"properties":{"lc_code":13,"lc_name":"Urban and Built-up Lands"}},{"type":"Feature","geometry":{"type":"Polygon","coordinates":[[[106.5375,-6.2407],[106.55,-6.2407],[106.55,-6.2287],[106.5375,-6.2287],[106.5375,-6.2407]]]},"properties":{"lc_code":13,"lc_name":"Urban and Built-up Lands"}},{"type":"Feature","geometry":{"type":"Polygon","coordinates":[[[106.55,-6.2407],[106.5625,-6.2407],[106.5625,-6.2287],[106.55,-6.2287],[106.55,-6.2407]]]},"properties":{"lc_code":13,"lc_name":"Urban and Built-up Lands"}},{"type":"Feature","geometry":{"type":"Polygon","coordinates":[[[106.5625,-6.2407],[106.575,-6.2407],[106.575,-6.2287],[106.5625,-6.2287],[106.5625,-6.2407]]]},"properties":{"lc_code":13,"lc_name":"Urban and Built-up Lands"}},{"type":"Feature","geometry":{"type":"Polygon","coordinates":[[[106.575,-6.2407],[106.5875,-6.2407],[106.5875,-6.2287],[106.575,-6.2287],[106.575,-6.2407]]]},"properties":{"lc_code":13,"lc_name":"Urban and Built-up Lands"}},{"type":"Feature","geometry":{"type":"Polygon","coordinates":[[[106.5875,-6.2407],[106.6,-6.2407],[106.6,-6.2287],[106.5875,-6.2287],[106.5875,-6.2407]]]},"properties":{"lc_code":13,"lc_name":"Urban and Built-up Lands"}},{"type":"Feature","geometry":{"type":"Polygon","coordinates":[[[106.6,-6.2407],[106.6125,-6.2407],[106.6125,-6.2287],[106.6,-6.2287],[106.6,-6.2407]]]},"properties":{"lc_code":13,"lc_name":"Urban and Built-up Lands"}},{"type":"Feature","geometry":{"type":"Polygon","coordinates":[[[106.6125,-6.2407],[106.625,-6.2407],[106.625,-6.2287],[106.6125,-6.2287],[106.6125,-6.2407]]]},"properties":{"lc_code":13,"lc_name":"Urban and Built-up Lands"}},{"type":"Feature","geometry":{"type":"Polygon","coordinates":[[[106.625,-6.2407],[106.6375,-6.2407],[106.6375,-6.2287],[106.625,-6.2287],[106.625,-6.2407]]]},"properties":{"lc_code":13,"lc_name":"Urban and Built-up Lands"}},{"type":"Feature","geometry":{"type":"Polygon","coordinates":[[[106.6375,-6.2407],[106.65,-6.2407],[106.65,-6.2287],[106.6375,-6.2287],[106.6375,-6.2407]]]},"properties":{"lc_code":13,"lc_name":"Urban and Built-up Lands"}},{"type":"Feature","geometry":{"type":"Polygon","coordinates":[[[106.65,-6.2407],[106.6625,-6.2407],[106.6625,-6.2287],[106.65,-6.2287],[106.65,-6.2407]]]},"properties":{"lc_code":13,"lc_name":"Urban and Built-up Lands"}},{"type":"Feature","geometry":{"type":"Polygon","coordinates":[[[106.6625,-6.2407],[106.675,-6.2407],[106.675,-6.2287],[106.6625,-6.2287],[106.6625,-6.2407]]]},"properties":{"lc_code":13,"lc_name":"Urban and Built-up Lands"}},{"type":"Feature","geometry":{"type":"Polygon","coordinates":[[[106.675,-6.2407],[106.6875,-6.2407],[106.6875,-6.2287],[106.675,-6.2287],[106.675,-6.2407]]]},"properties":{"lc_code":13,"lc_name":"Urban and Built-up Lands"}},{"type":"Feature","geometry":{"type":"Polygon","coordinates":[[[106.6875,-6.2407],[106.7,-6.2407],[106.7,-6.2287],[106.6875,-6.2287],[106.6875,-6.2407]]]},"properties":{"lc_code":13,"lc_name":"Urban and Built-up Lands"}},{"type":"Feature","geometry":{"type":"Polygon","coordinates":[[[106.7,-6.2407],[106.7125,-6.2407],[106.7125,-6.2287],[106.7,-6.2287],[106.7,-6.2407]]]},"properties":{"lc_code":13,"lc_name":"Urban and Built-up Lands"}},{"type":"Feature","geometry":{"type":"Polygon","coordinates":[[[106.7125,-6.2407],[106.725,-6.2407],[106.725,-6.2287],[106.7125,-6.2287],[106.7125,-6.2407]]]},"properties":{"lc_code":13,"lc_name":"Urban and Built-up Lands"}},{"type":"Feature","geometry":{"type":"Polygon","coordinates":[[[106.725,-6.2407],[106.7375,-6.2407],[106.7375,-6.2287],[106.725,-6.2287],[106.725,-6.2407]]]},"properties":{"lc_code":13,"lc_name":"Urban and Built-up Lands"}},{"type":"Feature","geometry":{"type":"Polygon","coordinates":[[[106.7375,-6.2407],[106.75,-6.2407],[106.75,-6.2287],[106.7375,-6.2287],[106.7375,-6.2407]]]},"properties":{"lc_code":13,"lc_name":"Urban and Built-up Lands"}},{"type":"Feature","geometry":{"type":"Polygon","coordinates":[[[106.75,-6.2407],[106.7625,-6.2407],[106.7625,-6.2287],[106.75,-6.2287],[106.75,-6.2407]]]},"properties":{"lc_code":13,"lc_name":"Urban and Built-up Lands"}},{"type":"Feature","geometry":{"type":"Polygon","coordinates":[[[106.7625,-6.2407],[106.775,-6.2407],[106.775,-6.2287],[106.7625,-6.2287],[106.7625,-6.2407]]]},"properties":{"lc_code":13,"lc_name":"Urban and Built-up Lands"}},{"type":"Feature","geometry":{"type":"Polygon","coordinates":[[[106.775,-6.2407],[106.7875,-6.2407],[106.7875,-6.2287],[106.775,-6.2287],[106.775,-6.2407]]]},"properties":{"lc_code":13,"lc_name":"Urban and Built-up Lands"}},{"type":"Feature","geometry":{"type":"Polygon","coordinates":[[[106.7875,-6.2407],[106.8,-6.2407],[106.8,-6.2287],[106.7875,-6.2287],[106.7875,-6.2407]]]},"properties":{"lc_code":13,"lc_name":"Urban and Built-up Lands"}},{"type":"Feature","geometry":{"type":"Polygon","coordinates":[[[106.8,-6.2407],[106.8125,-6.2407],[106.8125,-6.2287],[106.8,-6.2287],[106.8,-6.2407]]]},"properties":{"lc_code":13,"lc_name":"Urban and Built-up Lands"}},{"type":"Feature","geometry":{"type":"Polygon","coordinates":[[[106.8125,-6.2407],[106.825,-6.2407],[106.825,-6.2287],[106.8125,-6.2287],[106.8125,-6.2407]]]},"properties":{"lc_code":13,"lc_name":"Urban and Built-up Lands"}},{"type":"Feature","geometry":{"type":"Polygon","coordinates":[[[106.825,-6.2407],[106.8375,-6.2407],[106.8375,-6.2287],[106.825,-6.2287],[106.825,-6.2407]]]},"properties":{"lc_code":13,"lc_name":"Urban and Built-up Lands"}},{"type":"Feature","geometry":{"type":"Polygon","coordinates":[[[106.8375,-6.2407],[106.85,-6.2407],[106.85,-6.2287],[106.8375,-6.2287],[106.8375,-6.2407]]]},"properties":{"lc_code":13,"lc_name":"Urban and Built-up Lands"}},{"type":"Feature","geometry":{"type":"Polygon","coordinates":[[[106.85,-6.2407],[106.8625,-6.2407],[106.8625,-6.2287],[106.85,-6.2287],[106.85,-6.2407]]]},"properties":{"lc_code":13,"lc_name":"Urban and Built-up Lands"}},{"type":"Feature","geometry":{"type":"Polygon","coordinates":[[[106.8625,-6.2407],[106.875,-6.2407],[106.875,-6.2287],[106.8625,-6.2287],[106.8625,-6.2407]]]},"properties":{"lc_code":13,"lc_name":"Urban and Built-up Lands"}},{"type":"Feature","geometry":{"type":"Polygon","coordinates":[[[106.875,-6.2407],[106.8875,-6.2407],[106.8875,-6.2287],[106.875,-6.2287],[106.875,-6.2407]]]},"properties":{"lc_code":13,"lc_name":"Urban and Built-up Lands"}},{"type":"Feature","geometry":{"type":"Polygon","coordinates":[[[106.8875,-6.2407],[106.9,-6.2407],[106.9,-6.2287],[106.8875,-6.2287],[106.8875,-6.2407]]]},"properties":{"lc_code":13,"lc_name":"Urban and Built-up Lands"}},{"type":"Feature","geometry":{"type":"Polygon","coordinates":[[[106.9,-6.2407],[106.9125,-6.2407],[106.9125,-6.2287],[106.9,-6.2287],[106.9,-6.2407]]]},"properties":{"lc_code":13,"lc_name":"Urban and Built-up Lands"}},{"type":"Feature","geometry":{"type":"Polygon","coordinates":[[[106.9125,-6.2407],[106.925,-6.2407],[106.925,-6.2287],[106.9125,-6.2287],[106.9125,-6.2407]]]},"properties":{"lc_code":13,"lc_name":"Urban and Built-up Lands"}},{"type":"Feature","geometry":{"type":"Polygon","coordinates":[[[106.925,-6.2407],[106.9375,-6.2407],[106.9375,-6.2287],[106.925,-6.2287],[106.925,-6.2407]]]},"properties":{"lc_code":13,"lc_name":"Urban and Built-up Lands"}},{"type":"Feature","geometry":{"type":"Polygon","coordinates":[[[106.9375,-6.2407],[106.95,-6.2407],[106.95,-6.2287],[106.9375,-6.2287],[106.9375,-6.2407]]]},"properties":{"lc_code":13,"lc_name":"Urban and Built-up Lands"}},{"type":"Feature","geometry":{"type":"Polygon","coordinates":[[[106.95,-6.2407],[106.9625,-6.2407],[106.9625,-6.2287],[106.95,-6.2287],[106.95,-6.2407]]]},"properties":{"lc_code":13,"lc_name":"Urban and Built-up Lands"}},{"type":"Feature","geometry":{"type":"Polygon","coordinates":[[[106.9625,-6.2407],[106.975,-6.2407],[106.975,-6.2287],[106.9625,-6.2287],[106.9625,-6.2407]]]},"properties":{"lc_code":13,"lc_name":"Urban and Built-up Lands"}},{"type":"Feature","geometry":{"type":"Polygon","coordinates":[[[106.975,-6.2407],[106.9875,-6.2407],[106.9875,-6.2287],[106.975,-6.2287],[106.975,-6.2407]]]},"properties":{"lc_code":13,"lc_name":"Urban and Built-up Lands"}},{"type":"Feature","geometry":{"type":"Polygon","coordinates":[[[106.9875,-6.2407],[107,-6.2407],[107,-6.2287],[106.9875,-6.2287],[106.9875,-6.2407]]]},"properties":{"lc_code":13,"lc_name":"Urban and Built-up Lands"}},{"type":"Feature","geometry":{"type":"Polygon","coordinates":[[[107,-6.2407],[107.0125,-6.2407],[107.0125,-6.2287],[107,-6.2287],[107,-6.2407]]]},"properties":{"lc_code":13,"lc_name":"Urban and Built-up Lands"}},{"type":"Feature","geometry":{"type":"Polygon","coordinates":[[[107.0125,-6.2407],[107.025,-6.2407],[107.025,-6.2287],[107.0125,-6.2287],[107.0125,-6.2407]]]},"properties":{"lc_code":13,"lc_name":"Urban and Built-up Lands"}},{"type":"Feature","geometry":{"type":"Polygon","coordinates":[[[107.025,-6.2407],[107.0375,-6.2407],[107.0375,-6.2287],[107.025,-6.2287],[107.025,-6.2407]]]},"properties":{"lc_code":13,"lc_name":"Urban and Built-up Lands"}},{"type":"Feature","geometry":{"type":"Polygon","coordinates":[[[107.0375,-6.2407],[107.05,-6.2407],[107.05,-6.2287],[107.0375,-6.2287],[107.0375,-6.2407]]]},"properties":{"lc_code":13,"lc_name":"Urban and Built-up Lands"}},{"type":"Feature","geometry":{"type":"Polygon","coordinates":[[[107.05,-6.2407],[107.0625,-6.2407],[107.0625,-6.2287],[107.05,-6.2287],[107.05,-6.2407]]]},"properties":{"lc_code":13,"lc_name":"Urban and Built-up Lands"}},{"type":"Feature","geometry":{"type":"Polygon","coordinates":[[[107.0625,-6.2407],[107.075,-6.2407],[107.075,-6.2287],[107.0625,-6.2287],[107.0625,-6.2407]]]},"properties":{"lc_code":13,"lc_name":"Urban and Built-up Lands"}},{"type":"Feature","geometry":{"type":"Polygon","coordinates":[[[107.075,-6.2407],[107.0875,-6.2407],[107.0875,-6.2287],[107.075,-6.2287],[107.075,-6.2407]]]},"properties":{"lc_code":13,"lc_name":"Urban and Built-up Lands"}},{"type":"Feature","geometry":{"type":"Polygon","coordinates":[[[107.0875,-6.2407],[107.1,-6.2407],[107.1,-6.2287],[107.0875,-6.2287],[107.0875,-6.2407]]]},"properties":{"lc_code":13,"lc_name":"Urban and Built-up Lands"}},{"type":"Feature","geometry":{"type":"Polygon","coordinates":[[[107.1,-6.2407],[107.1125,-6.2407],[107.1125,-6.2287],[107.1,-6.2287],[107.1,-6.2407]]]},"properties":{"lc_code":13,"lc_name":"Urban and Built-up Lands"}},{"type":"Feature","geometry":{"type":"Polygon","coordinates":[[[107.1125,-6.2407],[107.125,-6.2407],[107.125,-6.2287],[107.1125,-6.2287],[107.1125,-6.2407]]]},"properties":{"lc_code":13,"lc_name":"Urban and Built-up Lands"}},{"type":"Feature","geometry":{"type":"Polygon","coordinates":[[[107.125,-6.2407],[107.1375,-6.2407],[107.1375,-6.2287],[107.125,-6.2287],[107.125,-6.2407]]]},"properties":{"lc_code":13,"lc_name":"Urban and Built-up Lands"}},{"type":"Feature","geometry":{"type":"Polygon","coordinates":[[[107.1375,-6.2407],[107.15,-6.2407],[107.15,-6.2287],[107.1375,-6.2287],[107.1375,-6.2407]]]},"properties":{"lc_code":13,"lc_name":"Urban and Built-up Lands"}},{"type":"Feature","geometry":{"type":"Polygon","coordinates":[[[107.15,-6.2407],[107.1625,-6.2407],[107.1625,-6.2287],[107.15,-6.2287],[107.15,-6.2407]]]},"properties":{"lc_code":13,"lc_name":"Urban and Built-up Lands"}},{"type":"Feature","geometry":{"type":"Polygon","coordinates":[[[107.1625,-6.2407],[107.175,-6.2407],[107.175,-6.2287],[107.1625,-6.2287],[107.1625,-6.2407]]]},"properties":{"lc_code":13,"lc_name":"Urban and Built-up Lands"}},{"type":"Feature","geometry":{"type":"Polygon","coordinates":[[[107.175,-6.2407],[107.1875,-6.2407],[107.1875,-6.2287],[107.175,-6.2287],[107.175,-6.2407]]]},"properties":{"lc_code":13,"lc_name":"Urban and Built-up Lands"}},{"type":"Feature","geometry":{"type":"Polygon","coordinates":[[[107.1875,-6.2407],[107.2,-6.2407],[107.2,-6.2287],[107.1875,-6.2287],[107.1875,-6.2407]]]},"properties":{"lc_code":13,"lc_name":"Urban and Built-up Lands"}},{"type":"Feature","geometry":{"type":"Polygon","coordinates":[[[107.2,-6.2407],[107.2125,-6.2407],[107.2125,-6.2287],[107.2,-6.2287],[107.2,-6.2407]]]},"properties":{"lc_code":13,"lc_name":"Urban and Built-up Lands"}},{"type":"Feature","geometry":{"type":"Polygon","coordinates":[[[107.2125,-6.2407],[107.225,-6.2407],[107.225,-6.2287],[107.2125,-6.2287],[107.2125,-6.2407]]]},"properties":{"lc_code":13,"lc_name":"Urban and Built-up Lands"}},{"type":"Feature","geometry":{"type":"Polygon","coordinates":[[[107.225,-6.2407],[107.2375,-6.2407],[107.2375,-6.2287],[107.225,-6.2287],[107.225,-6.2407]]]},"properties":{"lc_code":13,"lc_name":"Urban and Built-up Lands"}},{"type":"Feature","geometry":{"type":"Polygon","coordinates":[[[107.2375,-6.2407],[107.25,-6.2407],[107.25,-6.2287],[107.2375,-6.2287],[107.2375,-6.2407]]]},"properties":{"lc_code":13,"lc_name":"Urban and Built-up Lands"}},{"type":"Feature","geometry":{"type":"Polygon","coordinates":[[[107.25,-6.2407],[107.2625,-6.2407],[107.2625,-6.2287],[107.25,-6.2287],[107.25,-6.2407]]]},"properties":{"lc_code":13,"lc_name":"Urban and Built-up Lands"}},{"type":"Feature","geometry":{"type":"Polygon","coordinates":[[[107.2625,-6.2407],[107.275,-6.2407],[107.275,-6.2287],[107.2625,-6.2287],[107.2625,-6.2407]]]},"properties":{"lc_code":13,"lc_name":"Urban and Built-up Lands"}},{"type":"Feature","geometry":{"type":"Polygon","coordinates":[[[107.275,-6.2407],[107.2875,-6.2407],[107.2875,-6.2287],[107.275,-6.2287],[107.275,-6.2407]]]},"properties":{"lc_code":12,"lc_name":"Cropland / Natural Vegetation Mosaics"}},{"type":"Feature","geometry":{"type":"Polygon","coordinates":[[[107.2875,-6.2407],[107.3,-6.2407],[107.3,-6.2287],[107.2875,-6.2287],[107.2875,-6.2407]]]},"properties":{"lc_code":12,"lc_name":"Cropland / Natural Vegetation Mosaics"}},{"type":"Feature","geometry":{"type":"Polygon","coordinates":[[[106.5,-6.2287],[106.5125,-6.2287],[106.5125,-6.2167],[106.5,-6.2167],[106.5,-6.2287]]]},"properties":{"lc_code":12,"lc_name":"Cropland / Natural Vegetation Mosaics"}},{"type":"Feature","geometry":{"type":"Polygon","coordinates":[[[106.5125,-6.2287],[106.525,-6.2287],[106.525,-6.2167],[106.5125,-6.2167],[106.5125,-6.2287]]]},"properties":{"lc_code":12,"lc_name":"Cropland / Natural Vegetation Mosaics"}},{"type":"Feature","geometry":{"type":"Polygon","coordinates":[[[106.525,-6.2287],[106.5375,-6.2287],[106.5375,-6.2167],[106.525,-6.2167],[106.525,-6.2287]]]},"properties":{"lc_code":13,"lc_name":"Urban and Built-up Lands"}},{"type":"Feature","geometry":{"type":"Polygon","coordinates":[[[106.5375,-6.2287],[106.55,-6.2287],[106.55,-6.2167],[106.5375,-6.2167],[106.5375,-6.2287]]]},"properties":{"lc_code":13,"lc_name":"Urban and Built-up Lands"}},{"type":"Feature","geometry":{"type":"Polygon","coordinates":[[[106.55,-6.2287],[106.5625,-6.2287],[106.5625,-6.2167],[106.55,-6.2167],[106.55,-6.2287]]]},"properties":{"lc_code":13,"lc_name":"Urban and Built-up Lands"}},{"type":"Feature","geometry":{"type":"Polygon","coordinates":[[[106.5625,-6.2287],[106.575,-6.2287],[106.575,-6.2167],[106.5625,-6.2167],[106.5625,-6.2287]]]},"properties":{"lc_code":13,"lc_name":"Urban and Built-up Lands"}},{"type":"Feature","geometry":{"type":"Polygon","coordinates":[[[106.575,-6.2287],[106.5875,-6.2287],[106.5875,-6.2167],[106.575,-6.2167],[106.575,-6.2287]]]},"properties":{"lc_code":13,"lc_name":"Urban and Built-up Lands"}},{"type":"Feature","geometry":{"type":"Polygon","coordinates":[[[106.5875,-6.2287],[106.6,-6.2287],[106.6,-6.2167],[106.5875,-6.2167],[106.5875,-6.2287]]]},"properties":{"lc_code":13,"lc_name":"Urban and Built-up Lands"}},{"type":"Feature","geometry":{"type":"Polygon","coordinates":[[[106.6,-6.2287],[106.6125,-6.2287],[106.6125,-6.2167],[106.6,-6.2167],[106.6,-6.2287]]]},"properties":{"lc_code":13,"lc_name":"Urban and Built-up Lands"}},{"type":"Feature","geometry":{"type":"Polygon","coordinates":[[[106.6125,-6.2287],[106.625,-6.2287],[106.625,-6.2167],[106.6125,-6.2167],[106.6125,-6.2287]]]},"properties":{"lc_code":13,"lc_name":"Urban and Built-up Lands"}},{"type":"Feature","geometry":{"type":"Polygon","coordinates":[[[106.625,-6.2287],[106.6375,-6.2287],[106.6375,-6.2167],[106.625,-6.2167],[106.625,-6.2287]]]},"properties":{"lc_code":13,"lc_name":"Urban and Built-up Lands"}},{"type":"Feature","geometry":{"type":"Polygon","coordinates":[[[106.6375,-6.2287],[106.65,-6.2287],[106.65,-6.2167],[106.6375,-6.2167],[106.6375,-6.2287]]]},"properties":{"lc_code":13,"lc_name":"Urban and Built-up Lands"}},{"type":"Feature","geometry":{"type":"Polygon","coordinates":[[[106.65,-6.2287],[106.6625,-6.2287],[106.6625,-6.2167],[106.65,-6.2167],[106.65,-6.2287]]]},"properties":{"lc_code":13,"lc_name":"Urban and Built-up Lands"}},{"type":"Feature","geometry":{"type":"Polygon","coordinates":[[[106.6625,-6.2287],[106.675,-6.2287],[106.675,-6.2167],[106.6625,-6.2167],[106.6625,-6.2287]]]},"properties":{"lc_code":13,"lc_name":"Urban and Built-up Lands"}},{"type":"Feature","geometry":{"type":"Polygon","coordinates":[[[106.675,-6.2287],[106.6875,-6.2287],[106.6875,-6.2167],[106.675,-6.2167],[106.675,-6.2287]]]},"properties":{"lc_code":13,"lc_name":"Urban and Built-up Lands"}},{"type":"Feature","geometry":{"type":"Polygon","coordinates":[[[106.6875,-6.2287],[106.7,-6.2287],[106.7,-6.2167],[106.6875,-6.2167],[106.6875,-6.2287]]]},"properties":{"lc_code":13,"lc_name":"Urban and Built-up Lands"}},{"type":"Feature","geometry":{"type":"Polygon","coordinates":[[[106.7,-6.2287],[106.7125,-6.2287],[106.7125,-6.2167],[106.7,-6.2167],[106.7,-6.2287]]]},"properties":{"lc_code":13,"lc_name":"Urban and Built-up Lands"}},{"type":"Feature","geometry":{"type":"Polygon","coordinates":[[[106.7125,-6.2287],[106.725,-6.2287],[106.725,-6.2167],[106.7125,-6.2167],[106.7125,-6.2287]]]},"properties":{"lc_code":13,"lc_name":"Urban and Built-up Lands"}},{"type":"Feature","geometry":{"type":"Polygon","coordinates":[[[106.725,-6.2287],[106.7375,-6.2287],[106.7375,-6.2167],[106.725,-6.2167],[106.725,-6.2287]]]},"properties":{"lc_code":13,"lc_name":"Urban and Built-up Lands"}},{"type":"Feature","geometry":{"type":"Polygon","coordinates":[[[106.7375,-6.2287],[106.75,-6.2287],[106.75,-6.2167],[106.7375,-6.2167],[106.7375,-6.2287]]]},"properties":{"lc_code":13,"lc_name":"Urban and Built-up Lands"}},{"type":"Feature","geometry":{"type":"Polygon","coordinates":[[[106.75,-6.2287],[106.7625,-6.2287],[106.7625,-6.2167],[106.75,-6.2167],[106.75,-6.2287]]]},"properties":{"lc_code":13,"lc_name":"Urban and Built-up Lands"}},{"type":"Feature","geometry":{"type":"Polygon","coordinates":[[[106.7625,-6.2287],[106.775,-6.2287],[106.775,-6.2167],[106.7625,-6.2167],[106.7625,-6.2287]]]},"properties":{"lc_code":13,"lc_name":"Urban and Built-up Lands"}},{"type":"Feature","geometry":{"type":"Polygon","coordinates":[[[106.775,-6.2287],[106.7875,-6.2287],[106.7875,-6.2167],[106.775,-6.2167],[106.775,-6.2287]]]},"properties":{"lc_code":13,"lc_name":"Urban and Built-up Lands"}},{"type":"Feature","geometry":{"type":"Polygon","coordinates":[[[106.7875,-6.2287],[106.8,-6.2287],[106.8,-6.2167],[106.7875,-6.2167],[106.7875,-6.2287]]]},"properties":{"lc_code":13,"lc_name":"Urban and Built-up Lands"}},{"type":"Feature","geometry":{"type":"Polygon","coordinates":[[[106.8,-6.2287],[106.8125,-6.2287],[106.8125,-6.2167],[106.8,-6.2167],[106.8,-6.2287]]]},"properties":{"lc_code":13,"lc_name":"Urban and Built-up Lands"}},{"type":"Feature","geometry":{"type":"Polygon","coordinates":[[[106.8125,-6.2287],[106.825,-6.2287],[106.825,-6.2167],[106.8125,-6.2167],[106.8125,-6.2287]]]},"properties":{"lc_code":13,"lc_name":"Urban and Built-up Lands"}},{"type":"Feature","geometry":{"type":"Polygon","coordinates":[[[106.825,-6.2287],[106.8375,-6.2287],[106.8375,-6.2167],[106.825,-6.2167],[106.825,-6.2287]]]},"properties":{"lc_code":13,"lc_name":"Urban and Built-up Lands"}},{"type":"Feature","geometry":{"type":"Polygon","coordinates":[[[106.8375,-6.2287],[106.85,-6.2287],[106.85,-6.2167],[106.8375,-6.2167],[106.8375,-6.2287]]]},"properties":{"lc_code":13,"lc_name":"Urban and Built-up Lands"}},{"type":"Feature","geometry":{"type":"Polygon","coordinates":[[[106.85,-6.2287],[106.8625,-6.2287],[106.8625,-6.2167],[106.85,-6.2167],[106.85,-6.2287]]]},"properties":{"lc_code":13,"lc_name":"Urban and Built-up Lands"}},{"type":"Feature","geometry":{"type":"Polygon","coordinates":[[[106.8625,-6.2287],[106.875,-6.2287],[106.875,-6.2167],[106.8625,-6.2167],[106.8625,-6.2287]]]},"properties":{"lc_code":13,"lc_name":"Urban and Built-up Lands"}},{"type":"Feature","geometry":{"type":"Polygon","coordinates":[[[106.875,-6.2287],[106.8875,-6.2287],[106.8875,-6.2167],[106.875,-6.2167],[106.875,-6.2287]]]},"properties":{"lc_code":13,"lc_name":"Urban and Built-up Lands"}},{"type":"Feature","geometry":{"type":"Polygon","coordinates":[[[106.8875,-6.2287],[106.9,-6.2287],[106.9,-6.2167],[106.8875,-6.2167],[106.8875,-6.2287]]]},"properties":{"lc_code":13,"lc_name":"Urban and Built-up Lands"}},{"type":"Feature","geometry":{"type":"Polygon","coordinates":[[[106.9,-6.2287],[106.9125,-6.2287],[106.9125,-6.2167],[106.9,-6.2167],[106.9,-6.2287]]]},"properties":{"lc_code":13,"lc_name":"Urban and Built-up Lands"}},{"type":"Feature","geometry":{"type":"Polygon","coordinates":[[[106.9125,-6.2287],[106.925,-6.2287],[106.925,-6.2167],[106.9125,-6.2167],[106.9125,-6.2287]]]},"properties":{"lc_code":13,"lc_name":"Urban and Built-up Lands"}},{"type":"Feature","geometry":{"type":"Polygon","coordinates":[[[106.925,-6.2287],[106.9375,-6.2287],[106.9375,-6.2167],[106.925,-6.2167],[106.925,-6.2287]]]},"properties":{"lc_code":13,"lc_name":"Urban and Built-up Lands"}},{"type":"Feature","geometry":{"type":"Polygon","coordinates":[[[106.9375,-6.2287],[106.95,-6.2287],[106.95,-6.2167],[106.9375,-6.2167],[106.9375,-6.2287]]]},"properties":{"lc_code":13,"lc_name":"Urban and Built-up Lands"}},{"type":"Feature","geometry":{"type":"Polygon","coordinates":[[[106.95,-6.2287],[106.9625,-6.2287],[106.9625,-6.2167],[106.95,-6.2167],[106.95,-6.2287]]]},"properties":{"lc_code":13,"lc_name":"Urban and Built-up Lands"}},{"type":"Feature","geometry":{"type":"Polygon","coordinates":[[[106.9625,-6.2287],[106.975,-6.2287],[106.975,-6.2167],[106.9625,-6.2167],[106.9625,-6.2287]]]},"properties":{"lc_code":13,"lc_name":"Urban and Built-up Lands"}},{"type":"Feature","geometry":{"type":"Polygon","coordinates":[[[106.975,-6.2287],[106.9875,-6.2287],[106.9875,-6.2167],[106.975,-6.2167],[106.975,-6.2287]]]},"properties":{"lc_code":13,"lc_name":"Urban and Built-up Lands"}},{"type":"Feature","geometry":{"type":"Polygon","coordinates":[[[106.9875,-6.2287],[107,-6.2287],[107,-6.2167],[106.9875,-6.2167],[106.9875,-6.2287]]]},"properties":{"lc_code":13,"lc_name":"Urban and Built-up Lands"}},{"type":"Feature","geometry":{"type":"Polygon","coordinates":[[[107,-6.2287],[107.0125,-6.2287],[107.0125,-6.2167],[107,-6.2167],[107,-6.2287]]]},"properties":{"lc_code":13,"lc_name":"Urban and Built-up Lands"}},{"type":"Feature","geometry":{"type":"Polygon","coordinates":[[[107.0125,-6.2287],[107.025,-6.2287],[107.025,-6.2167],[107.0125,-6.2167],[107.0125,-6.2287]]]},"properties":{"lc_code":13,"lc_name":"Urban and Built-up Lands"}},{"type":"Feature","geometry":{"type":"Polygon","coordinates":[[[107.025,-6.2287],[107.0375,-6.2287],[107.0375,-6.2167],[107.025,-6.2167],[107.025,-6.2287]]]},"properties":{"lc_code":13,"lc_name":"Urban and Built-up Lands"}},{"type":"Feature","geometry":{"type":"Polygon","coordinates":[[[107.0375,-6.2287],[107.05,-6.2287],[107.05,-6.2167],[107.0375,-6.2167],[107.0375,-6.2287]]]},"properties":{"lc_code":13,"lc_name":"Urban and Built-up Lands"}},{"type":"Feature","geometry":{"type":"Polygon","coordinates":[[[107.05,-6.2287],[107.0625,-6.2287],[107.0625,-6.2167],[107.05,-6.2167],[107.05,-6.2287]]]},"properties":{"lc_code":13,"lc_name":"Urban and Built-up Lands"}},{"type":"Feature","geometry":{"type":"Polygon","coordinates":[[[107.0625,-6.2287],[107.075,-6.2287],[107.075,-6.2167],[107.0625,-6.2167],[107.0625,-6.2287]]]},"properties":{"lc_code":13,"lc_name":"Urban and Built-up Lands"}},{"type":"Feature","geometry":{"type":"Polygon","coordinates":[[[107.075,-6.2287],[107.0875,-6.2287],[107.0875,-6.2167],[107.075,-6.2167],[107.075,-6.2287]]]},"properties":{"lc_code":13,"lc_name":"Urban and Built-up Lands"}},{"type":"Feature","geometry":{"type":"Polygon","coordinates":[[[107.0875,-6.2287],[107.1,-6.2287],[107.1,-6.2167],[107.0875,-6.2167],[107.0875,-6.2287]]]},"properties":{"lc_code":13,"lc_name":"Urban and Built-up Lands"}},{"type":"Feature","geometry":{"type":"Polygon","coordinates":[[[107.1,-6.2287],[107.1125,-6.2287],[107.1125,-6.2167],[107.1,-6.2167],[107.1,-6.2287]]]},"properties":{"lc_code":13,"lc_name":"Urban and Built-up Lands"}},{"type":"Feature","geometry":{"type":"Polygon","coordinates":[[[107.1125,-6.2287],[107.125,-6.2287],[107.125,-6.2167],[107.1125,-6.2167],[107.1125,-6.2287]]]},"properties":{"lc_code":13,"lc_name":"Urban and Built-up Lands"}},{"type":"Feature","geometry":{"type":"Polygon","coordinates":[[[107.125,-6.2287],[107.1375,-6.2287],[107.1375,-6.2167],[107.125,-6.2167],[107.125,-6.2287]]]},"properties":{"lc_code":13,"lc_name":"Urban and Built-up Lands"}},{"type":"Feature","geometry":{"type":"Polygon","coordinates":[[[107.1375,-6.2287],[107.15,-6.2287],[107.15,-6.2167],[107.1375,-6.2167],[107.1375,-6.2287]]]},"properties":{"lc_code":13,"lc_name":"Urban and Built-up Lands"}},{"type":"Feature","geometry":{"type":"Polygon","coordinates":[[[107.15,-6.2287],[107.1625,-6.2287],[107.1625,-6.2167],[107.15,-6.2167],[107.15,-6.2287]]]},"properties":{"lc_code":13,"lc_name":"Urban and Built-up Lands"}},{"type":"Feature","geometry":{"type":"Polygon","coordinates":[[[107.1625,-6.2287],[107.175,-6.2287],[107.175,-6.2167],[107.1625,-6.2167],[107.1625,-6.2287]]]},"properties":{"lc_code":13,"lc_name":"Urban and Built-up Lands"}},{"type":"Feature","geometry":{"type":"Polygon","coordinates":[[[107.175,-6.2287],[107.1875,-6.2287],[107.1875,-6.2167],[107.175,-6.2167],[107.175,-6.2287]]]},"properties":{"lc_code":13,"lc_name":"Urban and Built-up Lands"}},{"type":"Feature","geometry":{"type":"Polygon","coordinates":[[[107.1875,-6.2287],[107.2,-6.2287],[107.2,-6.2167],[107.1875,-6.2167],[107.1875,-6.2287]]]},"properties":{"lc_code":13,"lc_name":"Urban and Built-up Lands"}},{"type":"Feature","geometry":{"type":"Polygon","coordinates":[[[107.2,-6.2287],[107.2125,-6.2287],[107.2125,-6.2167],[107.2,-6.2167],[107.2,-6.2287]]]},"properties":{"lc_code":13,"lc_name":"Urban and Built-up Lands"}},{"type":"Feature","geometry":{"type":"Polygon","coordinates":[[[107.2125,-6.2287],[107.225,-6.2287],[107.225,-6.2167],[107.2125,-6.2167],[107.2125,-6.2287]]]},"properties":{"lc_code":13,"lc_name":"Urban and Built-up Lands"}},{"type":"Feature","geometry":{"type":"Polygon","coordinates":[[[107.225,-6.2287],[107.2375,-6.2287],[107.2375,-6.2167],[107.225,-6.2167],[107.225,-6.2287]]]},"properties":{"lc_code":13,"lc_name":"Urban and Built-up Lands"}},{"type":"Feature","geometry":{"type":"Polygon","coordinates":[[[107.2375,-6.2287],[107.25,-6.2287],[107.25,-6.2167],[107.2375,-6.2167],[107.2375,-6.2287]]]},"properties":{"lc_code":13,"lc_name":"Urban and Built-up Lands"}},{"type":"Feature","geometry":{"type":"Polygon","coordinates":[[[107.25,-6.2287],[107.2625,-6.2287],[107.2625,-6.2167],[107.25,-6.2167],[107.25,-6.2287]]]},"properties":{"lc_code":13,"lc_name":"Urban and Built-up Lands"}},{"type":"Feature","geometry":{"type":"Polygon","coordinates":[[[107.2625,-6.2287],[107.275,-6.2287],[107.275,-6.2167],[107.2625,-6.2167],[107.2625,-6.2287]]]},"properties":{"lc_code":12,"lc_name":"Cropland / Natural Vegetation Mosaics"}},{"type":"Feature","geometry":{"type":"Polygon","coordinates":[[[107.275,-6.2287],[107.2875,-6.2287],[107.2875,-6.2167],[107.275,-6.2167],[107.275,-6.2287]]]},"properties":{"lc_code":12,"lc_name":"Cropland / Natural Vegetation Mosaics"}},{"type":"Feature","geometry":{"type":"Polygon","coordinates":[[[107.2875,-6.2287],[107.3,-6.2287],[107.3,-6.2167],[107.2875,-6.2167],[107.2875,-6.2287]]]},"properties":{"lc_code":12,"lc_name":"Cropland / Natural Vegetation Mosaics"}},{"type":"Feature","geometry":{"type":"Polygon","coordinates":[[[106.5,-6.2167],[106.5125,-6.2167],[106.5125,-6.2046],[106.5,-6.2046],[106.5,-6.2167]]]},"properties":{"lc_code":12,"lc_name":"Cropland / Natural Vegetation Mosaics"}},{"type":"Feature","geometry":{"type":"Polygon","coordinates":[[[106.5125,-6.2167],[106.525,-6.2167],[106.525,-6.2046],[106.5125,-6.2046],[106.5125,-6.2167]]]},"properties":{"lc_code":12,"lc_name":"Cropland / Natural Vegetation Mosaics"}},{"type":"Feature","geometry":{"type":"Polygon","coordinates":[[[106.525,-6.2167],[106.5375,-6.2167],[106.5375,-6.2046],[106.525,-6.2046],[106.525,-6.2167]]]},"properties":{"lc_code":13,"lc_name":"Urban and Built-up Lands"}},{"type":"Feature","geometry":{"type":"Polygon","coordinates":[[[106.5375,-6.2167],[106.55,-6.2167],[106.55,-6.2046],[106.5375,-6.2046],[106.5375,-6.2167]]]},"properties":{"lc_code":13,"lc_name":"Urban and Built-up Lands"}},{"type":"Feature","geometry":{"type":"Polygon","coordinates":[[[106.55,-6.2167],[106.5625,-6.2167],[106.5625,-6.2046],[106.55,-6.2046],[106.55,-6.2167]]]},"properties":{"lc_code":13,"lc_name":"Urban and Built-up Lands"}},{"type":"Feature","geometry":{"type":"Polygon","coordinates":[[[106.5625,-6.2167],[106.575,-6.2167],[106.575,-6.2046],[106.5625,-6.2046],[106.5625,-6.2167]]]},"properties":{"lc_code":13,"lc_name":"Urban and Built-up Lands"}},{"type":"Feature","geometry":{"type":"Polygon","coordinates":[[[106.575,-6.2167],[106.5875,-6.2167],[106.5875,-6.2046],[106.575,-6.2046],[106.575,-6.2167]]]},"properties":{"lc_code":13,"lc_name":"Urban and Built-up Lands"}},{"type":"Feature","geometry":{"type":"Polygon","coordinates":[[[106.5875,-6.2167],[106.6,-6.2167],[106.6,-6.2046],[106.5875,-6.2046],[106.5875,-6.2167]]]},"properties":{"lc_code":13,"lc_name":"Urban and Built-up Lands"}},{"type":"Feature","geometry":{"type":"Polygon","coordinates":[[[106.6,-6.2167],[106.6125,-6.2167],[106.6125,-6.2046],[106.6,-6.2046],[106.6,-6.2167]]]},"properties":{"lc_code":13,"lc_name":"Urban and Built-up Lands"}},{"type":"Feature","geometry":{"type":"Polygon","coordinates":[[[106.6125,-6.2167],[106.625,-6.2167],[106.625,-6.2046],[106.6125,-6.2046],[106.6125,-6.2167]]]},"properties":{"lc_code":13,"lc_name":"Urban and Built-up Lands"}},{"type":"Feature","geometry":{"type":"Polygon","coordinates":[[[106.625,-6.2167],[106.6375,-6.2167],[106.6375,-6.2046],[106.625,-6.2046],[106.625,-6.2167]]]},"properties":{"lc_code":13,"lc_name":"Urban and Built-up Lands"}},{"type":"Feature","geometry":{"type":"Polygon","coordinates":[[[106.6375,-6.2167],[106.65,-6.2167],[106.65,-6.2046],[106.6375,-6.2046],[106.6375,-6.2167]]]},"properties":{"lc_code":13,"lc_name":"Urban and Built-up Lands"}},{"type":"Feature","geometry":{"type":"Polygon","coordinates":[[[106.65,-6.2167],[106.6625,-6.2167],[106.6625,-6.2046],[106.65,-6.2046],[106.65,-6.2167]]]},"properties":{"lc_code":13,"lc_name":"Urban and Built-up Lands"}},{"type":"Feature","geometry":{"type":"Polygon","coordinates":[[[106.6625,-6.2167],[106.675,-6.2167],[106.675,-6.2046],[106.6625,-6.2046],[106.6625,-6.2167]]]},"properties":{"lc_code":13,"lc_name":"Urban and Built-up Lands"}},{"type":"Feature","geometry":{"type":"Polygon","coordinates":[[[106.675,-6.2167],[106.6875,-6.2167],[106.6875,-6.2046],[106.675,-6.2046],[106.675,-6.2167]]]},"properties":{"lc_code":13,"lc_name":"Urban and Built-up Lands"}},{"type":"Feature","geometry":{"type":"Polygon","coordinates":[[[106.6875,-6.2167],[106.7,-6.2167],[106.7,-6.2046],[106.6875,-6.2046],[106.6875,-6.2167]]]},"properties":{"lc_code":13,"lc_name":"Urban and Built-up Lands"}},{"type":"Feature","geometry":{"type":"Polygon","coordinates":[[[106.7,-6.2167],[106.7125,-6.2167],[106.7125,-6.2046],[106.7,-6.2046],[106.7,-6.2167]]]},"properties":{"lc_code":13,"lc_name":"Urban and Built-up Lands"}},{"type":"Feature","geometry":{"type":"Polygon","coordinates":[[[106.7125,-6.2167],[106.725,-6.2167],[106.725,-6.2046],[106.7125,-6.2046],[106.7125,-6.2167]]]},"properties":{"lc_code":13,"lc_name":"Urban and Built-up Lands"}},{"type":"Feature","geometry":{"type":"Polygon","coordinates":[[[106.725,-6.2167],[106.7375,-6.2167],[106.7375,-6.2046],[106.725,-6.2046],[106.725,-6.2167]]]},"properties":{"lc_code":13,"lc_name":"Urban and Built-up Lands"}},{"type":"Feature","geometry":{"type":"Polygon","coordinates":[[[106.7375,-6.2167],[106.75,-6.2167],[106.75,-6.2046],[106.7375,-6.2046],[106.7375,-6.2167]]]},"properties":{"lc_code":13,"lc_name":"Urban and Built-up Lands"}},{"type":"Feature","geometry":{"type":"Polygon","coordinates":[[[106.75,-6.2167],[106.7625,-6.2167],[106.7625,-6.2046],[106.75,-6.2046],[106.75,-6.2167]]]},"properties":{"lc_code":13,"lc_name":"Urban and Built-up Lands"}},{"type":"Feature","geometry":{"type":"Polygon","coordinates":[[[106.7625,-6.2167],[106.775,-6.2167],[106.775,-6.2046],[106.7625,-6.2046],[106.7625,-6.2167]]]},"properties":{"lc_code":13,"lc_name":"Urban and Built-up Lands"}},{"type":"Feature","geometry":{"type":"Polygon","coordinates":[[[106.775,-6.2167],[106.7875,-6.2167],[106.7875,-6.2046],[106.775,-6.2046],[106.775,-6.2167]]]},"properties":{"lc_code":13,"lc_name":"Urban and Built-up Lands"}},{"type":"Feature","geometry":{"type":"Polygon","coordinates":[[[106.7875,-6.2167],[106.8,-6.2167],[106.8,-6.2046],[106.7875,-6.2046],[106.7875,-6.2167]]]},"properties":{"lc_code":13,"lc_name":"Urban and Built-up Lands"}},{"type":"Feature","geometry":{"type":"Polygon","coordinates":[[[106.8,-6.2167],[106.8125,-6.2167],[106.8125,-6.2046],[106.8,-6.2046],[106.8,-6.2167]]]},"properties":{"lc_code":13,"lc_name":"Urban and Built-up Lands"}},{"type":"Feature","geometry":{"type":"Polygon","coordinates":[[[106.8125,-6.2167],[106.825,-6.2167],[106.825,-6.2046],[106.8125,-6.2046],[106.8125,-6.2167]]]},"properties":{"lc_code":13,"lc_name":"Urban and Built-up Lands"}},{"type":"Feature","geometry":{"type":"Polygon","coordinates":[[[106.825,-6.2167],[106.8375,-6.2167],[106.8375,-6.2046],[106.825,-6.2046],[106.825,-6.2167]]]},"properties":{"lc_code":13,"lc_name":"Urban and Built-up Lands"}},{"type":"Feature","geometry":{"type":"Polygon","coordinates":[[[106.8375,-6.2167],[106.85,-6.2167],[106.85,-6.2046],[106.8375,-6.2046],[106.8375,-6.2167]]]},"properties":{"lc_code":13,"lc_name":"Urban and Built-up Lands"}},{"type":"Feature","geometry":{"type":"Polygon","coordinates":[[[106.85,-6.2167],[106.8625,-6.2167],[106.8625,-6.2046],[106.85,-6.2046],[106.85,-6.2167]]]},"properties":{"lc_code":13,"lc_name":"Urban and Built-up Lands"}},{"type":"Feature","geometry":{"type":"Polygon","coordinates":[[[106.8625,-6.2167],[106.875,-6.2167],[106.875,-6.2046],[106.8625,-6.2046],[106.8625,-6.2167]]]},"properties":{"lc_code":13,"lc_name":"Urban and Built-up Lands"}},{"type":"Feature","geometry":{"type":"Polygon","coordinates":[[[106.875,-6.2167],[106.8875,-6.2167],[106.8875,-6.2046],[106.875,-6.2046],[106.875,-6.2167]]]},"properties":{"lc_code":13,"lc_name":"Urban and Built-up Lands"}},{"type":"Feature","geometry":{"type":"Polygon","coordinates":[[[106.8875,-6.2167],[106.9,-6.2167],[106.9,-6.2046],[106.8875,-6.2046],[106.8875,-6.2167]]]},"properties":{"lc_code":13,"lc_name":"Urban and Built-up Lands"}},{"type":"Feature","geometry":{"type":"Polygon","coordinates":[[[106.9,-6.2167],[106.9125,-6.2167],[106.9125,-6.2046],[106.9,-6.2046],[106.9,-6.2167]]]},"properties":{"lc_code":13,"lc_name":"Urban and Built-up Lands"}},{"type":"Feature","geometry":{"type":"Polygon","coordinates":[[[106.9125,-6.2167],[106.925,-6.2167],[106.925,-6.2046],[106.9125,-6.2046],[106.9125,-6.2167]]]},"properties":{"lc_code":13,"lc_name":"Urban and Built-up Lands"}},{"type":"Feature","geometry":{"type":"Polygon","coordinates":[[[106.925,-6.2167],[106.9375,-6.2167],[106.9375,-6.2046],[106.925,-6.2046],[106.925,-6.2167]]]},"properties":{"lc_code":13,"lc_name":"Urban and Built-up Lands"}},{"type":"Feature","geometry":{"type":"Polygon","coordinates":[[[106.9375,-6.2167],[106.95,-6.2167],[106.95,-6.2046],[106.9375,-6.2046],[106.9375,-6.2167]]]},"properties":{"lc_code":13,"lc_name":"Urban and Built-up Lands"}},{"type":"Feature","geometry":{"type":"Polygon","coordinates":[[[106.95,-6.2167],[106.9625,-6.2167],[106.9625,-6.2046],[106.95,-6.2046],[106.95,-6.2167]]]},"properties":{"lc_code":13,"lc_name":"Urban and Built-up Lands"}},{"type":"Feature","geometry":{"type":"Polygon","coordinates":[[[106.9625,-6.2167],[106.975,-6.2167],[106.975,-6.2046],[106.9625,-6.2046],[106.9625,-6.2167]]]},"properties":{"lc_code":13,"lc_name":"Urban and Built-up Lands"}},{"type":"Feature","geometry":{"type":"Polygon","coordinates":[[[106.975,-6.2167],[106.9875,-6.2167],[106.9875,-6.2046],[106.975,-6.2046],[106.975,-6.2167]]]},"properties":{"lc_code":13,"lc_name":"Urban and Built-up Lands"}},{"type":"Feature","geometry":{"type":"Polygon","coordinates":[[[106.9875,-6.2167],[107,-6.2167],[107,-6.2046],[106.9875,-6.2046],[106.9875,-6.2167]]]},"properties":{"lc_code":13,"lc_name":"Urban and Built-up Lands"}},{"type":"Feature","geometry":{"type":"Polygon","coordinates":[[[107,-6.2167],[107.0125,-6.2167],[107.0125,-6.2046],[107,-6.2046],[107,-6.2167]]]},"properties":{"lc_code":13,"lc_name":"Urban and Built-up Lands"}},{"type":"Feature","geometry":{"type":"Polygon","coordinates":[[[107.0125,-6.2167],[107.025,-6.2167],[107.025,-6.2046],[107.0125,-6.2046],[107.0125,-6.2167]]]},"properties":{"lc_code":13,"lc_name":"Urban and Built-up Lands"}},{"type":"Feature","geometry":{"type":"Polygon","coordinates":[[[107.025,-6.2167],[107.0375,-6.2167],[107.0375,-6.2046],[107.025,-6.2046],[107.025,-6.2167]]]},"properties":{"lc_code":13,"lc_name":"Urban and Built-up Lands"}},{"type":"Feature","geometry":{"type":"Polygon","coordinates":[[[107.0375,-6.2167],[107.05,-6.2167],[107.05,-6.2046],[107.0375,-6.2046],[107.0375,-6.2167]]]},"properties":{"lc_code":13,"lc_name":"Urban and Built-up Lands"}},{"type":"Feature","geometry":{"type":"Polygon","coordinates":[[[107.05,-6.2167],[107.0625,-6.2167],[107.0625,-6.2046],[107.05,-6.2046],[107.05,-6.2167]]]},"properties":{"lc_code":13,"lc_name":"Urban and Built-up Lands"}},{"type":"Feature","geometry":{"type":"Polygon","coordinates":[[[107.0625,-6.2167],[107.075,-6.2167],[107.075,-6.2046],[107.0625,-6.2046],[107.0625,-6.2167]]]},"properties":{"lc_code":13,"lc_name":"Urban and Built-up Lands"}},{"type":"Feature","geometry":{"type":"Polygon","coordinates":[[[107.075,-6.2167],[107.0875,-6.2167],[107.0875,-6.2046],[107.075,-6.2046],[107.075,-6.2167]]]},"properties":{"lc_code":13,"lc_name":"Urban and Built-up Lands"}},{"type":"Feature","geometry":{"type":"Polygon","coordinates":[[[107.0875,-6.2167],[107.1,-6.2167],[107.1,-6.2046],[107.0875,-6.2046],[107.0875,-6.2167]]]},"properties":{"lc_code":13,"lc_name":"Urban and Built-up Lands"}},{"type":"Feature","geometry":{"type":"Polygon","coordinates":[[[107.1,-6.2167],[107.1125,-6.2167],[107.1125,-6.2046],[107.1,-6.2046],[107.1,-6.2167]]]},"properties":{"lc_code":13,"lc_name":"Urban and Built-up Lands"}},{"type":"Feature","geometry":{"type":"Polygon","coordinates":[[[107.1125,-6.2167],[107.125,-6.2167],[107.125,-6.2046],[107.1125,-6.2046],[107.1125,-6.2167]]]},"properties":{"lc_code":13,"lc_name":"Urban and Built-up Lands"}},{"type":"Feature","geometry":{"type":"Polygon","coordinates":[[[107.125,-6.2167],[107.1375,-6.2167],[107.1375,-6.2046],[107.125,-6.2046],[107.125,-6.2167]]]},"properties":{"lc_code":13,"lc_name":"Urban and Built-up Lands"}},{"type":"Feature","geometry":{"type":"Polygon","coordinates":[[[107.1375,-6.2167],[107.15,-6.2167],[107.15,-6.2046],[107.1375,-6.2046],[107.1375,-6.2167]]]},"properties":{"lc_code":13,"lc_name":"Urban and Built-up Lands"}},{"type":"Feature","geometry":{"type":"Polygon","coordinates":[[[107.15,-6.2167],[107.1625,-6.2167],[107.1625,-6.2046],[107.15,-6.2046],[107.15,-6.2167]]]},"properties":{"lc_code":13,"lc_name":"Urban and Built-up Lands"}},{"type":"Feature","geometry":{"type":"Polygon","coordinates":[[[107.1625,-6.2167],[107.175,-6.2167],[107.175,-6.2046],[107.1625,-6.2046],[107.1625,-6.2167]]]},"properties":{"lc_code":13,"lc_name":"Urban and Built-up Lands"}},{"type":"Feature","geometry":{"type":"Polygon","coordinates":[[[107.175,-6.2167],[107.1875,-6.2167],[107.1875,-6.2046],[107.175,-6.2046],[107.175,-6.2167]]]},"properties":{"lc_code":13,"lc_name":"Urban and Built-up Lands"}},{"type":"Feature","geometry":{"type":"Polygon","coordinates":[[[107.1875,-6.2167],[107.2,-6.2167],[107.2,-6.2046],[107.1875,-6.2046],[107.1875,-6.2167]]]},"properties":{"lc_code":13,"lc_name":"Urban and Built-up Lands"}},{"type":"Feature","geometry":{"type":"Polygon","coordinates":[[[107.2,-6.2167],[107.2125,-6.2167],[107.2125,-6.2046],[107.2,-6.2046],[107.2,-6.2167]]]},"properties":{"lc_code":13,"lc_name":"Urban and Built-up Lands"}},{"type":"Feature","geometry":{"type":"Polygon","coordinates":[[[107.2125,-6.2167],[107.225,-6.2167],[107.225,-6.2046],[107.2125,-6.2046],[107.2125,-6.2167]]]},"properties":{"lc_code":13,"lc_name":"Urban and Built-up Lands"}},{"type":"Feature","geometry":{"type":"Polygon","coordinates":[[[107.225,-6.2167],[107.2375,-6.2167],[107.2375,-6.2046],[107.225,-6.2046],[107.225,-6.2167]]]},"properties":{"lc_code":13,"lc_name":"Urban and Built-up Lands"}},{"type":"Feature","geometry":{"type":"Polygon","coordinates":[[[107.2375,-6.2167],[107.25,-6.2167],[107.25,-6.2046],[107.2375,-6.2046],[107.2375,-6.2167]]]},"properties":{"lc_code":13,"lc_name":"Urban and Built-up Lands"}},{"type":"Feature","geometry":{"type":"Polygon","coordinates":[[[107.25,-6.2167],[107.2625,-6.2167],[107.2625,-6.2046],[107.25,-6.2046],[107.25,-6.2167]]]},"properties":{"lc_code":12,"lc_name":"Cropland / Natural Vegetation Mosaics"}},{"type":"Feature","geometry":{"type":"Polygon","coordinates":[[[107.2625,-6.2167],[107.275,-6.2167],[107.275,-6.2046],[107.2625,-6.2046],[107.2625,-6.2167]]]},"properties":{"lc_code":12,"lc_name":"Cropland / Natural Vegetation Mosaics"}},{"type":"Feature","geometry":{"type":"Polygon","coordinates":[[[107.275,-6.2167],[107.2875,-6.2167],[107.2875,-6.2046],[107.275,-6.2046],[107.275,-6.2167]]]},"properties":{"lc_code":12,"lc_name":"Cropland / Natural Vegetation Mosaics"}},{"type":"Feature","geometry":{"type":"Polygon","coordinates":[[[107.2875,-6.2167],[107.3,-6.2167],[107.3,-6.2046],[107.2875,-6.2046],[107.2875,-6.2167]]]},"properties":{"lc_code":12,"lc_name":"Cropland / Natural Vegetation Mosaics"}},{"type":"Feature","geometry":{"type":"Polygon","coordinates":[[[106.5,-6.2046],[106.5125,-6.2046],[106.5125,-6.1926],[106.5,-6.1926],[106.5,-6.2046]]]},"properties":{"lc_code":12,"lc_name":"Cropland / Natural Vegetation Mosaics"}},{"type":"Feature","geometry":{"type":"Polygon","coordinates":[[[106.5125,-6.2046],[106.525,-6.2046],[106.525,-6.1926],[106.5125,-6.1926],[106.5125,-6.2046]]]},"properties":{"lc_code":13,"lc_name":"Urban and Built-up Lands"}},{"type":"Feature","geometry":{"type":"Polygon","coordinates":[[[106.525,-6.2046],[106.5375,-6.2046],[106.5375,-6.1926],[106.525,-6.1926],[106.525,-6.2046]]]},"properties":{"lc_code":13,"lc_name":"Urban and Built-up Lands"}},{"type":"Feature","geometry":{"type":"Polygon","coordinates":[[[106.5375,-6.2046],[106.55,-6.2046],[106.55,-6.1926],[106.5375,-6.1926],[106.5375,-6.2046]]]},"properties":{"lc_code":13,"lc_name":"Urban and Built-up Lands"}},{"type":"Feature","geometry":{"type":"Polygon","coordinates":[[[106.55,-6.2046],[106.5625,-6.2046],[106.5625,-6.1926],[106.55,-6.1926],[106.55,-6.2046]]]},"properties":{"lc_code":13,"lc_name":"Urban and Built-up Lands"}},{"type":"Feature","geometry":{"type":"Polygon","coordinates":[[[106.5625,-6.2046],[106.575,-6.2046],[106.575,-6.1926],[106.5625,-6.1926],[106.5625,-6.2046]]]},"properties":{"lc_code":13,"lc_name":"Urban and Built-up Lands"}},{"type":"Feature","geometry":{"type":"Polygon","coordinates":[[[106.575,-6.2046],[106.5875,-6.2046],[106.5875,-6.1926],[106.575,-6.1926],[106.575,-6.2046]]]},"properties":{"lc_code":13,"lc_name":"Urban and Built-up Lands"}},{"type":"Feature","geometry":{"type":"Polygon","coordinates":[[[106.5875,-6.2046],[106.6,-6.2046],[106.6,-6.1926],[106.5875,-6.1926],[106.5875,-6.2046]]]},"properties":{"lc_code":13,"lc_name":"Urban and Built-up Lands"}},{"type":"Feature","geometry":{"type":"Polygon","coordinates":[[[106.6,-6.2046],[106.6125,-6.2046],[106.6125,-6.1926],[106.6,-6.1926],[106.6,-6.2046]]]},"properties":{"lc_code":13,"lc_name":"Urban and Built-up Lands"}},{"type":"Feature","geometry":{"type":"Polygon","coordinates":[[[106.6125,-6.2046],[106.625,-6.2046],[106.625,-6.1926],[106.6125,-6.1926],[106.6125,-6.2046]]]},"properties":{"lc_code":13,"lc_name":"Urban and Built-up Lands"}},{"type":"Feature","geometry":{"type":"Polygon","coordinates":[[[106.625,-6.2046],[106.6375,-6.2046],[106.6375,-6.1926],[106.625,-6.1926],[106.625,-6.2046]]]},"properties":{"lc_code":13,"lc_name":"Urban and Built-up Lands"}},{"type":"Feature","geometry":{"type":"Polygon","coordinates":[[[106.6375,-6.2046],[106.65,-6.2046],[106.65,-6.1926],[106.6375,-6.1926],[106.6375,-6.2046]]]},"properties":{"lc_code":13,"lc_name":"Urban and Built-up Lands"}},{"type":"Feature","geometry":{"type":"Polygon","coordinates":[[[106.65,-6.2046],[106.6625,-6.2046],[106.6625,-6.1926],[106.65,-6.1926],[106.65,-6.2046]]]},"properties":{"lc_code":13,"lc_name":"Urban and Built-up Lands"}},{"type":"Feature","geometry":{"type":"Polygon","coordinates":[[[106.6625,-6.2046],[106.675,-6.2046],[106.675,-6.1926],[106.6625,-6.1926],[106.6625,-6.2046]]]},"properties":{"lc_code":13,"lc_name":"Urban and Built-up Lands"}},{"type":"Feature","geometry":{"type":"Polygon","coordinates":[[[106.675,-6.2046],[106.6875,-6.2046],[106.6875,-6.1926],[106.675,-6.1926],[106.675,-6.2046]]]},"properties":{"lc_code":13,"lc_name":"Urban and Built-up Lands"}},{"type":"Feature","geometry":{"type":"Polygon","coordinates":[[[106.6875,-6.2046],[106.7,-6.2046],[106.7,-6.1926],[106.6875,-6.1926],[106.6875,-6.2046]]]},"properties":{"lc_code":13,"lc_name":"Urban and Built-up Lands"}},{"type":"Feature","geometry":{"type":"Polygon","coordinates":[[[106.7,-6.2046],[106.7125,-6.2046],[106.7125,-6.1926],[106.7,-6.1926],[106.7,-6.2046]]]},"properties":{"lc_code":13,"lc_name":"Urban and Built-up Lands"}},{"type":"Feature","geometry":{"type":"Polygon","coordinates":[[[106.7125,-6.2046],[106.725,-6.2046],[106.725,-6.1926],[106.7125,-6.1926],[106.7125,-6.2046]]]},"properties":{"lc_code":13,"lc_name":"Urban and Built-up Lands"}},{"type":"Feature","geometry":{"type":"Polygon","coordinates":[[[106.725,-6.2046],[106.7375,-6.2046],[106.7375,-6.1926],[106.725,-6.1926],[106.725,-6.2046]]]},"properties":{"lc_code":13,"lc_name":"Urban and Built-up Lands"}},{"type":"Feature","geometry":{"type":"Polygon","coordinates":[[[106.7375,-6.2046],[106.75,-6.2046],[106.75,-6.1926],[106.7375,-6.1926],[106.7375,-6.2046]]]},"properties":{"lc_code":13,"lc_name":"Urban and Built-up Lands"}},{"type":"Feature","geometry":{"type":"Polygon","coordinates":[[[106.75,-6.2046],[106.7625,-6.2046],[106.7625,-6.1926],[106.75,-6.1926],[106.75,-6.2046]]]},"properties":{"lc_code":13,"lc_name":"Urban and Built-up Lands"}},{"type":"Feature","geometry":{"type":"Polygon","coordinates":[[[106.7625,-6.2046],[106.775,-6.2046],[106.775,-6.1926],[106.7625,-6.1926],[106.7625,-6.2046]]]},"properties":{"lc_code":13,"lc_name":"Urban and Built-up Lands"}},{"type":"Feature","geometry":{"type":"Polygon","coordinates":[[[106.775,-6.2046],[106.7875,-6.2046],[106.7875,-6.1926],[106.775,-6.1926],[106.775,-6.2046]]]},"properties":{"lc_code":13,"lc_name":"Urban and Built-up Lands"}},{"type":"Feature","geometry":{"type":"Polygon","coordinates":[[[106.7875,-6.2046],[106.8,-6.2046],[106.8,-6.1926],[106.7875,-6.1926],[106.7875,-6.2046]]]},"properties":{"lc_code":13,"lc_name":"Urban and Built-up Lands"}},{"type":"Feature","geometry":{"type":"Polygon","coordinates":[[[106.8,-6.2046],[106.8125,-6.2046],[106.8125,-6.1926],[106.8,-6.1926],[106.8,-6.2046]]]},"properties":{"lc_code":13,"lc_name":"Urban and Built-up Lands"}},{"type":"Feature","geometry":{"type":"Polygon","coordinates":[[[106.8125,-6.2046],[106.825,-6.2046],[106.825,-6.1926],[106.8125,-6.1926],[106.8125,-6.2046]]]},"properties":{"lc_code":13,"lc_name":"Urban and Built-up Lands"}},{"type":"Feature","geometry":{"type":"Polygon","coordinates":[[[106.825,-6.2046],[106.8375,-6.2046],[106.8375,-6.1926],[106.825,-6.1926],[106.825,-6.2046]]]},"properties":{"lc_code":13,"lc_name":"Urban and Built-up Lands"}},{"type":"Feature","geometry":{"type":"Polygon","coordinates":[[[106.8375,-6.2046],[106.85,-6.2046],[106.85,-6.1926],[106.8375,-6.1926],[106.8375,-6.2046]]]},"properties":{"lc_code":13,"lc_name":"Urban and Built-up Lands"}},{"type":"Feature","geometry":{"type":"Polygon","coordinates":[[[106.85,-6.2046],[106.8625,-6.2046],[106.8625,-6.1926],[106.85,-6.1926],[106.85,-6.2046]]]},"properties":{"lc_code":13,"lc_name":"Urban and Built-up Lands"}},{"type":"Feature","geometry":{"type":"Polygon","coordinates":[[[106.8625,-6.2046],[106.875,-6.2046],[106.875,-6.1926],[106.8625,-6.1926],[106.8625,-6.2046]]]},"properties":{"lc_code":13,"lc_name":"Urban and Built-up Lands"}},{"type":"Feature","geometry":{"type":"Polygon","coordinates":[[[106.875,-6.2046],[106.8875,-6.2046],[106.8875,-6.1926],[106.875,-6.1926],[106.875,-6.2046]]]},"properties":{"lc_code":13,"lc_name":"Urban and Built-up Lands"}},{"type":"Feature","geometry":{"type":"Polygon","coordinates":[[[106.8875,-6.2046],[106.9,-6.2046],[106.9,-6.1926],[106.8875,-6.1926],[106.8875,-6.2046]]]},"properties":{"lc_code":13,"lc_name":"Urban and Built-up Lands"}},{"type":"Feature","geometry":{"type":"Polygon","coordinates":[[[106.9,-6.2046],[106.9125,-6.2046],[106.9125,-6.1926],[106.9,-6.1926],[106.9,-6.2046]]]},"properties":{"lc_code":13,"lc_name":"Urban and Built-up Lands"}},{"type":"Feature","geometry":{"type":"Polygon","coordinates":[[[106.9125,-6.2046],[106.925,-6.2046],[106.925,-6.1926],[106.9125,-6.1926],[106.9125,-6.2046]]]},"properties":{"lc_code":13,"lc_name":"Urban and Built-up Lands"}},{"type":"Feature","geometry":{"type":"Polygon","coordinates":[[[106.925,-6.2046],[106.9375,-6.2046],[106.9375,-6.1926],[106.925,-6.1926],[106.925,-6.2046]]]},"properties":{"lc_code":13,"lc_name":"Urban and Built-up Lands"}},{"type":"Feature","geometry":{"type":"Polygon","coordinates":[[[106.9375,-6.2046],[106.95,-6.2046],[106.95,-6.1926],[106.9375,-6.1926],[106.9375,-6.2046]]]},"properties":{"lc_code":13,"lc_name":"Urban and Built-up Lands"}},{"type":"Feature","geometry":{"type":"Polygon","coordinates":[[[106.95,-6.2046],[106.9625,-6.2046],[106.9625,-6.1926],[106.95,-6.1926],[106.95,-6.2046]]]},"properties":{"lc_code":13,"lc_name":"Urban and Built-up Lands"}},{"type":"Feature","geometry":{"type":"Polygon","coordinates":[[[106.9625,-6.2046],[106.975,-6.2046],[106.975,-6.1926],[106.9625,-6.1926],[106.9625,-6.2046]]]},"properties":{"lc_code":13,"lc_name":"Urban and Built-up Lands"}},{"type":"Feature","geometry":{"type":"Polygon","coordinates":[[[106.975,-6.2046],[106.9875,-6.2046],[106.9875,-6.1926],[106.975,-6.1926],[106.975,-6.2046]]]},"properties":{"lc_code":13,"lc_name":"Urban and Built-up Lands"}},{"type":"Feature","geometry":{"type":"Polygon","coordinates":[[[106.9875,-6.2046],[107,-6.2046],[107,-6.1926],[106.9875,-6.1926],[106.9875,-6.2046]]]},"properties":{"lc_code":13,"lc_name":"Urban and Built-up Lands"}},{"type":"Feature","geometry":{"type":"Polygon","coordinates":[[[107,-6.2046],[107.0125,-6.2046],[107.0125,-6.1926],[107,-6.1926],[107,-6.2046]]]},"properties":{"lc_code":13,"lc_name":"Urban and Built-up Lands"}},{"type":"Feature","geometry":{"type":"Polygon","coordinates":[[[107.0125,-6.2046],[107.025,-6.2046],[107.025,-6.1926],[107.0125,-6.1926],[107.0125,-6.2046]]]},"properties":{"lc_code":13,"lc_name":"Urban and Built-up Lands"}},{"type":"Feature","geometry":{"type":"Polygon","coordinates":[[[107.025,-6.2046],[107.0375,-6.2046],[107.0375,-6.1926],[107.025,-6.1926],[107.025,-6.2046]]]},"properties":{"lc_code":13,"lc_name":"Urban and Built-up Lands"}},{"type":"Feature","geometry":{"type":"Polygon","coordinates":[[[107.0375,-6.2046],[107.05,-6.2046],[107.05,-6.1926],[107.0375,-6.1926],[107.0375,-6.2046]]]},"properties":{"lc_code":13,"lc_name":"Urban and Built-up Lands"}},{"type":"Feature","geometry":{"type":"Polygon","coordinates":[[[107.05,-6.2046],[107.0625,-6.2046],[107.0625,-6.1926],[107.05,-6.1926],[107.05,-6.2046]]]},"properties":{"lc_code":13,"lc_name":"Urban and Built-up Lands"}},{"type":"Feature","geometry":{"type":"Polygon","coordinates":[[[107.0625,-6.2046],[107.075,-6.2046],[107.075,-6.1926],[107.0625,-6.1926],[107.0625,-6.2046]]]},"properties":{"lc_code":13,"lc_name":"Urban and Built-up Lands"}},{"type":"Feature","geometry":{"type":"Polygon","coordinates":[[[107.075,-6.2046],[107.0875,-6.2046],[107.0875,-6.1926],[107.075,-6.1926],[107.075,-6.2046]]]},"properties":{"lc_code":13,"lc_name":"Urban and Built-up Lands"}},{"type":"Feature","geometry":{"type":"Polygon","coordinates":[[[107.0875,-6.2046],[107.1,-6.2046],[107.1,-6.1926],[107.0875,-6.1926],[107.0875,-6.2046]]]},"properties":{"lc_code":13,"lc_name":"Urban and Built-up Lands"}},{"type":"Feature","geometry":{"type":"Polygon","coordinates":[[[107.1,-6.2046],[107.1125,-6.2046],[107.1125,-6.1926],[107.1,-6.1926],[107.1,-6.2046]]]},"properties":{"lc_code":13,"lc_name":"Urban and Built-up Lands"}},{"type":"Feature","geometry":{"type":"Polygon","coordinates":[[[107.1125,-6.2046],[107.125,-6.2046],[107.125,-6.1926],[107.1125,-6.1926],[107.1125,-6.2046]]]},"properties":{"lc_code":13,"lc_name":"Urban and Built-up Lands"}},{"type":"Feature","geometry":{"type":"Polygon","coordinates":[[[107.125,-6.2046],[107.1375,-6.2046],[107.1375,-6.1926],[107.125,-6.1926],[107.125,-6.2046]]]},"properties":{"lc_code":13,"lc_name":"Urban and Built-up Lands"}},{"type":"Feature","geometry":{"type":"Polygon","coordinates":[[[107.1375,-6.2046],[107.15,-6.2046],[107.15,-6.1926],[107.1375,-6.1926],[107.1375,-6.2046]]]},"properties":{"lc_code":13,"lc_name":"Urban and Built-up Lands"}},{"type":"Feature","geometry":{"type":"Polygon","coordinates":[[[107.15,-6.2046],[107.1625,-6.2046],[107.1625,-6.1926],[107.15,-6.1926],[107.15,-6.2046]]]},"properties":{"lc_code":13,"lc_name":"Urban and Built-up Lands"}},{"type":"Feature","geometry":{"type":"Polygon","coordinates":[[[107.1625,-6.2046],[107.175,-6.2046],[107.175,-6.1926],[107.1625,-6.1926],[107.1625,-6.2046]]]},"properties":{"lc_code":13,"lc_name":"Urban and Built-up Lands"}},{"type":"Feature","geometry":{"type":"Polygon","coordinates":[[[107.175,-6.2046],[107.1875,-6.2046],[107.1875,-6.1926],[107.175,-6.1926],[107.175,-6.2046]]]},"properties":{"lc_code":13,"lc_name":"Urban and Built-up Lands"}},{"type":"Feature","geometry":{"type":"Polygon","coordinates":[[[107.1875,-6.2046],[107.2,-6.2046],[107.2,-6.1926],[107.1875,-6.1926],[107.1875,-6.2046]]]},"properties":{"lc_code":13,"lc_name":"Urban and Built-up Lands"}},{"type":"Feature","geometry":{"type":"Polygon","coordinates":[[[107.2,-6.2046],[107.2125,-6.2046],[107.2125,-6.1926],[107.2,-6.1926],[107.2,-6.2046]]]},"properties":{"lc_code":13,"lc_name":"Urban and Built-up Lands"}},{"type":"Feature","geometry":{"type":"Polygon","coordinates":[[[107.2125,-6.2046],[107.225,-6.2046],[107.225,-6.1926],[107.2125,-6.1926],[107.2125,-6.2046]]]},"properties":{"lc_code":13,"lc_name":"Urban and Built-up Lands"}},{"type":"Feature","geometry":{"type":"Polygon","coordinates":[[[107.225,-6.2046],[107.2375,-6.2046],[107.2375,-6.1926],[107.225,-6.1926],[107.225,-6.2046]]]},"properties":{"lc_code":13,"lc_name":"Urban and Built-up Lands"}},{"type":"Feature","geometry":{"type":"Polygon","coordinates":[[[107.2375,-6.2046],[107.25,-6.2046],[107.25,-6.1926],[107.2375,-6.1926],[107.2375,-6.2046]]]},"properties":{"lc_code":12,"lc_name":"Cropland / Natural Vegetation Mosaics"}},{"type":"Feature","geometry":{"type":"Polygon","coordinates":[[[107.25,-6.2046],[107.2625,-6.2046],[107.2625,-6.1926],[107.25,-6.1926],[107.25,-6.2046]]]},"properties":{"lc_code":12,"lc_name":"Cropland / Natural Vegetation Mosaics"}},{"type":"Feature","geometry":{"type":"Polygon","coordinates":[[[107.2625,-6.2046],[107.275,-6.2046],[107.275,-6.1926],[107.2625,-6.1926],[107.2625,-6.2046]]]},"properties":{"lc_code":12,"lc_name":"Cropland / Natural Vegetation Mosaics"}},{"type":"Feature","geometry":{"type":"Polygon","coordinates":[[[107.275,-6.2046],[107.2875,-6.2046],[107.2875,-6.1926],[107.275,-6.1926],[107.275,-6.2046]]]},"properties":{"lc_code":12,"lc_name":"Cropland / Natural Vegetation Mosaics"}},{"type":"Feature","geometry":{"type":"Polygon","coordinates":[[[107.2875,-6.2046],[107.3,-6.2046],[107.3,-6.1926],[107.2875,-6.1926],[107.2875,-6.2046]]]},"properties":{"lc_code":12,"lc_name":"Cropland / Natural Vegetation Mosaics"}},{"type":"Feature","geometry":{"type":"Polygon","coordinates":[[[106.5,-6.1926],[106.5125,-6.1926],[106.5125,-6.1806],[106.5,-6.1806],[106.5,-6.1926]]]},"properties":{"lc_code":12,"lc_name":"Cropland / Natural Vegetation Mosaics"}},{"type":"Feature","geometry":{"type":"Polygon","coordinates":[[[106.5125,-6.1926],[106.525,-6.1926],[106.525,-6.1806],[106.5125,-6.1806],[106.5125,-6.1926]]]},"properties":{"lc_code":13,"lc_name":"Urban and Built-up Lands"}},{"type":"Feature","geometry":{"type":"Polygon","coordinates":[[[106.525,-6.1926],[106.5375,-6.1926],[106.5375,-6.1806],[106.525,-6.1806],[106.525,-6.1926]]]},"properties":{"lc_code":13,"lc_name":"Urban and Built-up Lands"}},{"type":"Feature","geometry":{"type":"Polygon","coordinates":[[[106.5375,-6.1926],[106.55,-6.1926],[106.55,-6.1806],[106.5375,-6.1806],[106.5375,-6.1926]]]},"properties":{"lc_code":13,"lc_name":"Urban and Built-up Lands"}},{"type":"Feature","geometry":{"type":"Polygon","coordinates":[[[106.55,-6.1926],[106.5625,-6.1926],[106.5625,-6.1806],[106.55,-6.1806],[106.55,-6.1926]]]},"properties":{"lc_code":13,"lc_name":"Urban and Built-up Lands"}},{"type":"Feature","geometry":{"type":"Polygon","coordinates":[[[106.5625,-6.1926],[106.575,-6.1926],[106.575,-6.1806],[106.5625,-6.1806],[106.5625,-6.1926]]]},"properties":{"lc_code":13,"lc_name":"Urban and Built-up Lands"}},{"type":"Feature","geometry":{"type":"Polygon","coordinates":[[[106.575,-6.1926],[106.5875,-6.1926],[106.5875,-6.1806],[106.575,-6.1806],[106.575,-6.1926]]]},"properties":{"lc_code":13,"lc_name":"Urban and Built-up Lands"}},{"type":"Feature","geometry":{"type":"Polygon","coordinates":[[[106.5875,-6.1926],[106.6,-6.1926],[106.6,-6.1806],[106.5875,-6.1806],[106.5875,-6.1926]]]},"properties":{"lc_code":13,"lc_name":"Urban and Built-up Lands"}},{"type":"Feature","geometry":{"type":"Polygon","coordinates":[[[106.6,-6.1926],[106.6125,-6.1926],[106.6125,-6.1806],[106.6,-6.1806],[106.6,-6.1926]]]},"properties":{"lc_code":13,"lc_name":"Urban and Built-up Lands"}},{"type":"Feature","geometry":{"type":"Polygon","coordinates":[[[106.6125,-6.1926],[106.625,-6.1926],[106.625,-6.1806],[106.6125,-6.1806],[106.6125,-6.1926]]]},"properties":{"lc_code":13,"lc_name":"Urban and Built-up Lands"}},{"type":"Feature","geometry":{"type":"Polygon","coordinates":[[[106.625,-6.1926],[106.6375,-6.1926],[106.6375,-6.1806],[106.625,-6.1806],[106.625,-6.1926]]]},"properties":{"lc_code":13,"lc_name":"Urban and Built-up Lands"}},{"type":"Feature","geometry":{"type":"Polygon","coordinates":[[[106.6375,-6.1926],[106.65,-6.1926],[106.65,-6.1806],[106.6375,-6.1806],[106.6375,-6.1926]]]},"properties":{"lc_code":13,"lc_name":"Urban and Built-up Lands"}},{"type":"Feature","geometry":{"type":"Polygon","coordinates":[[[106.65,-6.1926],[106.6625,-6.1926],[106.6625,-6.1806],[106.65,-6.1806],[106.65,-6.1926]]]},"properties":{"lc_code":13,"lc_name":"Urban and Built-up Lands"}},{"type":"Feature","geometry":{"type":"Polygon","coordinates":[[[106.6625,-6.1926],[106.675,-6.1926],[106.675,-6.1806],[106.6625,-6.1806],[106.6625,-6.1926]]]},"properties":{"lc_code":13,"lc_name":"Urban and Built-up Lands"}},{"type":"Feature","geometry":{"type":"Polygon","coordinates":[[[106.675,-6.1926],[106.6875,-6.1926],[106.6875,-6.1806],[106.675,-6.1806],[106.675,-6.1926]]]},"properties":{"lc_code":13,"lc_name":"Urban and Built-up Lands"}},{"type":"Feature","geometry":{"type":"Polygon","coordinates":[[[106.6875,-6.1926],[106.7,-6.1926],[106.7,-6.1806],[106.6875,-6.1806],[106.6875,-6.1926]]]},"properties":{"lc_code":13,"lc_name":"Urban and Built-up Lands"}},{"type":"Feature","geometry":{"type":"Polygon","coordinates":[[[106.7,-6.1926],[106.7125,-6.1926],[106.7125,-6.1806],[106.7,-6.1806],[106.7,-6.1926]]]},"properties":{"lc_code":13,"lc_name":"Urban and Built-up Lands"}},{"type":"Feature","geometry":{"type":"Polygon","coordinates":[[[106.7125,-6.1926],[106.725,-6.1926],[106.725,-6.1806],[106.7125,-6.1806],[106.7125,-6.1926]]]},"properties":{"lc_code":13,"lc_name":"Urban and Built-up Lands"}},{"type":"Feature","geometry":{"type":"Polygon","coordinates":[[[106.725,-6.1926],[106.7375,-6.1926],[106.7375,-6.1806],[106.725,-6.1806],[106.725,-6.1926]]]},"properties":{"lc_code":13,"lc_name":"Urban and Built-up Lands"}},{"type":"Feature","geometry":{"type":"Polygon","coordinates":[[[106.7375,-6.1926],[106.75,-6.1926],[106.75,-6.1806],[106.7375,-6.1806],[106.7375,-6.1926]]]},"properties":{"lc_code":13,"lc_name":"Urban and Built-up Lands"}},{"type":"Feature","geometry":{"type":"Polygon","coordinates":[[[106.75,-6.1926],[106.7625,-6.1926],[106.7625,-6.1806],[106.75,-6.1806],[106.75,-6.1926]]]},"properties":{"lc_code":13,"lc_name":"Urban and Built-up Lands"}},{"type":"Feature","geometry":{"type":"Polygon","coordinates":[[[106.7625,-6.1926],[106.775,-6.1926],[106.775,-6.1806],[106.7625,-6.1806],[106.7625,-6.1926]]]},"properties":{"lc_code":13,"lc_name":"Urban and Built-up Lands"}},{"type":"Feature","geometry":{"type":"Polygon","coordinates":[[[106.775,-6.1926],[106.7875,-6.1926],[106.7875,-6.1806],[106.775,-6.1806],[106.775,-6.1926]]]},"properties":{"lc_code":13,"lc_name":"Urban and Built-up Lands"}},{"type":"Feature","geometry":{"type":"Polygon","coordinates":[[[106.7875,-6.1926],[106.8,-6.1926],[106.8,-6.1806],[106.7875,-6.1806],[106.7875,-6.1926]]]},"properties":{"lc_code":13,"lc_name":"Urban and Built-up Lands"}},{"type":"Feature","geometry":{"type":"Polygon","coordinates":[[[106.8,-6.1926],[106.8125,-6.1926],[106.8125,-6.1806],[106.8,-6.1806],[106.8,-6.1926]]]},"properties":{"lc_code":13,"lc_name":"Urban and Built-up Lands"}},{"type":"Feature","geometry":{"type":"Polygon","coordinates":[[[106.8125,-6.1926],[106.825,-6.1926],[106.825,-6.1806],[106.8125,-6.1806],[106.8125,-6.1926]]]},"properties":{"lc_code":13,"lc_name":"Urban and Built-up Lands"}},{"type":"Feature","geometry":{"type":"Polygon","coordinates":[[[106.825,-6.1926],[106.8375,-6.1926],[106.8375,-6.1806],[106.825,-6.1806],[106.825,-6.1926]]]},"properties":{"lc_code":13,"lc_name":"Urban and Built-up Lands"}},{"type":"Feature","geometry":{"type":"Polygon","coordinates":[[[106.8375,-6.1926],[106.85,-6.1926],[106.85,-6.1806],[106.8375,-6.1806],[106.8375,-6.1926]]]},"properties":{"lc_code":13,"lc_name":"Urban and Built-up Lands"}},{"type":"Feature","geometry":{"type":"Polygon","coordinates":[[[106.85,-6.1926],[106.8625,-6.1926],[106.8625,-6.1806],[106.85,-6.1806],[106.85,-6.1926]]]},"properties":{"lc_code":13,"lc_name":"Urban and Built-up Lands"}},{"type":"Feature","geometry":{"type":"Polygon","coordinates":[[[106.8625,-6.1926],[106.875,-6.1926],[106.875,-6.1806],[106.8625,-6.1806],[106.8625,-6.1926]]]},"properties":{"lc_code":13,"lc_name":"Urban and Built-up Lands"}},{"type":"Feature","geometry":{"type":"Polygon","coordinates":[[[106.875,-6.1926],[106.8875,-6.1926],[106.8875,-6.1806],[106.875,-6.1806],[106.875,-6.1926]]]},"properties":{"lc_code":13,"lc_name":"Urban and Built-up Lands"}},{"type":"Feature","geometry":{"type":"Polygon","coordinates":[[[106.8875,-6.1926],[106.9,-6.1926],[106.9,-6.1806],[106.8875,-6.1806],[106.8875,-6.1926]]]},"properties":{"lc_code":13,"lc_name":"Urban and Built-up Lands"}},{"type":"Feature","geometry":{"type":"Polygon","coordinates":[[[106.9,-6.1926],[106.9125,-6.1926],[106.9125,-6.1806],[106.9,-6.1806],[106.9,-6.1926]]]},"properties":{"lc_code":13,"lc_name":"Urban and Built-up Lands"}},{"type":"Feature","geometry":{"type":"Polygon","coordinates":[[[106.9125,-6.1926],[106.925,-6.1926],[106.925,-6.1806],[106.9125,-6.1806],[106.9125,-6.1926]]]},"properties":{"lc_code":13,"lc_name":"Urban and Built-up Lands"}},{"type":"Feature","geometry":{"type":"Polygon","coordinates":[[[106.925,-6.1926],[106.9375,-6.1926],[106.9375,-6.1806],[106.925,-6.1806],[106.925,-6.1926]]]},"properties":{"lc_code":13,"lc_name":"Urban and Built-up Lands"}},{"type":"Feature","geometry":{"type":"Polygon","coordinates":[[[106.9375,-6.1926],[106.95,-6.1926],[106.95,-6.1806],[106.9375,-6.1806],[106.9375,-6.1926]]]},"properties":{"lc_code":13,"lc_name":"Urban and Built-up Lands"}},{"type":"Feature","geometry":{"type":"Polygon","coordinates":[[[106.95,-6.1926],[106.9625,-6.1926],[106.9625,-6.1806],[106.95,-6.1806],[106.95,-6.1926]]]},"properties":{"lc_code":13,"lc_name":"Urban and Built-up Lands"}},{"type":"Feature","geometry":{"type":"Polygon","coordinates":[[[106.9625,-6.1926],[106.975,-6.1926],[106.975,-6.1806],[106.9625,-6.1806],[106.9625,-6.1926]]]},"properties":{"lc_code":13,"lc_name":"Urban and Built-up Lands"}},{"type":"Feature","geometry":{"type":"Polygon","coordinates":[[[106.975,-6.1926],[106.9875,-6.1926],[106.9875,-6.1806],[106.975,-6.1806],[106.975,-6.1926]]]},"properties":{"lc_code":13,"lc_name":"Urban and Built-up Lands"}},{"type":"Feature","geometry":{"type":"Polygon","coordinates":[[[106.9875,-6.1926],[107,-6.1926],[107,-6.1806],[106.9875,-6.1806],[106.9875,-6.1926]]]},"properties":{"lc_code":13,"lc_name":"Urban and Built-up Lands"}},{"type":"Feature","geometry":{"type":"Polygon","coordinates":[[[107,-6.1926],[107.0125,-6.1926],[107.0125,-6.1806],[107,-6.1806],[107,-6.1926]]]},"properties":{"lc_code":13,"lc_name":"Urban and Built-up Lands"}},{"type":"Feature","geometry":{"type":"Polygon","coordinates":[[[107.0125,-6.1926],[107.025,-6.1926],[107.025,-6.1806],[107.0125,-6.1806],[107.0125,-6.1926]]]},"properties":{"lc_code":13,"lc_name":"Urban and Built-up Lands"}},{"type":"Feature","geometry":{"type":"Polygon","coordinates":[[[107.025,-6.1926],[107.0375,-6.1926],[107.0375,-6.1806],[107.025,-6.1806],[107.025,-6.1926]]]},"properties":{"lc_code":13,"lc_name":"Urban and Built-up Lands"}},{"type":"Feature","geometry":{"type":"Polygon","coordinates":[[[107.0375,-6.1926],[107.05,-6.1926],[107.05,-6.1806],[107.0375,-6.1806],[107.0375,-6.1926]]]},"properties":{"lc_code":13,"lc_name":"Urban and Built-up Lands"}},{"type":"Feature","geometry":{"type":"Polygon","coordinates":[[[107.05,-6.1926],[107.0625,-6.1926],[107.0625,-6.1806],[107.05,-6.1806],[107.05,-6.1926]]]},"properties":{"lc_code":13,"lc_name":"Urban and Built-up Lands"}},{"type":"Feature","geometry":{"type":"Polygon","coordinates":[[[107.0625,-6.1926],[107.075,-6.1926],[107.075,-6.1806],[107.0625,-6.1806],[107.0625,-6.1926]]]},"properties":{"lc_code":13,"lc_name":"Urban and Built-up Lands"}},{"type":"Feature","geometry":{"type":"Polygon","coordinates":[[[107.075,-6.1926],[107.0875,-6.1926],[107.0875,-6.1806],[107.075,-6.1806],[107.075,-6.1926]]]},"properties":{"lc_code":13,"lc_name":"Urban and Built-up Lands"}},{"type":"Feature","geometry":{"type":"Polygon","coordinates":[[[107.0875,-6.1926],[107.1,-6.1926],[107.1,-6.1806],[107.0875,-6.1806],[107.0875,-6.1926]]]},"properties":{"lc_code":13,"lc_name":"Urban and Built-up Lands"}},{"type":"Feature","geometry":{"type":"Polygon","coordinates":[[[107.1,-6.1926],[107.1125,-6.1926],[107.1125,-6.1806],[107.1,-6.1806],[107.1,-6.1926]]]},"properties":{"lc_code":13,"lc_name":"Urban and Built-up Lands"}},{"type":"Feature","geometry":{"type":"Polygon","coordinates":[[[107.1125,-6.1926],[107.125,-6.1926],[107.125,-6.1806],[107.1125,-6.1806],[107.1125,-6.1926]]]},"properties":{"lc_code":13,"lc_name":"Urban and Built-up Lands"}},{"type":"Feature","geometry":{"type":"Polygon","coordinates":[[[107.125,-6.1926],[107.1375,-6.1926],[107.1375,-6.1806],[107.125,-6.1806],[107.125,-6.1926]]]},"properties":{"lc_code":13,"lc_name":"Urban and Built-up Lands"}},{"type":"Feature","geometry":{"type":"Polygon","coordinates":[[[107.1375,-6.1926],[107.15,-6.1926],[107.15,-6.1806],[107.1375,-6.1806],[107.1375,-6.1926]]]},"properties":{"lc_code":13,"lc_name":"Urban and Built-up Lands"}},{"type":"Feature","geometry":{"type":"Polygon","coordinates":[[[107.15,-6.1926],[107.1625,-6.1926],[107.1625,-6.1806],[107.15,-6.1806],[107.15,-6.1926]]]},"properties":{"lc_code":13,"lc_name":"Urban and Built-up Lands"}},{"type":"Feature","geometry":{"type":"Polygon","coordinates":[[[107.1625,-6.1926],[107.175,-6.1926],[107.175,-6.1806],[107.1625,-6.1806],[107.1625,-6.1926]]]},"properties":{"lc_code":13,"lc_name":"Urban and Built-up Lands"}},{"type":"Feature","geometry":{"type":"Polygon","coordinates":[[[107.175,-6.1926],[107.1875,-6.1926],[107.1875,-6.1806],[107.175,-6.1806],[107.175,-6.1926]]]},"properties":{"lc_code":13,"lc_name":"Urban and Built-up Lands"}},{"type":"Feature","geometry":{"type":"Polygon","coordinates":[[[107.1875,-6.1926],[107.2,-6.1926],[107.2,-6.1806],[107.1875,-6.1806],[107.1875,-6.1926]]]},"properties":{"lc_code":13,"lc_name":"Urban and Built-up Lands"}},{"type":"Feature","geometry":{"type":"Polygon","coordinates":[[[107.2,-6.1926],[107.2125,-6.1926],[107.2125,-6.1806],[107.2,-6.1806],[107.2,-6.1926]]]},"properties":{"lc_code":13,"lc_name":"Urban and Built-up Lands"}},{"type":"Feature","geometry":{"type":"Polygon","coordinates":[[[107.2125,-6.1926],[107.225,-6.1926],[107.225,-6.1806],[107.2125,-6.1806],[107.2125,-6.1926]]]},"properties":{"lc_code":13,"lc_name":"Urban and Built-up Lands"}},{"type":"Feature","geometry":{"type":"Polygon","coordinates":[[[107.225,-6.1926],[107.2375,-6.1926],[107.2375,-6.1806],[107.225,-6.1806],[107.225,-6.1926]]]},"properties":{"lc_code":12,"lc_name":"Cropland / Natural Vegetation Mosaics"}},{"type":"Feature","geometry":{"type":"Polygon","coordinates":[[[107.2375,-6.1926],[107.25,-6.1926],[107.25,-6.1806],[107.2375,-6.1806],[107.2375,-6.1926]]]},"properties":{"lc_code":12,"lc_name":"Cropland / Natural Vegetation Mosaics"}},{"type":"Feature","geometry":{"type":"Polygon","coordinates":[[[107.25,-6.1926],[107.2625,-6.1926],[107.2625,-6.1806],[107.25,-6.1806],[107.25,-6.1926]]]},"properties":{"lc_code":12,"lc_name":"Cropland / Natural Vegetation Mosaics"}},{"type":"Feature","geometry":{"type":"Polygon","coordinates":[[[107.2625,-6.1926],[107.275,-6.1926],[107.275,-6.1806],[107.2625,-6.1806],[107.2625,-6.1926]]]},"properties":{"lc_code":12,"lc_name":"Cropland / Natural Vegetation Mosaics"}},{"type":"Feature","geometry":{"type":"Polygon","coordinates":[[[107.275,-6.1926],[107.2875,-6.1926],[107.2875,-6.1806],[107.275,-6.1806],[107.275,-6.1926]]]},"properties":{"lc_code":12,"lc_name":"Cropland / Natural Vegetation Mosaics"}},{"type":"Feature","geometry":{"type":"Polygon","coordinates":[[[107.2875,-6.1926],[107.3,-6.1926],[107.3,-6.1806],[107.2875,-6.1806],[107.2875,-6.1926]]]},"properties":{"lc_code":12,"lc_name":"Cropland / Natural Vegetation Mosaics"}},{"type":"Feature","geometry":{"type":"Polygon","coordinates":[[[106.5,-6.1806],[106.5125,-6.1806],[106.5125,-6.1685],[106.5,-6.1685],[106.5,-6.1806]]]},"properties":{"lc_code":12,"lc_name":"Cropland / Natural Vegetation Mosaics"}},{"type":"Feature","geometry":{"type":"Polygon","coordinates":[[[106.5125,-6.1806],[106.525,-6.1806],[106.525,-6.1685],[106.5125,-6.1685],[106.5125,-6.1806]]]},"properties":{"lc_code":13,"lc_name":"Urban and Built-up Lands"}},{"type":"Feature","geometry":{"type":"Polygon","coordinates":[[[106.525,-6.1806],[106.5375,-6.1806],[106.5375,-6.1685],[106.525,-6.1685],[106.525,-6.1806]]]},"properties":{"lc_code":13,"lc_name":"Urban and Built-up Lands"}},{"type":"Feature","geometry":{"type":"Polygon","coordinates":[[[106.5375,-6.1806],[106.55,-6.1806],[106.55,-6.1685],[106.5375,-6.1685],[106.5375,-6.1806]]]},"properties":{"lc_code":13,"lc_name":"Urban and Built-up Lands"}},{"type":"Feature","geometry":{"type":"Polygon","coordinates":[[[106.55,-6.1806],[106.5625,-6.1806],[106.5625,-6.1685],[106.55,-6.1685],[106.55,-6.1806]]]},"properties":{"lc_code":13,"lc_name":"Urban and Built-up Lands"}},{"type":"Feature","geometry":{"type":"Polygon","coordinates":[[[106.5625,-6.1806],[106.575,-6.1806],[106.575,-6.1685],[106.5625,-6.1685],[106.5625,-6.1806]]]},"properties":{"lc_code":13,"lc_name":"Urban and Built-up Lands"}},{"type":"Feature","geometry":{"type":"Polygon","coordinates":[[[106.575,-6.1806],[106.5875,-6.1806],[106.5875,-6.1685],[106.575,-6.1685],[106.575,-6.1806]]]},"properties":{"lc_code":13,"lc_name":"Urban and Built-up Lands"}},{"type":"Feature","geometry":{"type":"Polygon","coordinates":[[[106.5875,-6.1806],[106.6,-6.1806],[106.6,-6.1685],[106.5875,-6.1685],[106.5875,-6.1806]]]},"properties":{"lc_code":13,"lc_name":"Urban and Built-up Lands"}},{"type":"Feature","geometry":{"type":"Polygon","coordinates":[[[106.6,-6.1806],[106.6125,-6.1806],[106.6125,-6.1685],[106.6,-6.1685],[106.6,-6.1806]]]},"properties":{"lc_code":13,"lc_name":"Urban and Built-up Lands"}},{"type":"Feature","geometry":{"type":"Polygon","coordinates":[[[106.6125,-6.1806],[106.625,-6.1806],[106.625,-6.1685],[106.6125,-6.1685],[106.6125,-6.1806]]]},"properties":{"lc_code":13,"lc_name":"Urban and Built-up Lands"}},{"type":"Feature","geometry":{"type":"Polygon","coordinates":[[[106.625,-6.1806],[106.6375,-6.1806],[106.6375,-6.1685],[106.625,-6.1685],[106.625,-6.1806]]]},"properties":{"lc_code":13,"lc_name":"Urban and Built-up Lands"}},{"type":"Feature","geometry":{"type":"Polygon","coordinates":[[[106.6375,-6.1806],[106.65,-6.1806],[106.65,-6.1685],[106.6375,-6.1685],[106.6375,-6.1806]]]},"properties":{"lc_code":13,"lc_name":"Urban and Built-up Lands"}},{"type":"Feature","geometry":{"type":"Polygon","coordinates":[[[106.65,-6.1806],[106.6625,-6.1806],[106.6625,-6.1685],[106.65,-6.1685],[106.65,-6.1806]]]},"properties":{"lc_code":13,"lc_name":"Urban and Built-up Lands"}},{"type":"Feature","geometry":{"type":"Polygon","coordinates":[[[106.6625,-6.1806],[106.675,-6.1806],[106.675,-6.1685],[106.6625,-6.1685],[106.6625,-6.1806]]]},"properties":{"lc_code":13,"lc_name":"Urban and Built-up Lands"}},{"type":"Feature","geometry":{"type":"Polygon","coordinates":[[[106.675,-6.1806],[106.6875,-6.1806],[106.6875,-6.1685],[106.675,-6.1685],[106.675,-6.1806]]]},"properties":{"lc_code":13,"lc_name":"Urban and Built-up Lands"}},{"type":"Feature","geometry":{"type":"Polygon","coordinates":[[[106.6875,-6.1806],[106.7,-6.1806],[106.7,-6.1685],[106.6875,-6.1685],[106.6875,-6.1806]]]},"properties":{"lc_code":13,"lc_name":"Urban and Built-up Lands"}},{"type":"Feature","geometry":{"type":"Polygon","coordinates":[[[106.7,-6.1806],[106.7125,-6.1806],[106.7125,-6.1685],[106.7,-6.1685],[106.7,-6.1806]]]},"properties":{"lc_code":13,"lc_name":"Urban and Built-up Lands"}},{"type":"Feature","geometry":{"type":"Polygon","coordinates":[[[106.7125,-6.1806],[106.725,-6.1806],[106.725,-6.1685],[106.7125,-6.1685],[106.7125,-6.1806]]]},"properties":{"lc_code":13,"lc_name":"Urban and Built-up Lands"}},{"type":"Feature","geometry":{"type":"Polygon","coordinates":[[[106.725,-6.1806],[106.7375,-6.1806],[106.7375,-6.1685],[106.725,-6.1685],[106.725,-6.1806]]]},"properties":{"lc_code":13,"lc_name":"Urban and Built-up Lands"}},{"type":"Feature","geometry":{"type":"Polygon","coordinates":[[[106.7375,-6.1806],[106.75,-6.1806],[106.75,-6.1685],[106.7375,-6.1685],[106.7375,-6.1806]]]},"properties":{"lc_code":13,"lc_name":"Urban and Built-up Lands"}},{"type":"Feature","geometry":{"type":"Polygon","coordinates":[[[106.75,-6.1806],[106.7625,-6.1806],[106.7625,-6.1685],[106.75,-6.1685],[106.75,-6.1806]]]},"properties":{"lc_code":13,"lc_name":"Urban and Built-up Lands"}},{"type":"Feature","geometry":{"type":"Polygon","coordinates":[[[106.7625,-6.1806],[106.775,-6.1806],[106.775,-6.1685],[106.7625,-6.1685],[106.7625,-6.1806]]]},"properties":{"lc_code":13,"lc_name":"Urban and Built-up Lands"}},{"type":"Feature","geometry":{"type":"Polygon","coordinates":[[[106.775,-6.1806],[106.7875,-6.1806],[106.7875,-6.1685],[106.775,-6.1685],[106.775,-6.1806]]]},"properties":{"lc_code":13,"lc_name":"Urban and Built-up Lands"}},{"type":"Feature","geometry":{"type":"Polygon","coordinates":[[[106.7875,-6.1806],[106.8,-6.1806],[106.8,-6.1685],[106.7875,-6.1685],[106.7875,-6.1806]]]},"properties":{"lc_code":13,"lc_name":"Urban and Built-up Lands"}},{"type":"Feature","geometry":{"type":"Polygon","coordinates":[[[106.8,-6.1806],[106.8125,-6.1806],[106.8125,-6.1685],[106.8,-6.1685],[106.8,-6.1806]]]},"properties":{"lc_code":13,"lc_name":"Urban and Built-up Lands"}},{"type":"Feature","geometry":{"type":"Polygon","coordinates":[[[106.8125,-6.1806],[106.825,-6.1806],[106.825,-6.1685],[106.8125,-6.1685],[106.8125,-6.1806]]]},"properties":{"lc_code":13,"lc_name":"Urban and Built-up Lands"}},{"type":"Feature","geometry":{"type":"Polygon","coordinates":[[[106.825,-6.1806],[106.8375,-6.1806],[106.8375,-6.1685],[106.825,-6.1685],[106.825,-6.1806]]]},"properties":{"lc_code":13,"lc_name":"Urban and Built-up Lands"}},{"type":"Feature","geometry":{"type":"Polygon","coordinates":[[[106.8375,-6.1806],[106.85,-6.1806],[106.85,-6.1685],[106.8375,-6.1685],[106.8375,-6.1806]]]},"properties":{"lc_code":13,"lc_name":"Urban and Built-up Lands"}},{"type":"Feature","geometry":{"type":"Polygon","coordinates":[[[106.85,-6.1806],[106.8625,-6.1806],[106.8625,-6.1685],[106.85,-6.1685],[106.85,-6.1806]]]},"properties":{"lc_code":13,"lc_name":"Urban and Built-up Lands"}},{"type":"Feature","geometry":{"type":"Polygon","coordinates":[[[106.8625,-6.1806],[106.875,-6.1806],[106.875,-6.1685],[106.8625,-6.1685],[106.8625,-6.1806]]]},"properties":{"lc_code":13,"lc_name":"Urban and Built-up Lands"}},{"type":"Feature","geometry":{"type":"Polygon","coordinates":[[[106.875,-6.1806],[106.8875,-6.1806],[106.8875,-6.1685],[106.875,-6.1685],[106.875,-6.1806]]]},"properties":{"lc_code":13,"lc_name":"Urban and Built-up Lands"}},{"type":"Feature","geometry":{"type":"Polygon","coordinates":[[[106.8875,-6.1806],[106.9,-6.1806],[106.9,-6.1685],[106.8875,-6.1685],[106.8875,-6.1806]]]},"properties":{"lc_code":13,"lc_name":"Urban and Built-up Lands"}},{"type":"Feature","geometry":{"type":"Polygon","coordinates":[[[106.9,-6.1806],[106.9125,-6.1806],[106.9125,-6.1685],[106.9,-6.1685],[106.9,-6.1806]]]},"properties":{"lc_code":13,"lc_name":"Urban and Built-up Lands"}},{"type":"Feature","geometry":{"type":"Polygon","coordinates":[[[106.9125,-6.1806],[106.925,-6.1806],[106.925,-6.1685],[106.9125,-6.1685],[106.9125,-6.1806]]]},"properties":{"lc_code":13,"lc_name":"Urban and Built-up Lands"}},{"type":"Feature","geometry":{"type":"Polygon","coordinates":[[[106.925,-6.1806],[106.9375,-6.1806],[106.9375,-6.1685],[106.925,-6.1685],[106.925,-6.1806]]]},"properties":{"lc_code":13,"lc_name":"Urban and Built-up Lands"}},{"type":"Feature","geometry":{"type":"Polygon","coordinates":[[[106.9375,-6.1806],[106.95,-6.1806],[106.95,-6.1685],[106.9375,-6.1685],[106.9375,-6.1806]]]},"properties":{"lc_code":13,"lc_name":"Urban and Built-up Lands"}},{"type":"Feature","geometry":{"type":"Polygon","coordinates":[[[106.95,-6.1806],[106.9625,-6.1806],[106.9625,-6.1685],[106.95,-6.1685],[106.95,-6.1806]]]},"properties":{"lc_code":13,"lc_name":"Urban and Built-up Lands"}},{"type":"Feature","geometry":{"type":"Polygon","coordinates":[[[106.9625,-6.1806],[106.975,-6.1806],[106.975,-6.1685],[106.9625,-6.1685],[106.9625,-6.1806]]]},"properties":{"lc_code":13,"lc_name":"Urban and Built-up Lands"}},{"type":"Feature","geometry":{"type":"Polygon","coordinates":[[[106.975,-6.1806],[106.9875,-6.1806],[106.9875,-6.1685],[106.975,-6.1685],[106.975,-6.1806]]]},"properties":{"lc_code":13,"lc_name":"Urban and Built-up Lands"}},{"type":"Feature","geometry":{"type":"Polygon","coordinates":[[[106.9875,-6.1806],[107,-6.1806],[107,-6.1685],[106.9875,-6.1685],[106.9875,-6.1806]]]},"properties":{"lc_code":13,"lc_name":"Urban and Built-up Lands"}},{"type":"Feature","geometry":{"type":"Polygon","coordinates":[[[107,-6.1806],[107.0125,-6.1806],[107.0125,-6.1685],[107,-6.1685],[107,-6.1806]]]},"properties":{"lc_code":13,"lc_name":"Urban and Built-up Lands"}},{"type":"Feature","geometry":{"type":"Polygon","coordinates":[[[107.0125,-6.1806],[107.025,-6.1806],[107.025,-6.1685],[107.0125,-6.1685],[107.0125,-6.1806]]]},"properties":{"lc_code":13,"lc_name":"Urban and Built-up Lands"}},{"type":"Feature","geometry":{"type":"Polygon","coordinates":[[[107.025,-6.1806],[107.0375,-6.1806],[107.0375,-6.1685],[107.025,-6.1685],[107.025,-6.1806]]]},"properties":{"lc_code":13,"lc_name":"Urban and Built-up Lands"}},{"type":"Feature","geometry":{"type":"Polygon","coordinates":[[[107.0375,-6.1806],[107.05,-6.1806],[107.05,-6.1685],[107.0375,-6.1685],[107.0375,-6.1806]]]},"properties":{"lc_code":13,"lc_name":"Urban and Built-up Lands"}},{"type":"Feature","geometry":{"type":"Polygon","coordinates":[[[107.05,-6.1806],[107.0625,-6.1806],[107.0625,-6.1685],[107.05,-6.1685],[107.05,-6.1806]]]},"properties":{"lc_code":13,"lc_name":"Urban and Built-up Lands"}},{"type":"Feature","geometry":{"type":"Polygon","coordinates":[[[107.0625,-6.1806],[107.075,-6.1806],[107.075,-6.1685],[107.0625,-6.1685],[107.0625,-6.1806]]]},"properties":{"lc_code":13,"lc_name":"Urban and Built-up Lands"}},{"type":"Feature","geometry":{"type":"Polygon","coordinates":[[[107.075,-6.1806],[107.0875,-6.1806],[107.0875,-6.1685],[107.075,-6.1685],[107.075,-6.1806]]]},"properties":{"lc_code":13,"lc_name":"Urban and Built-up Lands"}},{"type":"Feature","geometry":{"type":"Polygon","coordinates":[[[107.0875,-6.1806],[107.1,-6.1806],[107.1,-6.1685],[107.0875,-6.1685],[107.0875,-6.1806]]]},"properties":{"lc_code":13,"lc_name":"Urban and Built-up Lands"}},{"type":"Feature","geometry":{"type":"Polygon","coordinates":[[[107.1,-6.1806],[107.1125,-6.1806],[107.1125,-6.1685],[107.1,-6.1685],[107.1,-6.1806]]]},"properties":{"lc_code":13,"lc_name":"Urban and Built-up Lands"}},{"type":"Feature","geometry":{"type":"Polygon","coordinates":[[[107.1125,-6.1806],[107.125,-6.1806],[107.125,-6.1685],[107.1125,-6.1685],[107.1125,-6.1806]]]},"properties":{"lc_code":13,"lc_name":"Urban and Built-up Lands"}},{"type":"Feature","geometry":{"type":"Polygon","coordinates":[[[107.125,-6.1806],[107.1375,-6.1806],[107.1375,-6.1685],[107.125,-6.1685],[107.125,-6.1806]]]},"properties":{"lc_code":13,"lc_name":"Urban and Built-up Lands"}},{"type":"Feature","geometry":{"type":"Polygon","coordinates":[[[107.1375,-6.1806],[107.15,-6.1806],[107.15,-6.1685],[107.1375,-6.1685],[107.1375,-6.1806]]]},"properties":{"lc_code":13,"lc_name":"Urban and Built-up Lands"}},{"type":"Feature","geometry":{"type":"Polygon","coordinates":[[[107.15,-6.1806],[107.1625,-6.1806],[107.1625,-6.1685],[107.15,-6.1685],[107.15,-6.1806]]]},"properties":{"lc_code":13,"lc_name":"Urban and Built-up Lands"}},{"type":"Feature","geometry":{"type":"Polygon","coordinates":[[[107.1625,-6.1806],[107.175,-6.1806],[107.175,-6.1685],[107.1625,-6.1685],[107.1625,-6.1806]]]},"properties":{"lc_code":13,"lc_name":"Urban and Built-up Lands"}},{"type":"Feature","geometry":{"type":"Polygon","coordinates":[[[107.175,-6.1806],[107.1875,-6.1806],[107.1875,-6.1685],[107.175,-6.1685],[107.175,-6.1806]]]},"properties":{"lc_code":13,"lc_name":"Urban and Built-up Lands"}},{"type":"Feature","geometry":{"type":"Polygon","coordinates":[[[107.1875,-6.1806],[107.2,-6.1806],[107.2,-6.1685],[107.1875,-6.1685],[107.1875,-6.1806]]]},"properties":{"lc_code":13,"lc_name":"Urban and Built-up Lands"}},{"type":"Feature","geometry":{"type":"Polygon","coordinates":[[[107.2,-6.1806],[107.2125,-6.1806],[107.2125,-6.1685],[107.2,-6.1685],[107.2,-6.1806]]]},"properties":{"lc_code":12,"lc_name":"Cropland / Natural Vegetation Mosaics"}},{"type":"Feature","geometry":{"type":"Polygon","coordinates":[[[107.2125,-6.1806],[107.225,-6.1806],[107.225,-6.1685],[107.2125,-6.1685],[107.2125,-6.1806]]]},"properties":{"lc_code":12,"lc_name":"Cropland / Natural Vegetation Mosaics"}},{"type":"Feature","geometry":{"type":"Polygon","coordinates":[[[107.225,-6.1806],[107.2375,-6.1806],[107.2375,-6.1685],[107.225,-6.1685],[107.225,-6.1806]]]},"properties":{"lc_code":12,"lc_name":"Cropland / Natural Vegetation Mosaics"}},{"type":"Feature","geometry":{"type":"Polygon","coordinates":[[[107.2375,-6.1806],[107.25,-6.1806],[107.25,-6.1685],[107.2375,-6.1685],[107.2375,-6.1806]]]},"properties":{"lc_code":12,"lc_name":"Cropland / Natural Vegetation Mosaics"}},{"type":"Feature","geometry":{"type":"Polygon","coordinates":[[[107.25,-6.1806],[107.2625,-6.1806],[107.2625,-6.1685],[107.25,-6.1685],[107.25,-6.1806]]]},"properties":{"lc_code":12,"lc_name":"Cropland / Natural Vegetation Mosaics"}},{"type":"Feature","geometry":{"type":"Polygon","coordinates":[[[107.2625,-6.1806],[107.275,-6.1806],[107.275,-6.1685],[107.2625,-6.1685],[107.2625,-6.1806]]]},"properties":{"lc_code":12,"lc_name":"Cropland / Natural Vegetation Mosaics"}},{"type":"Feature","geometry":{"type":"Polygon","coordinates":[[[107.275,-6.1806],[107.2875,-6.1806],[107.2875,-6.1685],[107.275,-6.1685],[107.275,-6.1806]]]},"properties":{"lc_code":12,"lc_name":"Cropland / Natural Vegetation Mosaics"}},{"type":"Feature","geometry":{"type":"Polygon","coordinates":[[[107.2875,-6.1806],[107.3,-6.1806],[107.3,-6.1685],[107.2875,-6.1685],[107.2875,-6.1806]]]},"properties":{"lc_code":12,"lc_name":"Cropland / Natural Vegetation Mosaics"}},{"type":"Feature","geometry":{"type":"Polygon","coordinates":[[[106.5,-6.1685],[106.5125,-6.1685],[106.5125,-6.1565],[106.5,-6.1565],[106.5,-6.1685]]]},"properties":{"lc_code":12,"lc_name":"Cropland / Natural Vegetation Mosaics"}},{"type":"Feature","geometry":{"type":"Polygon","coordinates":[[[106.5125,-6.1685],[106.525,-6.1685],[106.525,-6.1565],[106.5125,-6.1565],[106.5125,-6.1685]]]},"properties":{"lc_code":13,"lc_name":"Urban and Built-up Lands"}},{"type":"Feature","geometry":{"type":"Polygon","coordinates":[[[106.525,-6.1685],[106.5375,-6.1685],[106.5375,-6.1565],[106.525,-6.1565],[106.525,-6.1685]]]},"properties":{"lc_code":13,"lc_name":"Urban and Built-up Lands"}},{"type":"Feature","geometry":{"type":"Polygon","coordinates":[[[106.5375,-6.1685],[106.55,-6.1685],[106.55,-6.1565],[106.5375,-6.1565],[106.5375,-6.1685]]]},"properties":{"lc_code":13,"lc_name":"Urban and Built-up Lands"}},{"type":"Feature","geometry":{"type":"Polygon","coordinates":[[[106.55,-6.1685],[106.5625,-6.1685],[106.5625,-6.1565],[106.55,-6.1565],[106.55,-6.1685]]]},"properties":{"lc_code":13,"lc_name":"Urban and Built-up Lands"}},{"type":"Feature","geometry":{"type":"Polygon","coordinates":[[[106.5625,-6.1685],[106.575,-6.1685],[106.575,-6.1565],[106.5625,-6.1565],[106.5625,-6.1685]]]},"properties":{"lc_code":13,"lc_name":"Urban and Built-up Lands"}},{"type":"Feature","geometry":{"type":"Polygon","coordinates":[[[106.575,-6.1685],[106.5875,-6.1685],[106.5875,-6.1565],[106.575,-6.1565],[106.575,-6.1685]]]},"properties":{"lc_code":13,"lc_name":"Urban and Built-up Lands"}},{"type":"Feature","geometry":{"type":"Polygon","coordinates":[[[106.5875,-6.1685],[106.6,-6.1685],[106.6,-6.1565],[106.5875,-6.1565],[106.5875,-6.1685]]]},"properties":{"lc_code":13,"lc_name":"Urban and Built-up Lands"}},{"type":"Feature","geometry":{"type":"Polygon","coordinates":[[[106.6,-6.1685],[106.6125,-6.1685],[106.6125,-6.1565],[106.6,-6.1565],[106.6,-6.1685]]]},"properties":{"lc_code":13,"lc_name":"Urban and Built-up Lands"}},{"type":"Feature","geometry":{"type":"Polygon","coordinates":[[[106.6125,-6.1685],[106.625,-6.1685],[106.625,-6.1565],[106.6125,-6.1565],[106.6125,-6.1685]]]},"properties":{"lc_code":13,"lc_name":"Urban and Built-up Lands"}},{"type":"Feature","geometry":{"type":"Polygon","coordinates":[[[106.625,-6.1685],[106.6375,-6.1685],[106.6375,-6.1565],[106.625,-6.1565],[106.625,-6.1685]]]},"properties":{"lc_code":13,"lc_name":"Urban and Built-up Lands"}},{"type":"Feature","geometry":{"type":"Polygon","coordinates":[[[106.6375,-6.1685],[106.65,-6.1685],[106.65,-6.1565],[106.6375,-6.1565],[106.6375,-6.1685]]]},"properties":{"lc_code":13,"lc_name":"Urban and Built-up Lands"}},{"type":"Feature","geometry":{"type":"Polygon","coordinates":[[[106.65,-6.1685],[106.6625,-6.1685],[106.6625,-6.1565],[106.65,-6.1565],[106.65,-6.1685]]]},"properties":{"lc_code":13,"lc_name":"Urban and Built-up Lands"}},{"type":"Feature","geometry":{"type":"Polygon","coordinates":[[[106.6625,-6.1685],[106.675,-6.1685],[106.675,-6.1565],[106.6625,-6.1565],[106.6625,-6.1685]]]},"properties":{"lc_code":13,"lc_name":"Urban and Built-up Lands"}},{"type":"Feature","geometry":{"type":"Polygon","coordinates":[[[106.675,-6.1685],[106.6875,-6.1685],[106.6875,-6.1565],[106.675,-6.1565],[106.675,-6.1685]]]},"properties":{"lc_code":13,"lc_name":"Urban and Built-up Lands"}},{"type":"Feature","geometry":{"type":"Polygon","coordinates":[[[106.6875,-6.1685],[106.7,-6.1685],[106.7,-6.1565],[106.6875,-6.1565],[106.6875,-6.1685]]]},"properties":{"lc_code":13,"lc_name":"Urban and Built-up Lands"}},{"type":"Feature","geometry":{"type":"Polygon","coordinates":[[[106.7,-6.1685],[106.7125,-6.1685],[106.7125,-6.1565],[106.7,-6.1565],[106.7,-6.1685]]]},"properties":{"lc_code":13,"lc_name":"Urban and Built-up Lands"}},{"type":"Feature","geometry":{"type":"Polygon","coordinates":[[[106.7125,-6.1685],[106.725,-6.1685],[106.725,-6.1565],[106.7125,-6.1565],[106.7125,-6.1685]]]},"properties":{"lc_code":13,"lc_name":"Urban and Built-up Lands"}},{"type":"Feature","geometry":{"type":"Polygon","coordinates":[[[106.725,-6.1685],[106.7375,-6.1685],[106.7375,-6.1565],[106.725,-6.1565],[106.725,-6.1685]]]},"properties":{"lc_code":13,"lc_name":"Urban and Built-up Lands"}},{"type":"Feature","geometry":{"type":"Polygon","coordinates":[[[106.7375,-6.1685],[106.75,-6.1685],[106.75,-6.1565],[106.7375,-6.1565],[106.7375,-6.1685]]]},"properties":{"lc_code":13,"lc_name":"Urban and Built-up Lands"}},{"type":"Feature","geometry":{"type":"Polygon","coordinates":[[[106.75,-6.1685],[106.7625,-6.1685],[106.7625,-6.1565],[106.75,-6.1565],[106.75,-6.1685]]]},"properties":{"lc_code":13,"lc_name":"Urban and Built-up Lands"}},{"type":"Feature","geometry":{"type":"Polygon","coordinates":[[[106.7625,-6.1685],[106.775,-6.1685],[106.775,-6.1565],[106.7625,-6.1565],[106.7625,-6.1685]]]},"properties":{"lc_code":13,"lc_name":"Urban and Built-up Lands"}},{"type":"Feature","geometry":{"type":"Polygon","coordinates":[[[106.775,-6.1685],[106.7875,-6.1685],[106.7875,-6.1565],[106.775,-6.1565],[106.775,-6.1685]]]},"properties":{"lc_code":13,"lc_name":"Urban and Built-up Lands"}},{"type":"Feature","geometry":{"type":"Polygon","coordinates":[[[106.7875,-6.1685],[106.8,-6.1685],[106.8,-6.1565],[106.7875,-6.1565],[106.7875,-6.1685]]]},"properties":{"lc_code":13,"lc_name":"Urban and Built-up Lands"}},{"type":"Feature","geometry":{"type":"Polygon","coordinates":[[[106.8,-6.1685],[106.8125,-6.1685],[106.8125,-6.1565],[106.8,-6.1565],[106.8,-6.1685]]]},"properties":{"lc_code":13,"lc_name":"Urban and Built-up Lands"}},{"type":"Feature","geometry":{"type":"Polygon","coordinates":[[[106.8125,-6.1685],[106.825,-6.1685],[106.825,-6.1565],[106.8125,-6.1565],[106.8125,-6.1685]]]},"properties":{"lc_code":13,"lc_name":"Urban and Built-up Lands"}},{"type":"Feature","geometry":{"type":"Polygon","coordinates":[[[106.825,-6.1685],[106.8375,-6.1685],[106.8375,-6.1565],[106.825,-6.1565],[106.825,-6.1685]]]},"properties":{"lc_code":13,"lc_name":"Urban and Built-up Lands"}},{"type":"Feature","geometry":{"type":"Polygon","coordinates":[[[106.8375,-6.1685],[106.85,-6.1685],[106.85,-6.1565],[106.8375,-6.1565],[106.8375,-6.1685]]]},"properties":{"lc_code":13,"lc_name":"Urban and Built-up Lands"}},{"type":"Feature","geometry":{"type":"Polygon","coordinates":[[[106.85,-6.1685],[106.8625,-6.1685],[106.8625,-6.1565],[106.85,-6.1565],[106.85,-6.1685]]]},"properties":{"lc_code":13,"lc_name":"Urban and Built-up Lands"}},{"type":"Feature","geometry":{"type":"Polygon","coordinates":[[[106.8625,-6.1685],[106.875,-6.1685],[106.875,-6.1565],[106.8625,-6.1565],[106.8625,-6.1685]]]},"properties":{"lc_code":13,"lc_name":"Urban and Built-up Lands"}},{"type":"Feature","geometry":{"type":"Polygon","coordinates":[[[106.875,-6.1685],[106.8875,-6.1685],[106.8875,-6.1565],[106.875,-6.1565],[106.875,-6.1685]]]},"properties":{"lc_code":13,"lc_name":"Urban and Built-up Lands"}},{"type":"Feature","geometry":{"type":"Polygon","coordinates":[[[106.8875,-6.1685],[106.9,-6.1685],[106.9,-6.1565],[106.8875,-6.1565],[106.8875,-6.1685]]]},"properties":{"lc_code":13,"lc_name":"Urban and Built-up Lands"}},{"type":"Feature","geometry":{"type":"Polygon","coordinates":[[[106.9,-6.1685],[106.9125,-6.1685],[106.9125,-6.1565],[106.9,-6.1565],[106.9,-6.1685]]]},"properties":{"lc_code":13,"lc_name":"Urban and Built-up Lands"}},{"type":"Feature","geometry":{"type":"Polygon","coordinates":[[[106.9125,-6.1685],[106.925,-6.1685],[106.925,-6.1565],[106.9125,-6.1565],[106.9125,-6.1685]]]},"properties":{"lc_code":13,"lc_name":"Urban and Built-up Lands"}},{"type":"Feature","geometry":{"type":"Polygon","coordinates":[[[106.925,-6.1685],[106.9375,-6.1685],[106.9375,-6.1565],[106.925,-6.1565],[106.925,-6.1685]]]},"properties":{"lc_code":13,"lc_name":"Urban and Built-up Lands"}},{"type":"Feature","geometry":{"type":"Polygon","coordinates":[[[106.9375,-6.1685],[106.95,-6.1685],[106.95,-6.1565],[106.9375,-6.1565],[106.9375,-6.1685]]]},"properties":{"lc_code":13,"lc_name":"Urban and Built-up Lands"}},{"type":"Feature","geometry":{"type":"Polygon","coordinates":[[[106.95,-6.1685],[106.9625,-6.1685],[106.9625,-6.1565],[106.95,-6.1565],[106.95,-6.1685]]]},"properties":{"lc_code":13,"lc_name":"Urban and Built-up Lands"}},{"type":"Feature","geometry":{"type":"Polygon","coordinates":[[[106.9625,-6.1685],[106.975,-6.1685],[106.975,-6.1565],[106.9625,-6.1565],[106.9625,-6.1685]]]},"properties":{"lc_code":13,"lc_name":"Urban and Built-up Lands"}},{"type":"Feature","geometry":{"type":"Polygon","coordinates":[[[106.975,-6.1685],[106.9875,-6.1685],[106.9875,-6.1565],[106.975,-6.1565],[106.975,-6.1685]]]},"properties":{"lc_code":13,"lc_name":"Urban and Built-up Lands"}},{"type":"Feature","geometry":{"type":"Polygon","coordinates":[[[106.9875,-6.1685],[107,-6.1685],[107,-6.1565],[106.9875,-6.1565],[106.9875,-6.1685]]]},"properties":{"lc_code":13,"lc_name":"Urban and Built-up Lands"}},{"type":"Feature","geometry":{"type":"Polygon","coordinates":[[[107,-6.1685],[107.0125,-6.1685],[107.0125,-6.1565],[107,-6.1565],[107,-6.1685]]]},"properties":{"lc_code":13,"lc_name":"Urban and Built-up Lands"}},{"type":"Feature","geometry":{"type":"Polygon","coordinates":[[[107.0125,-6.1685],[107.025,-6.1685],[107.025,-6.1565],[107.0125,-6.1565],[107.0125,-6.1685]]]},"properties":{"lc_code":13,"lc_name":"Urban and Built-up Lands"}},{"type":"Feature","geometry":{"type":"Polygon","coordinates":[[[107.025,-6.1685],[107.0375,-6.1685],[107.0375,-6.1565],[107.025,-6.1565],[107.025,-6.1685]]]},"properties":{"lc_code":13,"lc_name":"Urban and Built-up Lands"}},{"type":"Feature","geometry":{"type":"Polygon","coordinates":[[[107.0375,-6.1685],[107.05,-6.1685],[107.05,-6.1565],[107.0375,-6.1565],[107.0375,-6.1685]]]},"properties":{"lc_code":13,"lc_name":"Urban and Built-up Lands"}},{"type":"Feature","geometry":{"type":"Polygon","coordinates":[[[107.05,-6.1685],[107.0625,-6.1685],[107.0625,-6.1565],[107.05,-6.1565],[107.05,-6.1685]]]},"properties":{"lc_code":13,"lc_name":"Urban and Built-up Lands"}},{"type":"Feature","geometry":{"type":"Polygon","coordinates":[[[107.0625,-6.1685],[107.075,-6.1685],[107.075,-6.1565],[107.0625,-6.1565],[107.0625,-6.1685]]]},"properties":{"lc_code":13,"lc_name":"Urban and Built-up Lands"}},{"type":"Feature","geometry":{"type":"Polygon","coordinates":[[[107.075,-6.1685],[107.0875,-6.1685],[107.0875,-6.1565],[107.075,-6.1565],[107.075,-6.1685]]]},"properties":{"lc_code":13,"lc_name":"Urban and Built-up Lands"}},{"type":"Feature","geometry":{"type":"Polygon","coordinates":[[[107.0875,-6.1685],[107.1,-6.1685],[107.1,-6.1565],[107.0875,-6.1565],[107.0875,-6.1685]]]},"properties":{"lc_code":13,"lc_name":"Urban and Built-up Lands"}},{"type":"Feature","geometry":{"type":"Polygon","coordinates":[[[107.1,-6.1685],[107.1125,-6.1685],[107.1125,-6.1565],[107.1,-6.1565],[107.1,-6.1685]]]},"properties":{"lc_code":12,"lc_name":"Cropland / Natural Vegetation Mosaics"}},{"type":"Feature","geometry":{"type":"Polygon","coordinates":[[[107.1125,-6.1685],[107.125,-6.1685],[107.125,-6.1565],[107.1125,-6.1565],[107.1125,-6.1685]]]},"properties":{"lc_code":12,"lc_name":"Cropland / Natural Vegetation Mosaics"}},{"type":"Feature","geometry":{"type":"Polygon","coordinates":[[[107.125,-6.1685],[107.1375,-6.1685],[107.1375,-6.1565],[107.125,-6.1565],[107.125,-6.1685]]]},"properties":{"lc_code":12,"lc_name":"Cropland / Natural Vegetation Mosaics"}},{"type":"Feature","geometry":{"type":"Polygon","coordinates":[[[107.1375,-6.1685],[107.15,-6.1685],[107.15,-6.1565],[107.1375,-6.1565],[107.1375,-6.1685]]]},"properties":{"lc_code":12,"lc_name":"Cropland / Natural Vegetation Mosaics"}},{"type":"Feature","geometry":{"type":"Polygon","coordinates":[[[107.15,-6.1685],[107.1625,-6.1685],[107.1625,-6.1565],[107.15,-6.1565],[107.15,-6.1685]]]},"properties":{"lc_code":12,"lc_name":"Cropland / Natural Vegetation Mosaics"}},{"type":"Feature","geometry":{"type":"Polygon","coordinates":[[[107.1625,-6.1685],[107.175,-6.1685],[107.175,-6.1565],[107.1625,-6.1565],[107.1625,-6.1685]]]},"properties":{"lc_code":12,"lc_name":"Cropland / Natural Vegetation Mosaics"}},{"type":"Feature","geometry":{"type":"Polygon","coordinates":[[[107.175,-6.1685],[107.1875,-6.1685],[107.1875,-6.1565],[107.175,-6.1565],[107.175,-6.1685]]]},"properties":{"lc_code":12,"lc_name":"Cropland / Natural Vegetation Mosaics"}},{"type":"Feature","geometry":{"type":"Polygon","coordinates":[[[107.1875,-6.1685],[107.2,-6.1685],[107.2,-6.1565],[107.1875,-6.1565],[107.1875,-6.1685]]]},"properties":{"lc_code":12,"lc_name":"Cropland / Natural Vegetation Mosaics"}},{"type":"Feature","geometry":{"type":"Polygon","coordinates":[[[107.2,-6.1685],[107.2125,-6.1685],[107.2125,-6.1565],[107.2,-6.1565],[107.2,-6.1685]]]},"properties":{"lc_code":12,"lc_name":"Cropland / Natural Vegetation Mosaics"}},{"type":"Feature","geometry":{"type":"Polygon","coordinates":[[[107.2125,-6.1685],[107.225,-6.1685],[107.225,-6.1565],[107.2125,-6.1565],[107.2125,-6.1685]]]},"properties":{"lc_code":12,"lc_name":"Cropland / Natural Vegetation Mosaics"}},{"type":"Feature","geometry":{"type":"Polygon","coordinates":[[[107.225,-6.1685],[107.2375,-6.1685],[107.2375,-6.1565],[107.225,-6.1565],[107.225,-6.1685]]]},"properties":{"lc_code":12,"lc_name":"Cropland / Natural Vegetation Mosaics"}},{"type":"Feature","geometry":{"type":"Polygon","coordinates":[[[107.2375,-6.1685],[107.25,-6.1685],[107.25,-6.1565],[107.2375,-6.1565],[107.2375,-6.1685]]]},"properties":{"lc_code":12,"lc_name":"Cropland / Natural Vegetation Mosaics"}},{"type":"Feature","geometry":{"type":"Polygon","coordinates":[[[107.25,-6.1685],[107.2625,-6.1685],[107.2625,-6.1565],[107.25,-6.1565],[107.25,-6.1685]]]},"properties":{"lc_code":12,"lc_name":"Cropland / Natural Vegetation Mosaics"}},{"type":"Feature","geometry":{"type":"Polygon","coordinates":[[[107.2625,-6.1685],[107.275,-6.1685],[107.275,-6.1565],[107.2625,-6.1565],[107.2625,-6.1685]]]},"properties":{"lc_code":12,"lc_name":"Cropland / Natural Vegetation Mosaics"}},{"type":"Feature","geometry":{"type":"Polygon","coordinates":[[[107.275,-6.1685],[107.2875,-6.1685],[107.2875,-6.1565],[107.275,-6.1565],[107.275,-6.1685]]]},"properties":{"lc_code":12,"lc_name":"Cropland / Natural Vegetation Mosaics"}},{"type":"Feature","geometry":{"type":"Polygon","coordinates":[[[107.2875,-6.1685],[107.3,-6.1685],[107.3,-6.1565],[107.2875,-6.1565],[107.2875,-6.1685]]]},"properties":{"lc_code":12,"lc_name":"Cropland / Natural Vegetation Mosaics"}},{"type":"Feature","geometry":{"type":"Polygon","coordinates":[[[106.5,-6.1565],[106.5125,-6.1565],[106.5125,-6.1444],[106.5,-6.1444],[106.5,-6.1565]]]},"properties":{"lc_code":12,"lc_name":"Cropland / Natural Vegetation Mosaics"}},{"type":"Feature","geometry":{"type":"Polygon","coordinates":[[[106.5125,-6.1565],[106.525,-6.1565],[106.525,-6.1444],[106.5125,-6.1444],[106.5125,-6.1565]]]},"properties":{"lc_code":13,"lc_name":"Urban and Built-up Lands"}},{"type":"Feature","geometry":{"type":"Polygon","coordinates":[[[106.525,-6.1565],[106.5375,-6.1565],[106.5375,-6.1444],[106.525,-6.1444],[106.525,-6.1565]]]},"properties":{"lc_code":13,"lc_name":"Urban and Built-up Lands"}},{"type":"Feature","geometry":{"type":"Polygon","coordinates":[[[106.5375,-6.1565],[106.55,-6.1565],[106.55,-6.1444],[106.5375,-6.1444],[106.5375,-6.1565]]]},"properties":{"lc_code":13,"lc_name":"Urban and Built-up Lands"}},{"type":"Feature","geometry":{"type":"Polygon","coordinates":[[[106.55,-6.1565],[106.5625,-6.1565],[106.5625,-6.1444],[106.55,-6.1444],[106.55,-6.1565]]]},"properties":{"lc_code":13,"lc_name":"Urban and Built-up Lands"}},{"type":"Feature","geometry":{"type":"Polygon","coordinates":[[[106.5625,-6.1565],[106.575,-6.1565],[106.575,-6.1444],[106.5625,-6.1444],[106.5625,-6.1565]]]},"properties":{"lc_code":13,"lc_name":"Urban and Built-up Lands"}},{"type":"Feature","geometry":{"type":"Polygon","coordinates":[[[106.575,-6.1565],[106.5875,-6.1565],[106.5875,-6.1444],[106.575,-6.1444],[106.575,-6.1565]]]},"properties":{"lc_code":13,"lc_name":"Urban and Built-up Lands"}},{"type":"Feature","geometry":{"type":"Polygon","coordinates":[[[106.5875,-6.1565],[106.6,-6.1565],[106.6,-6.1444],[106.5875,-6.1444],[106.5875,-6.1565]]]},"properties":{"lc_code":13,"lc_name":"Urban and Built-up Lands"}},{"type":"Feature","geometry":{"type":"Polygon","coordinates":[[[106.6,-6.1565],[106.6125,-6.1565],[106.6125,-6.1444],[106.6,-6.1444],[106.6,-6.1565]]]},"properties":{"lc_code":13,"lc_name":"Urban and Built-up Lands"}},{"type":"Feature","geometry":{"type":"Polygon","coordinates":[[[106.6125,-6.1565],[106.625,-6.1565],[106.625,-6.1444],[106.6125,-6.1444],[106.6125,-6.1565]]]},"properties":{"lc_code":13,"lc_name":"Urban and Built-up Lands"}},{"type":"Feature","geometry":{"type":"Polygon","coordinates":[[[106.625,-6.1565],[106.6375,-6.1565],[106.6375,-6.1444],[106.625,-6.1444],[106.625,-6.1565]]]},"properties":{"lc_code":13,"lc_name":"Urban and Built-up Lands"}},{"type":"Feature","geometry":{"type":"Polygon","coordinates":[[[106.6375,-6.1565],[106.65,-6.1565],[106.65,-6.1444],[106.6375,-6.1444],[106.6375,-6.1565]]]},"properties":{"lc_code":13,"lc_name":"Urban and Built-up Lands"}},{"type":"Feature","geometry":{"type":"Polygon","coordinates":[[[106.65,-6.1565],[106.6625,-6.1565],[106.6625,-6.1444],[106.65,-6.1444],[106.65,-6.1565]]]},"properties":{"lc_code":13,"lc_name":"Urban and Built-up Lands"}},{"type":"Feature","geometry":{"type":"Polygon","coordinates":[[[106.6625,-6.1565],[106.675,-6.1565],[106.675,-6.1444],[106.6625,-6.1444],[106.6625,-6.1565]]]},"properties":{"lc_code":13,"lc_name":"Urban and Built-up Lands"}},{"type":"Feature","geometry":{"type":"Polygon","coordinates":[[[106.675,-6.1565],[106.6875,-6.1565],[106.6875,-6.1444],[106.675,-6.1444],[106.675,-6.1565]]]},"properties":{"lc_code":13,"lc_name":"Urban and Built-up Lands"}},{"type":"Feature","geometry":{"type":"Polygon","coordinates":[[[106.6875,-6.1565],[106.7,-6.1565],[106.7,-6.1444],[106.6875,-6.1444],[106.6875,-6.1565]]]},"properties":{"lc_code":13,"lc_name":"Urban and Built-up Lands"}},{"type":"Feature","geometry":{"type":"Polygon","coordinates":[[[106.7,-6.1565],[106.7125,-6.1565],[106.7125,-6.1444],[106.7,-6.1444],[106.7,-6.1565]]]},"properties":{"lc_code":13,"lc_name":"Urban and Built-up Lands"}},{"type":"Feature","geometry":{"type":"Polygon","coordinates":[[[106.7125,-6.1565],[106.725,-6.1565],[106.725,-6.1444],[106.7125,-6.1444],[106.7125,-6.1565]]]},"properties":{"lc_code":13,"lc_name":"Urban and Built-up Lands"}},{"type":"Feature","geometry":{"type":"Polygon","coordinates":[[[106.725,-6.1565],[106.7375,-6.1565],[106.7375,-6.1444],[106.725,-6.1444],[106.725,-6.1565]]]},"properties":{"lc_code":13,"lc_name":"Urban and Built-up Lands"}},{"type":"Feature","geometry":{"type":"Polygon","coordinates":[[[106.7375,-6.1565],[106.75,-6.1565],[106.75,-6.1444],[106.7375,-6.1444],[106.7375,-6.1565]]]},"properties":{"lc_code":13,"lc_name":"Urban and Built-up Lands"}},{"type":"Feature","geometry":{"type":"Polygon","coordinates":[[[106.75,-6.1565],[106.7625,-6.1565],[106.7625,-6.1444],[106.75,-6.1444],[106.75,-6.1565]]]},"properties":{"lc_code":13,"lc_name":"Urban and Built-up Lands"}},{"type":"Feature","geometry":{"type":"Polygon","coordinates":[[[106.7625,-6.1565],[106.775,-6.1565],[106.775,-6.1444],[106.7625,-6.1444],[106.7625,-6.1565]]]},"properties":{"lc_code":13,"lc_name":"Urban and Built-up Lands"}},{"type":"Feature","geometry":{"type":"Polygon","coordinates":[[[106.775,-6.1565],[106.7875,-6.1565],[106.7875,-6.1444],[106.775,-6.1444],[106.775,-6.1565]]]},"properties":{"lc_code":13,"lc_name":"Urban and Built-up Lands"}},{"type":"Feature","geometry":{"type":"Polygon","coordinates":[[[106.7875,-6.1565],[106.8,-6.1565],[106.8,-6.1444],[106.7875,-6.1444],[106.7875,-6.1565]]]},"properties":{"lc_code":13,"lc_name":"Urban and Built-up Lands"}},{"type":"Feature","geometry":{"type":"Polygon","coordinates":[[[106.8,-6.1565],[106.8125,-6.1565],[106.8125,-6.1444],[106.8,-6.1444],[106.8,-6.1565]]]},"properties":{"lc_code":13,"lc_name":"Urban and Built-up Lands"}},{"type":"Feature","geometry":{"type":"Polygon","coordinates":[[[106.8125,-6.1565],[106.825,-6.1565],[106.825,-6.1444],[106.8125,-6.1444],[106.8125,-6.1565]]]},"properties":{"lc_code":13,"lc_name":"Urban and Built-up Lands"}},{"type":"Feature","geometry":{"type":"Polygon","coordinates":[[[106.825,-6.1565],[106.8375,-6.1565],[106.8375,-6.1444],[106.825,-6.1444],[106.825,-6.1565]]]},"properties":{"lc_code":13,"lc_name":"Urban and Built-up Lands"}},{"type":"Feature","geometry":{"type":"Polygon","coordinates":[[[106.8375,-6.1565],[106.85,-6.1565],[106.85,-6.1444],[106.8375,-6.1444],[106.8375,-6.1565]]]},"properties":{"lc_code":13,"lc_name":"Urban and Built-up Lands"}},{"type":"Feature","geometry":{"type":"Polygon","coordinates":[[[106.85,-6.1565],[106.8625,-6.1565],[106.8625,-6.1444],[106.85,-6.1444],[106.85,-6.1565]]]},"properties":{"lc_code":13,"lc_name":"Urban and Built-up Lands"}},{"type":"Feature","geometry":{"type":"Polygon","coordinates":[[[106.8625,-6.1565],[106.875,-6.1565],[106.875,-6.1444],[106.8625,-6.1444],[106.8625,-6.1565]]]},"properties":{"lc_code":13,"lc_name":"Urban and Built-up Lands"}},{"type":"Feature","geometry":{"type":"Polygon","coordinates":[[[106.875,-6.1565],[106.8875,-6.1565],[106.8875,-6.1444],[106.875,-6.1444],[106.875,-6.1565]]]},"properties":{"lc_code":13,"lc_name":"Urban and Built-up Lands"}},{"type":"Feature","geometry":{"type":"Polygon","coordinates":[[[106.8875,-6.1565],[106.9,-6.1565],[106.9,-6.1444],[106.8875,-6.1444],[106.8875,-6.1565]]]},"properties":{"lc_code":13,"lc_name":"Urban and Built-up Lands"}},{"type":"Feature","geometry":{"type":"Polygon","coordinates":[[[106.9,-6.1565],[106.9125,-6.1565],[106.9125,-6.1444],[106.9,-6.1444],[106.9,-6.1565]]]},"properties":{"lc_code":13,"lc_name":"Urban and Built-up Lands"}},{"type":"Feature","geometry":{"type":"Polygon","coordinates":[[[106.9125,-6.1565],[106.925,-6.1565],[106.925,-6.1444],[106.9125,-6.1444],[106.9125,-6.1565]]]},"properties":{"lc_code":13,"lc_name":"Urban and Built-up Lands"}},{"type":"Feature","geometry":{"type":"Polygon","coordinates":[[[106.925,-6.1565],[106.9375,-6.1565],[106.9375,-6.1444],[106.925,-6.1444],[106.925,-6.1565]]]},"properties":{"lc_code":13,"lc_name":"Urban and Built-up Lands"}},{"type":"Feature","geometry":{"type":"Polygon","coordinates":[[[106.9375,-6.1565],[106.95,-6.1565],[106.95,-6.1444],[106.9375,-6.1444],[106.9375,-6.1565]]]},"properties":{"lc_code":13,"lc_name":"Urban and Built-up Lands"}},{"type":"Feature","geometry":{"type":"Polygon","coordinates":[[[106.95,-6.1565],[106.9625,-6.1565],[106.9625,-6.1444],[106.95,-6.1444],[106.95,-6.1565]]]},"properties":{"lc_code":13,"lc_name":"Urban and Built-up Lands"}},{"type":"Feature","geometry":{"type":"Polygon","coordinates":[[[106.9625,-6.1565],[106.975,-6.1565],[106.975,-6.1444],[106.9625,-6.1444],[106.9625,-6.1565]]]},"properties":{"lc_code":13,"lc_name":"Urban and Built-up Lands"}},{"type":"Feature","geometry":{"type":"Polygon","coordinates":[[[106.975,-6.1565],[106.9875,-6.1565],[106.9875,-6.1444],[106.975,-6.1444],[106.975,-6.1565]]]},"properties":{"lc_code":13,"lc_name":"Urban and Built-up Lands"}},{"type":"Feature","geometry":{"type":"Polygon","coordinates":[[[106.9875,-6.1565],[107,-6.1565],[107,-6.1444],[106.9875,-6.1444],[106.9875,-6.1565]]]},"properties":{"lc_code":13,"lc_name":"Urban and Built-up Lands"}},{"type":"Feature","geometry":{"type":"Polygon","coordinates":[[[107,-6.1565],[107.0125,-6.1565],[107.0125,-6.1444],[107,-6.1444],[107,-6.1565]]]},"properties":{"lc_code":13,"lc_name":"Urban and Built-up Lands"}},{"type":"Feature","geometry":{"type":"Polygon","coordinates":[[[107.0125,-6.1565],[107.025,-6.1565],[107.025,-6.1444],[107.0125,-6.1444],[107.0125,-6.1565]]]},"properties":{"lc_code":13,"lc_name":"Urban and Built-up Lands"}},{"type":"Feature","geometry":{"type":"Polygon","coordinates":[[[107.025,-6.1565],[107.0375,-6.1565],[107.0375,-6.1444],[107.025,-6.1444],[107.025,-6.1565]]]},"properties":{"lc_code":13,"lc_name":"Urban and Built-up Lands"}},{"type":"Feature","geometry":{"type":"Polygon","coordinates":[[[107.0375,-6.1565],[107.05,-6.1565],[107.05,-6.1444],[107.0375,-6.1444],[107.0375,-6.1565]]]},"properties":{"lc_code":13,"lc_name":"Urban and Built-up Lands"}},{"type":"Feature","geometry":{"type":"Polygon","coordinates":[[[107.05,-6.1565],[107.0625,-6.1565],[107.0625,-6.1444],[107.05,-6.1444],[107.05,-6.1565]]]},"properties":{"lc_code":13,"lc_name":"Urban and Built-up Lands"}},{"type":"Feature","geometry":{"type":"Polygon","coordinates":[[[107.0625,-6.1565],[107.075,-6.1565],[107.075,-6.1444],[107.0625,-6.1444],[107.0625,-6.1565]]]},"properties":{"lc_code":13,"lc_name":"Urban and Built-up Lands"}},{"type":"Feature","geometry":{"type":"Polygon","coordinates":[[[107.075,-6.1565],[107.0875,-6.1565],[107.0875,-6.1444],[107.075,-6.1444],[107.075,-6.1565]]]},"properties":{"lc_code":13,"lc_name":"Urban and Built-up Lands"}},{"type":"Feature","geometry":{"type":"Polygon","coordinates":[[[107.0875,-6.1565],[107.1,-6.1565],[107.1,-6.1444],[107.0875,-6.1444],[107.0875,-6.1565]]]},"properties":{"lc_code":12,"lc_name":"Cropland / Natural Vegetation Mosaics"}},{"type":"Feature","geometry":{"type":"Polygon","coordinates":[[[107.1,-6.1565],[107.1125,-6.1565],[107.1125,-6.1444],[107.1,-6.1444],[107.1,-6.1565]]]},"properties":{"lc_code":12,"lc_name":"Cropland / Natural Vegetation Mosaics"}},{"type":"Feature","geometry":{"type":"Polygon","coordinates":[[[107.1125,-6.1565],[107.125,-6.1565],[107.125,-6.1444],[107.1125,-6.1444],[107.1125,-6.1565]]]},"properties":{"lc_code":12,"lc_name":"Cropland / Natural Vegetation Mosaics"}},{"type":"Feature","geometry":{"type":"Polygon","coordinates":[[[107.125,-6.1565],[107.1375,-6.1565],[107.1375,-6.1444],[107.125,-6.1444],[107.125,-6.1565]]]},"properties":{"lc_code":12,"lc_name":"Cropland / Natural Vegetation Mosaics"}},{"type":"Feature","geometry":{"type":"Polygon","coordinates":[[[107.1375,-6.1565],[107.15,-6.1565],[107.15,-6.1444],[107.1375,-6.1444],[107.1375,-6.1565]]]},"properties":{"lc_code":12,"lc_name":"Cropland / Natural Vegetation Mosaics"}},{"type":"Feature","geometry":{"type":"Polygon","coordinates":[[[107.15,-6.1565],[107.1625,-6.1565],[107.1625,-6.1444],[107.15,-6.1444],[107.15,-6.1565]]]},"properties":{"lc_code":12,"lc_name":"Cropland / Natural Vegetation Mosaics"}},{"type":"Feature","geometry":{"type":"Polygon","coordinates":[[[107.1625,-6.1565],[107.175,-6.1565],[107.175,-6.1444],[107.1625,-6.1444],[107.1625,-6.1565]]]},"properties":{"lc_code":12,"lc_name":"Cropland / Natural Vegetation Mosaics"}},{"type":"Feature","geometry":{"type":"Polygon","coordinates":[[[107.175,-6.1565],[107.1875,-6.1565],[107.1875,-6.1444],[107.175,-6.1444],[107.175,-6.1565]]]},"properties":{"lc_code":12,"lc_name":"Cropland / Natural Vegetation Mosaics"}},{"type":"Feature","geometry":{"type":"Polygon","coordinates":[[[107.1875,-6.1565],[107.2,-6.1565],[107.2,-6.1444],[107.1875,-6.1444],[107.1875,-6.1565]]]},"properties":{"lc_code":12,"lc_name":"Cropland / Natural Vegetation Mosaics"}},{"type":"Feature","geometry":{"type":"Polygon","coordinates":[[[107.2,-6.1565],[107.2125,-6.1565],[107.2125,-6.1444],[107.2,-6.1444],[107.2,-6.1565]]]},"properties":{"lc_code":12,"lc_name":"Cropland / Natural Vegetation Mosaics"}},{"type":"Feature","geometry":{"type":"Polygon","coordinates":[[[107.2125,-6.1565],[107.225,-6.1565],[107.225,-6.1444],[107.2125,-6.1444],[107.2125,-6.1565]]]},"properties":{"lc_code":12,"lc_name":"Cropland / Natural Vegetation Mosaics"}},{"type":"Feature","geometry":{"type":"Polygon","coordinates":[[[107.225,-6.1565],[107.2375,-6.1565],[107.2375,-6.1444],[107.225,-6.1444],[107.225,-6.1565]]]},"properties":{"lc_code":12,"lc_name":"Cropland / Natural Vegetation Mosaics"}},{"type":"Feature","geometry":{"type":"Polygon","coordinates":[[[107.2375,-6.1565],[107.25,-6.1565],[107.25,-6.1444],[107.2375,-6.1444],[107.2375,-6.1565]]]},"properties":{"lc_code":12,"lc_name":"Cropland / Natural Vegetation Mosaics"}},{"type":"Feature","geometry":{"type":"Polygon","coordinates":[[[107.25,-6.1565],[107.2625,-6.1565],[107.2625,-6.1444],[107.25,-6.1444],[107.25,-6.1565]]]},"properties":{"lc_code":12,"lc_name":"Cropland / Natural Vegetation Mosaics"}},{"type":"Feature","geometry":{"type":"Polygon","coordinates":[[[107.2625,-6.1565],[107.275,-6.1565],[107.275,-6.1444],[107.2625,-6.1444],[107.2625,-6.1565]]]},"properties":{"lc_code":12,"lc_name":"Cropland / Natural Vegetation Mosaics"}},{"type":"Feature","geometry":{"type":"Polygon","coordinates":[[[107.275,-6.1565],[107.2875,-6.1565],[107.2875,-6.1444],[107.275,-6.1444],[107.275,-6.1565]]]},"properties":{"lc_code":12,"lc_name":"Cropland / Natural Vegetation Mosaics"}},{"type":"Feature","geometry":{"type":"Polygon","coordinates":[[[107.2875,-6.1565],[107.3,-6.1565],[107.3,-6.1444],[107.2875,-6.1444],[107.2875,-6.1565]]]},"properties":{"lc_code":12,"lc_name":"Cropland / Natural Vegetation Mosaics"}},{"type":"Feature","geometry":{"type":"Polygon","coordinates":[[[106.5,-6.1444],[106.5125,-6.1444],[106.5125,-6.1324],[106.5,-6.1324],[106.5,-6.1444]]]},"properties":{"lc_code":12,"lc_name":"Cropland / Natural Vegetation Mosaics"}},{"type":"Feature","geometry":{"type":"Polygon","coordinates":[[[106.5125,-6.1444],[106.525,-6.1444],[106.525,-6.1324],[106.5125,-6.1324],[106.5125,-6.1444]]]},"properties":{"lc_code":12,"lc_name":"Cropland / Natural Vegetation Mosaics"}},{"type":"Feature","geometry":{"type":"Polygon","coordinates":[[[106.525,-6.1444],[106.5375,-6.1444],[106.5375,-6.1324],[106.525,-6.1324],[106.525,-6.1444]]]},"properties":{"lc_code":13,"lc_name":"Urban and Built-up Lands"}},{"type":"Feature","geometry":{"type":"Polygon","coordinates":[[[106.5375,-6.1444],[106.55,-6.1444],[106.55,-6.1324],[106.5375,-6.1324],[106.5375,-6.1444]]]},"properties":{"lc_code":13,"lc_name":"Urban and Built-up Lands"}},{"type":"Feature","geometry":{"type":"Polygon","coordinates":[[[106.55,-6.1444],[106.5625,-6.1444],[106.5625,-6.1324],[106.55,-6.1324],[106.55,-6.1444]]]},"properties":{"lc_code":13,"lc_name":"Urban and Built-up Lands"}},{"type":"Feature","geometry":{"type":"Polygon","coordinates":[[[106.5625,-6.1444],[106.575,-6.1444],[106.575,-6.1324],[106.5625,-6.1324],[106.5625,-6.1444]]]},"properties":{"lc_code":13,"lc_name":"Urban and Built-up Lands"}},{"type":"Feature","geometry":{"type":"Polygon","coordinates":[[[106.575,-6.1444],[106.5875,-6.1444],[106.5875,-6.1324],[106.575,-6.1324],[106.575,-6.1444]]]},"properties":{"lc_code":13,"lc_name":"Urban and Built-up Lands"}},{"type":"Feature","geometry":{"type":"Polygon","coordinates":[[[106.5875,-6.1444],[106.6,-6.1444],[106.6,-6.1324],[106.5875,-6.1324],[106.5875,-6.1444]]]},"properties":{"lc_code":13,"lc_name":"Urban and Built-up Lands"}},{"type":"Feature","geometry":{"type":"Polygon","coordinates":[[[106.6,-6.1444],[106.6125,-6.1444],[106.6125,-6.1324],[106.6,-6.1324],[106.6,-6.1444]]]},"properties":{"lc_code":13,"lc_name":"Urban and Built-up Lands"}},{"type":"Feature","geometry":{"type":"Polygon","coordinates":[[[106.6125,-6.1444],[106.625,-6.1444],[106.625,-6.1324],[106.6125,-6.1324],[106.6125,-6.1444]]]},"properties":{"lc_code":13,"lc_name":"Urban and Built-up Lands"}},{"type":"Feature","geometry":{"type":"Polygon","coordinates":[[[106.625,-6.1444],[106.6375,-6.1444],[106.6375,-6.1324],[106.625,-6.1324],[106.625,-6.1444]]]},"properties":{"lc_code":13,"lc_name":"Urban and Built-up Lands"}},{"type":"Feature","geometry":{"type":"Polygon","coordinates":[[[106.6375,-6.1444],[106.65,-6.1444],[106.65,-6.1324],[106.6375,-6.1324],[106.6375,-6.1444]]]},"properties":{"lc_code":13,"lc_name":"Urban and Built-up Lands"}},{"type":"Feature","geometry":{"type":"Polygon","coordinates":[[[106.65,-6.1444],[106.6625,-6.1444],[106.6625,-6.1324],[106.65,-6.1324],[106.65,-6.1444]]]},"properties":{"lc_code":13,"lc_name":"Urban and Built-up Lands"}},{"type":"Feature","geometry":{"type":"Polygon","coordinates":[[[106.6625,-6.1444],[106.675,-6.1444],[106.675,-6.1324],[106.6625,-6.1324],[106.6625,-6.1444]]]},"properties":{"lc_code":13,"lc_name":"Urban and Built-up Lands"}},{"type":"Feature","geometry":{"type":"Polygon","coordinates":[[[106.675,-6.1444],[106.6875,-6.1444],[106.6875,-6.1324],[106.675,-6.1324],[106.675,-6.1444]]]},"properties":{"lc_code":13,"lc_name":"Urban and Built-up Lands"}},{"type":"Feature","geometry":{"type":"Polygon","coordinates":[[[106.6875,-6.1444],[106.7,-6.1444],[106.7,-6.1324],[106.6875,-6.1324],[106.6875,-6.1444]]]},"properties":{"lc_code":13,"lc_name":"Urban and Built-up Lands"}},{"type":"Feature","geometry":{"type":"Polygon","coordinates":[[[106.7,-6.1444],[106.7125,-6.1444],[106.7125,-6.1324],[106.7,-6.1324],[106.7,-6.1444]]]},"properties":{"lc_code":13,"lc_name":"Urban and Built-up Lands"}},{"type":"Feature","geometry":{"type":"Polygon","coordinates":[[[106.7125,-6.1444],[106.725,-6.1444],[106.725,-6.1324],[106.7125,-6.1324],[106.7125,-6.1444]]]},"properties":{"lc_code":13,"lc_name":"Urban and Built-up Lands"}},{"type":"Feature","geometry":{"type":"Polygon","coordinates":[[[106.725,-6.1444],[106.7375,-6.1444],[106.7375,-6.1324],[106.725,-6.1324],[106.725,-6.1444]]]},"properties":{"lc_code":13,"lc_name":"Urban and Built-up Lands"}},{"type":"Feature","geometry":{"type":"Polygon","coordinates":[[[106.7375,-6.1444],[106.75,-6.1444],[106.75,-6.1324],[106.7375,-6.1324],[106.7375,-6.1444]]]},"properties":{"lc_code":13,"lc_name":"Urban and Built-up Lands"}},{"type":"Feature","geometry":{"type":"Polygon","coordinates":[[[106.75,-6.1444],[106.7625,-6.1444],[106.7625,-6.1324],[106.75,-6.1324],[106.75,-6.1444]]]},"properties":{"lc_code":13,"lc_name":"Urban and Built-up Lands"}},{"type":"Feature","geometry":{"type":"Polygon","coordinates":[[[106.7625,-6.1444],[106.775,-6.1444],[106.775,-6.1324],[106.7625,-6.1324],[106.7625,-6.1444]]]},"properties":{"lc_code":13,"lc_name":"Urban and Built-up Lands"}},{"type":"Feature","geometry":{"type":"Polygon","coordinates":[[[106.775,-6.1444],[106.7875,-6.1444],[106.7875,-6.1324],[106.775,-6.1324],[106.775,-6.1444]]]},"properties":{"lc_code":13,"lc_name":"Urban and Built-up Lands"}},{"type":"Feature","geometry":{"type":"Polygon","coordinates":[[[106.7875,-6.1444],[106.8,-6.1444],[106.8,-6.1324],[106.7875,-6.1324],[106.7875,-6.1444]]]},"properties":{"lc_code":13,"lc_name":"Urban and Built-up Lands"}},{"type":"Feature","geometry":{"type":"Polygon","coordinates":[[[106.8,-6.1444],[106.8125,-6.1444],[106.8125,-6.1324],[106.8,-6.1324],[106.8,-6.1444]]]},"properties":{"lc_code":13,"lc_name":"Urban and Built-up Lands"}},{"type":"Feature","geometry":{"type":"Polygon","coordinates":[[[106.8125,-6.1444],[106.825,-6.1444],[106.825,-6.1324],[106.8125,-6.1324],[106.8125,-6.1444]]]},"properties":{"lc_code":13,"lc_name":"Urban and Built-up Lands"}},{"type":"Feature","geometry":{"type":"Polygon","coordinates":[[[106.825,-6.1444],[106.8375,-6.1444],[106.8375,-6.1324],[106.825,-6.1324],[106.825,-6.1444]]]},"properties":{"lc_code":13,"lc_name":"Urban and Built-up Lands"}},{"type":"Feature","geometry":{"type":"Polygon","coordinates":[[[106.8375,-6.1444],[106.85,-6.1444],[106.85,-6.1324],[106.8375,-6.1324],[106.8375,-6.1444]]]},"properties":{"lc_code":13,"lc_name":"Urban and Built-up Lands"}},{"type":"Feature","geometry":{"type":"Polygon","coordinates":[[[106.85,-6.1444],[106.8625,-6.1444],[106.8625,-6.1324],[106.85,-6.1324],[106.85,-6.1444]]]},"properties":{"lc_code":13,"lc_name":"Urban and Built-up Lands"}},{"type":"Feature","geometry":{"type":"Polygon","coordinates":[[[106.8625,-6.1444],[106.875,-6.1444],[106.875,-6.1324],[106.8625,-6.1324],[106.8625,-6.1444]]]},"properties":{"lc_code":13,"lc_name":"Urban and Built-up Lands"}},{"type":"Feature","geometry":{"type":"Polygon","coordinates":[[[106.875,-6.1444],[106.8875,-6.1444],[106.8875,-6.1324],[106.875,-6.1324],[106.875,-6.1444]]]},"properties":{"lc_code":13,"lc_name":"Urban and Built-up Lands"}},{"type":"Feature","geometry":{"type":"Polygon","coordinates":[[[106.8875,-6.1444],[106.9,-6.1444],[106.9,-6.1324],[106.8875,-6.1324],[106.8875,-6.1444]]]},"properties":{"lc_code":13,"lc_name":"Urban and Built-up Lands"}},{"type":"Feature","geometry":{"type":"Polygon","coordinates":[[[106.9,-6.1444],[106.9125,-6.1444],[106.9125,-6.1324],[106.9,-6.1324],[106.9,-6.1444]]]},"properties":{"lc_code":13,"lc_name":"Urban and Built-up Lands"}},{"type":"Feature","geometry":{"type":"Polygon","coordinates":[[[106.9125,-6.1444],[106.925,-6.1444],[106.925,-6.1324],[106.9125,-6.1324],[106.9125,-6.1444]]]},"properties":{"lc_code":13,"lc_name":"Urban and Built-up Lands"}},{"type":"Feature","geometry":{"type":"Polygon","coordinates":[[[106.925,-6.1444],[106.9375,-6.1444],[106.9375,-6.1324],[106.925,-6.1324],[106.925,-6.1444]]]},"properties":{"lc_code":13,"lc_name":"Urban and Built-up Lands"}},{"type":"Feature","geometry":{"type":"Polygon","coordinates":[[[106.9375,-6.1444],[106.95,-6.1444],[106.95,-6.1324],[106.9375,-6.1324],[106.9375,-6.1444]]]},"properties":{"lc_code":13,"lc_name":"Urban and Built-up Lands"}},{"type":"Feature","geometry":{"type":"Polygon","coordinates":[[[106.95,-6.1444],[106.9625,-6.1444],[106.9625,-6.1324],[106.95,-6.1324],[106.95,-6.1444]]]},"properties":{"lc_code":13,"lc_name":"Urban and Built-up Lands"}},{"type":"Feature","geometry":{"type":"Polygon","coordinates":[[[106.9625,-6.1444],[106.975,-6.1444],[106.975,-6.1324],[106.9625,-6.1324],[106.9625,-6.1444]]]},"properties":{"lc_code":13,"lc_name":"Urban and Built-up Lands"}},{"type":"Feature","geometry":{"type":"Polygon","coordinates":[[[106.975,-6.1444],[106.9875,-6.1444],[106.9875,-6.1324],[106.975,-6.1324],[106.975,-6.1444]]]},"properties":{"lc_code":13,"lc_name":"Urban and Built-up Lands"}},{"type":"Feature","geometry":{"type":"Polygon","coordinates":[[[106.9875,-6.1444],[107,-6.1444],[107,-6.1324],[106.9875,-6.1324],[106.9875,-6.1444]]]},"properties":{"lc_code":13,"lc_name":"Urban and Built-up Lands"}},{"type":"Feature","geometry":{"type":"Polygon","coordinates":[[[107,-6.1444],[107.0125,-6.1444],[107.0125,-6.1324],[107,-6.1324],[107,-6.1444]]]},"properties":{"lc_code":13,"lc_name":"Urban and Built-up Lands"}},{"type":"Feature","geometry":{"type":"Polygon","coordinates":[[[107.0125,-6.1444],[107.025,-6.1444],[107.025,-6.1324],[107.0125,-6.1324],[107.0125,-6.1444]]]},"properties":{"lc_code":13,"lc_name":"Urban and Built-up Lands"}},{"type":"Feature","geometry":{"type":"Polygon","coordinates":[[[107.025,-6.1444],[107.0375,-6.1444],[107.0375,-6.1324],[107.025,-6.1324],[107.025,-6.1444]]]},"properties":{"lc_code":13,"lc_name":"Urban and Built-up Lands"}},{"type":"Feature","geometry":{"type":"Polygon","coordinates":[[[107.0375,-6.1444],[107.05,-6.1444],[107.05,-6.1324],[107.0375,-6.1324],[107.0375,-6.1444]]]},"properties":{"lc_code":13,"lc_name":"Urban and Built-up Lands"}},{"type":"Feature","geometry":{"type":"Polygon","coordinates":[[[107.05,-6.1444],[107.0625,-6.1444],[107.0625,-6.1324],[107.05,-6.1324],[107.05,-6.1444]]]},"properties":{"lc_code":13,"lc_name":"Urban and Built-up Lands"}},{"type":"Feature","geometry":{"type":"Polygon","coordinates":[[[107.0625,-6.1444],[107.075,-6.1444],[107.075,-6.1324],[107.0625,-6.1324],[107.0625,-6.1444]]]},"properties":{"lc_code":13,"lc_name":"Urban and Built-up Lands"}},{"type":"Feature","geometry":{"type":"Polygon","coordinates":[[[107.075,-6.1444],[107.0875,-6.1444],[107.0875,-6.1324],[107.075,-6.1324],[107.075,-6.1444]]]},"properties":{"lc_code":12,"lc_name":"Cropland / Natural Vegetation Mosaics"}},{"type":"Feature","geometry":{"type":"Polygon","coordinates":[[[107.0875,-6.1444],[107.1,-6.1444],[107.1,-6.1324],[107.0875,-6.1324],[107.0875,-6.1444]]]},"properties":{"lc_code":12,"lc_name":"Cropland / Natural Vegetation Mosaics"}},{"type":"Feature","geometry":{"type":"Polygon","coordinates":[[[107.1,-6.1444],[107.1125,-6.1444],[107.1125,-6.1324],[107.1,-6.1324],[107.1,-6.1444]]]},"properties":{"lc_code":12,"lc_name":"Cropland / Natural Vegetation Mosaics"}},{"type":"Feature","geometry":{"type":"Polygon","coordinates":[[[107.1125,-6.1444],[107.125,-6.1444],[107.125,-6.1324],[107.1125,-6.1324],[107.1125,-6.1444]]]},"properties":{"lc_code":12,"lc_name":"Cropland / Natural Vegetation Mosaics"}},{"type":"Feature","geometry":{"type":"Polygon","coordinates":[[[107.125,-6.1444],[107.1375,-6.1444],[107.1375,-6.1324],[107.125,-6.1324],[107.125,-6.1444]]]},"properties":{"lc_code":12,"lc_name":"Cropland / Natural Vegetation Mosaics"}},{"type":"Feature","geometry":{"type":"Polygon","coordinates":[[[107.1375,-6.1444],[107.15,-6.1444],[107.15,-6.1324],[107.1375,-6.1324],[107.1375,-6.1444]]]},"properties":{"lc_code":12,"lc_name":"Cropland / Natural Vegetation Mosaics"}},{"type":"Feature","geometry":{"type":"Polygon","coordinates":[[[107.15,-6.1444],[107.1625,-6.1444],[107.1625,-6.1324],[107.15,-6.1324],[107.15,-6.1444]]]},"properties":{"lc_code":12,"lc_name":"Cropland / Natural Vegetation Mosaics"}},{"type":"Feature","geometry":{"type":"Polygon","coordinates":[[[107.1625,-6.1444],[107.175,-6.1444],[107.175,-6.1324],[107.1625,-6.1324],[107.1625,-6.1444]]]},"properties":{"lc_code":12,"lc_name":"Cropland / Natural Vegetation Mosaics"}},{"type":"Feature","geometry":{"type":"Polygon","coordinates":[[[107.175,-6.1444],[107.1875,-6.1444],[107.1875,-6.1324],[107.175,-6.1324],[107.175,-6.1444]]]},"properties":{"lc_code":12,"lc_name":"Cropland / Natural Vegetation Mosaics"}},{"type":"Feature","geometry":{"type":"Polygon","coordinates":[[[107.1875,-6.1444],[107.2,-6.1444],[107.2,-6.1324],[107.1875,-6.1324],[107.1875,-6.1444]]]},"properties":{"lc_code":12,"lc_name":"Cropland / Natural Vegetation Mosaics"}},{"type":"Feature","geometry":{"type":"Polygon","coordinates":[[[107.2,-6.1444],[107.2125,-6.1444],[107.2125,-6.1324],[107.2,-6.1324],[107.2,-6.1444]]]},"properties":{"lc_code":12,"lc_name":"Cropland / Natural Vegetation Mosaics"}},{"type":"Feature","geometry":{"type":"Polygon","coordinates":[[[107.2125,-6.1444],[107.225,-6.1444],[107.225,-6.1324],[107.2125,-6.1324],[107.2125,-6.1444]]]},"properties":{"lc_code":12,"lc_name":"Cropland / Natural Vegetation Mosaics"}},{"type":"Feature","geometry":{"type":"Polygon","coordinates":[[[107.225,-6.1444],[107.2375,-6.1444],[107.2375,-6.1324],[107.225,-6.1324],[107.225,-6.1444]]]},"properties":{"lc_code":12,"lc_name":"Cropland / Natural Vegetation Mosaics"}},{"type":"Feature","geometry":{"type":"Polygon","coordinates":[[[107.2375,-6.1444],[107.25,-6.1444],[107.25,-6.1324],[107.2375,-6.1324],[107.2375,-6.1444]]]},"properties":{"lc_code":12,"lc_name":"Cropland / Natural Vegetation Mosaics"}},{"type":"Feature","geometry":{"type":"Polygon","coordinates":[[[107.25,-6.1444],[107.2625,-6.1444],[107.2625,-6.1324],[107.25,-6.1324],[107.25,-6.1444]]]},"properties":{"lc_code":12,"lc_name":"Cropland / Natural Vegetation Mosaics"}},{"type":"Feature","geometry":{"type":"Polygon","coordinates":[[[107.2625,-6.1444],[107.275,-6.1444],[107.275,-6.1324],[107.2625,-6.1324],[107.2625,-6.1444]]]},"properties":{"lc_code":12,"lc_name":"Cropland / Natural Vegetation Mosaics"}},{"type":"Feature","geometry":{"type":"Polygon","coordinates":[[[107.275,-6.1444],[107.2875,-6.1444],[107.2875,-6.1324],[107.275,-6.1324],[107.275,-6.1444]]]},"properties":{"lc_code":12,"lc_name":"Cropland / Natural Vegetation Mosaics"}},{"type":"Feature","geometry":{"type":"Polygon","coordinates":[[[107.2875,-6.1444],[107.3,-6.1444],[107.3,-6.1324],[107.2875,-6.1324],[107.2875,-6.1444]]]},"properties":{"lc_code":12,"lc_name":"Cropland / Natural Vegetation Mosaics"}},{"type":"Feature","geometry":{"type":"Polygon","coordinates":[[[106.5,-6.1324],[106.5125,-6.1324],[106.5125,-6.1204],[106.5,-6.1204],[106.5,-6.1324]]]},"properties":{"lc_code":12,"lc_name":"Cropland / Natural Vegetation Mosaics"}},{"type":"Feature","geometry":{"type":"Polygon","coordinates":[[[106.5125,-6.1324],[106.525,-6.1324],[106.525,-6.1204],[106.5125,-6.1204],[106.5125,-6.1324]]]},"properties":{"lc_code":12,"lc_name":"Cropland / Natural Vegetation Mosaics"}},{"type":"Feature","geometry":{"type":"Polygon","coordinates":[[[106.525,-6.1324],[106.5375,-6.1324],[106.5375,-6.1204],[106.525,-6.1204],[106.525,-6.1324]]]},"properties":{"lc_code":13,"lc_name":"Urban and Built-up Lands"}},{"type":"Feature","geometry":{"type":"Polygon","coordinates":[[[106.5375,-6.1324],[106.55,-6.1324],[106.55,-6.1204],[106.5375,-6.1204],[106.5375,-6.1324]]]},"properties":{"lc_code":13,"lc_name":"Urban and Built-up Lands"}},{"type":"Feature","geometry":{"type":"Polygon","coordinates":[[[106.55,-6.1324],[106.5625,-6.1324],[106.5625,-6.1204],[106.55,-6.1204],[106.55,-6.1324]]]},"properties":{"lc_code":13,"lc_name":"Urban and Built-up Lands"}},{"type":"Feature","geometry":{"type":"Polygon","coordinates":[[[106.5625,-6.1324],[106.575,-6.1324],[106.575,-6.1204],[106.5625,-6.1204],[106.5625,-6.1324]]]},"properties":{"lc_code":13,"lc_name":"Urban and Built-up Lands"}},{"type":"Feature","geometry":{"type":"Polygon","coordinates":[[[106.575,-6.1324],[106.5875,-6.1324],[106.5875,-6.1204],[106.575,-6.1204],[106.575,-6.1324]]]},"properties":{"lc_code":13,"lc_name":"Urban and Built-up Lands"}},{"type":"Feature","geometry":{"type":"Polygon","coordinates":[[[106.5875,-6.1324],[106.6,-6.1324],[106.6,-6.1204],[106.5875,-6.1204],[106.5875,-6.1324]]]},"properties":{"lc_code":13,"lc_name":"Urban and Built-up Lands"}},{"type":"Feature","geometry":{"type":"Polygon","coordinates":[[[106.6,-6.1324],[106.6125,-6.1324],[106.6125,-6.1204],[106.6,-6.1204],[106.6,-6.1324]]]},"properties":{"lc_code":13,"lc_name":"Urban and Built-up Lands"}},{"type":"Feature","geometry":{"type":"Polygon","coordinates":[[[106.6125,-6.1324],[106.625,-6.1324],[106.625,-6.1204],[106.6125,-6.1204],[106.6125,-6.1324]]]},"properties":{"lc_code":13,"lc_name":"Urban and Built-up Lands"}},{"type":"Feature","geometry":{"type":"Polygon","coordinates":[[[106.625,-6.1324],[106.6375,-6.1324],[106.6375,-6.1204],[106.625,-6.1204],[106.625,-6.1324]]]},"properties":{"lc_code":13,"lc_name":"Urban and Built-up Lands"}},{"type":"Feature","geometry":{"type":"Polygon","coordinates":[[[106.6375,-6.1324],[106.65,-6.1324],[106.65,-6.1204],[106.6375,-6.1204],[106.6375,-6.1324]]]},"properties":{"lc_code":13,"lc_name":"Urban and Built-up Lands"}},{"type":"Feature","geometry":{"type":"Polygon","coordinates":[[[106.65,-6.1324],[106.6625,-6.1324],[106.6625,-6.1204],[106.65,-6.1204],[106.65,-6.1324]]]},"properties":{"lc_code":13,"lc_name":"Urban and Built-up Lands"}},{"type":"Feature","geometry":{"type":"Polygon","coordinates":[[[106.6625,-6.1324],[106.675,-6.1324],[106.675,-6.1204],[106.6625,-6.1204],[106.6625,-6.1324]]]},"properties":{"lc_code":13,"lc_name":"Urban and Built-up Lands"}},{"type":"Feature","geometry":{"type":"Polygon","coordinates":[[[106.675,-6.1324],[106.6875,-6.1324],[106.6875,-6.1204],[106.675,-6.1204],[106.675,-6.1324]]]},"properties":{"lc_code":13,"lc_name":"Urban and Built-up Lands"}},{"type":"Feature","geometry":{"type":"Polygon","coordinates":[[[106.6875,-6.1324],[106.7,-6.1324],[106.7,-6.1204],[106.6875,-6.1204],[106.6875,-6.1324]]]},"properties":{"lc_code":13,"lc_name":"Urban and Built-up Lands"}},{"type":"Feature","geometry":{"type":"Polygon","coordinates":[[[106.7,-6.1324],[106.7125,-6.1324],[106.7125,-6.1204],[106.7,-6.1204],[106.7,-6.1324]]]},"properties":{"lc_code":13,"lc_name":"Urban and Built-up Lands"}},{"type":"Feature","geometry":{"type":"Polygon","coordinates":[[[106.7125,-6.1324],[106.725,-6.1324],[106.725,-6.1204],[106.7125,-6.1204],[106.7125,-6.1324]]]},"properties":{"lc_code":13,"lc_name":"Urban and Built-up Lands"}},{"type":"Feature","geometry":{"type":"Polygon","coordinates":[[[106.725,-6.1324],[106.7375,-6.1324],[106.7375,-6.1204],[106.725,-6.1204],[106.725,-6.1324]]]},"properties":{"lc_code":13,"lc_name":"Urban and Built-up Lands"}},{"type":"Feature","geometry":{"type":"Polygon","coordinates":[[[106.7375,-6.1324],[106.75,-6.1324],[106.75,-6.1204],[106.7375,-6.1204],[106.7375,-6.1324]]]},"properties":{"lc_code":13,"lc_name":"Urban and Built-up Lands"}},{"type":"Feature","geometry":{"type":"Polygon","coordinates":[[[106.75,-6.1324],[106.7625,-6.1324],[106.7625,-6.1204],[106.75,-6.1204],[106.75,-6.1324]]]},"properties":{"lc_code":13,"lc_name":"Urban and Built-up Lands"}},{"type":"Feature","geometry":{"type":"Polygon","coordinates":[[[106.7625,-6.1324],[106.775,-6.1324],[106.775,-6.1204],[106.7625,-6.1204],[106.7625,-6.1324]]]},"properties":{"lc_code":13,"lc_name":"Urban and Built-up Lands"}},{"type":"Feature","geometry":{"type":"Polygon","coordinates":[[[106.775,-6.1324],[106.7875,-6.1324],[106.7875,-6.1204],[106.775,-6.1204],[106.775,-6.1324]]]},"properties":{"lc_code":13,"lc_name":"Urban and Built-up Lands"}},{"type":"Feature","geometry":{"type":"Polygon","coordinates":[[[106.7875,-6.1324],[106.8,-6.1324],[106.8,-6.1204],[106.7875,-6.1204],[106.7875,-6.1324]]]},"properties":{"lc_code":13,"lc_name":"Urban and Built-up Lands"}},{"type":"Feature","geometry":{"type":"Polygon","coordinates":[[[106.8,-6.1324],[106.8125,-6.1324],[106.8125,-6.1204],[106.8,-6.1204],[106.8,-6.1324]]]},"properties":{"lc_code":13,"lc_name":"Urban and Built-up Lands"}},{"type":"Feature","geometry":{"type":"Polygon","coordinates":[[[106.8125,-6.1324],[106.825,-6.1324],[106.825,-6.1204],[106.8125,-6.1204],[106.8125,-6.1324]]]},"properties":{"lc_code":13,"lc_name":"Urban and Built-up Lands"}},{"type":"Feature","geometry":{"type":"Polygon","coordinates":[[[106.825,-6.1324],[106.8375,-6.1324],[106.8375,-6.1204],[106.825,-6.1204],[106.825,-6.1324]]]},"properties":{"lc_code":13,"lc_name":"Urban and Built-up Lands"}},{"type":"Feature","geometry":{"type":"Polygon","coordinates":[[[106.8375,-6.1324],[106.85,-6.1324],[106.85,-6.1204],[106.8375,-6.1204],[106.8375,-6.1324]]]},"properties":{"lc_code":13,"lc_name":"Urban and Built-up Lands"}},{"type":"Feature","geometry":{"type":"Polygon","coordinates":[[[106.85,-6.1324],[106.8625,-6.1324],[106.8625,-6.1204],[106.85,-6.1204],[106.85,-6.1324]]]},"properties":{"lc_code":13,"lc_name":"Urban and Built-up Lands"}},{"type":"Feature","geometry":{"type":"Polygon","coordinates":[[[106.8625,-6.1324],[106.875,-6.1324],[106.875,-6.1204],[106.8625,-6.1204],[106.8625,-6.1324]]]},"properties":{"lc_code":13,"lc_name":"Urban and Built-up Lands"}},{"type":"Feature","geometry":{"type":"Polygon","coordinates":[[[106.875,-6.1324],[106.8875,-6.1324],[106.8875,-6.1204],[106.875,-6.1204],[106.875,-6.1324]]]},"properties":{"lc_code":13,"lc_name":"Urban and Built-up Lands"}},{"type":"Feature","geometry":{"type":"Polygon","coordinates":[[[106.8875,-6.1324],[106.9,-6.1324],[106.9,-6.1204],[106.8875,-6.1204],[106.8875,-6.1324]]]},"properties":{"lc_code":13,"lc_name":"Urban and Built-up Lands"}},{"type":"Feature","geometry":{"type":"Polygon","coordinates":[[[106.9,-6.1324],[106.9125,-6.1324],[106.9125,-6.1204],[106.9,-6.1204],[106.9,-6.1324]]]},"properties":{"lc_code":13,"lc_name":"Urban and Built-up Lands"}},{"type":"Feature","geometry":{"type":"Polygon","coordinates":[[[106.9125,-6.1324],[106.925,-6.1324],[106.925,-6.1204],[106.9125,-6.1204],[106.9125,-6.1324]]]},"properties":{"lc_code":13,"lc_name":"Urban and Built-up Lands"}},{"type":"Feature","geometry":{"type":"Polygon","coordinates":[[[106.925,-6.1324],[106.9375,-6.1324],[106.9375,-6.1204],[106.925,-6.1204],[106.925,-6.1324]]]},"properties":{"lc_code":13,"lc_name":"Urban and Built-up Lands"}},{"type":"Feature","geometry":{"type":"Polygon","coordinates":[[[106.9375,-6.1324],[106.95,-6.1324],[106.95,-6.1204],[106.9375,-6.1204],[106.9375,-6.1324]]]},"properties":{"lc_code":13,"lc_name":"Urban and Built-up Lands"}},{"type":"Feature","geometry":{"type":"Polygon","coordinates":[[[106.95,-6.1324],[106.9625,-6.1324],[106.9625,-6.1204],[106.95,-6.1204],[106.95,-6.1324]]]},"properties":{"lc_code":13,"lc_name":"Urban and Built-up Lands"}},{"type":"Feature","geometry":{"type":"Polygon","coordinates":[[[106.9625,-6.1324],[106.975,-6.1324],[106.975,-6.1204],[106.9625,-6.1204],[106.9625,-6.1324]]]},"properties":{"lc_code":13,"lc_name":"Urban and Built-up Lands"}},{"type":"Feature","geometry":{"type":"Polygon","coordinates":[[[106.975,-6.1324],[106.9875,-6.1324],[106.9875,-6.1204],[106.975,-6.1204],[106.975,-6.1324]]]},"properties":{"lc_code":13,"lc_name":"Urban and Built-up Lands"}},{"type":"Feature","geometry":{"type":"Polygon","coordinates":[[[106.9875,-6.1324],[107,-6.1324],[107,-6.1204],[106.9875,-6.1204],[106.9875,-6.1324]]]},"properties":{"lc_code":13,"lc_name":"Urban and Built-up Lands"}},{"type":"Feature","geometry":{"type":"Polygon","coordinates":[[[107,-6.1324],[107.0125,-6.1324],[107.0125,-6.1204],[107,-6.1204],[107,-6.1324]]]},"properties":{"lc_code":13,"lc_name":"Urban and Built-up Lands"}},{"type":"Feature","geometry":{"type":"Polygon","coordinates":[[[107.0125,-6.1324],[107.025,-6.1324],[107.025,-6.1204],[107.0125,-6.1204],[107.0125,-6.1324]]]},"properties":{"lc_code":13,"lc_name":"Urban and Built-up Lands"}},{"type":"Feature","geometry":{"type":"Polygon","coordinates":[[[107.025,-6.1324],[107.0375,-6.1324],[107.0375,-6.1204],[107.025,-6.1204],[107.025,-6.1324]]]},"properties":{"lc_code":13,"lc_name":"Urban and Built-up Lands"}},{"type":"Feature","geometry":{"type":"Polygon","coordinates":[[[107.0375,-6.1324],[107.05,-6.1324],[107.05,-6.1204],[107.0375,-6.1204],[107.0375,-6.1324]]]},"properties":{"lc_code":13,"lc_name":"Urban and Built-up Lands"}},{"type":"Feature","geometry":{"type":"Polygon","coordinates":[[[107.05,-6.1324],[107.0625,-6.1324],[107.0625,-6.1204],[107.05,-6.1204],[107.05,-6.1324]]]},"properties":{"lc_code":13,"lc_name":"Urban and Built-up Lands"}},{"type":"Feature","geometry":{"type":"Polygon","coordinates":[[[107.0625,-6.1324],[107.075,-6.1324],[107.075,-6.1204],[107.0625,-6.1204],[107.0625,-6.1324]]]},"properties":{"lc_code":12,"lc_name":"Cropland / Natural Vegetation Mosaics"}},{"type":"Feature","geometry":{"type":"Polygon","coordinates":[[[107.075,-6.1324],[107.0875,-6.1324],[107.0875,-6.1204],[107.075,-6.1204],[107.075,-6.1324]]]},"properties":{"lc_code":12,"lc_name":"Cropland / Natural Vegetation Mosaics"}},{"type":"Feature","geometry":{"type":"Polygon","coordinates":[[[107.0875,-6.1324],[107.1,-6.1324],[107.1,-6.1204],[107.0875,-6.1204],[107.0875,-6.1324]]]},"properties":{"lc_code":12,"lc_name":"Cropland / Natural Vegetation Mosaics"}},{"type":"Feature","geometry":{"type":"Polygon","coordinates":[[[107.1,-6.1324],[107.1125,-6.1324],[107.1125,-6.1204],[107.1,-6.1204],[107.1,-6.1324]]]},"properties":{"lc_code":12,"lc_name":"Cropland / Natural Vegetation Mosaics"}},{"type":"Feature","geometry":{"type":"Polygon","coordinates":[[[107.1125,-6.1324],[107.125,-6.1324],[107.125,-6.1204],[107.1125,-6.1204],[107.1125,-6.1324]]]},"properties":{"lc_code":12,"lc_name":"Cropland / Natural Vegetation Mosaics"}},{"type":"Feature","geometry":{"type":"Polygon","coordinates":[[[107.125,-6.1324],[107.1375,-6.1324],[107.1375,-6.1204],[107.125,-6.1204],[107.125,-6.1324]]]},"properties":{"lc_code":12,"lc_name":"Cropland / Natural Vegetation Mosaics"}},{"type":"Feature","geometry":{"type":"Polygon","coordinates":[[[107.1375,-6.1324],[107.15,-6.1324],[107.15,-6.1204],[107.1375,-6.1204],[107.1375,-6.1324]]]},"properties":{"lc_code":12,"lc_name":"Cropland / Natural Vegetation Mosaics"}},{"type":"Feature","geometry":{"type":"Polygon","coordinates":[[[107.15,-6.1324],[107.1625,-6.1324],[107.1625,-6.1204],[107.15,-6.1204],[107.15,-6.1324]]]},"properties":{"lc_code":12,"lc_name":"Cropland / Natural Vegetation Mosaics"}},{"type":"Feature","geometry":{"type":"Polygon","coordinates":[[[107.1625,-6.1324],[107.175,-6.1324],[107.175,-6.1204],[107.1625,-6.1204],[107.1625,-6.1324]]]},"properties":{"lc_code":12,"lc_name":"Cropland / Natural Vegetation Mosaics"}},{"type":"Feature","geometry":{"type":"Polygon","coordinates":[[[107.175,-6.1324],[107.1875,-6.1324],[107.1875,-6.1204],[107.175,-6.1204],[107.175,-6.1324]]]},"properties":{"lc_code":12,"lc_name":"Cropland / Natural Vegetation Mosaics"}},{"type":"Feature","geometry":{"type":"Polygon","coordinates":[[[107.1875,-6.1324],[107.2,-6.1324],[107.2,-6.1204],[107.1875,-6.1204],[107.1875,-6.1324]]]},"properties":{"lc_code":12,"lc_name":"Cropland / Natural Vegetation Mosaics"}},{"type":"Feature","geometry":{"type":"Polygon","coordinates":[[[107.2,-6.1324],[107.2125,-6.1324],[107.2125,-6.1204],[107.2,-6.1204],[107.2,-6.1324]]]},"properties":{"lc_code":12,"lc_name":"Cropland / Natural Vegetation Mosaics"}},{"type":"Feature","geometry":{"type":"Polygon","coordinates":[[[107.2125,-6.1324],[107.225,-6.1324],[107.225,-6.1204],[107.2125,-6.1204],[107.2125,-6.1324]]]},"properties":{"lc_code":12,"lc_name":"Cropland / Natural Vegetation Mosaics"}},{"type":"Feature","geometry":{"type":"Polygon","coordinates":[[[107.225,-6.1324],[107.2375,-6.1324],[107.2375,-6.1204],[107.225,-6.1204],[107.225,-6.1324]]]},"properties":{"lc_code":12,"lc_name":"Cropland / Natural Vegetation Mosaics"}},{"type":"Feature","geometry":{"type":"Polygon","coordinates":[[[107.2375,-6.1324],[107.25,-6.1324],[107.25,-6.1204],[107.2375,-6.1204],[107.2375,-6.1324]]]},"properties":{"lc_code":12,"lc_name":"Cropland / Natural Vegetation Mosaics"}},{"type":"Feature","geometry":{"type":"Polygon","coordinates":[[[107.25,-6.1324],[107.2625,-6.1324],[107.2625,-6.1204],[107.25,-6.1204],[107.25,-6.1324]]]},"properties":{"lc_code":12,"lc_name":"Cropland / Natural Vegetation Mosaics"}},{"type":"Feature","geometry":{"type":"Polygon","coordinates":[[[107.2625,-6.1324],[107.275,-6.1324],[107.275,-6.1204],[107.2625,-6.1204],[107.2625,-6.1324]]]},"properties":{"lc_code":12,"lc_name":"Cropland / Natural Vegetation Mosaics"}},{"type":"Feature","geometry":{"type":"Polygon","coordinates":[[[107.275,-6.1324],[107.2875,-6.1324],[107.2875,-6.1204],[107.275,-6.1204],[107.275,-6.1324]]]},"properties":{"lc_code":12,"lc_name":"Cropland / Natural Vegetation Mosaics"}},{"type":"Feature","geometry":{"type":"Polygon","coordinates":[[[107.2875,-6.1324],[107.3,-6.1324],[107.3,-6.1204],[107.2875,-6.1204],[107.2875,-6.1324]]]},"properties":{"lc_code":12,"lc_name":"Cropland / Natural Vegetation Mosaics"}},{"type":"Feature","geometry":{"type":"Polygon","coordinates":[[[106.5,-6.1204],[106.5125,-6.1204],[106.5125,-6.1083],[106.5,-6.1083],[106.5,-6.1204]]]},"properties":{"lc_code":12,"lc_name":"Cropland / Natural Vegetation Mosaics"}},{"type":"Feature","geometry":{"type":"Polygon","coordinates":[[[106.5125,-6.1204],[106.525,-6.1204],[106.525,-6.1083],[106.5125,-6.1083],[106.5125,-6.1204]]]},"properties":{"lc_code":12,"lc_name":"Cropland / Natural Vegetation Mosaics"}},{"type":"Feature","geometry":{"type":"Polygon","coordinates":[[[106.525,-6.1204],[106.5375,-6.1204],[106.5375,-6.1083],[106.525,-6.1083],[106.525,-6.1204]]]},"properties":{"lc_code":12,"lc_name":"Cropland / Natural Vegetation Mosaics"}},{"type":"Feature","geometry":{"type":"Polygon","coordinates":[[[106.5375,-6.1204],[106.55,-6.1204],[106.55,-6.1083],[106.5375,-6.1083],[106.5375,-6.1204]]]},"properties":{"lc_code":13,"lc_name":"Urban and Built-up Lands"}},{"type":"Feature","geometry":{"type":"Polygon","coordinates":[[[106.55,-6.1204],[106.5625,-6.1204],[106.5625,-6.1083],[106.55,-6.1083],[106.55,-6.1204]]]},"properties":{"lc_code":13,"lc_name":"Urban and Built-up Lands"}},{"type":"Feature","geometry":{"type":"Polygon","coordinates":[[[106.5625,-6.1204],[106.575,-6.1204],[106.575,-6.1083],[106.5625,-6.1083],[106.5625,-6.1204]]]},"properties":{"lc_code":13,"lc_name":"Urban and Built-up Lands"}},{"type":"Feature","geometry":{"type":"Polygon","coordinates":[[[106.575,-6.1204],[106.5875,-6.1204],[106.5875,-6.1083],[106.575,-6.1083],[106.575,-6.1204]]]},"properties":{"lc_code":13,"lc_name":"Urban and Built-up Lands"}},{"type":"Feature","geometry":{"type":"Polygon","coordinates":[[[106.5875,-6.1204],[106.6,-6.1204],[106.6,-6.1083],[106.5875,-6.1083],[106.5875,-6.1204]]]},"properties":{"lc_code":13,"lc_name":"Urban and Built-up Lands"}},{"type":"Feature","geometry":{"type":"Polygon","coordinates":[[[106.6,-6.1204],[106.6125,-6.1204],[106.6125,-6.1083],[106.6,-6.1083],[106.6,-6.1204]]]},"properties":{"lc_code":13,"lc_name":"Urban and Built-up Lands"}},{"type":"Feature","geometry":{"type":"Polygon","coordinates":[[[106.6125,-6.1204],[106.625,-6.1204],[106.625,-6.1083],[106.6125,-6.1083],[106.6125,-6.1204]]]},"properties":{"lc_code":13,"lc_name":"Urban and Built-up Lands"}},{"type":"Feature","geometry":{"type":"Polygon","coordinates":[[[106.625,-6.1204],[106.6375,-6.1204],[106.6375,-6.1083],[106.625,-6.1083],[106.625,-6.1204]]]},"properties":{"lc_code":13,"lc_name":"Urban and Built-up Lands"}},{"type":"Feature","geometry":{"type":"Polygon","coordinates":[[[106.6375,-6.1204],[106.65,-6.1204],[106.65,-6.1083],[106.6375,-6.1083],[106.6375,-6.1204]]]},"properties":{"lc_code":13,"lc_name":"Urban and Built-up Lands"}},{"type":"Feature","geometry":{"type":"Polygon","coordinates":[[[106.65,-6.1204],[106.6625,-6.1204],[106.6625,-6.1083],[106.65,-6.1083],[106.65,-6.1204]]]},"properties":{"lc_code":13,"lc_name":"Urban and Built-up Lands"}},{"type":"Feature","geometry":{"type":"Polygon","coordinates":[[[106.6625,-6.1204],[106.675,-6.1204],[106.675,-6.1083],[106.6625,-6.1083],[106.6625,-6.1204]]]},"properties":{"lc_code":13,"lc_name":"Urban and Built-up Lands"}},{"type":"Feature","geometry":{"type":"Polygon","coordinates":[[[106.675,-6.1204],[106.6875,-6.1204],[106.6875,-6.1083],[106.675,-6.1083],[106.675,-6.1204]]]},"properties":{"lc_code":13,"lc_name":"Urban and Built-up Lands"}},{"type":"Feature","geometry":{"type":"Polygon","coordinates":[[[106.6875,-6.1204],[106.7,-6.1204],[106.7,-6.1083],[106.6875,-6.1083],[106.6875,-6.1204]]]},"properties":{"lc_code":13,"lc_name":"Urban and Built-up Lands"}},{"type":"Feature","geometry":{"type":"Polygon","coordinates":[[[106.7,-6.1204],[106.7125,-6.1204],[106.7125,-6.1083],[106.7,-6.1083],[106.7,-6.1204]]]},"properties":{"lc_code":13,"lc_name":"Urban and Built-up Lands"}},{"type":"Feature","geometry":{"type":"Polygon","coordinates":[[[106.7125,-6.1204],[106.725,-6.1204],[106.725,-6.1083],[106.7125,-6.1083],[106.7125,-6.1204]]]},"properties":{"lc_code":13,"lc_name":"Urban and Built-up Lands"}},{"type":"Feature","geometry":{"type":"Polygon","coordinates":[[[106.725,-6.1204],[106.7375,-6.1204],[106.7375,-6.1083],[106.725,-6.1083],[106.725,-6.1204]]]},"properties":{"lc_code":13,"lc_name":"Urban and Built-up Lands"}},{"type":"Feature","geometry":{"type":"Polygon","coordinates":[[[106.7375,-6.1204],[106.75,-6.1204],[106.75,-6.1083],[106.7375,-6.1083],[106.7375,-6.1204]]]},"properties":{"lc_code":13,"lc_name":"Urban and Built-up Lands"}},{"type":"Feature","geometry":{"type":"Polygon","coordinates":[[[106.75,-6.1204],[106.7625,-6.1204],[106.7625,-6.1083],[106.75,-6.1083],[106.75,-6.1204]]]},"properties":{"lc_code":13,"lc_name":"Urban and Built-up Lands"}},{"type":"Feature","geometry":{"type":"Polygon","coordinates":[[[106.7625,-6.1204],[106.775,-6.1204],[106.775,-6.1083],[106.7625,-6.1083],[106.7625,-6.1204]]]},"properties":{"lc_code":13,"lc_name":"Urban and Built-up Lands"}},{"type":"Feature","geometry":{"type":"Polygon","coordinates":[[[106.775,-6.1204],[106.7875,-6.1204],[106.7875,-6.1083],[106.775,-6.1083],[106.775,-6.1204]]]},"properties":{"lc_code":13,"lc_name":"Urban and Built-up Lands"}},{"type":"Feature","geometry":{"type":"Polygon","coordinates":[[[106.7875,-6.1204],[106.8,-6.1204],[106.8,-6.1083],[106.7875,-6.1083],[106.7875,-6.1204]]]},"properties":{"lc_code":13,"lc_name":"Urban and Built-up Lands"}},{"type":"Feature","geometry":{"type":"Polygon","coordinates":[[[106.8,-6.1204],[106.8125,-6.1204],[106.8125,-6.1083],[106.8,-6.1083],[106.8,-6.1204]]]},"properties":{"lc_code":13,"lc_name":"Urban and Built-up Lands"}},{"type":"Feature","geometry":{"type":"Polygon","coordinates":[[[106.8125,-6.1204],[106.825,-6.1204],[106.825,-6.1083],[106.8125,-6.1083],[106.8125,-6.1204]]]},"properties":{"lc_code":13,"lc_name":"Urban and Built-up Lands"}},{"type":"Feature","geometry":{"type":"Polygon","coordinates":[[[106.825,-6.1204],[106.8375,-6.1204],[106.8375,-6.1083],[106.825,-6.1083],[106.825,-6.1204]]]},"properties":{"lc_code":13,"lc_name":"Urban and Built-up Lands"}},{"type":"Feature","geometry":{"type":"Polygon","coordinates":[[[106.8375,-6.1204],[106.85,-6.1204],[106.85,-6.1083],[106.8375,-6.1083],[106.8375,-6.1204]]]},"properties":{"lc_code":13,"lc_name":"Urban and Built-up Lands"}},{"type":"Feature","geometry":{"type":"Polygon","coordinates":[[[106.85,-6.1204],[106.8625,-6.1204],[106.8625,-6.1083],[106.85,-6.1083],[106.85,-6.1204]]]},"properties":{"lc_code":13,"lc_name":"Urban and Built-up Lands"}},{"type":"Feature","geometry":{"type":"Polygon","coordinates":[[[106.8625,-6.1204],[106.875,-6.1204],[106.875,-6.1083],[106.8625,-6.1083],[106.8625,-6.1204]]]},"properties":{"lc_code":13,"lc_name":"Urban and Built-up Lands"}},{"type":"Feature","geometry":{"type":"Polygon","coordinates":[[[106.875,-6.1204],[106.8875,-6.1204],[106.8875,-6.1083],[106.875,-6.1083],[106.875,-6.1204]]]},"properties":{"lc_code":13,"lc_name":"Urban and Built-up Lands"}},{"type":"Feature","geometry":{"type":"Polygon","coordinates":[[[106.8875,-6.1204],[106.9,-6.1204],[106.9,-6.1083],[106.8875,-6.1083],[106.8875,-6.1204]]]},"properties":{"lc_code":13,"lc_name":"Urban and Built-up Lands"}},{"type":"Feature","geometry":{"type":"Polygon","coordinates":[[[106.9,-6.1204],[106.9125,-6.1204],[106.9125,-6.1083],[106.9,-6.1083],[106.9,-6.1204]]]},"properties":{"lc_code":13,"lc_name":"Urban and Built-up Lands"}},{"type":"Feature","geometry":{"type":"Polygon","coordinates":[[[106.9125,-6.1204],[106.925,-6.1204],[106.925,-6.1083],[106.9125,-6.1083],[106.9125,-6.1204]]]},"properties":{"lc_code":13,"lc_name":"Urban and Built-up Lands"}},{"type":"Feature","geometry":{"type":"Polygon","coordinates":[[[106.925,-6.1204],[106.9375,-6.1204],[106.9375,-6.1083],[106.925,-6.1083],[106.925,-6.1204]]]},"properties":{"lc_code":13,"lc_name":"Urban and Built-up Lands"}},{"type":"Feature","geometry":{"type":"Polygon","coordinates":[[[106.9375,-6.1204],[106.95,-6.1204],[106.95,-6.1083],[106.9375,-6.1083],[106.9375,-6.1204]]]},"properties":{"lc_code":13,"lc_name":"Urban and Built-up Lands"}},{"type":"Feature","geometry":{"type":"Polygon","coordinates":[[[106.95,-6.1204],[106.9625,-6.1204],[106.9625,-6.1083],[106.95,-6.1083],[106.95,-6.1204]]]},"properties":{"lc_code":13,"lc_name":"Urban and Built-up Lands"}},{"type":"Feature","geometry":{"type":"Polygon","coordinates":[[[106.9625,-6.1204],[106.975,-6.1204],[106.975,-6.1083],[106.9625,-6.1083],[106.9625,-6.1204]]]},"properties":{"lc_code":13,"lc_name":"Urban and Built-up Lands"}},{"type":"Feature","geometry":{"type":"Polygon","coordinates":[[[106.975,-6.1204],[106.9875,-6.1204],[106.9875,-6.1083],[106.975,-6.1083],[106.975,-6.1204]]]},"properties":{"lc_code":13,"lc_name":"Urban and Built-up Lands"}},{"type":"Feature","geometry":{"type":"Polygon","coordinates":[[[106.9875,-6.1204],[107,-6.1204],[107,-6.1083],[106.9875,-6.1083],[106.9875,-6.1204]]]},"properties":{"lc_code":13,"lc_name":"Urban and Built-up Lands"}},{"type":"Feature","geometry":{"type":"Polygon","coordinates":[[[107,-6.1204],[107.0125,-6.1204],[107.0125,-6.1083],[107,-6.1083],[107,-6.1204]]]},"properties":{"lc_code":13,"lc_name":"Urban and Built-up Lands"}},{"type":"Feature","geometry":{"type":"Polygon","coordinates":[[[107.0125,-6.1204],[107.025,-6.1204],[107.025,-6.1083],[107.0125,-6.1083],[107.0125,-6.1204]]]},"properties":{"lc_code":13,"lc_name":"Urban and Built-up Lands"}},{"type":"Feature","geometry":{"type":"Polygon","coordinates":[[[107.025,-6.1204],[107.0375,-6.1204],[107.0375,-6.1083],[107.025,-6.1083],[107.025,-6.1204]]]},"properties":{"lc_code":13,"lc_name":"Urban and Built-up Lands"}},{"type":"Feature","geometry":{"type":"Polygon","coordinates":[[[107.0375,-6.1204],[107.05,-6.1204],[107.05,-6.1083],[107.0375,-6.1083],[107.0375,-6.1204]]]},"properties":{"lc_code":12,"lc_name":"Cropland / Natural Vegetation Mosaics"}},{"type":"Feature","geometry":{"type":"Polygon","coordinates":[[[107.05,-6.1204],[107.0625,-6.1204],[107.0625,-6.1083],[107.05,-6.1083],[107.05,-6.1204]]]},"properties":{"lc_code":12,"lc_name":"Cropland / Natural Vegetation Mosaics"}},{"type":"Feature","geometry":{"type":"Polygon","coordinates":[[[107.0625,-6.1204],[107.075,-6.1204],[107.075,-6.1083],[107.0625,-6.1083],[107.0625,-6.1204]]]},"properties":{"lc_code":12,"lc_name":"Cropland / Natural Vegetation Mosaics"}},{"type":"Feature","geometry":{"type":"Polygon","coordinates":[[[107.075,-6.1204],[107.0875,-6.1204],[107.0875,-6.1083],[107.075,-6.1083],[107.075,-6.1204]]]},"properties":{"lc_code":12,"lc_name":"Cropland / Natural Vegetation Mosaics"}},{"type":"Feature","geometry":{"type":"Polygon","coordinates":[[[107.0875,-6.1204],[107.1,-6.1204],[107.1,-6.1083],[107.0875,-6.1083],[107.0875,-6.1204]]]},"properties":{"lc_code":12,"lc_name":"Cropland / Natural Vegetation Mosaics"}},{"type":"Feature","geometry":{"type":"Polygon","coordinates":[[[107.1,-6.1204],[107.1125,-6.1204],[107.1125,-6.1083],[107.1,-6.1083],[107.1,-6.1204]]]},"properties":{"lc_code":12,"lc_name":"Cropland / Natural Vegetation Mosaics"}},{"type":"Feature","geometry":{"type":"Polygon","coordinates":[[[107.1125,-6.1204],[107.125,-6.1204],[107.125,-6.1083],[107.1125,-6.1083],[107.1125,-6.1204]]]},"properties":{"lc_code":12,"lc_name":"Cropland / Natural Vegetation Mosaics"}},{"type":"Feature","geometry":{"type":"Polygon","coordinates":[[[107.125,-6.1204],[107.1375,-6.1204],[107.1375,-6.1083],[107.125,-6.1083],[107.125,-6.1204]]]},"properties":{"lc_code":12,"lc_name":"Cropland / Natural Vegetation Mosaics"}},{"type":"Feature","geometry":{"type":"Polygon","coordinates":[[[107.1375,-6.1204],[107.15,-6.1204],[107.15,-6.1083],[107.1375,-6.1083],[107.1375,-6.1204]]]},"properties":{"lc_code":12,"lc_name":"Cropland / Natural Vegetation Mosaics"}},{"type":"Feature","geometry":{"type":"Polygon","coordinates":[[[107.15,-6.1204],[107.1625,-6.1204],[107.1625,-6.1083],[107.15,-6.1083],[107.15,-6.1204]]]},"properties":{"lc_code":12,"lc_name":"Cropland / Natural Vegetation Mosaics"}},{"type":"Feature","geometry":{"type":"Polygon","coordinates":[[[107.1625,-6.1204],[107.175,-6.1204],[107.175,-6.1083],[107.1625,-6.1083],[107.1625,-6.1204]]]},"properties":{"lc_code":12,"lc_name":"Cropland / Natural Vegetation Mosaics"}},{"type":"Feature","geometry":{"type":"Polygon","coordinates":[[[107.175,-6.1204],[107.1875,-6.1204],[107.1875,-6.1083],[107.175,-6.1083],[107.175,-6.1204]]]},"properties":{"lc_code":12,"lc_name":"Cropland / Natural Vegetation Mosaics"}},{"type":"Feature","geometry":{"type":"Polygon","coordinates":[[[107.1875,-6.1204],[107.2,-6.1204],[107.2,-6.1083],[107.1875,-6.1083],[107.1875,-6.1204]]]},"properties":{"lc_code":12,"lc_name":"Cropland / Natural Vegetation Mosaics"}},{"type":"Feature","geometry":{"type":"Polygon","coordinates":[[[107.2,-6.1204],[107.2125,-6.1204],[107.2125,-6.1083],[107.2,-6.1083],[107.2,-6.1204]]]},"properties":{"lc_code":12,"lc_name":"Cropland / Natural Vegetation Mosaics"}},{"type":"Feature","geometry":{"type":"Polygon","coordinates":[[[107.2125,-6.1204],[107.225,-6.1204],[107.225,-6.1083],[107.2125,-6.1083],[107.2125,-6.1204]]]},"properties":{"lc_code":12,"lc_name":"Cropland / Natural Vegetation Mosaics"}},{"type":"Feature","geometry":{"type":"Polygon","coordinates":[[[107.225,-6.1204],[107.2375,-6.1204],[107.2375,-6.1083],[107.225,-6.1083],[107.225,-6.1204]]]},"properties":{"lc_code":12,"lc_name":"Cropland / Natural Vegetation Mosaics"}},{"type":"Feature","geometry":{"type":"Polygon","coordinates":[[[107.2375,-6.1204],[107.25,-6.1204],[107.25,-6.1083],[107.2375,-6.1083],[107.2375,-6.1204]]]},"properties":{"lc_code":12,"lc_name":"Cropland / Natural Vegetation Mosaics"}},{"type":"Feature","geometry":{"type":"Polygon","coordinates":[[[107.25,-6.1204],[107.2625,-6.1204],[107.2625,-6.1083],[107.25,-6.1083],[107.25,-6.1204]]]},"properties":{"lc_code":12,"lc_name":"Cropland / Natural Vegetation Mosaics"}},{"type":"Feature","geometry":{"type":"Polygon","coordinates":[[[107.2625,-6.1204],[107.275,-6.1204],[107.275,-6.1083],[107.2625,-6.1083],[107.2625,-6.1204]]]},"properties":{"lc_code":12,"lc_name":"Cropland / Natural Vegetation Mosaics"}},{"type":"Feature","geometry":{"type":"Polygon","coordinates":[[[107.275,-6.1204],[107.2875,-6.1204],[107.2875,-6.1083],[107.275,-6.1083],[107.275,-6.1204]]]},"properties":{"lc_code":12,"lc_name":"Cropland / Natural Vegetation Mosaics"}},{"type":"Feature","geometry":{"type":"Polygon","coordinates":[[[107.2875,-6.1204],[107.3,-6.1204],[107.3,-6.1083],[107.2875,-6.1083],[107.2875,-6.1204]]]},"properties":{"lc_code":12,"lc_name":"Cropland / Natural Vegetation Mosaics"}},{"type":"Feature","geometry":{"type":"Polygon","coordinates":[[[106.5,-6.1083],[106.5125,-6.1083],[106.5125,-6.0963],[106.5,-6.0963],[106.5,-6.1083]]]},"properties":{"lc_code":12,"lc_name":"Cropland / Natural Vegetation Mosaics"}},{"type":"Feature","geometry":{"type":"Polygon","coordinates":[[[106.5125,-6.1083],[106.525,-6.1083],[106.525,-6.0963],[106.5125,-6.0963],[106.5125,-6.1083]]]},"properties":{"lc_code":12,"lc_name":"Cropland / Natural Vegetation Mosaics"}},{"type":"Feature","geometry":{"type":"Polygon","coordinates":[[[106.525,-6.1083],[106.5375,-6.1083],[106.5375,-6.0963],[106.525,-6.0963],[106.525,-6.1083]]]},"properties":{"lc_code":12,"lc_name":"Cropland / Natural Vegetation Mosaics"}},{"type":"Feature","geometry":{"type":"Polygon","coordinates":[[[106.5375,-6.1083],[106.55,-6.1083],[106.55,-6.0963],[106.5375,-6.0963],[106.5375,-6.1083]]]},"properties":{"lc_code":13,"lc_name":"Urban and Built-up Lands"}},{"type":"Feature","geometry":{"type":"Polygon","coordinates":[[[106.55,-6.1083],[106.5625,-6.1083],[106.5625,-6.0963],[106.55,-6.0963],[106.55,-6.1083]]]},"properties":{"lc_code":13,"lc_name":"Urban and Built-up Lands"}},{"type":"Feature","geometry":{"type":"Polygon","coordinates":[[[106.5625,-6.1083],[106.575,-6.1083],[106.575,-6.0963],[106.5625,-6.0963],[106.5625,-6.1083]]]},"properties":{"lc_code":13,"lc_name":"Urban and Built-up Lands"}},{"type":"Feature","geometry":{"type":"Polygon","coordinates":[[[106.575,-6.1083],[106.5875,-6.1083],[106.5875,-6.0963],[106.575,-6.0963],[106.575,-6.1083]]]},"properties":{"lc_code":13,"lc_name":"Urban and Built-up Lands"}},{"type":"Feature","geometry":{"type":"Polygon","coordinates":[[[106.5875,-6.1083],[106.6,-6.1083],[106.6,-6.0963],[106.5875,-6.0963],[106.5875,-6.1083]]]},"properties":{"lc_code":13,"lc_name":"Urban and Built-up Lands"}},{"type":"Feature","geometry":{"type":"Polygon","coordinates":[[[106.6,-6.1083],[106.6125,-6.1083],[106.6125,-6.0963],[106.6,-6.0963],[106.6,-6.1083]]]},"properties":{"lc_code":13,"lc_name":"Urban and Built-up Lands"}},{"type":"Feature","geometry":{"type":"Polygon","coordinates":[[[106.6125,-6.1083],[106.625,-6.1083],[106.625,-6.0963],[106.6125,-6.0963],[106.6125,-6.1083]]]},"properties":{"lc_code":13,"lc_name":"Urban and Built-up Lands"}},{"type":"Feature","geometry":{"type":"Polygon","coordinates":[[[106.625,-6.1083],[106.6375,-6.1083],[106.6375,-6.0963],[106.625,-6.0963],[106.625,-6.1083]]]},"properties":{"lc_code":13,"lc_name":"Urban and Built-up Lands"}},{"type":"Feature","geometry":{"type":"Polygon","coordinates":[[[106.6375,-6.1083],[106.65,-6.1083],[106.65,-6.0963],[106.6375,-6.0963],[106.6375,-6.1083]]]},"properties":{"lc_code":13,"lc_name":"Urban and Built-up Lands"}},{"type":"Feature","geometry":{"type":"Polygon","coordinates":[[[106.65,-6.1083],[106.6625,-6.1083],[106.6625,-6.0963],[106.65,-6.0963],[106.65,-6.1083]]]},"properties":{"lc_code":13,"lc_name":"Urban and Built-up Lands"}},{"type":"Feature","geometry":{"type":"Polygon","coordinates":[[[106.6625,-6.1083],[106.675,-6.1083],[106.675,-6.0963],[106.6625,-6.0963],[106.6625,-6.1083]]]},"properties":{"lc_code":13,"lc_name":"Urban and Built-up Lands"}},{"type":"Feature","geometry":{"type":"Polygon","coordinates":[[[106.675,-6.1083],[106.6875,-6.1083],[106.6875,-6.0963],[106.675,-6.0963],[106.675,-6.1083]]]},"properties":{"lc_code":13,"lc_name":"Urban and Built-up Lands"}},{"type":"Feature","geometry":{"type":"Polygon","coordinates":[[[106.6875,-6.1083],[106.7,-6.1083],[106.7,-6.0963],[106.6875,-6.0963],[106.6875,-6.1083]]]},"properties":{"lc_code":13,"lc_name":"Urban and Built-up Lands"}},{"type":"Feature","geometry":{"type":"Polygon","coordinates":[[[106.7,-6.1083],[106.7125,-6.1083],[106.7125,-6.0963],[106.7,-6.0963],[106.7,-6.1083]]]},"properties":{"lc_code":13,"lc_name":"Urban and Built-up Lands"}},{"type":"Feature","geometry":{"type":"Polygon","coordinates":[[[106.7125,-6.1083],[106.725,-6.1083],[106.725,-6.0963],[106.7125,-6.0963],[106.7125,-6.1083]]]},"properties":{"lc_code":13,"lc_name":"Urban and Built-up Lands"}},{"type":"Feature","geometry":{"type":"Polygon","coordinates":[[[106.725,-6.1083],[106.7375,-6.1083],[106.7375,-6.0963],[106.725,-6.0963],[106.725,-6.1083]]]},"properties":{"lc_code":13,"lc_name":"Urban and Built-up Lands"}},{"type":"Feature","geometry":{"type":"Polygon","coordinates":[[[106.7375,-6.1083],[106.75,-6.1083],[106.75,-6.0963],[106.7375,-6.0963],[106.7375,-6.1083]]]},"properties":{"lc_code":13,"lc_name":"Urban and Built-up Lands"}},{"type":"Feature","geometry":{"type":"Polygon","coordinates":[[[106.75,-6.1083],[106.7625,-6.1083],[106.7625,-6.0963],[106.75,-6.0963],[106.75,-6.1083]]]},"properties":{"lc_code":13,"lc_name":"Urban and Built-up Lands"}},{"type":"Feature","geometry":{"type":"Polygon","coordinates":[[[106.7625,-6.1083],[106.775,-6.1083],[106.775,-6.0963],[106.7625,-6.0963],[106.7625,-6.1083]]]},"properties":{"lc_code":13,"lc_name":"Urban and Built-up Lands"}},{"type":"Feature","geometry":{"type":"Polygon","coordinates":[[[106.775,-6.1083],[106.7875,-6.1083],[106.7875,-6.0963],[106.775,-6.0963],[106.775,-6.1083]]]},"properties":{"lc_code":13,"lc_name":"Urban and Built-up Lands"}},{"type":"Feature","geometry":{"type":"Polygon","coordinates":[[[106.7875,-6.1083],[106.8,-6.1083],[106.8,-6.0963],[106.7875,-6.0963],[106.7875,-6.1083]]]},"properties":{"lc_code":13,"lc_name":"Urban and Built-up Lands"}},{"type":"Feature","geometry":{"type":"Polygon","coordinates":[[[106.8,-6.1083],[106.8125,-6.1083],[106.8125,-6.0963],[106.8,-6.0963],[106.8,-6.1083]]]},"properties":{"lc_code":13,"lc_name":"Urban and Built-up Lands"}},{"type":"Feature","geometry":{"type":"Polygon","coordinates":[[[106.8125,-6.1083],[106.825,-6.1083],[106.825,-6.0963],[106.8125,-6.0963],[106.8125,-6.1083]]]},"properties":{"lc_code":13,"lc_name":"Urban and Built-up Lands"}},{"type":"Feature","geometry":{"type":"Polygon","coordinates":[[[106.825,-6.1083],[106.8375,-6.1083],[106.8375,-6.0963],[106.825,-6.0963],[106.825,-6.1083]]]},"properties":{"lc_code":13,"lc_name":"Urban and Built-up Lands"}},{"type":"Feature","geometry":{"type":"Polygon","coordinates":[[[106.8375,-6.1083],[106.85,-6.1083],[106.85,-6.0963],[106.8375,-6.0963],[106.8375,-6.1083]]]},"properties":{"lc_code":13,"lc_name":"Urban and Built-up Lands"}},{"type":"Feature","geometry":{"type":"Polygon","coordinates":[[[106.85,-6.1083],[106.8625,-6.1083],[106.8625,-6.0963],[106.85,-6.0963],[106.85,-6.1083]]]},"properties":{"lc_code":13,"lc_name":"Urban and Built-up Lands"}},{"type":"Feature","geometry":{"type":"Polygon","coordinates":[[[106.8625,-6.1083],[106.875,-6.1083],[106.875,-6.0963],[106.8625,-6.0963],[106.8625,-6.1083]]]},"properties":{"lc_code":13,"lc_name":"Urban and Built-up Lands"}},{"type":"Feature","geometry":{"type":"Polygon","coordinates":[[[106.875,-6.1083],[106.8875,-6.1083],[106.8875,-6.0963],[106.875,-6.0963],[106.875,-6.1083]]]},"properties":{"lc_code":13,"lc_name":"Urban and Built-up Lands"}},{"type":"Feature","geometry":{"type":"Polygon","coordinates":[[[106.8875,-6.1083],[106.9,-6.1083],[106.9,-6.0963],[106.8875,-6.0963],[106.8875,-6.1083]]]},"properties":{"lc_code":13,"lc_name":"Urban and Built-up Lands"}},{"type":"Feature","geometry":{"type":"Polygon","coordinates":[[[106.9,-6.1083],[106.9125,-6.1083],[106.9125,-6.0963],[106.9,-6.0963],[106.9,-6.1083]]]},"properties":{"lc_code":13,"lc_name":"Urban and Built-up Lands"}},{"type":"Feature","geometry":{"type":"Polygon","coordinates":[[[106.9125,-6.1083],[106.925,-6.1083],[106.925,-6.0963],[106.9125,-6.0963],[106.9125,-6.1083]]]},"properties":{"lc_code":13,"lc_name":"Urban and Built-up Lands"}},{"type":"Feature","geometry":{"type":"Polygon","coordinates":[[[106.925,-6.1083],[106.9375,-6.1083],[106.9375,-6.0963],[106.925,-6.0963],[106.925,-6.1083]]]},"properties":{"lc_code":13,"lc_name":"Urban and Built-up Lands"}},{"type":"Feature","geometry":{"type":"Polygon","coordinates":[[[106.9375,-6.1083],[106.95,-6.1083],[106.95,-6.0963],[106.9375,-6.0963],[106.9375,-6.1083]]]},"properties":{"lc_code":13,"lc_name":"Urban and Built-up Lands"}},{"type":"Feature","geometry":{"type":"Polygon","coordinates":[[[106.95,-6.1083],[106.9625,-6.1083],[106.9625,-6.0963],[106.95,-6.0963],[106.95,-6.1083]]]},"properties":{"lc_code":13,"lc_name":"Urban and Built-up Lands"}},{"type":"Feature","geometry":{"type":"Polygon","coordinates":[[[106.9625,-6.1083],[106.975,-6.1083],[106.975,-6.0963],[106.9625,-6.0963],[106.9625,-6.1083]]]},"properties":{"lc_code":13,"lc_name":"Urban and Built-up Lands"}},{"type":"Feature","geometry":{"type":"Polygon","coordinates":[[[106.975,-6.1083],[106.9875,-6.1083],[106.9875,-6.0963],[106.975,-6.0963],[106.975,-6.1083]]]},"properties":{"lc_code":13,"lc_name":"Urban and Built-up Lands"}},{"type":"Feature","geometry":{"type":"Polygon","coordinates":[[[106.9875,-6.1083],[107,-6.1083],[107,-6.0963],[106.9875,-6.0963],[106.9875,-6.1083]]]},"properties":{"lc_code":13,"lc_name":"Urban and Built-up Lands"}},{"type":"Feature","geometry":{"type":"Polygon","coordinates":[[[107,-6.1083],[107.0125,-6.1083],[107.0125,-6.0963],[107,-6.0963],[107,-6.1083]]]},"properties":{"lc_code":12,"lc_name":"Cropland / Natural Vegetation Mosaics"}},{"type":"Feature","geometry":{"type":"Polygon","coordinates":[[[107.0125,-6.1083],[107.025,-6.1083],[107.025,-6.0963],[107.0125,-6.0963],[107.0125,-6.1083]]]},"properties":{"lc_code":12,"lc_name":"Cropland / Natural Vegetation Mosaics"}},{"type":"Feature","geometry":{"type":"Polygon","coordinates":[[[107.025,-6.1083],[107.0375,-6.1083],[107.0375,-6.0963],[107.025,-6.0963],[107.025,-6.1083]]]},"properties":{"lc_code":12,"lc_name":"Cropland / Natural Vegetation Mosaics"}},{"type":"Feature","geometry":{"type":"Polygon","coordinates":[[[107.0375,-6.1083],[107.05,-6.1083],[107.05,-6.0963],[107.0375,-6.0963],[107.0375,-6.1083]]]},"properties":{"lc_code":12,"lc_name":"Cropland / Natural Vegetation Mosaics"}},{"type":"Feature","geometry":{"type":"Polygon","coordinates":[[[107.05,-6.1083],[107.0625,-6.1083],[107.0625,-6.0963],[107.05,-6.0963],[107.05,-6.1083]]]},"properties":{"lc_code":12,"lc_name":"Cropland / Natural Vegetation Mosaics"}},{"type":"Feature","geometry":{"type":"Polygon","coordinates":[[[107.0625,-6.1083],[107.075,-6.1083],[107.075,-6.0963],[107.0625,-6.0963],[107.0625,-6.1083]]]},"properties":{"lc_code":12,"lc_name":"Cropland / Natural Vegetation Mosaics"}},{"type":"Feature","geometry":{"type":"Polygon","coordinates":[[[107.075,-6.1083],[107.0875,-6.1083],[107.0875,-6.0963],[107.075,-6.0963],[107.075,-6.1083]]]},"properties":{"lc_code":12,"lc_name":"Cropland / Natural Vegetation Mosaics"}},{"type":"Feature","geometry":{"type":"Polygon","coordinates":[[[107.0875,-6.1083],[107.1,-6.1083],[107.1,-6.0963],[107.0875,-6.0963],[107.0875,-6.1083]]]},"properties":{"lc_code":12,"lc_name":"Cropland / Natural Vegetation Mosaics"}},{"type":"Feature","geometry":{"type":"Polygon","coordinates":[[[107.1,-6.1083],[107.1125,-6.1083],[107.1125,-6.0963],[107.1,-6.0963],[107.1,-6.1083]]]},"properties":{"lc_code":12,"lc_name":"Cropland / Natural Vegetation Mosaics"}},{"type":"Feature","geometry":{"type":"Polygon","coordinates":[[[107.1125,-6.1083],[107.125,-6.1083],[107.125,-6.0963],[107.1125,-6.0963],[107.1125,-6.1083]]]},"properties":{"lc_code":12,"lc_name":"Cropland / Natural Vegetation Mosaics"}},{"type":"Feature","geometry":{"type":"Polygon","coordinates":[[[107.125,-6.1083],[107.1375,-6.1083],[107.1375,-6.0963],[107.125,-6.0963],[107.125,-6.1083]]]},"properties":{"lc_code":12,"lc_name":"Cropland / Natural Vegetation Mosaics"}},{"type":"Feature","geometry":{"type":"Polygon","coordinates":[[[107.1375,-6.1083],[107.15,-6.1083],[107.15,-6.0963],[107.1375,-6.0963],[107.1375,-6.1083]]]},"properties":{"lc_code":12,"lc_name":"Cropland / Natural Vegetation Mosaics"}},{"type":"Feature","geometry":{"type":"Polygon","coordinates":[[[107.15,-6.1083],[107.1625,-6.1083],[107.1625,-6.0963],[107.15,-6.0963],[107.15,-6.1083]]]},"properties":{"lc_code":12,"lc_name":"Cropland / Natural Vegetation Mosaics"}},{"type":"Feature","geometry":{"type":"Polygon","coordinates":[[[107.1625,-6.1083],[107.175,-6.1083],[107.175,-6.0963],[107.1625,-6.0963],[107.1625,-6.1083]]]},"properties":{"lc_code":12,"lc_name":"Cropland / Natural Vegetation Mosaics"}},{"type":"Feature","geometry":{"type":"Polygon","coordinates":[[[107.175,-6.1083],[107.1875,-6.1083],[107.1875,-6.0963],[107.175,-6.0963],[107.175,-6.1083]]]},"properties":{"lc_code":12,"lc_name":"Cropland / Natural Vegetation Mosaics"}},{"type":"Feature","geometry":{"type":"Polygon","coordinates":[[[107.1875,-6.1083],[107.2,-6.1083],[107.2,-6.0963],[107.1875,-6.0963],[107.1875,-6.1083]]]},"properties":{"lc_code":12,"lc_name":"Cropland / Natural Vegetation Mosaics"}},{"type":"Feature","geometry":{"type":"Polygon","coordinates":[[[107.2,-6.1083],[107.2125,-6.1083],[107.2125,-6.0963],[107.2,-6.0963],[107.2,-6.1083]]]},"properties":{"lc_code":12,"lc_name":"Cropland / Natural Vegetation Mosaics"}},{"type":"Feature","geometry":{"type":"Polygon","coordinates":[[[107.2125,-6.1083],[107.225,-6.1083],[107.225,-6.0963],[107.2125,-6.0963],[107.2125,-6.1083]]]},"properties":{"lc_code":12,"lc_name":"Cropland / Natural Vegetation Mosaics"}},{"type":"Feature","geometry":{"type":"Polygon","coordinates":[[[107.225,-6.1083],[107.2375,-6.1083],[107.2375,-6.0963],[107.225,-6.0963],[107.225,-6.1083]]]},"properties":{"lc_code":12,"lc_name":"Cropland / Natural Vegetation Mosaics"}},{"type":"Feature","geometry":{"type":"Polygon","coordinates":[[[107.2375,-6.1083],[107.25,-6.1083],[107.25,-6.0963],[107.2375,-6.0963],[107.2375,-6.1083]]]},"properties":{"lc_code":12,"lc_name":"Cropland / Natural Vegetation Mosaics"}},{"type":"Feature","geometry":{"type":"Polygon","coordinates":[[[107.25,-6.1083],[107.2625,-6.1083],[107.2625,-6.0963],[107.25,-6.0963],[107.25,-6.1083]]]},"properties":{"lc_code":12,"lc_name":"Cropland / Natural Vegetation Mosaics"}},{"type":"Feature","geometry":{"type":"Polygon","coordinates":[[[107.2625,-6.1083],[107.275,-6.1083],[107.275,-6.0963],[107.2625,-6.0963],[107.2625,-6.1083]]]},"properties":{"lc_code":12,"lc_name":"Cropland / Natural Vegetation Mosaics"}},{"type":"Feature","geometry":{"type":"Polygon","coordinates":[[[107.275,-6.1083],[107.2875,-6.1083],[107.2875,-6.0963],[107.275,-6.0963],[107.275,-6.1083]]]},"properties":{"lc_code":12,"lc_name":"Cropland / Natural Vegetation Mosaics"}},{"type":"Feature","geometry":{"type":"Polygon","coordinates":[[[107.2875,-6.1083],[107.3,-6.1083],[107.3,-6.0963],[107.2875,-6.0963],[107.2875,-6.1083]]]},"properties":{"lc_code":12,"lc_name":"Cropland / Natural Vegetation Mosaics"}},{"type":"Feature","geometry":{"type":"Polygon","coordinates":[[[106.5,-6.0963],[106.5125,-6.0963],[106.5125,-6.0843],[106.5,-6.0843],[106.5,-6.0963]]]},"properties":{"lc_code":12,"lc_name":"Cropland / Natural Vegetation Mosaics"}},{"type":"Feature","geometry":{"type":"Polygon","coordinates":[[[106.5125,-6.0963],[106.525,-6.0963],[106.525,-6.0843],[106.5125,-6.0843],[106.5125,-6.0963]]]},"properties":{"lc_code":12,"lc_name":"Cropland / Natural Vegetation Mosaics"}},{"type":"Feature","geometry":{"type":"Polygon","coordinates":[[[106.525,-6.0963],[106.5375,-6.0963],[106.5375,-6.0843],[106.525,-6.0843],[106.525,-6.0963]]]},"properties":{"lc_code":12,"lc_name":"Cropland / Natural Vegetation Mosaics"}},{"type":"Feature","geometry":{"type":"Polygon","coordinates":[[[106.5375,-6.0963],[106.55,-6.0963],[106.55,-6.0843],[106.5375,-6.0843],[106.5375,-6.0963]]]},"properties":{"lc_code":12,"lc_name":"Cropland / Natural Vegetation Mosaics"}},{"type":"Feature","geometry":{"type":"Polygon","coordinates":[[[106.55,-6.0963],[106.5625,-6.0963],[106.5625,-6.0843],[106.55,-6.0843],[106.55,-6.0963]]]},"properties":{"lc_code":13,"lc_name":"Urban and Built-up Lands"}},{"type":"Feature","geometry":{"type":"Polygon","coordinates":[[[106.5625,-6.0963],[106.575,-6.0963],[106.575,-6.0843],[106.5625,-6.0843],[106.5625,-6.0963]]]},"properties":{"lc_code":13,"lc_name":"Urban and Built-up Lands"}},{"type":"Feature","geometry":{"type":"Polygon","coordinates":[[[106.575,-6.0963],[106.5875,-6.0963],[106.5875,-6.0843],[106.575,-6.0843],[106.575,-6.0963]]]},"properties":{"lc_code":13,"lc_name":"Urban and Built-up Lands"}},{"type":"Feature","geometry":{"type":"Polygon","coordinates":[[[106.5875,-6.0963],[106.6,-6.0963],[106.6,-6.0843],[106.5875,-6.0843],[106.5875,-6.0963]]]},"properties":{"lc_code":13,"lc_name":"Urban and Built-up Lands"}},{"type":"Feature","geometry":{"type":"Polygon","coordinates":[[[106.6,-6.0963],[106.6125,-6.0963],[106.6125,-6.0843],[106.6,-6.0843],[106.6,-6.0963]]]},"properties":{"lc_code":13,"lc_name":"Urban and Built-up Lands"}},{"type":"Feature","geometry":{"type":"Polygon","coordinates":[[[106.6125,-6.0963],[106.625,-6.0963],[106.625,-6.0843],[106.6125,-6.0843],[106.6125,-6.0963]]]},"properties":{"lc_code":13,"lc_name":"Urban and Built-up Lands"}},{"type":"Feature","geometry":{"type":"Polygon","coordinates":[[[106.625,-6.0963],[106.6375,-6.0963],[106.6375,-6.0843],[106.625,-6.0843],[106.625,-6.0963]]]},"properties":{"lc_code":13,"lc_name":"Urban and Built-up Lands"}},{"type":"Feature","geometry":{"type":"Polygon","coordinates":[[[106.6375,-6.0963],[106.65,-6.0963],[106.65,-6.0843],[106.6375,-6.0843],[106.6375,-6.0963]]]},"properties":{"lc_code":13,"lc_name":"Urban and Built-up Lands"}},{"type":"Feature","geometry":{"type":"Polygon","coordinates":[[[106.65,-6.0963],[106.6625,-6.0963],[106.6625,-6.0843],[106.65,-6.0843],[106.65,-6.0963]]]},"properties":{"lc_code":13,"lc_name":"Urban and Built-up Lands"}},{"type":"Feature","geometry":{"type":"Polygon","coordinates":[[[106.6625,-6.0963],[106.675,-6.0963],[106.675,-6.0843],[106.6625,-6.0843],[106.6625,-6.0963]]]},"properties":{"lc_code":13,"lc_name":"Urban and Built-up Lands"}},{"type":"Feature","geometry":{"type":"Polygon","coordinates":[[[106.675,-6.0963],[106.6875,-6.0963],[106.6875,-6.0843],[106.675,-6.0843],[106.675,-6.0963]]]},"properties":{"lc_code":13,"lc_name":"Urban and Built-up Lands"}},{"type":"Feature","geometry":{"type":"Polygon","coordinates":[[[106.6875,-6.0963],[106.7,-6.0963],[106.7,-6.0843],[106.6875,-6.0843],[106.6875,-6.0963]]]},"properties":{"lc_code":13,"lc_name":"Urban and Built-up Lands"}},{"type":"Feature","geometry":{"type":"Polygon","coordinates":[[[106.7,-6.0963],[106.7125,-6.0963],[106.7125,-6.0843],[106.7,-6.0843],[106.7,-6.0963]]]},"properties":{"lc_code":13,"lc_name":"Urban and Built-up Lands"}},{"type":"Feature","geometry":{"type":"Polygon","coordinates":[[[106.7125,-6.0963],[106.725,-6.0963],[106.725,-6.0843],[106.7125,-6.0843],[106.7125,-6.0963]]]},"properties":{"lc_code":13,"lc_name":"Urban and Built-up Lands"}},{"type":"Feature","geometry":{"type":"Polygon","coordinates":[[[106.725,-6.0963],[106.7375,-6.0963],[106.7375,-6.0843],[106.725,-6.0843],[106.725,-6.0963]]]},"properties":{"lc_code":13,"lc_name":"Urban and Built-up Lands"}},{"type":"Feature","geometry":{"type":"Polygon","coordinates":[[[106.7375,-6.0963],[106.75,-6.0963],[106.75,-6.0843],[106.7375,-6.0843],[106.7375,-6.0963]]]},"properties":{"lc_code":13,"lc_name":"Urban and Built-up Lands"}},{"type":"Feature","geometry":{"type":"Polygon","coordinates":[[[106.75,-6.0963],[106.7625,-6.0963],[106.7625,-6.0843],[106.75,-6.0843],[106.75,-6.0963]]]},"properties":{"lc_code":13,"lc_name":"Urban and Built-up Lands"}},{"type":"Feature","geometry":{"type":"Polygon","coordinates":[[[106.7625,-6.0963],[106.775,-6.0963],[106.775,-6.0843],[106.7625,-6.0843],[106.7625,-6.0963]]]},"properties":{"lc_code":13,"lc_name":"Urban and Built-up Lands"}},{"type":"Feature","geometry":{"type":"Polygon","coordinates":[[[106.775,-6.0963],[106.7875,-6.0963],[106.7875,-6.0843],[106.775,-6.0843],[106.775,-6.0963]]]},"properties":{"lc_code":13,"lc_name":"Urban and Built-up Lands"}},{"type":"Feature","geometry":{"type":"Polygon","coordinates":[[[106.7875,-6.0963],[106.8,-6.0963],[106.8,-6.0843],[106.7875,-6.0843],[106.7875,-6.0963]]]},"properties":{"lc_code":13,"lc_name":"Urban and Built-up Lands"}},{"type":"Feature","geometry":{"type":"Polygon","coordinates":[[[106.8,-6.0963],[106.8125,-6.0963],[106.8125,-6.0843],[106.8,-6.0843],[106.8,-6.0963]]]},"properties":{"lc_code":13,"lc_name":"Urban and Built-up Lands"}},{"type":"Feature","geometry":{"type":"Polygon","coordinates":[[[106.8125,-6.0963],[106.825,-6.0963],[106.825,-6.0843],[106.8125,-6.0843],[106.8125,-6.0963]]]},"properties":{"lc_code":13,"lc_name":"Urban and Built-up Lands"}},{"type":"Feature","geometry":{"type":"Polygon","coordinates":[[[106.825,-6.0963],[106.8375,-6.0963],[106.8375,-6.0843],[106.825,-6.0843],[106.825,-6.0963]]]},"properties":{"lc_code":13,"lc_name":"Urban and Built-up Lands"}},{"type":"Feature","geometry":{"type":"Polygon","coordinates":[[[106.8375,-6.0963],[106.85,-6.0963],[106.85,-6.0843],[106.8375,-6.0843],[106.8375,-6.0963]]]},"properties":{"lc_code":13,"lc_name":"Urban and Built-up Lands"}},{"type":"Feature","geometry":{"type":"Polygon","coordinates":[[[106.85,-6.0963],[106.8625,-6.0963],[106.8625,-6.0843],[106.85,-6.0843],[106.85,-6.0963]]]},"properties":{"lc_code":13,"lc_name":"Urban and Built-up Lands"}},{"type":"Feature","geometry":{"type":"Polygon","coordinates":[[[106.8625,-6.0963],[106.875,-6.0963],[106.875,-6.0843],[106.8625,-6.0843],[106.8625,-6.0963]]]},"properties":{"lc_code":13,"lc_name":"Urban and Built-up Lands"}},{"type":"Feature","geometry":{"type":"Polygon","coordinates":[[[106.875,-6.0963],[106.8875,-6.0963],[106.8875,-6.0843],[106.875,-6.0843],[106.875,-6.0963]]]},"properties":{"lc_code":13,"lc_name":"Urban and Built-up Lands"}},{"type":"Feature","geometry":{"type":"Polygon","coordinates":[[[106.8875,-6.0963],[106.9,-6.0963],[106.9,-6.0843],[106.8875,-6.0843],[106.8875,-6.0963]]]},"properties":{"lc_code":13,"lc_name":"Urban and Built-up Lands"}},{"type":"Feature","geometry":{"type":"Polygon","coordinates":[[[106.9,-6.0963],[106.9125,-6.0963],[106.9125,-6.0843],[106.9,-6.0843],[106.9,-6.0963]]]},"properties":{"lc_code":13,"lc_name":"Urban and Built-up Lands"}},{"type":"Feature","geometry":{"type":"Polygon","coordinates":[[[106.9125,-6.0963],[106.925,-6.0963],[106.925,-6.0843],[106.9125,-6.0843],[106.9125,-6.0963]]]},"properties":{"lc_code":13,"lc_name":"Urban and Built-up Lands"}},{"type":"Feature","geometry":{"type":"Polygon","coordinates":[[[106.925,-6.0963],[106.9375,-6.0963],[106.9375,-6.0843],[106.925,-6.0843],[106.925,-6.0963]]]},"properties":{"lc_code":13,"lc_name":"Urban and Built-up Lands"}},{"type":"Feature","geometry":{"type":"Polygon","coordinates":[[[106.9375,-6.0963],[106.95,-6.0963],[106.95,-6.0843],[106.9375,-6.0843],[106.9375,-6.0963]]]},"properties":{"lc_code":13,"lc_name":"Urban and Built-up Lands"}},{"type":"Feature","geometry":{"type":"Polygon","coordinates":[[[106.95,-6.0963],[106.9625,-6.0963],[106.9625,-6.0843],[106.95,-6.0843],[106.95,-6.0963]]]},"properties":{"lc_code":13,"lc_name":"Urban and Built-up Lands"}},{"type":"Feature","geometry":{"type":"Polygon","coordinates":[[[106.9625,-6.0963],[106.975,-6.0963],[106.975,-6.0843],[106.9625,-6.0843],[106.9625,-6.0963]]]},"properties":{"lc_code":13,"lc_name":"Urban and Built-up Lands"}},{"type":"Feature","geometry":{"type":"Polygon","coordinates":[[[106.975,-6.0963],[106.9875,-6.0963],[106.9875,-6.0843],[106.975,-6.0843],[106.975,-6.0963]]]},"properties":{"lc_code":13,"lc_name":"Urban and Built-up Lands"}},{"type":"Feature","geometry":{"type":"Polygon","coordinates":[[[106.9875,-6.0963],[107,-6.0963],[107,-6.0843],[106.9875,-6.0843],[106.9875,-6.0963]]]},"properties":{"lc_code":12,"lc_name":"Cropland / Natural Vegetation Mosaics"}},{"type":"Feature","geometry":{"type":"Polygon","coordinates":[[[107,-6.0963],[107.0125,-6.0963],[107.0125,-6.0843],[107,-6.0843],[107,-6.0963]]]},"properties":{"lc_code":12,"lc_name":"Cropland / Natural Vegetation Mosaics"}},{"type":"Feature","geometry":{"type":"Polygon","coordinates":[[[107.0125,-6.0963],[107.025,-6.0963],[107.025,-6.0843],[107.0125,-6.0843],[107.0125,-6.0963]]]},"properties":{"lc_code":12,"lc_name":"Cropland / Natural Vegetation Mosaics"}},{"type":"Feature","geometry":{"type":"Polygon","coordinates":[[[107.025,-6.0963],[107.0375,-6.0963],[107.0375,-6.0843],[107.025,-6.0843],[107.025,-6.0963]]]},"properties":{"lc_code":12,"lc_name":"Cropland / Natural Vegetation Mosaics"}},{"type":"Feature","geometry":{"type":"Polygon","coordinates":[[[107.0375,-6.0963],[107.05,-6.0963],[107.05,-6.0843],[107.0375,-6.0843],[107.0375,-6.0963]]]},"properties":{"lc_code":12,"lc_name":"Cropland / Natural Vegetation Mosaics"}},{"type":"Feature","geometry":{"type":"Polygon","coordinates":[[[107.05,-6.0963],[107.0625,-6.0963],[107.0625,-6.0843],[107.05,-6.0843],[107.05,-6.0963]]]},"properties":{"lc_code":12,"lc_name":"Cropland / Natural Vegetation Mosaics"}},{"type":"Feature","geometry":{"type":"Polygon","coordinates":[[[107.0625,-6.0963],[107.075,-6.0963],[107.075,-6.0843],[107.0625,-6.0843],[107.0625,-6.0963]]]},"properties":{"lc_code":12,"lc_name":"Cropland / Natural Vegetation Mosaics"}},{"type":"Feature","geometry":{"type":"Polygon","coordinates":[[[107.075,-6.0963],[107.0875,-6.0963],[107.0875,-6.0843],[107.075,-6.0843],[107.075,-6.0963]]]},"properties":{"lc_code":12,"lc_name":"Cropland / Natural Vegetation Mosaics"}},{"type":"Feature","geometry":{"type":"Polygon","coordinates":[[[107.0875,-6.0963],[107.1,-6.0963],[107.1,-6.0843],[107.0875,-6.0843],[107.0875,-6.0963]]]},"properties":{"lc_code":12,"lc_name":"Cropland / Natural Vegetation Mosaics"}},{"type":"Feature","geometry":{"type":"Polygon","coordinates":[[[107.1,-6.0963],[107.1125,-6.0963],[107.1125,-6.0843],[107.1,-6.0843],[107.1,-6.0963]]]},"properties":{"lc_code":12,"lc_name":"Cropland / Natural Vegetation Mosaics"}},{"type":"Feature","geometry":{"type":"Polygon","coordinates":[[[107.1125,-6.0963],[107.125,-6.0963],[107.125,-6.0843],[107.1125,-6.0843],[107.1125,-6.0963]]]},"properties":{"lc_code":12,"lc_name":"Cropland / Natural Vegetation Mosaics"}},{"type":"Feature","geometry":{"type":"Polygon","coordinates":[[[107.125,-6.0963],[107.1375,-6.0963],[107.1375,-6.0843],[107.125,-6.0843],[107.125,-6.0963]]]},"properties":{"lc_code":12,"lc_name":"Cropland / Natural Vegetation Mosaics"}},{"type":"Feature","geometry":{"type":"Polygon","coordinates":[[[107.1375,-6.0963],[107.15,-6.0963],[107.15,-6.0843],[107.1375,-6.0843],[107.1375,-6.0963]]]},"properties":{"lc_code":12,"lc_name":"Cropland / Natural Vegetation Mosaics"}},{"type":"Feature","geometry":{"type":"Polygon","coordinates":[[[107.15,-6.0963],[107.1625,-6.0963],[107.1625,-6.0843],[107.15,-6.0843],[107.15,-6.0963]]]},"properties":{"lc_code":12,"lc_name":"Cropland / Natural Vegetation Mosaics"}},{"type":"Feature","geometry":{"type":"Polygon","coordinates":[[[107.1625,-6.0963],[107.175,-6.0963],[107.175,-6.0843],[107.1625,-6.0843],[107.1625,-6.0963]]]},"properties":{"lc_code":12,"lc_name":"Cropland / Natural Vegetation Mosaics"}},{"type":"Feature","geometry":{"type":"Polygon","coordinates":[[[107.175,-6.0963],[107.1875,-6.0963],[107.1875,-6.0843],[107.175,-6.0843],[107.175,-6.0963]]]},"properties":{"lc_code":12,"lc_name":"Cropland / Natural Vegetation Mosaics"}},{"type":"Feature","geometry":{"type":"Polygon","coordinates":[[[107.1875,-6.0963],[107.2,-6.0963],[107.2,-6.0843],[107.1875,-6.0843],[107.1875,-6.0963]]]},"properties":{"lc_code":12,"lc_name":"Cropland / Natural Vegetation Mosaics"}},{"type":"Feature","geometry":{"type":"Polygon","coordinates":[[[107.2,-6.0963],[107.2125,-6.0963],[107.2125,-6.0843],[107.2,-6.0843],[107.2,-6.0963]]]},"properties":{"lc_code":12,"lc_name":"Cropland / Natural Vegetation Mosaics"}},{"type":"Feature","geometry":{"type":"Polygon","coordinates":[[[107.2125,-6.0963],[107.225,-6.0963],[107.225,-6.0843],[107.2125,-6.0843],[107.2125,-6.0963]]]},"properties":{"lc_code":12,"lc_name":"Cropland / Natural Vegetation Mosaics"}},{"type":"Feature","geometry":{"type":"Polygon","coordinates":[[[107.225,-6.0963],[107.2375,-6.0963],[107.2375,-6.0843],[107.225,-6.0843],[107.225,-6.0963]]]},"properties":{"lc_code":12,"lc_name":"Cropland / Natural Vegetation Mosaics"}},{"type":"Feature","geometry":{"type":"Polygon","coordinates":[[[107.2375,-6.0963],[107.25,-6.0963],[107.25,-6.0843],[107.2375,-6.0843],[107.2375,-6.0963]]]},"properties":{"lc_code":12,"lc_name":"Cropland / Natural Vegetation Mosaics"}},{"type":"Feature","geometry":{"type":"Polygon","coordinates":[[[107.25,-6.0963],[107.2625,-6.0963],[107.2625,-6.0843],[107.25,-6.0843],[107.25,-6.0963]]]},"properties":{"lc_code":12,"lc_name":"Cropland / Natural Vegetation Mosaics"}},{"type":"Feature","geometry":{"type":"Polygon","coordinates":[[[107.2625,-6.0963],[107.275,-6.0963],[107.275,-6.0843],[107.2625,-6.0843],[107.2625,-6.0963]]]},"properties":{"lc_code":12,"lc_name":"Cropland / Natural Vegetation Mosaics"}},{"type":"Feature","geometry":{"type":"Polygon","coordinates":[[[107.275,-6.0963],[107.2875,-6.0963],[107.2875,-6.0843],[107.275,-6.0843],[107.275,-6.0963]]]},"properties":{"lc_code":12,"lc_name":"Cropland / Natural Vegetation Mosaics"}},{"type":"Feature","geometry":{"type":"Polygon","coordinates":[[[107.2875,-6.0963],[107.3,-6.0963],[107.3,-6.0843],[107.2875,-6.0843],[107.2875,-6.0963]]]},"properties":{"lc_code":12,"lc_name":"Cropland / Natural Vegetation Mosaics"}},{"type":"Feature","geometry":{"type":"Polygon","coordinates":[[[106.5,-6.0843],[106.5125,-6.0843],[106.5125,-6.0722],[106.5,-6.0722],[106.5,-6.0843]]]},"properties":{"lc_code":17,"lc_name":"Water Bodies (Laut Jawa)"}},{"type":"Feature","geometry":{"type":"Polygon","coordinates":[[[106.5125,-6.0843],[106.525,-6.0843],[106.525,-6.0722],[106.5125,-6.0722],[106.5125,-6.0843]]]},"properties":{"lc_code":17,"lc_name":"Water Bodies (Laut Jawa)"}},{"type":"Feature","geometry":{"type":"Polygon","coordinates":[[[106.525,-6.0843],[106.5375,-6.0843],[106.5375,-6.0722],[106.525,-6.0722],[106.525,-6.0843]]]},"properties":{"lc_code":17,"lc_name":"Water Bodies (Laut Jawa)"}},{"type":"Feature","geometry":{"type":"Polygon","coordinates":[[[106.5375,-6.0843],[106.55,-6.0843],[106.55,-6.0722],[106.5375,-6.0722],[106.5375,-6.0843]]]},"properties":{"lc_code":17,"lc_name":"Water Bodies (Laut Jawa)"}},{"type":"Feature","geometry":{"type":"Polygon","coordinates":[[[106.55,-6.0843],[106.5625,-6.0843],[106.5625,-6.0722],[106.55,-6.0722],[106.55,-6.0843]]]},"properties":{"lc_code":17,"lc_name":"Water Bodies (Laut Jawa)"}},{"type":"Feature","geometry":{"type":"Polygon","coordinates":[[[106.5625,-6.0843],[106.575,-6.0843],[106.575,-6.0722],[106.5625,-6.0722],[106.5625,-6.0843]]]},"properties":{"lc_code":17,"lc_name":"Water Bodies (Laut Jawa)"}},{"type":"Feature","geometry":{"type":"Polygon","coordinates":[[[106.575,-6.0843],[106.5875,-6.0843],[106.5875,-6.0722],[106.575,-6.0722],[106.575,-6.0843]]]},"properties":{"lc_code":17,"lc_name":"Water Bodies (Laut Jawa)"}},{"type":"Feature","geometry":{"type":"Polygon","coordinates":[[[106.5875,-6.0843],[106.6,-6.0843],[106.6,-6.0722],[106.5875,-6.0722],[106.5875,-6.0843]]]},"properties":{"lc_code":17,"lc_name":"Water Bodies (Laut Jawa)"}},{"type":"Feature","geometry":{"type":"Polygon","coordinates":[[[106.6,-6.0843],[106.6125,-6.0843],[106.6125,-6.0722],[106.6,-6.0722],[106.6,-6.0843]]]},"properties":{"lc_code":17,"lc_name":"Water Bodies (Laut Jawa)"}},{"type":"Feature","geometry":{"type":"Polygon","coordinates":[[[106.6125,-6.0843],[106.625,-6.0843],[106.625,-6.0722],[106.6125,-6.0722],[106.6125,-6.0843]]]},"properties":{"lc_code":17,"lc_name":"Water Bodies (Laut Jawa)"}},{"type":"Feature","geometry":{"type":"Polygon","coordinates":[[[106.625,-6.0843],[106.6375,-6.0843],[106.6375,-6.0722],[106.625,-6.0722],[106.625,-6.0843]]]},"properties":{"lc_code":17,"lc_name":"Water Bodies (Laut Jawa)"}},{"type":"Feature","geometry":{"type":"Polygon","coordinates":[[[106.6375,-6.0843],[106.65,-6.0843],[106.65,-6.0722],[106.6375,-6.0722],[106.6375,-6.0843]]]},"properties":{"lc_code":17,"lc_name":"Water Bodies (Laut Jawa)"}},{"type":"Feature","geometry":{"type":"Polygon","coordinates":[[[106.65,-6.0843],[106.6625,-6.0843],[106.6625,-6.0722],[106.65,-6.0722],[106.65,-6.0843]]]},"properties":{"lc_code":17,"lc_name":"Water Bodies (Laut Jawa)"}},{"type":"Feature","geometry":{"type":"Polygon","coordinates":[[[106.6625,-6.0843],[106.675,-6.0843],[106.675,-6.0722],[106.6625,-6.0722],[106.6625,-6.0843]]]},"properties":{"lc_code":17,"lc_name":"Water Bodies (Laut Jawa)"}},{"type":"Feature","geometry":{"type":"Polygon","coordinates":[[[106.675,-6.0843],[106.6875,-6.0843],[106.6875,-6.0722],[106.675,-6.0722],[106.675,-6.0843]]]},"properties":{"lc_code":17,"lc_name":"Water Bodies (Laut Jawa)"}},{"type":"Feature","geometry":{"type":"Polygon","coordinates":[[[106.6875,-6.0843],[106.7,-6.0843],[106.7,-6.0722],[106.6875,-6.0722],[106.6875,-6.0843]]]},"properties":{"lc_code":17,"lc_name":"Water Bodies (Laut Jawa)"}},{"type":"Feature","geometry":{"type":"Polygon","coordinates":[[[106.7,-6.0843],[106.7125,-6.0843],[106.7125,-6.0722],[106.7,-6.0722],[106.7,-6.0843]]]},"properties":{"lc_code":17,"lc_name":"Water Bodies (Laut Jawa)"}},{"type":"Feature","geometry":{"type":"Polygon","coordinates":[[[106.7125,-6.0843],[106.725,-6.0843],[106.725,-6.0722],[106.7125,-6.0722],[106.7125,-6.0843]]]},"properties":{"lc_code":17,"lc_name":"Water Bodies (Laut Jawa)"}},{"type":"Feature","geometry":{"type":"Polygon","coordinates":[[[106.725,-6.0843],[106.7375,-6.0843],[106.7375,-6.0722],[106.725,-6.0722],[106.725,-6.0843]]]},"properties":{"lc_code":17,"lc_name":"Water Bodies (Laut Jawa)"}},{"type":"Feature","geometry":{"type":"Polygon","coordinates":[[[106.7375,-6.0843],[106.75,-6.0843],[106.75,-6.0722],[106.7375,-6.0722],[106.7375,-6.0843]]]},"properties":{"lc_code":17,"lc_name":"Water Bodies (Laut Jawa)"}},{"type":"Feature","geometry":{"type":"Polygon","coordinates":[[[106.75,-6.0843],[106.7625,-6.0843],[106.7625,-6.0722],[106.75,-6.0722],[106.75,-6.0843]]]},"properties":{"lc_code":17,"lc_name":"Water Bodies (Laut Jawa)"}},{"type":"Feature","geometry":{"type":"Polygon","coordinates":[[[106.7625,-6.0843],[106.775,-6.0843],[106.775,-6.0722],[106.7625,-6.0722],[106.7625,-6.0843]]]},"properties":{"lc_code":17,"lc_name":"Water Bodies (Laut Jawa)"}},{"type":"Feature","geometry":{"type":"Polygon","coordinates":[[[106.775,-6.0843],[106.7875,-6.0843],[106.7875,-6.0722],[106.775,-6.0722],[106.775,-6.0843]]]},"properties":{"lc_code":17,"lc_name":"Water Bodies (Laut Jawa)"}},{"type":"Feature","geometry":{"type":"Polygon","coordinates":[[[106.7875,-6.0843],[106.8,-6.0843],[106.8,-6.0722],[106.7875,-6.0722],[106.7875,-6.0843]]]},"properties":{"lc_code":17,"lc_name":"Water Bodies (Laut Jawa)"}},{"type":"Feature","geometry":{"type":"Polygon","coordinates":[[[106.8,-6.0843],[106.8125,-6.0843],[106.8125,-6.0722],[106.8,-6.0722],[106.8,-6.0843]]]},"properties":{"lc_code":17,"lc_name":"Water Bodies (Laut Jawa)"}},{"type":"Feature","geometry":{"type":"Polygon","coordinates":[[[106.8125,-6.0843],[106.825,-6.0843],[106.825,-6.0722],[106.8125,-6.0722],[106.8125,-6.0843]]]},"properties":{"lc_code":17,"lc_name":"Water Bodies (Laut Jawa)"}},{"type":"Feature","geometry":{"type":"Polygon","coordinates":[[[106.825,-6.0843],[106.8375,-6.0843],[106.8375,-6.0722],[106.825,-6.0722],[106.825,-6.0843]]]},"properties":{"lc_code":17,"lc_name":"Water Bodies (Laut Jawa)"}},{"type":"Feature","geometry":{"type":"Polygon","coordinates":[[[106.8375,-6.0843],[106.85,-6.0843],[106.85,-6.0722],[106.8375,-6.0722],[106.8375,-6.0843]]]},"properties":{"lc_code":17,"lc_name":"Water Bodies (Laut Jawa)"}},{"type":"Feature","geometry":{"type":"Polygon","coordinates":[[[106.85,-6.0843],[106.8625,-6.0843],[106.8625,-6.0722],[106.85,-6.0722],[106.85,-6.0843]]]},"properties":{"lc_code":17,"lc_name":"Water Bodies (Laut Jawa)"}},{"type":"Feature","geometry":{"type":"Polygon","coordinates":[[[106.8625,-6.0843],[106.875,-6.0843],[106.875,-6.0722],[106.8625,-6.0722],[106.8625,-6.0843]]]},"properties":{"lc_code":17,"lc_name":"Water Bodies (Laut Jawa)"}},{"type":"Feature","geometry":{"type":"Polygon","coordinates":[[[106.875,-6.0843],[106.8875,-6.0843],[106.8875,-6.0722],[106.875,-6.0722],[106.875,-6.0843]]]},"properties":{"lc_code":17,"lc_name":"Water Bodies (Laut Jawa)"}},{"type":"Feature","geometry":{"type":"Polygon","coordinates":[[[106.8875,-6.0843],[106.9,-6.0843],[106.9,-6.0722],[106.8875,-6.0722],[106.8875,-6.0843]]]},"properties":{"lc_code":17,"lc_name":"Water Bodies (Laut Jawa)"}},{"type":"Feature","geometry":{"type":"Polygon","coordinates":[[[106.9,-6.0843],[106.9125,-6.0843],[106.9125,-6.0722],[106.9,-6.0722],[106.9,-6.0843]]]},"properties":{"lc_code":17,"lc_name":"Water Bodies (Laut Jawa)"}},{"type":"Feature","geometry":{"type":"Polygon","coordinates":[[[106.9125,-6.0843],[106.925,-6.0843],[106.925,-6.0722],[106.9125,-6.0722],[106.9125,-6.0843]]]},"properties":{"lc_code":17,"lc_name":"Water Bodies (Laut Jawa)"}},{"type":"Feature","geometry":{"type":"Polygon","coordinates":[[[106.925,-6.0843],[106.9375,-6.0843],[106.9375,-6.0722],[106.925,-6.0722],[106.925,-6.0843]]]},"properties":{"lc_code":17,"lc_name":"Water Bodies (Laut Jawa)"}},{"type":"Feature","geometry":{"type":"Polygon","coordinates":[[[106.9375,-6.0843],[106.95,-6.0843],[106.95,-6.0722],[106.9375,-6.0722],[106.9375,-6.0843]]]},"properties":{"lc_code":17,"lc_name":"Water Bodies (Laut Jawa)"}},{"type":"Feature","geometry":{"type":"Polygon","coordinates":[[[106.95,-6.0843],[106.9625,-6.0843],[106.9625,-6.0722],[106.95,-6.0722],[106.95,-6.0843]]]},"properties":{"lc_code":17,"lc_name":"Water Bodies (Laut Jawa)"}},{"type":"Feature","geometry":{"type":"Polygon","coordinates":[[[106.9625,-6.0843],[106.975,-6.0843],[106.975,-6.0722],[106.9625,-6.0722],[106.9625,-6.0843]]]},"properties":{"lc_code":17,"lc_name":"Water Bodies (Laut Jawa)"}},{"type":"Feature","geometry":{"type":"Polygon","coordinates":[[[106.975,-6.0843],[106.9875,-6.0843],[106.9875,-6.0722],[106.975,-6.0722],[106.975,-6.0843]]]},"properties":{"lc_code":17,"lc_name":"Water Bodies (Laut Jawa)"}},{"type":"Feature","geometry":{"type":"Polygon","coordinates":[[[106.9875,-6.0843],[107,-6.0843],[107,-6.0722],[106.9875,-6.0722],[106.9875,-6.0843]]]},"properties":{"lc_code":17,"lc_name":"Water Bodies (Laut Jawa)"}},{"type":"Feature","geometry":{"type":"Polygon","coordinates":[[[107,-6.0843],[107.0125,-6.0843],[107.0125,-6.0722],[107,-6.0722],[107,-6.0843]]]},"properties":{"lc_code":17,"lc_name":"Water Bodies (Laut Jawa)"}},{"type":"Feature","geometry":{"type":"Polygon","coordinates":[[[107.0125,-6.0843],[107.025,-6.0843],[107.025,-6.0722],[107.0125,-6.0722],[107.0125,-6.0843]]]},"properties":{"lc_code":17,"lc_name":"Water Bodies (Laut Jawa)"}},{"type":"Feature","geometry":{"type":"Polygon","coordinates":[[[107.025,-6.0843],[107.0375,-6.0843],[107.0375,-6.0722],[107.025,-6.0722],[107.025,-6.0843]]]},"properties":{"lc_code":17,"lc_name":"Water Bodies (Laut Jawa)"}},{"type":"Feature","geometry":{"type":"Polygon","coordinates":[[[107.0375,-6.0843],[107.05,-6.0843],[107.05,-6.0722],[107.0375,-6.0722],[107.0375,-6.0843]]]},"properties":{"lc_code":17,"lc_name":"Water Bodies (Laut Jawa)"}},{"type":"Feature","geometry":{"type":"Polygon","coordinates":[[[107.05,-6.0843],[107.0625,-6.0843],[107.0625,-6.0722],[107.05,-6.0722],[107.05,-6.0843]]]},"properties":{"lc_code":17,"lc_name":"Water Bodies (Laut Jawa)"}},{"type":"Feature","geometry":{"type":"Polygon","coordinates":[[[107.0625,-6.0843],[107.075,-6.0843],[107.075,-6.0722],[107.0625,-6.0722],[107.0625,-6.0843]]]},"properties":{"lc_code":17,"lc_name":"Water Bodies (Laut Jawa)"}},{"type":"Feature","geometry":{"type":"Polygon","coordinates":[[[107.075,-6.0843],[107.0875,-6.0843],[107.0875,-6.0722],[107.075,-6.0722],[107.075,-6.0843]]]},"properties":{"lc_code":17,"lc_name":"Water Bodies (Laut Jawa)"}},{"type":"Feature","geometry":{"type":"Polygon","coordinates":[[[107.0875,-6.0843],[107.1,-6.0843],[107.1,-6.0722],[107.0875,-6.0722],[107.0875,-6.0843]]]},"properties":{"lc_code":17,"lc_name":"Water Bodies (Laut Jawa)"}},{"type":"Feature","geometry":{"type":"Polygon","coordinates":[[[107.1,-6.0843],[107.1125,-6.0843],[107.1125,-6.0722],[107.1,-6.0722],[107.1,-6.0843]]]},"properties":{"lc_code":17,"lc_name":"Water Bodies (Laut Jawa)"}},{"type":"Feature","geometry":{"type":"Polygon","coordinates":[[[107.1125,-6.0843],[107.125,-6.0843],[107.125,-6.0722],[107.1125,-6.0722],[107.1125,-6.0843]]]},"properties":{"lc_code":17,"lc_name":"Water Bodies (Laut Jawa)"}},{"type":"Feature","geometry":{"type":"Polygon","coordinates":[[[107.125,-6.0843],[107.1375,-6.0843],[107.1375,-6.0722],[107.125,-6.0722],[107.125,-6.0843]]]},"properties":{"lc_code":17,"lc_name":"Water Bodies (Laut Jawa)"}},{"type":"Feature","geometry":{"type":"Polygon","coordinates":[[[107.1375,-6.0843],[107.15,-6.0843],[107.15,-6.0722],[107.1375,-6.0722],[107.1375,-6.0843]]]},"properties":{"lc_code":17,"lc_name":"Water Bodies (Laut Jawa)"}},{"type":"Feature","geometry":{"type":"Polygon","coordinates":[[[107.15,-6.0843],[107.1625,-6.0843],[107.1625,-6.0722],[107.15,-6.0722],[107.15,-6.0843]]]},"properties":{"lc_code":17,"lc_name":"Water Bodies (Laut Jawa)"}},{"type":"Feature","geometry":{"type":"Polygon","coordinates":[[[107.1625,-6.0843],[107.175,-6.0843],[107.175,-6.0722],[107.1625,-6.0722],[107.1625,-6.0843]]]},"properties":{"lc_code":17,"lc_name":"Water Bodies (Laut Jawa)"}},{"type":"Feature","geometry":{"type":"Polygon","coordinates":[[[107.175,-6.0843],[107.1875,-6.0843],[107.1875,-6.0722],[107.175,-6.0722],[107.175,-6.0843]]]},"properties":{"lc_code":17,"lc_name":"Water Bodies (Laut Jawa)"}},{"type":"Feature","geometry":{"type":"Polygon","coordinates":[[[107.1875,-6.0843],[107.2,-6.0843],[107.2,-6.0722],[107.1875,-6.0722],[107.1875,-6.0843]]]},"properties":{"lc_code":17,"lc_name":"Water Bodies (Laut Jawa)"}},{"type":"Feature","geometry":{"type":"Polygon","coordinates":[[[107.2,-6.0843],[107.2125,-6.0843],[107.2125,-6.0722],[107.2,-6.0722],[107.2,-6.0843]]]},"properties":{"lc_code":17,"lc_name":"Water Bodies (Laut Jawa)"}},{"type":"Feature","geometry":{"type":"Polygon","coordinates":[[[107.2125,-6.0843],[107.225,-6.0843],[107.225,-6.0722],[107.2125,-6.0722],[107.2125,-6.0843]]]},"properties":{"lc_code":17,"lc_name":"Water Bodies (Laut Jawa)"}},{"type":"Feature","geometry":{"type":"Polygon","coordinates":[[[107.225,-6.0843],[107.2375,-6.0843],[107.2375,-6.0722],[107.225,-6.0722],[107.225,-6.0843]]]},"properties":{"lc_code":17,"lc_name":"Water Bodies (Laut Jawa)"}},{"type":"Feature","geometry":{"type":"Polygon","coordinates":[[[107.2375,-6.0843],[107.25,-6.0843],[107.25,-6.0722],[107.2375,-6.0722],[107.2375,-6.0843]]]},"properties":{"lc_code":17,"lc_name":"Water Bodies (Laut Jawa)"}},{"type":"Feature","geometry":{"type":"Polygon","coordinates":[[[107.25,-6.0843],[107.2625,-6.0843],[107.2625,-6.0722],[107.25,-6.0722],[107.25,-6.0843]]]},"properties":{"lc_code":17,"lc_name":"Water Bodies (Laut Jawa)"}},{"type":"Feature","geometry":{"type":"Polygon","coordinates":[[[107.2625,-6.0843],[107.275,-6.0843],[107.275,-6.0722],[107.2625,-6.0722],[107.2625,-6.0843]]]},"properties":{"lc_code":17,"lc_name":"Water Bodies (Laut Jawa)"}},{"type":"Feature","geometry":{"type":"Polygon","coordinates":[[[107.275,-6.0843],[107.2875,-6.0843],[107.2875,-6.0722],[107.275,-6.0722],[107.275,-6.0843]]]},"properties":{"lc_code":17,"lc_name":"Water Bodies (Laut Jawa)"}},{"type":"Feature","geometry":{"type":"Polygon","coordinates":[[[107.2875,-6.0843],[107.3,-6.0843],[107.3,-6.0722],[107.2875,-6.0722],[107.2875,-6.0843]]]},"properties":{"lc_code":17,"lc_name":"Water Bodies (Laut Jawa)"}},{"type":"Feature","geometry":{"type":"Polygon","coordinates":[[[106.5,-6.0722],[106.5125,-6.0722],[106.5125,-6.0602],[106.5,-6.0602],[106.5,-6.0722]]]},"properties":{"lc_code":17,"lc_name":"Water Bodies (Laut Jawa)"}},{"type":"Feature","geometry":{"type":"Polygon","coordinates":[[[106.5125,-6.0722],[106.525,-6.0722],[106.525,-6.0602],[106.5125,-6.0602],[106.5125,-6.0722]]]},"properties":{"lc_code":17,"lc_name":"Water Bodies (Laut Jawa)"}},{"type":"Feature","geometry":{"type":"Polygon","coordinates":[[[106.525,-6.0722],[106.5375,-6.0722],[106.5375,-6.0602],[106.525,-6.0602],[106.525,-6.0722]]]},"properties":{"lc_code":17,"lc_name":"Water Bodies (Laut Jawa)"}},{"type":"Feature","geometry":{"type":"Polygon","coordinates":[[[106.5375,-6.0722],[106.55,-6.0722],[106.55,-6.0602],[106.5375,-6.0602],[106.5375,-6.0722]]]},"properties":{"lc_code":17,"lc_name":"Water Bodies (Laut Jawa)"}},{"type":"Feature","geometry":{"type":"Polygon","coordinates":[[[106.55,-6.0722],[106.5625,-6.0722],[106.5625,-6.0602],[106.55,-6.0602],[106.55,-6.0722]]]},"properties":{"lc_code":17,"lc_name":"Water Bodies (Laut Jawa)"}},{"type":"Feature","geometry":{"type":"Polygon","coordinates":[[[106.5625,-6.0722],[106.575,-6.0722],[106.575,-6.0602],[106.5625,-6.0602],[106.5625,-6.0722]]]},"properties":{"lc_code":17,"lc_name":"Water Bodies (Laut Jawa)"}},{"type":"Feature","geometry":{"type":"Polygon","coordinates":[[[106.575,-6.0722],[106.5875,-6.0722],[106.5875,-6.0602],[106.575,-6.0602],[106.575,-6.0722]]]},"properties":{"lc_code":17,"lc_name":"Water Bodies (Laut Jawa)"}},{"type":"Feature","geometry":{"type":"Polygon","coordinates":[[[106.5875,-6.0722],[106.6,-6.0722],[106.6,-6.0602],[106.5875,-6.0602],[106.5875,-6.0722]]]},"properties":{"lc_code":17,"lc_name":"Water Bodies (Laut Jawa)"}},{"type":"Feature","geometry":{"type":"Polygon","coordinates":[[[106.6,-6.0722],[106.6125,-6.0722],[106.6125,-6.0602],[106.6,-6.0602],[106.6,-6.0722]]]},"properties":{"lc_code":17,"lc_name":"Water Bodies (Laut Jawa)"}},{"type":"Feature","geometry":{"type":"Polygon","coordinates":[[[106.6125,-6.0722],[106.625,-6.0722],[106.625,-6.0602],[106.6125,-6.0602],[106.6125,-6.0722]]]},"properties":{"lc_code":17,"lc_name":"Water Bodies (Laut Jawa)"}},{"type":"Feature","geometry":{"type":"Polygon","coordinates":[[[106.625,-6.0722],[106.6375,-6.0722],[106.6375,-6.0602],[106.625,-6.0602],[106.625,-6.0722]]]},"properties":{"lc_code":17,"lc_name":"Water Bodies (Laut Jawa)"}},{"type":"Feature","geometry":{"type":"Polygon","coordinates":[[[106.6375,-6.0722],[106.65,-6.0722],[106.65,-6.0602],[106.6375,-6.0602],[106.6375,-6.0722]]]},"properties":{"lc_code":17,"lc_name":"Water Bodies (Laut Jawa)"}},{"type":"Feature","geometry":{"type":"Polygon","coordinates":[[[106.65,-6.0722],[106.6625,-6.0722],[106.6625,-6.0602],[106.65,-6.0602],[106.65,-6.0722]]]},"properties":{"lc_code":17,"lc_name":"Water Bodies (Laut Jawa)"}},{"type":"Feature","geometry":{"type":"Polygon","coordinates":[[[106.6625,-6.0722],[106.675,-6.0722],[106.675,-6.0602],[106.6625,-6.0602],[106.6625,-6.0722]]]},"properties":{"lc_code":17,"lc_name":"Water Bodies (Laut Jawa)"}},{"type":"Feature","geometry":{"type":"Polygon","coordinates":[[[106.675,-6.0722],[106.6875,-6.0722],[106.6875,-6.0602],[106.675,-6.0602],[106.675,-6.0722]]]},"properties":{"lc_code":17,"lc_name":"Water Bodies (Laut Jawa)"}},{"type":"Feature","geometry":{"type":"Polygon","coordinates":[[[106.6875,-6.0722],[106.7,-6.0722],[106.7,-6.0602],[106.6875,-6.0602],[106.6875,-6.0722]]]},"properties":{"lc_code":17,"lc_name":"Water Bodies (Laut Jawa)"}},{"type":"Feature","geometry":{"type":"Polygon","coordinates":[[[106.7,-6.0722],[106.7125,-6.0722],[106.7125,-6.0602],[106.7,-6.0602],[106.7,-6.0722]]]},"properties":{"lc_code":17,"lc_name":"Water Bodies (Laut Jawa)"}},{"type":"Feature","geometry":{"type":"Polygon","coordinates":[[[106.7125,-6.0722],[106.725,-6.0722],[106.725,-6.0602],[106.7125,-6.0602],[106.7125,-6.0722]]]},"properties":{"lc_code":17,"lc_name":"Water Bodies (Laut Jawa)"}},{"type":"Feature","geometry":{"type":"Polygon","coordinates":[[[106.725,-6.0722],[106.7375,-6.0722],[106.7375,-6.0602],[106.725,-6.0602],[106.725,-6.0722]]]},"properties":{"lc_code":17,"lc_name":"Water Bodies (Laut Jawa)"}},{"type":"Feature","geometry":{"type":"Polygon","coordinates":[[[106.7375,-6.0722],[106.75,-6.0722],[106.75,-6.0602],[106.7375,-6.0602],[106.7375,-6.0722]]]},"properties":{"lc_code":17,"lc_name":"Water Bodies (Laut Jawa)"}},{"type":"Feature","geometry":{"type":"Polygon","coordinates":[[[106.75,-6.0722],[106.7625,-6.0722],[106.7625,-6.0602],[106.75,-6.0602],[106.75,-6.0722]]]},"properties":{"lc_code":17,"lc_name":"Water Bodies (Laut Jawa)"}},{"type":"Feature","geometry":{"type":"Polygon","coordinates":[[[106.7625,-6.0722],[106.775,-6.0722],[106.775,-6.0602],[106.7625,-6.0602],[106.7625,-6.0722]]]},"properties":{"lc_code":17,"lc_name":"Water Bodies (Laut Jawa)"}},{"type":"Feature","geometry":{"type":"Polygon","coordinates":[[[106.775,-6.0722],[106.7875,-6.0722],[106.7875,-6.0602],[106.775,-6.0602],[106.775,-6.0722]]]},"properties":{"lc_code":17,"lc_name":"Water Bodies (Laut Jawa)"}},{"type":"Feature","geometry":{"type":"Polygon","coordinates":[[[106.7875,-6.0722],[106.8,-6.0722],[106.8,-6.0602],[106.7875,-6.0602],[106.7875,-6.0722]]]},"properties":{"lc_code":17,"lc_name":"Water Bodies (Laut Jawa)"}},{"type":"Feature","geometry":{"type":"Polygon","coordinates":[[[106.8,-6.0722],[106.8125,-6.0722],[106.8125,-6.0602],[106.8,-6.0602],[106.8,-6.0722]]]},"properties":{"lc_code":17,"lc_name":"Water Bodies (Laut Jawa)"}},{"type":"Feature","geometry":{"type":"Polygon","coordinates":[[[106.8125,-6.0722],[106.825,-6.0722],[106.825,-6.0602],[106.8125,-6.0602],[106.8125,-6.0722]]]},"properties":{"lc_code":17,"lc_name":"Water Bodies (Laut Jawa)"}},{"type":"Feature","geometry":{"type":"Polygon","coordinates":[[[106.825,-6.0722],[106.8375,-6.0722],[106.8375,-6.0602],[106.825,-6.0602],[106.825,-6.0722]]]},"properties":{"lc_code":17,"lc_name":"Water Bodies (Laut Jawa)"}},{"type":"Feature","geometry":{"type":"Polygon","coordinates":[[[106.8375,-6.0722],[106.85,-6.0722],[106.85,-6.0602],[106.8375,-6.0602],[106.8375,-6.0722]]]},"properties":{"lc_code":17,"lc_name":"Water Bodies (Laut Jawa)"}},{"type":"Feature","geometry":{"type":"Polygon","coordinates":[[[106.85,-6.0722],[106.8625,-6.0722],[106.8625,-6.0602],[106.85,-6.0602],[106.85,-6.0722]]]},"properties":{"lc_code":17,"lc_name":"Water Bodies (Laut Jawa)"}},{"type":"Feature","geometry":{"type":"Polygon","coordinates":[[[106.8625,-6.0722],[106.875,-6.0722],[106.875,-6.0602],[106.8625,-6.0602],[106.8625,-6.0722]]]},"properties":{"lc_code":17,"lc_name":"Water Bodies (Laut Jawa)"}},{"type":"Feature","geometry":{"type":"Polygon","coordinates":[[[106.875,-6.0722],[106.8875,-6.0722],[106.8875,-6.0602],[106.875,-6.0602],[106.875,-6.0722]]]},"properties":{"lc_code":17,"lc_name":"Water Bodies (Laut Jawa)"}},{"type":"Feature","geometry":{"type":"Polygon","coordinates":[[[106.8875,-6.0722],[106.9,-6.0722],[106.9,-6.0602],[106.8875,-6.0602],[106.8875,-6.0722]]]},"properties":{"lc_code":17,"lc_name":"Water Bodies (Laut Jawa)"}},{"type":"Feature","geometry":{"type":"Polygon","coordinates":[[[106.9,-6.0722],[106.9125,-6.0722],[106.9125,-6.0602],[106.9,-6.0602],[106.9,-6.0722]]]},"properties":{"lc_code":17,"lc_name":"Water Bodies (Laut Jawa)"}},{"type":"Feature","geometry":{"type":"Polygon","coordinates":[[[106.9125,-6.0722],[106.925,-6.0722],[106.925,-6.0602],[106.9125,-6.0602],[106.9125,-6.0722]]]},"properties":{"lc_code":17,"lc_name":"Water Bodies (Laut Jawa)"}},{"type":"Feature","geometry":{"type":"Polygon","coordinates":[[[106.925,-6.0722],[106.9375,-6.0722],[106.9375,-6.0602],[106.925,-6.0602],[106.925,-6.0722]]]},"properties":{"lc_code":17,"lc_name":"Water Bodies (Laut Jawa)"}},{"type":"Feature","geometry":{"type":"Polygon","coordinates":[[[106.9375,-6.0722],[106.95,-6.0722],[106.95,-6.0602],[106.9375,-6.0602],[106.9375,-6.0722]]]},"properties":{"lc_code":17,"lc_name":"Water Bodies (Laut Jawa)"}},{"type":"Feature","geometry":{"type":"Polygon","coordinates":[[[106.95,-6.0722],[106.9625,-6.0722],[106.9625,-6.0602],[106.95,-6.0602],[106.95,-6.0722]]]},"properties":{"lc_code":17,"lc_name":"Water Bodies (Laut Jawa)"}},{"type":"Feature","geometry":{"type":"Polygon","coordinates":[[[106.9625,-6.0722],[106.975,-6.0722],[106.975,-6.0602],[106.9625,-6.0602],[106.9625,-6.0722]]]},"properties":{"lc_code":17,"lc_name":"Water Bodies (Laut Jawa)"}},{"type":"Feature","geometry":{"type":"Polygon","coordinates":[[[106.975,-6.0722],[106.9875,-6.0722],[106.9875,-6.0602],[106.975,-6.0602],[106.975,-6.0722]]]},"properties":{"lc_code":17,"lc_name":"Water Bodies (Laut Jawa)"}},{"type":"Feature","geometry":{"type":"Polygon","coordinates":[[[106.9875,-6.0722],[107,-6.0722],[107,-6.0602],[106.9875,-6.0602],[106.9875,-6.0722]]]},"properties":{"lc_code":17,"lc_name":"Water Bodies (Laut Jawa)"}},{"type":"Feature","geometry":{"type":"Polygon","coordinates":[[[107,-6.0722],[107.0125,-6.0722],[107.0125,-6.0602],[107,-6.0602],[107,-6.0722]]]},"properties":{"lc_code":17,"lc_name":"Water Bodies (Laut Jawa)"}},{"type":"Feature","geometry":{"type":"Polygon","coordinates":[[[107.0125,-6.0722],[107.025,-6.0722],[107.025,-6.0602],[107.0125,-6.0602],[107.0125,-6.0722]]]},"properties":{"lc_code":17,"lc_name":"Water Bodies (Laut Jawa)"}},{"type":"Feature","geometry":{"type":"Polygon","coordinates":[[[107.025,-6.0722],[107.0375,-6.0722],[107.0375,-6.0602],[107.025,-6.0602],[107.025,-6.0722]]]},"properties":{"lc_code":17,"lc_name":"Water Bodies (Laut Jawa)"}},{"type":"Feature","geometry":{"type":"Polygon","coordinates":[[[107.0375,-6.0722],[107.05,-6.0722],[107.05,-6.0602],[107.0375,-6.0602],[107.0375,-6.0722]]]},"properties":{"lc_code":17,"lc_name":"Water Bodies (Laut Jawa)"}},{"type":"Feature","geometry":{"type":"Polygon","coordinates":[[[107.05,-6.0722],[107.0625,-6.0722],[107.0625,-6.0602],[107.05,-6.0602],[107.05,-6.0722]]]},"properties":{"lc_code":17,"lc_name":"Water Bodies (Laut Jawa)"}},{"type":"Feature","geometry":{"type":"Polygon","coordinates":[[[107.0625,-6.0722],[107.075,-6.0722],[107.075,-6.0602],[107.0625,-6.0602],[107.0625,-6.0722]]]},"properties":{"lc_code":17,"lc_name":"Water Bodies (Laut Jawa)"}},{"type":"Feature","geometry":{"type":"Polygon","coordinates":[[[107.075,-6.0722],[107.0875,-6.0722],[107.0875,-6.0602],[107.075,-6.0602],[107.075,-6.0722]]]},"properties":{"lc_code":17,"lc_name":"Water Bodies (Laut Jawa)"}},{"type":"Feature","geometry":{"type":"Polygon","coordinates":[[[107.0875,-6.0722],[107.1,-6.0722],[107.1,-6.0602],[107.0875,-6.0602],[107.0875,-6.0722]]]},"properties":{"lc_code":17,"lc_name":"Water Bodies (Laut Jawa)"}},{"type":"Feature","geometry":{"type":"Polygon","coordinates":[[[107.1,-6.0722],[107.1125,-6.0722],[107.1125,-6.0602],[107.1,-6.0602],[107.1,-6.0722]]]},"properties":{"lc_code":17,"lc_name":"Water Bodies (Laut Jawa)"}},{"type":"Feature","geometry":{"type":"Polygon","coordinates":[[[107.1125,-6.0722],[107.125,-6.0722],[107.125,-6.0602],[107.1125,-6.0602],[107.1125,-6.0722]]]},"properties":{"lc_code":17,"lc_name":"Water Bodies (Laut Jawa)"}},{"type":"Feature","geometry":{"type":"Polygon","coordinates":[[[107.125,-6.0722],[107.1375,-6.0722],[107.1375,-6.0602],[107.125,-6.0602],[107.125,-6.0722]]]},"properties":{"lc_code":17,"lc_name":"Water Bodies (Laut Jawa)"}},{"type":"Feature","geometry":{"type":"Polygon","coordinates":[[[107.1375,-6.0722],[107.15,-6.0722],[107.15,-6.0602],[107.1375,-6.0602],[107.1375,-6.0722]]]},"properties":{"lc_code":17,"lc_name":"Water Bodies (Laut Jawa)"}},{"type":"Feature","geometry":{"type":"Polygon","coordinates":[[[107.15,-6.0722],[107.1625,-6.0722],[107.1625,-6.0602],[107.15,-6.0602],[107.15,-6.0722]]]},"properties":{"lc_code":17,"lc_name":"Water Bodies (Laut Jawa)"}},{"type":"Feature","geometry":{"type":"Polygon","coordinates":[[[107.1625,-6.0722],[107.175,-6.0722],[107.175,-6.0602],[107.1625,-6.0602],[107.1625,-6.0722]]]},"properties":{"lc_code":17,"lc_name":"Water Bodies (Laut Jawa)"}},{"type":"Feature","geometry":{"type":"Polygon","coordinates":[[[107.175,-6.0722],[107.1875,-6.0722],[107.1875,-6.0602],[107.175,-6.0602],[107.175,-6.0722]]]},"properties":{"lc_code":17,"lc_name":"Water Bodies (Laut Jawa)"}},{"type":"Feature","geometry":{"type":"Polygon","coordinates":[[[107.1875,-6.0722],[107.2,-6.0722],[107.2,-6.0602],[107.1875,-6.0602],[107.1875,-6.0722]]]},"properties":{"lc_code":17,"lc_name":"Water Bodies (Laut Jawa)"}},{"type":"Feature","geometry":{"type":"Polygon","coordinates":[[[107.2,-6.0722],[107.2125,-6.0722],[107.2125,-6.0602],[107.2,-6.0602],[107.2,-6.0722]]]},"properties":{"lc_code":17,"lc_name":"Water Bodies (Laut Jawa)"}},{"type":"Feature","geometry":{"type":"Polygon","coordinates":[[[107.2125,-6.0722],[107.225,-6.0722],[107.225,-6.0602],[107.2125,-6.0602],[107.2125,-6.0722]]]},"properties":{"lc_code":17,"lc_name":"Water Bodies (Laut Jawa)"}},{"type":"Feature","geometry":{"type":"Polygon","coordinates":[[[107.225,-6.0722],[107.2375,-6.0722],[107.2375,-6.0602],[107.225,-6.0602],[107.225,-6.0722]]]},"properties":{"lc_code":17,"lc_name":"Water Bodies (Laut Jawa)"}},{"type":"Feature","geometry":{"type":"Polygon","coordinates":[[[107.2375,-6.0722],[107.25,-6.0722],[107.25,-6.0602],[107.2375,-6.0602],[107.2375,-6.0722]]]},"properties":{"lc_code":17,"lc_name":"Water Bodies (Laut Jawa)"}},{"type":"Feature","geometry":{"type":"Polygon","coordinates":[[[107.25,-6.0722],[107.2625,-6.0722],[107.2625,-6.0602],[107.25,-6.0602],[107.25,-6.0722]]]},"properties":{"lc_code":17,"lc_name":"Water Bodies (Laut Jawa)"}},{"type":"Feature","geometry":{"type":"Polygon","coordinates":[[[107.2625,-6.0722],[107.275,-6.0722],[107.275,-6.0602],[107.2625,-6.0602],[107.2625,-6.0722]]]},"properties":{"lc_code":17,"lc_name":"Water Bodies (Laut Jawa)"}},{"type":"Feature","geometry":{"type":"Polygon","coordinates":[[[107.275,-6.0722],[107.2875,-6.0722],[107.2875,-6.0602],[107.275,-6.0602],[107.275,-6.0722]]]},"properties":{"lc_code":17,"lc_name":"Water Bodies (Laut Jawa)"}},{"type":"Feature","geometry":{"type":"Polygon","coordinates":[[[107.2875,-6.0722],[107.3,-6.0722],[107.3,-6.0602],[107.2875,-6.0602],[107.2875,-6.0722]]]},"properties":{"lc_code":17,"lc_name":"Water Bodies (Laut Jawa)"}},{"type":"Feature","geometry":{"type":"Polygon","coordinates":[[[106.5,-6.0602],[106.5125,-6.0602],[106.5125,-6.0481],[106.5,-6.0481],[106.5,-6.0602]]]},"properties":{"lc_code":17,"lc_name":"Water Bodies (Laut Jawa)"}},{"type":"Feature","geometry":{"type":"Polygon","coordinates":[[[106.5125,-6.0602],[106.525,-6.0602],[106.525,-6.0481],[106.5125,-6.0481],[106.5125,-6.0602]]]},"properties":{"lc_code":17,"lc_name":"Water Bodies (Laut Jawa)"}},{"type":"Feature","geometry":{"type":"Polygon","coordinates":[[[106.525,-6.0602],[106.5375,-6.0602],[106.5375,-6.0481],[106.525,-6.0481],[106.525,-6.0602]]]},"properties":{"lc_code":17,"lc_name":"Water Bodies (Laut Jawa)"}},{"type":"Feature","geometry":{"type":"Polygon","coordinates":[[[106.5375,-6.0602],[106.55,-6.0602],[106.55,-6.0481],[106.5375,-6.0481],[106.5375,-6.0602]]]},"properties":{"lc_code":17,"lc_name":"Water Bodies (Laut Jawa)"}},{"type":"Feature","geometry":{"type":"Polygon","coordinates":[[[106.55,-6.0602],[106.5625,-6.0602],[106.5625,-6.0481],[106.55,-6.0481],[106.55,-6.0602]]]},"properties":{"lc_code":17,"lc_name":"Water Bodies (Laut Jawa)"}},{"type":"Feature","geometry":{"type":"Polygon","coordinates":[[[106.5625,-6.0602],[106.575,-6.0602],[106.575,-6.0481],[106.5625,-6.0481],[106.5625,-6.0602]]]},"properties":{"lc_code":17,"lc_name":"Water Bodies (Laut Jawa)"}},{"type":"Feature","geometry":{"type":"Polygon","coordinates":[[[106.575,-6.0602],[106.5875,-6.0602],[106.5875,-6.0481],[106.575,-6.0481],[106.575,-6.0602]]]},"properties":{"lc_code":17,"lc_name":"Water Bodies (Laut Jawa)"}},{"type":"Feature","geometry":{"type":"Polygon","coordinates":[[[106.5875,-6.0602],[106.6,-6.0602],[106.6,-6.0481],[106.5875,-6.0481],[106.5875,-6.0602]]]},"properties":{"lc_code":17,"lc_name":"Water Bodies (Laut Jawa)"}},{"type":"Feature","geometry":{"type":"Polygon","coordinates":[[[106.6,-6.0602],[106.6125,-6.0602],[106.6125,-6.0481],[106.6,-6.0481],[106.6,-6.0602]]]},"properties":{"lc_code":17,"lc_name":"Water Bodies (Laut Jawa)"}},{"type":"Feature","geometry":{"type":"Polygon","coordinates":[[[106.6125,-6.0602],[106.625,-6.0602],[106.625,-6.0481],[106.6125,-6.0481],[106.6125,-6.0602]]]},"properties":{"lc_code":17,"lc_name":"Water Bodies (Laut Jawa)"}},{"type":"Feature","geometry":{"type":"Polygon","coordinates":[[[106.625,-6.0602],[106.6375,-6.0602],[106.6375,-6.0481],[106.625,-6.0481],[106.625,-6.0602]]]},"properties":{"lc_code":17,"lc_name":"Water Bodies (Laut Jawa)"}},{"type":"Feature","geometry":{"type":"Polygon","coordinates":[[[106.6375,-6.0602],[106.65,-6.0602],[106.65,-6.0481],[106.6375,-6.0481],[106.6375,-6.0602]]]},"properties":{"lc_code":17,"lc_name":"Water Bodies (Laut Jawa)"}},{"type":"Feature","geometry":{"type":"Polygon","coordinates":[[[106.65,-6.0602],[106.6625,-6.0602],[106.6625,-6.0481],[106.65,-6.0481],[106.65,-6.0602]]]},"properties":{"lc_code":17,"lc_name":"Water Bodies (Laut Jawa)"}},{"type":"Feature","geometry":{"type":"Polygon","coordinates":[[[106.6625,-6.0602],[106.675,-6.0602],[106.675,-6.0481],[106.6625,-6.0481],[106.6625,-6.0602]]]},"properties":{"lc_code":17,"lc_name":"Water Bodies (Laut Jawa)"}},{"type":"Feature","geometry":{"type":"Polygon","coordinates":[[[106.675,-6.0602],[106.6875,-6.0602],[106.6875,-6.0481],[106.675,-6.0481],[106.675,-6.0602]]]},"properties":{"lc_code":17,"lc_name":"Water Bodies (Laut Jawa)"}},{"type":"Feature","geometry":{"type":"Polygon","coordinates":[[[106.6875,-6.0602],[106.7,-6.0602],[106.7,-6.0481],[106.6875,-6.0481],[106.6875,-6.0602]]]},"properties":{"lc_code":17,"lc_name":"Water Bodies (Laut Jawa)"}},{"type":"Feature","geometry":{"type":"Polygon","coordinates":[[[106.7,-6.0602],[106.7125,-6.0602],[106.7125,-6.0481],[106.7,-6.0481],[106.7,-6.0602]]]},"properties":{"lc_code":17,"lc_name":"Water Bodies (Laut Jawa)"}},{"type":"Feature","geometry":{"type":"Polygon","coordinates":[[[106.7125,-6.0602],[106.725,-6.0602],[106.725,-6.0481],[106.7125,-6.0481],[106.7125,-6.0602]]]},"properties":{"lc_code":17,"lc_name":"Water Bodies (Laut Jawa)"}},{"type":"Feature","geometry":{"type":"Polygon","coordinates":[[[106.725,-6.0602],[106.7375,-6.0602],[106.7375,-6.0481],[106.725,-6.0481],[106.725,-6.0602]]]},"properties":{"lc_code":17,"lc_name":"Water Bodies (Laut Jawa)"}},{"type":"Feature","geometry":{"type":"Polygon","coordinates":[[[106.7375,-6.0602],[106.75,-6.0602],[106.75,-6.0481],[106.7375,-6.0481],[106.7375,-6.0602]]]},"properties":{"lc_code":17,"lc_name":"Water Bodies (Laut Jawa)"}},{"type":"Feature","geometry":{"type":"Polygon","coordinates":[[[106.75,-6.0602],[106.7625,-6.0602],[106.7625,-6.0481],[106.75,-6.0481],[106.75,-6.0602]]]},"properties":{"lc_code":17,"lc_name":"Water Bodies (Laut Jawa)"}},{"type":"Feature","geometry":{"type":"Polygon","coordinates":[[[106.7625,-6.0602],[106.775,-6.0602],[106.775,-6.0481],[106.7625,-6.0481],[106.7625,-6.0602]]]},"properties":{"lc_code":17,"lc_name":"Water Bodies (Laut Jawa)"}},{"type":"Feature","geometry":{"type":"Polygon","coordinates":[[[106.775,-6.0602],[106.7875,-6.0602],[106.7875,-6.0481],[106.775,-6.0481],[106.775,-6.0602]]]},"properties":{"lc_code":17,"lc_name":"Water Bodies (Laut Jawa)"}},{"type":"Feature","geometry":{"type":"Polygon","coordinates":[[[106.7875,-6.0602],[106.8,-6.0602],[106.8,-6.0481],[106.7875,-6.0481],[106.7875,-6.0602]]]},"properties":{"lc_code":17,"lc_name":"Water Bodies (Laut Jawa)"}},{"type":"Feature","geometry":{"type":"Polygon","coordinates":[[[106.8,-6.0602],[106.8125,-6.0602],[106.8125,-6.0481],[106.8,-6.0481],[106.8,-6.0602]]]},"properties":{"lc_code":17,"lc_name":"Water Bodies (Laut Jawa)"}},{"type":"Feature","geometry":{"type":"Polygon","coordinates":[[[106.8125,-6.0602],[106.825,-6.0602],[106.825,-6.0481],[106.8125,-6.0481],[106.8125,-6.0602]]]},"properties":{"lc_code":17,"lc_name":"Water Bodies (Laut Jawa)"}},{"type":"Feature","geometry":{"type":"Polygon","coordinates":[[[106.825,-6.0602],[106.8375,-6.0602],[106.8375,-6.0481],[106.825,-6.0481],[106.825,-6.0602]]]},"properties":{"lc_code":17,"lc_name":"Water Bodies (Laut Jawa)"}},{"type":"Feature","geometry":{"type":"Polygon","coordinates":[[[106.8375,-6.0602],[106.85,-6.0602],[106.85,-6.0481],[106.8375,-6.0481],[106.8375,-6.0602]]]},"properties":{"lc_code":17,"lc_name":"Water Bodies (Laut Jawa)"}},{"type":"Feature","geometry":{"type":"Polygon","coordinates":[[[106.85,-6.0602],[106.8625,-6.0602],[106.8625,-6.0481],[106.85,-6.0481],[106.85,-6.0602]]]},"properties":{"lc_code":17,"lc_name":"Water Bodies (Laut Jawa)"}},{"type":"Feature","geometry":{"type":"Polygon","coordinates":[[[106.8625,-6.0602],[106.875,-6.0602],[106.875,-6.0481],[106.8625,-6.0481],[106.8625,-6.0602]]]},"properties":{"lc_code":17,"lc_name":"Water Bodies (Laut Jawa)"}},{"type":"Feature","geometry":{"type":"Polygon","coordinates":[[[106.875,-6.0602],[106.8875,-6.0602],[106.8875,-6.0481],[106.875,-6.0481],[106.875,-6.0602]]]},"properties":{"lc_code":17,"lc_name":"Water Bodies (Laut Jawa)"}},{"type":"Feature","geometry":{"type":"Polygon","coordinates":[[[106.8875,-6.0602],[106.9,-6.0602],[106.9,-6.0481],[106.8875,-6.0481],[106.8875,-6.0602]]]},"properties":{"lc_code":17,"lc_name":"Water Bodies (Laut Jawa)"}},{"type":"Feature","geometry":{"type":"Polygon","coordinates":[[[106.9,-6.0602],[106.9125,-6.0602],[106.9125,-6.0481],[106.9,-6.0481],[106.9,-6.0602]]]},"properties":{"lc_code":17,"lc_name":"Water Bodies (Laut Jawa)"}},{"type":"Feature","geometry":{"type":"Polygon","coordinates":[[[106.9125,-6.0602],[106.925,-6.0602],[106.925,-6.0481],[106.9125,-6.0481],[106.9125,-6.0602]]]},"properties":{"lc_code":17,"lc_name":"Water Bodies (Laut Jawa)"}},{"type":"Feature","geometry":{"type":"Polygon","coordinates":[[[106.925,-6.0602],[106.9375,-6.0602],[106.9375,-6.0481],[106.925,-6.0481],[106.925,-6.0602]]]},"properties":{"lc_code":17,"lc_name":"Water Bodies (Laut Jawa)"}},{"type":"Feature","geometry":{"type":"Polygon","coordinates":[[[106.9375,-6.0602],[106.95,-6.0602],[106.95,-6.0481],[106.9375,-6.0481],[106.9375,-6.0602]]]},"properties":{"lc_code":17,"lc_name":"Water Bodies (Laut Jawa)"}},{"type":"Feature","geometry":{"type":"Polygon","coordinates":[[[106.95,-6.0602],[106.9625,-6.0602],[106.9625,-6.0481],[106.95,-6.0481],[106.95,-6.0602]]]},"properties":{"lc_code":17,"lc_name":"Water Bodies (Laut Jawa)"}},{"type":"Feature","geometry":{"type":"Polygon","coordinates":[[[106.9625,-6.0602],[106.975,-6.0602],[106.975,-6.0481],[106.9625,-6.0481],[106.9625,-6.0602]]]},"properties":{"lc_code":17,"lc_name":"Water Bodies (Laut Jawa)"}},{"type":"Feature","geometry":{"type":"Polygon","coordinates":[[[106.975,-6.0602],[106.9875,-6.0602],[106.9875,-6.0481],[106.975,-6.0481],[106.975,-6.0602]]]},"properties":{"lc_code":17,"lc_name":"Water Bodies (Laut Jawa)"}},{"type":"Feature","geometry":{"type":"Polygon","coordinates":[[[106.9875,-6.0602],[107,-6.0602],[107,-6.0481],[106.9875,-6.0481],[106.9875,-6.0602]]]},"properties":{"lc_code":17,"lc_name":"Water Bodies (Laut Jawa)"}},{"type":"Feature","geometry":{"type":"Polygon","coordinates":[[[107,-6.0602],[107.0125,-6.0602],[107.0125,-6.0481],[107,-6.0481],[107,-6.0602]]]},"properties":{"lc_code":17,"lc_name":"Water Bodies (Laut Jawa)"}},{"type":"Feature","geometry":{"type":"Polygon","coordinates":[[[107.0125,-6.0602],[107.025,-6.0602],[107.025,-6.0481],[107.0125,-6.0481],[107.0125,-6.0602]]]},"properties":{"lc_code":17,"lc_name":"Water Bodies (Laut Jawa)"}},{"type":"Feature","geometry":{"type":"Polygon","coordinates":[[[107.025,-6.0602],[107.0375,-6.0602],[107.0375,-6.0481],[107.025,-6.0481],[107.025,-6.0602]]]},"properties":{"lc_code":17,"lc_name":"Water Bodies (Laut Jawa)"}},{"type":"Feature","geometry":{"type":"Polygon","coordinates":[[[107.0375,-6.0602],[107.05,-6.0602],[107.05,-6.0481],[107.0375,-6.0481],[107.0375,-6.0602]]]},"properties":{"lc_code":17,"lc_name":"Water Bodies (Laut Jawa)"}},{"type":"Feature","geometry":{"type":"Polygon","coordinates":[[[107.05,-6.0602],[107.0625,-6.0602],[107.0625,-6.0481],[107.05,-6.0481],[107.05,-6.0602]]]},"properties":{"lc_code":17,"lc_name":"Water Bodies (Laut Jawa)"}},{"type":"Feature","geometry":{"type":"Polygon","coordinates":[[[107.0625,-6.0602],[107.075,-6.0602],[107.075,-6.0481],[107.0625,-6.0481],[107.0625,-6.0602]]]},"properties":{"lc_code":17,"lc_name":"Water Bodies (Laut Jawa)"}},{"type":"Feature","geometry":{"type":"Polygon","coordinates":[[[107.075,-6.0602],[107.0875,-6.0602],[107.0875,-6.0481],[107.075,-6.0481],[107.075,-6.0602]]]},"properties":{"lc_code":17,"lc_name":"Water Bodies (Laut Jawa)"}},{"type":"Feature","geometry":{"type":"Polygon","coordinates":[[[107.0875,-6.0602],[107.1,-6.0602],[107.1,-6.0481],[107.0875,-6.0481],[107.0875,-6.0602]]]},"properties":{"lc_code":17,"lc_name":"Water Bodies (Laut Jawa)"}},{"type":"Feature","geometry":{"type":"Polygon","coordinates":[[[107.1,-6.0602],[107.1125,-6.0602],[107.1125,-6.0481],[107.1,-6.0481],[107.1,-6.0602]]]},"properties":{"lc_code":17,"lc_name":"Water Bodies (Laut Jawa)"}},{"type":"Feature","geometry":{"type":"Polygon","coordinates":[[[107.1125,-6.0602],[107.125,-6.0602],[107.125,-6.0481],[107.1125,-6.0481],[107.1125,-6.0602]]]},"properties":{"lc_code":17,"lc_name":"Water Bodies (Laut Jawa)"}},{"type":"Feature","geometry":{"type":"Polygon","coordinates":[[[107.125,-6.0602],[107.1375,-6.0602],[107.1375,-6.0481],[107.125,-6.0481],[107.125,-6.0602]]]},"properties":{"lc_code":17,"lc_name":"Water Bodies (Laut Jawa)"}},{"type":"Feature","geometry":{"type":"Polygon","coordinates":[[[107.1375,-6.0602],[107.15,-6.0602],[107.15,-6.0481],[107.1375,-6.0481],[107.1375,-6.0602]]]},"properties":{"lc_code":17,"lc_name":"Water Bodies (Laut Jawa)"}},{"type":"Feature","geometry":{"type":"Polygon","coordinates":[[[107.15,-6.0602],[107.1625,-6.0602],[107.1625,-6.0481],[107.15,-6.0481],[107.15,-6.0602]]]},"properties":{"lc_code":17,"lc_name":"Water Bodies (Laut Jawa)"}},{"type":"Feature","geometry":{"type":"Polygon","coordinates":[[[107.1625,-6.0602],[107.175,-6.0602],[107.175,-6.0481],[107.1625,-6.0481],[107.1625,-6.0602]]]},"properties":{"lc_code":17,"lc_name":"Water Bodies (Laut Jawa)"}},{"type":"Feature","geometry":{"type":"Polygon","coordinates":[[[107.175,-6.0602],[107.1875,-6.0602],[107.1875,-6.0481],[107.175,-6.0481],[107.175,-6.0602]]]},"properties":{"lc_code":17,"lc_name":"Water Bodies (Laut Jawa)"}},{"type":"Feature","geometry":{"type":"Polygon","coordinates":[[[107.1875,-6.0602],[107.2,-6.0602],[107.2,-6.0481],[107.1875,-6.0481],[107.1875,-6.0602]]]},"properties":{"lc_code":17,"lc_name":"Water Bodies (Laut Jawa)"}},{"type":"Feature","geometry":{"type":"Polygon","coordinates":[[[107.2,-6.0602],[107.2125,-6.0602],[107.2125,-6.0481],[107.2,-6.0481],[107.2,-6.0602]]]},"properties":{"lc_code":17,"lc_name":"Water Bodies (Laut Jawa)"}},{"type":"Feature","geometry":{"type":"Polygon","coordinates":[[[107.2125,-6.0602],[107.225,-6.0602],[107.225,-6.0481],[107.2125,-6.0481],[107.2125,-6.0602]]]},"properties":{"lc_code":17,"lc_name":"Water Bodies (Laut Jawa)"}},{"type":"Feature","geometry":{"type":"Polygon","coordinates":[[[107.225,-6.0602],[107.2375,-6.0602],[107.2375,-6.0481],[107.225,-6.0481],[107.225,-6.0602]]]},"properties":{"lc_code":17,"lc_name":"Water Bodies (Laut Jawa)"}},{"type":"Feature","geometry":{"type":"Polygon","coordinates":[[[107.2375,-6.0602],[107.25,-6.0602],[107.25,-6.0481],[107.2375,-6.0481],[107.2375,-6.0602]]]},"properties":{"lc_code":17,"lc_name":"Water Bodies (Laut Jawa)"}},{"type":"Feature","geometry":{"type":"Polygon","coordinates":[[[107.25,-6.0602],[107.2625,-6.0602],[107.2625,-6.0481],[107.25,-6.0481],[107.25,-6.0602]]]},"properties":{"lc_code":17,"lc_name":"Water Bodies (Laut Jawa)"}},{"type":"Feature","geometry":{"type":"Polygon","coordinates":[[[107.2625,-6.0602],[107.275,-6.0602],[107.275,-6.0481],[107.2625,-6.0481],[107.2625,-6.0602]]]},"properties":{"lc_code":17,"lc_name":"Water Bodies (Laut Jawa)"}},{"type":"Feature","geometry":{"type":"Polygon","coordinates":[[[107.275,-6.0602],[107.2875,-6.0602],[107.2875,-6.0481],[107.275,-6.0481],[107.275,-6.0602]]]},"properties":{"lc_code":17,"lc_name":"Water Bodies (Laut Jawa)"}},{"type":"Feature","geometry":{"type":"Polygon","coordinates":[[[107.2875,-6.0602],[107.3,-6.0602],[107.3,-6.0481],[107.2875,-6.0481],[107.2875,-6.0602]]]},"properties":{"lc_code":17,"lc_name":"Water Bodies (Laut Jawa)"}},{"type":"Feature","geometry":{"type":"Polygon","coordinates":[[[106.5,-6.0481],[106.5125,-6.0481],[106.5125,-6.0361],[106.5,-6.0361],[106.5,-6.0481]]]},"properties":{"lc_code":17,"lc_name":"Water Bodies (Laut Jawa)"}},{"type":"Feature","geometry":{"type":"Polygon","coordinates":[[[106.5125,-6.0481],[106.525,-6.0481],[106.525,-6.0361],[106.5125,-6.0361],[106.5125,-6.0481]]]},"properties":{"lc_code":17,"lc_name":"Water Bodies (Laut Jawa)"}},{"type":"Feature","geometry":{"type":"Polygon","coordinates":[[[106.525,-6.0481],[106.5375,-6.0481],[106.5375,-6.0361],[106.525,-6.0361],[106.525,-6.0481]]]},"properties":{"lc_code":17,"lc_name":"Water Bodies (Laut Jawa)"}},{"type":"Feature","geometry":{"type":"Polygon","coordinates":[[[106.5375,-6.0481],[106.55,-6.0481],[106.55,-6.0361],[106.5375,-6.0361],[106.5375,-6.0481]]]},"properties":{"lc_code":17,"lc_name":"Water Bodies (Laut Jawa)"}},{"type":"Feature","geometry":{"type":"Polygon","coordinates":[[[106.55,-6.0481],[106.5625,-6.0481],[106.5625,-6.0361],[106.55,-6.0361],[106.55,-6.0481]]]},"properties":{"lc_code":17,"lc_name":"Water Bodies (Laut Jawa)"}},{"type":"Feature","geometry":{"type":"Polygon","coordinates":[[[106.5625,-6.0481],[106.575,-6.0481],[106.575,-6.0361],[106.5625,-6.0361],[106.5625,-6.0481]]]},"properties":{"lc_code":17,"lc_name":"Water Bodies (Laut Jawa)"}},{"type":"Feature","geometry":{"type":"Polygon","coordinates":[[[106.575,-6.0481],[106.5875,-6.0481],[106.5875,-6.0361],[106.575,-6.0361],[106.575,-6.0481]]]},"properties":{"lc_code":17,"lc_name":"Water Bodies (Laut Jawa)"}},{"type":"Feature","geometry":{"type":"Polygon","coordinates":[[[106.5875,-6.0481],[106.6,-6.0481],[106.6,-6.0361],[106.5875,-6.0361],[106.5875,-6.0481]]]},"properties":{"lc_code":17,"lc_name":"Water Bodies (Laut Jawa)"}},{"type":"Feature","geometry":{"type":"Polygon","coordinates":[[[106.6,-6.0481],[106.6125,-6.0481],[106.6125,-6.0361],[106.6,-6.0361],[106.6,-6.0481]]]},"properties":{"lc_code":17,"lc_name":"Water Bodies (Laut Jawa)"}},{"type":"Feature","geometry":{"type":"Polygon","coordinates":[[[106.6125,-6.0481],[106.625,-6.0481],[106.625,-6.0361],[106.6125,-6.0361],[106.6125,-6.0481]]]},"properties":{"lc_code":17,"lc_name":"Water Bodies (Laut Jawa)"}},{"type":"Feature","geometry":{"type":"Polygon","coordinates":[[[106.625,-6.0481],[106.6375,-6.0481],[106.6375,-6.0361],[106.625,-6.0361],[106.625,-6.0481]]]},"properties":{"lc_code":17,"lc_name":"Water Bodies (Laut Jawa)"}},{"type":"Feature","geometry":{"type":"Polygon","coordinates":[[[106.6375,-6.0481],[106.65,-6.0481],[106.65,-6.0361],[106.6375,-6.0361],[106.6375,-6.0481]]]},"properties":{"lc_code":17,"lc_name":"Water Bodies (Laut Jawa)"}},{"type":"Feature","geometry":{"type":"Polygon","coordinates":[[[106.65,-6.0481],[106.6625,-6.0481],[106.6625,-6.0361],[106.65,-6.0361],[106.65,-6.0481]]]},"properties":{"lc_code":17,"lc_name":"Water Bodies (Laut Jawa)"}},{"type":"Feature","geometry":{"type":"Polygon","coordinates":[[[106.6625,-6.0481],[106.675,-6.0481],[106.675,-6.0361],[106.6625,-6.0361],[106.6625,-6.0481]]]},"properties":{"lc_code":17,"lc_name":"Water Bodies (Laut Jawa)"}},{"type":"Feature","geometry":{"type":"Polygon","coordinates":[[[106.675,-6.0481],[106.6875,-6.0481],[106.6875,-6.0361],[106.675,-6.0361],[106.675,-6.0481]]]},"properties":{"lc_code":17,"lc_name":"Water Bodies (Laut Jawa)"}},{"type":"Feature","geometry":{"type":"Polygon","coordinates":[[[106.6875,-6.0481],[106.7,-6.0481],[106.7,-6.0361],[106.6875,-6.0361],[106.6875,-6.0481]]]},"properties":{"lc_code":17,"lc_name":"Water Bodies (Laut Jawa)"}},{"type":"Feature","geometry":{"type":"Polygon","coordinates":[[[106.7,-6.0481],[106.7125,-6.0481],[106.7125,-6.0361],[106.7,-6.0361],[106.7,-6.0481]]]},"properties":{"lc_code":17,"lc_name":"Water Bodies (Laut Jawa)"}},{"type":"Feature","geometry":{"type":"Polygon","coordinates":[[[106.7125,-6.0481],[106.725,-6.0481],[106.725,-6.0361],[106.7125,-6.0361],[106.7125,-6.0481]]]},"properties":{"lc_code":17,"lc_name":"Water Bodies (Laut Jawa)"}},{"type":"Feature","geometry":{"type":"Polygon","coordinates":[[[106.725,-6.0481],[106.7375,-6.0481],[106.7375,-6.0361],[106.725,-6.0361],[106.725,-6.0481]]]},"properties":{"lc_code":17,"lc_name":"Water Bodies (Laut Jawa)"}},{"type":"Feature","geometry":{"type":"Polygon","coordinates":[[[106.7375,-6.0481],[106.75,-6.0481],[106.75,-6.0361],[106.7375,-6.0361],[106.7375,-6.0481]]]},"properties":{"lc_code":17,"lc_name":"Water Bodies (Laut Jawa)"}},{"type":"Feature","geometry":{"type":"Polygon","coordinates":[[[106.75,-6.0481],[106.7625,-6.0481],[106.7625,-6.0361],[106.75,-6.0361],[106.75,-6.0481]]]},"properties":{"lc_code":17,"lc_name":"Water Bodies (Laut Jawa)"}},{"type":"Feature","geometry":{"type":"Polygon","coordinates":[[[106.7625,-6.0481],[106.775,-6.0481],[106.775,-6.0361],[106.7625,-6.0361],[106.7625,-6.0481]]]},"properties":{"lc_code":17,"lc_name":"Water Bodies (Laut Jawa)"}},{"type":"Feature","geometry":{"type":"Polygon","coordinates":[[[106.775,-6.0481],[106.7875,-6.0481],[106.7875,-6.0361],[106.775,-6.0361],[106.775,-6.0481]]]},"properties":{"lc_code":17,"lc_name":"Water Bodies (Laut Jawa)"}},{"type":"Feature","geometry":{"type":"Polygon","coordinates":[[[106.7875,-6.0481],[106.8,-6.0481],[106.8,-6.0361],[106.7875,-6.0361],[106.7875,-6.0481]]]},"properties":{"lc_code":17,"lc_name":"Water Bodies (Laut Jawa)"}},{"type":"Feature","geometry":{"type":"Polygon","coordinates":[[[106.8,-6.0481],[106.8125,-6.0481],[106.8125,-6.0361],[106.8,-6.0361],[106.8,-6.0481]]]},"properties":{"lc_code":17,"lc_name":"Water Bodies (Laut Jawa)"}},{"type":"Feature","geometry":{"type":"Polygon","coordinates":[[[106.8125,-6.0481],[106.825,-6.0481],[106.825,-6.0361],[106.8125,-6.0361],[106.8125,-6.0481]]]},"properties":{"lc_code":17,"lc_name":"Water Bodies (Laut Jawa)"}},{"type":"Feature","geometry":{"type":"Polygon","coordinates":[[[106.825,-6.0481],[106.8375,-6.0481],[106.8375,-6.0361],[106.825,-6.0361],[106.825,-6.0481]]]},"properties":{"lc_code":17,"lc_name":"Water Bodies (Laut Jawa)"}},{"type":"Feature","geometry":{"type":"Polygon","coordinates":[[[106.8375,-6.0481],[106.85,-6.0481],[106.85,-6.0361],[106.8375,-6.0361],[106.8375,-6.0481]]]},"properties":{"lc_code":17,"lc_name":"Water Bodies (Laut Jawa)"}},{"type":"Feature","geometry":{"type":"Polygon","coordinates":[[[106.85,-6.0481],[106.8625,-6.0481],[106.8625,-6.0361],[106.85,-6.0361],[106.85,-6.0481]]]},"properties":{"lc_code":17,"lc_name":"Water Bodies (Laut Jawa)"}},{"type":"Feature","geometry":{"type":"Polygon","coordinates":[[[106.8625,-6.0481],[106.875,-6.0481],[106.875,-6.0361],[106.8625,-6.0361],[106.8625,-6.0481]]]},"properties":{"lc_code":17,"lc_name":"Water Bodies (Laut Jawa)"}},{"type":"Feature","geometry":{"type":"Polygon","coordinates":[[[106.875,-6.0481],[106.8875,-6.0481],[106.8875,-6.0361],[106.875,-6.0361],[106.875,-6.0481]]]},"properties":{"lc_code":17,"lc_name":"Water Bodies (Laut Jawa)"}},{"type":"Feature","geometry":{"type":"Polygon","coordinates":[[[106.8875,-6.0481],[106.9,-6.0481],[106.9,-6.0361],[106.8875,-6.0361],[106.8875,-6.0481]]]},"properties":{"lc_code":17,"lc_name":"Water Bodies (Laut Jawa)"}},{"type":"Feature","geometry":{"type":"Polygon","coordinates":[[[106.9,-6.0481],[106.9125,-6.0481],[106.9125,-6.0361],[106.9,-6.0361],[106.9,-6.0481]]]},"properties":{"lc_code":17,"lc_name":"Water Bodies (Laut Jawa)"}},{"type":"Feature","geometry":{"type":"Polygon","coordinates":[[[106.9125,-6.0481],[106.925,-6.0481],[106.925,-6.0361],[106.9125,-6.0361],[106.9125,-6.0481]]]},"properties":{"lc_code":17,"lc_name":"Water Bodies (Laut Jawa)"}},{"type":"Feature","geometry":{"type":"Polygon","coordinates":[[[106.925,-6.0481],[106.9375,-6.0481],[106.9375,-6.0361],[106.925,-6.0361],[106.925,-6.0481]]]},"properties":{"lc_code":17,"lc_name":"Water Bodies (Laut Jawa)"}},{"type":"Feature","geometry":{"type":"Polygon","coordinates":[[[106.9375,-6.0481],[106.95,-6.0481],[106.95,-6.0361],[106.9375,-6.0361],[106.9375,-6.0481]]]},"properties":{"lc_code":17,"lc_name":"Water Bodies (Laut Jawa)"}},{"type":"Feature","geometry":{"type":"Polygon","coordinates":[[[106.95,-6.0481],[106.9625,-6.0481],[106.9625,-6.0361],[106.95,-6.0361],[106.95,-6.0481]]]},"properties":{"lc_code":17,"lc_name":"Water Bodies (Laut Jawa)"}},{"type":"Feature","geometry":{"type":"Polygon","coordinates":[[[106.9625,-6.0481],[106.975,-6.0481],[106.975,-6.0361],[106.9625,-6.0361],[106.9625,-6.0481]]]},"properties":{"lc_code":17,"lc_name":"Water Bodies (Laut Jawa)"}},{"type":"Feature","geometry":{"type":"Polygon","coordinates":[[[106.975,-6.0481],[106.9875,-6.0481],[106.9875,-6.0361],[106.975,-6.0361],[106.975,-6.0481]]]},"properties":{"lc_code":17,"lc_name":"Water Bodies (Laut Jawa)"}},{"type":"Feature","geometry":{"type":"Polygon","coordinates":[[[106.9875,-6.0481],[107,-6.0481],[107,-6.0361],[106.9875,-6.0361],[106.9875,-6.0481]]]},"properties":{"lc_code":17,"lc_name":"Water Bodies (Laut Jawa)"}},{"type":"Feature","geometry":{"type":"Polygon","coordinates":[[[107,-6.0481],[107.0125,-6.0481],[107.0125,-6.0361],[107,-6.0361],[107,-6.0481]]]},"properties":{"lc_code":17,"lc_name":"Water Bodies (Laut Jawa)"}},{"type":"Feature","geometry":{"type":"Polygon","coordinates":[[[107.0125,-6.0481],[107.025,-6.0481],[107.025,-6.0361],[107.0125,-6.0361],[107.0125,-6.0481]]]},"properties":{"lc_code":17,"lc_name":"Water Bodies (Laut Jawa)"}},{"type":"Feature","geometry":{"type":"Polygon","coordinates":[[[107.025,-6.0481],[107.0375,-6.0481],[107.0375,-6.0361],[107.025,-6.0361],[107.025,-6.0481]]]},"properties":{"lc_code":17,"lc_name":"Water Bodies (Laut Jawa)"}},{"type":"Feature","geometry":{"type":"Polygon","coordinates":[[[107.0375,-6.0481],[107.05,-6.0481],[107.05,-6.0361],[107.0375,-6.0361],[107.0375,-6.0481]]]},"properties":{"lc_code":17,"lc_name":"Water Bodies (Laut Jawa)"}},{"type":"Feature","geometry":{"type":"Polygon","coordinates":[[[107.05,-6.0481],[107.0625,-6.0481],[107.0625,-6.0361],[107.05,-6.0361],[107.05,-6.0481]]]},"properties":{"lc_code":17,"lc_name":"Water Bodies (Laut Jawa)"}},{"type":"Feature","geometry":{"type":"Polygon","coordinates":[[[107.0625,-6.0481],[107.075,-6.0481],[107.075,-6.0361],[107.0625,-6.0361],[107.0625,-6.0481]]]},"properties":{"lc_code":17,"lc_name":"Water Bodies (Laut Jawa)"}},{"type":"Feature","geometry":{"type":"Polygon","coordinates":[[[107.075,-6.0481],[107.0875,-6.0481],[107.0875,-6.0361],[107.075,-6.0361],[107.075,-6.0481]]]},"properties":{"lc_code":17,"lc_name":"Water Bodies (Laut Jawa)"}},{"type":"Feature","geometry":{"type":"Polygon","coordinates":[[[107.0875,-6.0481],[107.1,-6.0481],[107.1,-6.0361],[107.0875,-6.0361],[107.0875,-6.0481]]]},"properties":{"lc_code":17,"lc_name":"Water Bodies (Laut Jawa)"}},{"type":"Feature","geometry":{"type":"Polygon","coordinates":[[[107.1,-6.0481],[107.1125,-6.0481],[107.1125,-6.0361],[107.1,-6.0361],[107.1,-6.0481]]]},"properties":{"lc_code":17,"lc_name":"Water Bodies (Laut Jawa)"}},{"type":"Feature","geometry":{"type":"Polygon","coordinates":[[[107.1125,-6.0481],[107.125,-6.0481],[107.125,-6.0361],[107.1125,-6.0361],[107.1125,-6.0481]]]},"properties":{"lc_code":17,"lc_name":"Water Bodies (Laut Jawa)"}},{"type":"Feature","geometry":{"type":"Polygon","coordinates":[[[107.125,-6.0481],[107.1375,-6.0481],[107.1375,-6.0361],[107.125,-6.0361],[107.125,-6.0481]]]},"properties":{"lc_code":17,"lc_name":"Water Bodies (Laut Jawa)"}},{"type":"Feature","geometry":{"type":"Polygon","coordinates":[[[107.1375,-6.0481],[107.15,-6.0481],[107.15,-6.0361],[107.1375,-6.0361],[107.1375,-6.0481]]]},"properties":{"lc_code":17,"lc_name":"Water Bodies (Laut Jawa)"}},{"type":"Feature","geometry":{"type":"Polygon","coordinates":[[[107.15,-6.0481],[107.1625,-6.0481],[107.1625,-6.0361],[107.15,-6.0361],[107.15,-6.0481]]]},"properties":{"lc_code":17,"lc_name":"Water Bodies (Laut Jawa)"}},{"type":"Feature","geometry":{"type":"Polygon","coordinates":[[[107.1625,-6.0481],[107.175,-6.0481],[107.175,-6.0361],[107.1625,-6.0361],[107.1625,-6.0481]]]},"properties":{"lc_code":17,"lc_name":"Water Bodies (Laut Jawa)"}},{"type":"Feature","geometry":{"type":"Polygon","coordinates":[[[107.175,-6.0481],[107.1875,-6.0481],[107.1875,-6.0361],[107.175,-6.0361],[107.175,-6.0481]]]},"properties":{"lc_code":17,"lc_name":"Water Bodies (Laut Jawa)"}},{"type":"Feature","geometry":{"type":"Polygon","coordinates":[[[107.1875,-6.0481],[107.2,-6.0481],[107.2,-6.0361],[107.1875,-6.0361],[107.1875,-6.0481]]]},"properties":{"lc_code":17,"lc_name":"Water Bodies (Laut Jawa)"}},{"type":"Feature","geometry":{"type":"Polygon","coordinates":[[[107.2,-6.0481],[107.2125,-6.0481],[107.2125,-6.0361],[107.2,-6.0361],[107.2,-6.0481]]]},"properties":{"lc_code":17,"lc_name":"Water Bodies (Laut Jawa)"}},{"type":"Feature","geometry":{"type":"Polygon","coordinates":[[[107.2125,-6.0481],[107.225,-6.0481],[107.225,-6.0361],[107.2125,-6.0361],[107.2125,-6.0481]]]},"properties":{"lc_code":17,"lc_name":"Water Bodies (Laut Jawa)"}},{"type":"Feature","geometry":{"type":"Polygon","coordinates":[[[107.225,-6.0481],[107.2375,-6.0481],[107.2375,-6.0361],[107.225,-6.0361],[107.225,-6.0481]]]},"properties":{"lc_code":17,"lc_name":"Water Bodies (Laut Jawa)"}},{"type":"Feature","geometry":{"type":"Polygon","coordinates":[[[107.2375,-6.0481],[107.25,-6.0481],[107.25,-6.0361],[107.2375,-6.0361],[107.2375,-6.0481]]]},"properties":{"lc_code":17,"lc_name":"Water Bodies (Laut Jawa)"}},{"type":"Feature","geometry":{"type":"Polygon","coordinates":[[[107.25,-6.0481],[107.2625,-6.0481],[107.2625,-6.0361],[107.25,-6.0361],[107.25,-6.0481]]]},"properties":{"lc_code":17,"lc_name":"Water Bodies (Laut Jawa)"}},{"type":"Feature","geometry":{"type":"Polygon","coordinates":[[[107.2625,-6.0481],[107.275,-6.0481],[107.275,-6.0361],[107.2625,-6.0361],[107.2625,-6.0481]]]},"properties":{"lc_code":17,"lc_name":"Water Bodies (Laut Jawa)"}},{"type":"Feature","geometry":{"type":"Polygon","coordinates":[[[107.275,-6.0481],[107.2875,-6.0481],[107.2875,-6.0361],[107.275,-6.0361],[107.275,-6.0481]]]},"properties":{"lc_code":17,"lc_name":"Water Bodies (Laut Jawa)"}},{"type":"Feature","geometry":{"type":"Polygon","coordinates":[[[107.2875,-6.0481],[107.3,-6.0481],[107.3,-6.0361],[107.2875,-6.0361],[107.2875,-6.0481]]]},"properties":{"lc_code":17,"lc_name":"Water Bodies (Laut Jawa)"}},{"type":"Feature","geometry":{"type":"Polygon","coordinates":[[[106.5,-6.0361],[106.5125,-6.0361],[106.5125,-6.0241],[106.5,-6.0241],[106.5,-6.0361]]]},"properties":{"lc_code":17,"lc_name":"Water Bodies (Laut Jawa)"}},{"type":"Feature","geometry":{"type":"Polygon","coordinates":[[[106.5125,-6.0361],[106.525,-6.0361],[106.525,-6.0241],[106.5125,-6.0241],[106.5125,-6.0361]]]},"properties":{"lc_code":17,"lc_name":"Water Bodies (Laut Jawa)"}},{"type":"Feature","geometry":{"type":"Polygon","coordinates":[[[106.525,-6.0361],[106.5375,-6.0361],[106.5375,-6.0241],[106.525,-6.0241],[106.525,-6.0361]]]},"properties":{"lc_code":17,"lc_name":"Water Bodies (Laut Jawa)"}},{"type":"Feature","geometry":{"type":"Polygon","coordinates":[[[106.5375,-6.0361],[106.55,-6.0361],[106.55,-6.0241],[106.5375,-6.0241],[106.5375,-6.0361]]]},"properties":{"lc_code":17,"lc_name":"Water Bodies (Laut Jawa)"}},{"type":"Feature","geometry":{"type":"Polygon","coordinates":[[[106.55,-6.0361],[106.5625,-6.0361],[106.5625,-6.0241],[106.55,-6.0241],[106.55,-6.0361]]]},"properties":{"lc_code":17,"lc_name":"Water Bodies (Laut Jawa)"}},{"type":"Feature","geometry":{"type":"Polygon","coordinates":[[[106.5625,-6.0361],[106.575,-6.0361],[106.575,-6.0241],[106.5625,-6.0241],[106.5625,-6.0361]]]},"properties":{"lc_code":17,"lc_name":"Water Bodies (Laut Jawa)"}},{"type":"Feature","geometry":{"type":"Polygon","coordinates":[[[106.575,-6.0361],[106.5875,-6.0361],[106.5875,-6.0241],[106.575,-6.0241],[106.575,-6.0361]]]},"properties":{"lc_code":17,"lc_name":"Water Bodies (Laut Jawa)"}},{"type":"Feature","geometry":{"type":"Polygon","coordinates":[[[106.5875,-6.0361],[106.6,-6.0361],[106.6,-6.0241],[106.5875,-6.0241],[106.5875,-6.0361]]]},"properties":{"lc_code":17,"lc_name":"Water Bodies (Laut Jawa)"}},{"type":"Feature","geometry":{"type":"Polygon","coordinates":[[[106.6,-6.0361],[106.6125,-6.0361],[106.6125,-6.0241],[106.6,-6.0241],[106.6,-6.0361]]]},"properties":{"lc_code":17,"lc_name":"Water Bodies (Laut Jawa)"}},{"type":"Feature","geometry":{"type":"Polygon","coordinates":[[[106.6125,-6.0361],[106.625,-6.0361],[106.625,-6.0241],[106.6125,-6.0241],[106.6125,-6.0361]]]},"properties":{"lc_code":17,"lc_name":"Water Bodies (Laut Jawa)"}},{"type":"Feature","geometry":{"type":"Polygon","coordinates":[[[106.625,-6.0361],[106.6375,-6.0361],[106.6375,-6.0241],[106.625,-6.0241],[106.625,-6.0361]]]},"properties":{"lc_code":17,"lc_name":"Water Bodies (Laut Jawa)"}},{"type":"Feature","geometry":{"type":"Polygon","coordinates":[[[106.6375,-6.0361],[106.65,-6.0361],[106.65,-6.0241],[106.6375,-6.0241],[106.6375,-6.0361]]]},"properties":{"lc_code":17,"lc_name":"Water Bodies (Laut Jawa)"}},{"type":"Feature","geometry":{"type":"Polygon","coordinates":[[[106.65,-6.0361],[106.6625,-6.0361],[106.6625,-6.0241],[106.65,-6.0241],[106.65,-6.0361]]]},"properties":{"lc_code":17,"lc_name":"Water Bodies (Laut Jawa)"}},{"type":"Feature","geometry":{"type":"Polygon","coordinates":[[[106.6625,-6.0361],[106.675,-6.0361],[106.675,-6.0241],[106.6625,-6.0241],[106.6625,-6.0361]]]},"properties":{"lc_code":17,"lc_name":"Water Bodies (Laut Jawa)"}},{"type":"Feature","geometry":{"type":"Polygon","coordinates":[[[106.675,-6.0361],[106.6875,-6.0361],[106.6875,-6.0241],[106.675,-6.0241],[106.675,-6.0361]]]},"properties":{"lc_code":17,"lc_name":"Water Bodies (Laut Jawa)"}},{"type":"Feature","geometry":{"type":"Polygon","coordinates":[[[106.6875,-6.0361],[106.7,-6.0361],[106.7,-6.0241],[106.6875,-6.0241],[106.6875,-6.0361]]]},"properties":{"lc_code":17,"lc_name":"Water Bodies (Laut Jawa)"}},{"type":"Feature","geometry":{"type":"Polygon","coordinates":[[[106.7,-6.0361],[106.7125,-6.0361],[106.7125,-6.0241],[106.7,-6.0241],[106.7,-6.0361]]]},"properties":{"lc_code":17,"lc_name":"Water Bodies (Laut Jawa)"}},{"type":"Feature","geometry":{"type":"Polygon","coordinates":[[[106.7125,-6.0361],[106.725,-6.0361],[106.725,-6.0241],[106.7125,-6.0241],[106.7125,-6.0361]]]},"properties":{"lc_code":17,"lc_name":"Water Bodies (Laut Jawa)"}},{"type":"Feature","geometry":{"type":"Polygon","coordinates":[[[106.725,-6.0361],[106.7375,-6.0361],[106.7375,-6.0241],[106.725,-6.0241],[106.725,-6.0361]]]},"properties":{"lc_code":17,"lc_name":"Water Bodies (Laut Jawa)"}},{"type":"Feature","geometry":{"type":"Polygon","coordinates":[[[106.7375,-6.0361],[106.75,-6.0361],[106.75,-6.0241],[106.7375,-6.0241],[106.7375,-6.0361]]]},"properties":{"lc_code":17,"lc_name":"Water Bodies (Laut Jawa)"}},{"type":"Feature","geometry":{"type":"Polygon","coordinates":[[[106.75,-6.0361],[106.7625,-6.0361],[106.7625,-6.0241],[106.75,-6.0241],[106.75,-6.0361]]]},"properties":{"lc_code":17,"lc_name":"Water Bodies (Laut Jawa)"}},{"type":"Feature","geometry":{"type":"Polygon","coordinates":[[[106.7625,-6.0361],[106.775,-6.0361],[106.775,-6.0241],[106.7625,-6.0241],[106.7625,-6.0361]]]},"properties":{"lc_code":17,"lc_name":"Water Bodies (Laut Jawa)"}},{"type":"Feature","geometry":{"type":"Polygon","coordinates":[[[106.775,-6.0361],[106.7875,-6.0361],[106.7875,-6.0241],[106.775,-6.0241],[106.775,-6.0361]]]},"properties":{"lc_code":17,"lc_name":"Water Bodies (Laut Jawa)"}},{"type":"Feature","geometry":{"type":"Polygon","coordinates":[[[106.7875,-6.0361],[106.8,-6.0361],[106.8,-6.0241],[106.7875,-6.0241],[106.7875,-6.0361]]]},"properties":{"lc_code":17,"lc_name":"Water Bodies (Laut Jawa)"}},{"type":"Feature","geometry":{"type":"Polygon","coordinates":[[[106.8,-6.0361],[106.8125,-6.0361],[106.8125,-6.0241],[106.8,-6.0241],[106.8,-6.0361]]]},"properties":{"lc_code":17,"lc_name":"Water Bodies (Laut Jawa)"}},{"type":"Feature","geometry":{"type":"Polygon","coordinates":[[[106.8125,-6.0361],[106.825,-6.0361],[106.825,-6.0241],[106.8125,-6.0241],[106.8125,-6.0361]]]},"properties":{"lc_code":17,"lc_name":"Water Bodies (Laut Jawa)"}},{"type":"Feature","geometry":{"type":"Polygon","coordinates":[[[106.825,-6.0361],[106.8375,-6.0361],[106.8375,-6.0241],[106.825,-6.0241],[106.825,-6.0361]]]},"properties":{"lc_code":17,"lc_name":"Water Bodies (Laut Jawa)"}},{"type":"Feature","geometry":{"type":"Polygon","coordinates":[[[106.8375,-6.0361],[106.85,-6.0361],[106.85,-6.0241],[106.8375,-6.0241],[106.8375,-6.0361]]]},"properties":{"lc_code":17,"lc_name":"Water Bodies (Laut Jawa)"}},{"type":"Feature","geometry":{"type":"Polygon","coordinates":[[[106.85,-6.0361],[106.8625,-6.0361],[106.8625,-6.0241],[106.85,-6.0241],[106.85,-6.0361]]]},"properties":{"lc_code":17,"lc_name":"Water Bodies (Laut Jawa)"}},{"type":"Feature","geometry":{"type":"Polygon","coordinates":[[[106.8625,-6.0361],[106.875,-6.0361],[106.875,-6.0241],[106.8625,-6.0241],[106.8625,-6.0361]]]},"properties":{"lc_code":17,"lc_name":"Water Bodies (Laut Jawa)"}},{"type":"Feature","geometry":{"type":"Polygon","coordinates":[[[106.875,-6.0361],[106.8875,-6.0361],[106.8875,-6.0241],[106.875,-6.0241],[106.875,-6.0361]]]},"properties":{"lc_code":17,"lc_name":"Water Bodies (Laut Jawa)"}},{"type":"Feature","geometry":{"type":"Polygon","coordinates":[[[106.8875,-6.0361],[106.9,-6.0361],[106.9,-6.0241],[106.8875,-6.0241],[106.8875,-6.0361]]]},"properties":{"lc_code":17,"lc_name":"Water Bodies (Laut Jawa)"}},{"type":"Feature","geometry":{"type":"Polygon","coordinates":[[[106.9,-6.0361],[106.9125,-6.0361],[106.9125,-6.0241],[106.9,-6.0241],[106.9,-6.0361]]]},"properties":{"lc_code":17,"lc_name":"Water Bodies (Laut Jawa)"}},{"type":"Feature","geometry":{"type":"Polygon","coordinates":[[[106.9125,-6.0361],[106.925,-6.0361],[106.925,-6.0241],[106.9125,-6.0241],[106.9125,-6.0361]]]},"properties":{"lc_code":17,"lc_name":"Water Bodies (Laut Jawa)"}},{"type":"Feature","geometry":{"type":"Polygon","coordinates":[[[106.925,-6.0361],[106.9375,-6.0361],[106.9375,-6.0241],[106.925,-6.0241],[106.925,-6.0361]]]},"properties":{"lc_code":17,"lc_name":"Water Bodies (Laut Jawa)"}},{"type":"Feature","geometry":{"type":"Polygon","coordinates":[[[106.9375,-6.0361],[106.95,-6.0361],[106.95,-6.0241],[106.9375,-6.0241],[106.9375,-6.0361]]]},"properties":{"lc_code":17,"lc_name":"Water Bodies (Laut Jawa)"}},{"type":"Feature","geometry":{"type":"Polygon","coordinates":[[[106.95,-6.0361],[106.9625,-6.0361],[106.9625,-6.0241],[106.95,-6.0241],[106.95,-6.0361]]]},"properties":{"lc_code":17,"lc_name":"Water Bodies (Laut Jawa)"}},{"type":"Feature","geometry":{"type":"Polygon","coordinates":[[[106.9625,-6.0361],[106.975,-6.0361],[106.975,-6.0241],[106.9625,-6.0241],[106.9625,-6.0361]]]},"properties":{"lc_code":17,"lc_name":"Water Bodies (Laut Jawa)"}},{"type":"Feature","geometry":{"type":"Polygon","coordinates":[[[106.975,-6.0361],[106.9875,-6.0361],[106.9875,-6.0241],[106.975,-6.0241],[106.975,-6.0361]]]},"properties":{"lc_code":17,"lc_name":"Water Bodies (Laut Jawa)"}},{"type":"Feature","geometry":{"type":"Polygon","coordinates":[[[106.9875,-6.0361],[107,-6.0361],[107,-6.0241],[106.9875,-6.0241],[106.9875,-6.0361]]]},"properties":{"lc_code":17,"lc_name":"Water Bodies (Laut Jawa)"}},{"type":"Feature","geometry":{"type":"Polygon","coordinates":[[[107,-6.0361],[107.0125,-6.0361],[107.0125,-6.0241],[107,-6.0241],[107,-6.0361]]]},"properties":{"lc_code":17,"lc_name":"Water Bodies (Laut Jawa)"}},{"type":"Feature","geometry":{"type":"Polygon","coordinates":[[[107.0125,-6.0361],[107.025,-6.0361],[107.025,-6.0241],[107.0125,-6.0241],[107.0125,-6.0361]]]},"properties":{"lc_code":17,"lc_name":"Water Bodies (Laut Jawa)"}},{"type":"Feature","geometry":{"type":"Polygon","coordinates":[[[107.025,-6.0361],[107.0375,-6.0361],[107.0375,-6.0241],[107.025,-6.0241],[107.025,-6.0361]]]},"properties":{"lc_code":17,"lc_name":"Water Bodies (Laut Jawa)"}},{"type":"Feature","geometry":{"type":"Polygon","coordinates":[[[107.0375,-6.0361],[107.05,-6.0361],[107.05,-6.0241],[107.0375,-6.0241],[107.0375,-6.0361]]]},"properties":{"lc_code":17,"lc_name":"Water Bodies (Laut Jawa)"}},{"type":"Feature","geometry":{"type":"Polygon","coordinates":[[[107.05,-6.0361],[107.0625,-6.0361],[107.0625,-6.0241],[107.05,-6.0241],[107.05,-6.0361]]]},"properties":{"lc_code":17,"lc_name":"Water Bodies (Laut Jawa)"}},{"type":"Feature","geometry":{"type":"Polygon","coordinates":[[[107.0625,-6.0361],[107.075,-6.0361],[107.075,-6.0241],[107.0625,-6.0241],[107.0625,-6.0361]]]},"properties":{"lc_code":17,"lc_name":"Water Bodies (Laut Jawa)"}},{"type":"Feature","geometry":{"type":"Polygon","coordinates":[[[107.075,-6.0361],[107.0875,-6.0361],[107.0875,-6.0241],[107.075,-6.0241],[107.075,-6.0361]]]},"properties":{"lc_code":17,"lc_name":"Water Bodies (Laut Jawa)"}},{"type":"Feature","geometry":{"type":"Polygon","coordinates":[[[107.0875,-6.0361],[107.1,-6.0361],[107.1,-6.0241],[107.0875,-6.0241],[107.0875,-6.0361]]]},"properties":{"lc_code":17,"lc_name":"Water Bodies (Laut Jawa)"}},{"type":"Feature","geometry":{"type":"Polygon","coordinates":[[[107.1,-6.0361],[107.1125,-6.0361],[107.1125,-6.0241],[107.1,-6.0241],[107.1,-6.0361]]]},"properties":{"lc_code":17,"lc_name":"Water Bodies (Laut Jawa)"}},{"type":"Feature","geometry":{"type":"Polygon","coordinates":[[[107.1125,-6.0361],[107.125,-6.0361],[107.125,-6.0241],[107.1125,-6.0241],[107.1125,-6.0361]]]},"properties":{"lc_code":17,"lc_name":"Water Bodies (Laut Jawa)"}},{"type":"Feature","geometry":{"type":"Polygon","coordinates":[[[107.125,-6.0361],[107.1375,-6.0361],[107.1375,-6.0241],[107.125,-6.0241],[107.125,-6.0361]]]},"properties":{"lc_code":17,"lc_name":"Water Bodies (Laut Jawa)"}},{"type":"Feature","geometry":{"type":"Polygon","coordinates":[[[107.1375,-6.0361],[107.15,-6.0361],[107.15,-6.0241],[107.1375,-6.0241],[107.1375,-6.0361]]]},"properties":{"lc_code":17,"lc_name":"Water Bodies (Laut Jawa)"}},{"type":"Feature","geometry":{"type":"Polygon","coordinates":[[[107.15,-6.0361],[107.1625,-6.0361],[107.1625,-6.0241],[107.15,-6.0241],[107.15,-6.0361]]]},"properties":{"lc_code":17,"lc_name":"Water Bodies (Laut Jawa)"}},{"type":"Feature","geometry":{"type":"Polygon","coordinates":[[[107.1625,-6.0361],[107.175,-6.0361],[107.175,-6.0241],[107.1625,-6.0241],[107.1625,-6.0361]]]},"properties":{"lc_code":17,"lc_name":"Water Bodies (Laut Jawa)"}},{"type":"Feature","geometry":{"type":"Polygon","coordinates":[[[107.175,-6.0361],[107.1875,-6.0361],[107.1875,-6.0241],[107.175,-6.0241],[107.175,-6.0361]]]},"properties":{"lc_code":17,"lc_name":"Water Bodies (Laut Jawa)"}},{"type":"Feature","geometry":{"type":"Polygon","coordinates":[[[107.1875,-6.0361],[107.2,-6.0361],[107.2,-6.0241],[107.1875,-6.0241],[107.1875,-6.0361]]]},"properties":{"lc_code":17,"lc_name":"Water Bodies (Laut Jawa)"}},{"type":"Feature","geometry":{"type":"Polygon","coordinates":[[[107.2,-6.0361],[107.2125,-6.0361],[107.2125,-6.0241],[107.2,-6.0241],[107.2,-6.0361]]]},"properties":{"lc_code":17,"lc_name":"Water Bodies (Laut Jawa)"}},{"type":"Feature","geometry":{"type":"Polygon","coordinates":[[[107.2125,-6.0361],[107.225,-6.0361],[107.225,-6.0241],[107.2125,-6.0241],[107.2125,-6.0361]]]},"properties":{"lc_code":17,"lc_name":"Water Bodies (Laut Jawa)"}},{"type":"Feature","geometry":{"type":"Polygon","coordinates":[[[107.225,-6.0361],[107.2375,-6.0361],[107.2375,-6.0241],[107.225,-6.0241],[107.225,-6.0361]]]},"properties":{"lc_code":17,"lc_name":"Water Bodies (Laut Jawa)"}},{"type":"Feature","geometry":{"type":"Polygon","coordinates":[[[107.2375,-6.0361],[107.25,-6.0361],[107.25,-6.0241],[107.2375,-6.0241],[107.2375,-6.0361]]]},"properties":{"lc_code":17,"lc_name":"Water Bodies (Laut Jawa)"}},{"type":"Feature","geometry":{"type":"Polygon","coordinates":[[[107.25,-6.0361],[107.2625,-6.0361],[107.2625,-6.0241],[107.25,-6.0241],[107.25,-6.0361]]]},"properties":{"lc_code":17,"lc_name":"Water Bodies (Laut Jawa)"}},{"type":"Feature","geometry":{"type":"Polygon","coordinates":[[[107.2625,-6.0361],[107.275,-6.0361],[107.275,-6.0241],[107.2625,-6.0241],[107.2625,-6.0361]]]},"properties":{"lc_code":17,"lc_name":"Water Bodies (Laut Jawa)"}},{"type":"Feature","geometry":{"type":"Polygon","coordinates":[[[107.275,-6.0361],[107.2875,-6.0361],[107.2875,-6.0241],[107.275,-6.0241],[107.275,-6.0361]]]},"properties":{"lc_code":17,"lc_name":"Water Bodies (Laut Jawa)"}},{"type":"Feature","geometry":{"type":"Polygon","coordinates":[[[107.2875,-6.0361],[107.3,-6.0361],[107.3,-6.0241],[107.2875,-6.0241],[107.2875,-6.0361]]]},"properties":{"lc_code":17,"lc_name":"Water Bodies (Laut Jawa)"}},{"type":"Feature","geometry":{"type":"Polygon","coordinates":[[[106.5,-6.0241],[106.5125,-6.0241],[106.5125,-6.012],[106.5,-6.012],[106.5,-6.0241]]]},"properties":{"lc_code":17,"lc_name":"Water Bodies (Laut Jawa)"}},{"type":"Feature","geometry":{"type":"Polygon","coordinates":[[[106.5125,-6.0241],[106.525,-6.0241],[106.525,-6.012],[106.5125,-6.012],[106.5125,-6.0241]]]},"properties":{"lc_code":17,"lc_name":"Water Bodies (Laut Jawa)"}},{"type":"Feature","geometry":{"type":"Polygon","coordinates":[[[106.525,-6.0241],[106.5375,-6.0241],[106.5375,-6.012],[106.525,-6.012],[106.525,-6.0241]]]},"properties":{"lc_code":17,"lc_name":"Water Bodies (Laut Jawa)"}},{"type":"Feature","geometry":{"type":"Polygon","coordinates":[[[106.5375,-6.0241],[106.55,-6.0241],[106.55,-6.012],[106.5375,-6.012],[106.5375,-6.0241]]]},"properties":{"lc_code":17,"lc_name":"Water Bodies (Laut Jawa)"}},{"type":"Feature","geometry":{"type":"Polygon","coordinates":[[[106.55,-6.0241],[106.5625,-6.0241],[106.5625,-6.012],[106.55,-6.012],[106.55,-6.0241]]]},"properties":{"lc_code":17,"lc_name":"Water Bodies (Laut Jawa)"}},{"type":"Feature","geometry":{"type":"Polygon","coordinates":[[[106.5625,-6.0241],[106.575,-6.0241],[106.575,-6.012],[106.5625,-6.012],[106.5625,-6.0241]]]},"properties":{"lc_code":17,"lc_name":"Water Bodies (Laut Jawa)"}},{"type":"Feature","geometry":{"type":"Polygon","coordinates":[[[106.575,-6.0241],[106.5875,-6.0241],[106.5875,-6.012],[106.575,-6.012],[106.575,-6.0241]]]},"properties":{"lc_code":17,"lc_name":"Water Bodies (Laut Jawa)"}},{"type":"Feature","geometry":{"type":"Polygon","coordinates":[[[106.5875,-6.0241],[106.6,-6.0241],[106.6,-6.012],[106.5875,-6.012],[106.5875,-6.0241]]]},"properties":{"lc_code":17,"lc_name":"Water Bodies (Laut Jawa)"}},{"type":"Feature","geometry":{"type":"Polygon","coordinates":[[[106.6,-6.0241],[106.6125,-6.0241],[106.6125,-6.012],[106.6,-6.012],[106.6,-6.0241]]]},"properties":{"lc_code":17,"lc_name":"Water Bodies (Laut Jawa)"}},{"type":"Feature","geometry":{"type":"Polygon","coordinates":[[[106.6125,-6.0241],[106.625,-6.0241],[106.625,-6.012],[106.6125,-6.012],[106.6125,-6.0241]]]},"properties":{"lc_code":17,"lc_name":"Water Bodies (Laut Jawa)"}},{"type":"Feature","geometry":{"type":"Polygon","coordinates":[[[106.625,-6.0241],[106.6375,-6.0241],[106.6375,-6.012],[106.625,-6.012],[106.625,-6.0241]]]},"properties":{"lc_code":17,"lc_name":"Water Bodies (Laut Jawa)"}},{"type":"Feature","geometry":{"type":"Polygon","coordinates":[[[106.6375,-6.0241],[106.65,-6.0241],[106.65,-6.012],[106.6375,-6.012],[106.6375,-6.0241]]]},"properties":{"lc_code":17,"lc_name":"Water Bodies (Laut Jawa)"}},{"type":"Feature","geometry":{"type":"Polygon","coordinates":[[[106.65,-6.0241],[106.6625,-6.0241],[106.6625,-6.012],[106.65,-6.012],[106.65,-6.0241]]]},"properties":{"lc_code":17,"lc_name":"Water Bodies (Laut Jawa)"}},{"type":"Feature","geometry":{"type":"Polygon","coordinates":[[[106.6625,-6.0241],[106.675,-6.0241],[106.675,-6.012],[106.6625,-6.012],[106.6625,-6.0241]]]},"properties":{"lc_code":17,"lc_name":"Water Bodies (Laut Jawa)"}},{"type":"Feature","geometry":{"type":"Polygon","coordinates":[[[106.675,-6.0241],[106.6875,-6.0241],[106.6875,-6.012],[106.675,-6.012],[106.675,-6.0241]]]},"properties":{"lc_code":17,"lc_name":"Water Bodies (Laut Jawa)"}},{"type":"Feature","geometry":{"type":"Polygon","coordinates":[[[106.6875,-6.0241],[106.7,-6.0241],[106.7,-6.012],[106.6875,-6.012],[106.6875,-6.0241]]]},"properties":{"lc_code":17,"lc_name":"Water Bodies (Laut Jawa)"}},{"type":"Feature","geometry":{"type":"Polygon","coordinates":[[[106.7,-6.0241],[106.7125,-6.0241],[106.7125,-6.012],[106.7,-6.012],[106.7,-6.0241]]]},"properties":{"lc_code":17,"lc_name":"Water Bodies (Laut Jawa)"}},{"type":"Feature","geometry":{"type":"Polygon","coordinates":[[[106.7125,-6.0241],[106.725,-6.0241],[106.725,-6.012],[106.7125,-6.012],[106.7125,-6.0241]]]},"properties":{"lc_code":17,"lc_name":"Water Bodies (Laut Jawa)"}},{"type":"Feature","geometry":{"type":"Polygon","coordinates":[[[106.725,-6.0241],[106.7375,-6.0241],[106.7375,-6.012],[106.725,-6.012],[106.725,-6.0241]]]},"properties":{"lc_code":17,"lc_name":"Water Bodies (Laut Jawa)"}},{"type":"Feature","geometry":{"type":"Polygon","coordinates":[[[106.7375,-6.0241],[106.75,-6.0241],[106.75,-6.012],[106.7375,-6.012],[106.7375,-6.0241]]]},"properties":{"lc_code":17,"lc_name":"Water Bodies (Laut Jawa)"}},{"type":"Feature","geometry":{"type":"Polygon","coordinates":[[[106.75,-6.0241],[106.7625,-6.0241],[106.7625,-6.012],[106.75,-6.012],[106.75,-6.0241]]]},"properties":{"lc_code":17,"lc_name":"Water Bodies (Laut Jawa)"}},{"type":"Feature","geometry":{"type":"Polygon","coordinates":[[[106.7625,-6.0241],[106.775,-6.0241],[106.775,-6.012],[106.7625,-6.012],[106.7625,-6.0241]]]},"properties":{"lc_code":17,"lc_name":"Water Bodies (Laut Jawa)"}},{"type":"Feature","geometry":{"type":"Polygon","coordinates":[[[106.775,-6.0241],[106.7875,-6.0241],[106.7875,-6.012],[106.775,-6.012],[106.775,-6.0241]]]},"properties":{"lc_code":17,"lc_name":"Water Bodies (Laut Jawa)"}},{"type":"Feature","geometry":{"type":"Polygon","coordinates":[[[106.7875,-6.0241],[106.8,-6.0241],[106.8,-6.012],[106.7875,-6.012],[106.7875,-6.0241]]]},"properties":{"lc_code":17,"lc_name":"Water Bodies (Laut Jawa)"}},{"type":"Feature","geometry":{"type":"Polygon","coordinates":[[[106.8,-6.0241],[106.8125,-6.0241],[106.8125,-6.012],[106.8,-6.012],[106.8,-6.0241]]]},"properties":{"lc_code":17,"lc_name":"Water Bodies (Laut Jawa)"}},{"type":"Feature","geometry":{"type":"Polygon","coordinates":[[[106.8125,-6.0241],[106.825,-6.0241],[106.825,-6.012],[106.8125,-6.012],[106.8125,-6.0241]]]},"properties":{"lc_code":17,"lc_name":"Water Bodies (Laut Jawa)"}},{"type":"Feature","geometry":{"type":"Polygon","coordinates":[[[106.825,-6.0241],[106.8375,-6.0241],[106.8375,-6.012],[106.825,-6.012],[106.825,-6.0241]]]},"properties":{"lc_code":17,"lc_name":"Water Bodies (Laut Jawa)"}},{"type":"Feature","geometry":{"type":"Polygon","coordinates":[[[106.8375,-6.0241],[106.85,-6.0241],[106.85,-6.012],[106.8375,-6.012],[106.8375,-6.0241]]]},"properties":{"lc_code":17,"lc_name":"Water Bodies (Laut Jawa)"}},{"type":"Feature","geometry":{"type":"Polygon","coordinates":[[[106.85,-6.0241],[106.8625,-6.0241],[106.8625,-6.012],[106.85,-6.012],[106.85,-6.0241]]]},"properties":{"lc_code":17,"lc_name":"Water Bodies (Laut Jawa)"}},{"type":"Feature","geometry":{"type":"Polygon","coordinates":[[[106.8625,-6.0241],[106.875,-6.0241],[106.875,-6.012],[106.8625,-6.012],[106.8625,-6.0241]]]},"properties":{"lc_code":17,"lc_name":"Water Bodies (Laut Jawa)"}},{"type":"Feature","geometry":{"type":"Polygon","coordinates":[[[106.875,-6.0241],[106.8875,-6.0241],[106.8875,-6.012],[106.875,-6.012],[106.875,-6.0241]]]},"properties":{"lc_code":17,"lc_name":"Water Bodies (Laut Jawa)"}},{"type":"Feature","geometry":{"type":"Polygon","coordinates":[[[106.8875,-6.0241],[106.9,-6.0241],[106.9,-6.012],[106.8875,-6.012],[106.8875,-6.0241]]]},"properties":{"lc_code":17,"lc_name":"Water Bodies (Laut Jawa)"}},{"type":"Feature","geometry":{"type":"Polygon","coordinates":[[[106.9,-6.0241],[106.9125,-6.0241],[106.9125,-6.012],[106.9,-6.012],[106.9,-6.0241]]]},"properties":{"lc_code":17,"lc_name":"Water Bodies (Laut Jawa)"}},{"type":"Feature","geometry":{"type":"Polygon","coordinates":[[[106.9125,-6.0241],[106.925,-6.0241],[106.925,-6.012],[106.9125,-6.012],[106.9125,-6.0241]]]},"properties":{"lc_code":17,"lc_name":"Water Bodies (Laut Jawa)"}},{"type":"Feature","geometry":{"type":"Polygon","coordinates":[[[106.925,-6.0241],[106.9375,-6.0241],[106.9375,-6.012],[106.925,-6.012],[106.925,-6.0241]]]},"properties":{"lc_code":17,"lc_name":"Water Bodies (Laut Jawa)"}},{"type":"Feature","geometry":{"type":"Polygon","coordinates":[[[106.9375,-6.0241],[106.95,-6.0241],[106.95,-6.012],[106.9375,-6.012],[106.9375,-6.0241]]]},"properties":{"lc_code":17,"lc_name":"Water Bodies (Laut Jawa)"}},{"type":"Feature","geometry":{"type":"Polygon","coordinates":[[[106.95,-6.0241],[106.9625,-6.0241],[106.9625,-6.012],[106.95,-6.012],[106.95,-6.0241]]]},"properties":{"lc_code":17,"lc_name":"Water Bodies (Laut Jawa)"}},{"type":"Feature","geometry":{"type":"Polygon","coordinates":[[[106.9625,-6.0241],[106.975,-6.0241],[106.975,-6.012],[106.9625,-6.012],[106.9625,-6.0241]]]},"properties":{"lc_code":17,"lc_name":"Water Bodies (Laut Jawa)"}},{"type":"Feature","geometry":{"type":"Polygon","coordinates":[[[106.975,-6.0241],[106.9875,-6.0241],[106.9875,-6.012],[106.975,-6.012],[106.975,-6.0241]]]},"properties":{"lc_code":17,"lc_name":"Water Bodies (Laut Jawa)"}},{"type":"Feature","geometry":{"type":"Polygon","coordinates":[[[106.9875,-6.0241],[107,-6.0241],[107,-6.012],[106.9875,-6.012],[106.9875,-6.0241]]]},"properties":{"lc_code":17,"lc_name":"Water Bodies (Laut Jawa)"}},{"type":"Feature","geometry":{"type":"Polygon","coordinates":[[[107,-6.0241],[107.0125,-6.0241],[107.0125,-6.012],[107,-6.012],[107,-6.0241]]]},"properties":{"lc_code":17,"lc_name":"Water Bodies (Laut Jawa)"}},{"type":"Feature","geometry":{"type":"Polygon","coordinates":[[[107.0125,-6.0241],[107.025,-6.0241],[107.025,-6.012],[107.0125,-6.012],[107.0125,-6.0241]]]},"properties":{"lc_code":17,"lc_name":"Water Bodies (Laut Jawa)"}},{"type":"Feature","geometry":{"type":"Polygon","coordinates":[[[107.025,-6.0241],[107.0375,-6.0241],[107.0375,-6.012],[107.025,-6.012],[107.025,-6.0241]]]},"properties":{"lc_code":17,"lc_name":"Water Bodies (Laut Jawa)"}},{"type":"Feature","geometry":{"type":"Polygon","coordinates":[[[107.0375,-6.0241],[107.05,-6.0241],[107.05,-6.012],[107.0375,-6.012],[107.0375,-6.0241]]]},"properties":{"lc_code":17,"lc_name":"Water Bodies (Laut Jawa)"}},{"type":"Feature","geometry":{"type":"Polygon","coordinates":[[[107.05,-6.0241],[107.0625,-6.0241],[107.0625,-6.012],[107.05,-6.012],[107.05,-6.0241]]]},"properties":{"lc_code":17,"lc_name":"Water Bodies (Laut Jawa)"}},{"type":"Feature","geometry":{"type":"Polygon","coordinates":[[[107.0625,-6.0241],[107.075,-6.0241],[107.075,-6.012],[107.0625,-6.012],[107.0625,-6.0241]]]},"properties":{"lc_code":17,"lc_name":"Water Bodies (Laut Jawa)"}},{"type":"Feature","geometry":{"type":"Polygon","coordinates":[[[107.075,-6.0241],[107.0875,-6.0241],[107.0875,-6.012],[107.075,-6.012],[107.075,-6.0241]]]},"properties":{"lc_code":17,"lc_name":"Water Bodies (Laut Jawa)"}},{"type":"Feature","geometry":{"type":"Polygon","coordinates":[[[107.0875,-6.0241],[107.1,-6.0241],[107.1,-6.012],[107.0875,-6.012],[107.0875,-6.0241]]]},"properties":{"lc_code":17,"lc_name":"Water Bodies (Laut Jawa)"}},{"type":"Feature","geometry":{"type":"Polygon","coordinates":[[[107.1,-6.0241],[107.1125,-6.0241],[107.1125,-6.012],[107.1,-6.012],[107.1,-6.0241]]]},"properties":{"lc_code":17,"lc_name":"Water Bodies (Laut Jawa)"}},{"type":"Feature","geometry":{"type":"Polygon","coordinates":[[[107.1125,-6.0241],[107.125,-6.0241],[107.125,-6.012],[107.1125,-6.012],[107.1125,-6.0241]]]},"properties":{"lc_code":17,"lc_name":"Water Bodies (Laut Jawa)"}},{"type":"Feature","geometry":{"type":"Polygon","coordinates":[[[107.125,-6.0241],[107.1375,-6.0241],[107.1375,-6.012],[107.125,-6.012],[107.125,-6.0241]]]},"properties":{"lc_code":17,"lc_name":"Water Bodies (Laut Jawa)"}},{"type":"Feature","geometry":{"type":"Polygon","coordinates":[[[107.1375,-6.0241],[107.15,-6.0241],[107.15,-6.012],[107.1375,-6.012],[107.1375,-6.0241]]]},"properties":{"lc_code":17,"lc_name":"Water Bodies (Laut Jawa)"}},{"type":"Feature","geometry":{"type":"Polygon","coordinates":[[[107.15,-6.0241],[107.1625,-6.0241],[107.1625,-6.012],[107.15,-6.012],[107.15,-6.0241]]]},"properties":{"lc_code":17,"lc_name":"Water Bodies (Laut Jawa)"}},{"type":"Feature","geometry":{"type":"Polygon","coordinates":[[[107.1625,-6.0241],[107.175,-6.0241],[107.175,-6.012],[107.1625,-6.012],[107.1625,-6.0241]]]},"properties":{"lc_code":17,"lc_name":"Water Bodies (Laut Jawa)"}},{"type":"Feature","geometry":{"type":"Polygon","coordinates":[[[107.175,-6.0241],[107.1875,-6.0241],[107.1875,-6.012],[107.175,-6.012],[107.175,-6.0241]]]},"properties":{"lc_code":17,"lc_name":"Water Bodies (Laut Jawa)"}},{"type":"Feature","geometry":{"type":"Polygon","coordinates":[[[107.1875,-6.0241],[107.2,-6.0241],[107.2,-6.012],[107.1875,-6.012],[107.1875,-6.0241]]]},"properties":{"lc_code":17,"lc_name":"Water Bodies (Laut Jawa)"}},{"type":"Feature","geometry":{"type":"Polygon","coordinates":[[[107.2,-6.0241],[107.2125,-6.0241],[107.2125,-6.012],[107.2,-6.012],[107.2,-6.0241]]]},"properties":{"lc_code":17,"lc_name":"Water Bodies (Laut Jawa)"}},{"type":"Feature","geometry":{"type":"Polygon","coordinates":[[[107.2125,-6.0241],[107.225,-6.0241],[107.225,-6.012],[107.2125,-6.012],[107.2125,-6.0241]]]},"properties":{"lc_code":17,"lc_name":"Water Bodies (Laut Jawa)"}},{"type":"Feature","geometry":{"type":"Polygon","coordinates":[[[107.225,-6.0241],[107.2375,-6.0241],[107.2375,-6.012],[107.225,-6.012],[107.225,-6.0241]]]},"properties":{"lc_code":17,"lc_name":"Water Bodies (Laut Jawa)"}},{"type":"Feature","geometry":{"type":"Polygon","coordinates":[[[107.2375,-6.0241],[107.25,-6.0241],[107.25,-6.012],[107.2375,-6.012],[107.2375,-6.0241]]]},"properties":{"lc_code":17,"lc_name":"Water Bodies (Laut Jawa)"}},{"type":"Feature","geometry":{"type":"Polygon","coordinates":[[[107.25,-6.0241],[107.2625,-6.0241],[107.2625,-6.012],[107.25,-6.012],[107.25,-6.0241]]]},"properties":{"lc_code":17,"lc_name":"Water Bodies (Laut Jawa)"}},{"type":"Feature","geometry":{"type":"Polygon","coordinates":[[[107.2625,-6.0241],[107.275,-6.0241],[107.275,-6.012],[107.2625,-6.012],[107.2625,-6.0241]]]},"properties":{"lc_code":17,"lc_name":"Water Bodies (Laut Jawa)"}},{"type":"Feature","geometry":{"type":"Polygon","coordinates":[[[107.275,-6.0241],[107.2875,-6.0241],[107.2875,-6.012],[107.275,-6.012],[107.275,-6.0241]]]},"properties":{"lc_code":17,"lc_name":"Water Bodies (Laut Jawa)"}},{"type":"Feature","geometry":{"type":"Polygon","coordinates":[[[107.2875,-6.0241],[107.3,-6.0241],[107.3,-6.012],[107.2875,-6.012],[107.2875,-6.0241]]]},"properties":{"lc_code":17,"lc_name":"Water Bodies (Laut Jawa)"}},{"type":"Feature","geometry":{"type":"Polygon","coordinates":[[[106.5,-6.012],[106.5125,-6.012],[106.5125,-6],[106.5,-6],[106.5,-6.012]]]},"properties":{"lc_code":17,"lc_name":"Water Bodies (Laut Jawa)"}},{"type":"Feature","geometry":{"type":"Polygon","coordinates":[[[106.5125,-6.012],[106.525,-6.012],[106.525,-6],[106.5125,-6],[106.5125,-6.012]]]},"properties":{"lc_code":17,"lc_name":"Water Bodies (Laut Jawa)"}},{"type":"Feature","geometry":{"type":"Polygon","coordinates":[[[106.525,-6.012],[106.5375,-6.012],[106.5375,-6],[106.525,-6],[106.525,-6.012]]]},"properties":{"lc_code":17,"lc_name":"Water Bodies (Laut Jawa)"}},{"type":"Feature","geometry":{"type":"Polygon","coordinates":[[[106.5375,-6.012],[106.55,-6.012],[106.55,-6],[106.5375,-6],[106.5375,-6.012]]]},"properties":{"lc_code":17,"lc_name":"Water Bodies (Laut Jawa)"}},{"type":"Feature","geometry":{"type":"Polygon","coordinates":[[[106.55,-6.012],[106.5625,-6.012],[106.5625,-6],[106.55,-6],[106.55,-6.012]]]},"properties":{"lc_code":17,"lc_name":"Water Bodies (Laut Jawa)"}},{"type":"Feature","geometry":{"type":"Polygon","coordinates":[[[106.5625,-6.012],[106.575,-6.012],[106.575,-6],[106.5625,-6],[106.5625,-6.012]]]},"properties":{"lc_code":17,"lc_name":"Water Bodies (Laut Jawa)"}},{"type":"Feature","geometry":{"type":"Polygon","coordinates":[[[106.575,-6.012],[106.5875,-6.012],[106.5875,-6],[106.575,-6],[106.575,-6.012]]]},"properties":{"lc_code":17,"lc_name":"Water Bodies (Laut Jawa)"}},{"type":"Feature","geometry":{"type":"Polygon","coordinates":[[[106.5875,-6.012],[106.6,-6.012],[106.6,-6],[106.5875,-6],[106.5875,-6.012]]]},"properties":{"lc_code":17,"lc_name":"Water Bodies (Laut Jawa)"}},{"type":"Feature","geometry":{"type":"Polygon","coordinates":[[[106.6,-6.012],[106.6125,-6.012],[106.6125,-6],[106.6,-6],[106.6,-6.012]]]},"properties":{"lc_code":17,"lc_name":"Water Bodies (Laut Jawa)"}},{"type":"Feature","geometry":{"type":"Polygon","coordinates":[[[106.6125,-6.012],[106.625,-6.012],[106.625,-6],[106.6125,-6],[106.6125,-6.012]]]},"properties":{"lc_code":17,"lc_name":"Water Bodies (Laut Jawa)"}},{"type":"Feature","geometry":{"type":"Polygon","coordinates":[[[106.625,-6.012],[106.6375,-6.012],[106.6375,-6],[106.625,-6],[106.625,-6.012]]]},"properties":{"lc_code":17,"lc_name":"Water Bodies (Laut Jawa)"}},{"type":"Feature","geometry":{"type":"Polygon","coordinates":[[[106.6375,-6.012],[106.65,-6.012],[106.65,-6],[106.6375,-6],[106.6375,-6.012]]]},"properties":{"lc_code":17,"lc_name":"Water Bodies (Laut Jawa)"}},{"type":"Feature","geometry":{"type":"Polygon","coordinates":[[[106.65,-6.012],[106.6625,-6.012],[106.6625,-6],[106.65,-6],[106.65,-6.012]]]},"properties":{"lc_code":17,"lc_name":"Water Bodies (Laut Jawa)"}},{"type":"Feature","geometry":{"type":"Polygon","coordinates":[[[106.6625,-6.012],[106.675,-6.012],[106.675,-6],[106.6625,-6],[106.6625,-6.012]]]},"properties":{"lc_code":17,"lc_name":"Water Bodies (Laut Jawa)"}},{"type":"Feature","geometry":{"type":"Polygon","coordinates":[[[106.675,-6.012],[106.6875,-6.012],[106.6875,-6],[106.675,-6],[106.675,-6.012]]]},"properties":{"lc_code":17,"lc_name":"Water Bodies (Laut Jawa)"}},{"type":"Feature","geometry":{"type":"Polygon","coordinates":[[[106.6875,-6.012],[106.7,-6.012],[106.7,-6],[106.6875,-6],[106.6875,-6.012]]]},"properties":{"lc_code":17,"lc_name":"Water Bodies (Laut Jawa)"}},{"type":"Feature","geometry":{"type":"Polygon","coordinates":[[[106.7,-6.012],[106.7125,-6.012],[106.7125,-6],[106.7,-6],[106.7,-6.012]]]},"properties":{"lc_code":17,"lc_name":"Water Bodies (Laut Jawa)"}},{"type":"Feature","geometry":{"type":"Polygon","coordinates":[[[106.7125,-6.012],[106.725,-6.012],[106.725,-6],[106.7125,-6],[106.7125,-6.012]]]},"properties":{"lc_code":17,"lc_name":"Water Bodies (Laut Jawa)"}},{"type":"Feature","geometry":{"type":"Polygon","coordinates":[[[106.725,-6.012],[106.7375,-6.012],[106.7375,-6],[106.725,-6],[106.725,-6.012]]]},"properties":{"lc_code":17,"lc_name":"Water Bodies (Laut Jawa)"}},{"type":"Feature","geometry":{"type":"Polygon","coordinates":[[[106.7375,-6.012],[106.75,-6.012],[106.75,-6],[106.7375,-6],[106.7375,-6.012]]]},"properties":{"lc_code":17,"lc_name":"Water Bodies (Laut Jawa)"}},{"type":"Feature","geometry":{"type":"Polygon","coordinates":[[[106.75,-6.012],[106.7625,-6.012],[106.7625,-6],[106.75,-6],[106.75,-6.012]]]},"properties":{"lc_code":17,"lc_name":"Water Bodies (Laut Jawa)"}},{"type":"Feature","geometry":{"type":"Polygon","coordinates":[[[106.7625,-6.012],[106.775,-6.012],[106.775,-6],[106.7625,-6],[106.7625,-6.012]]]},"properties":{"lc_code":17,"lc_name":"Water Bodies (Laut Jawa)"}},{"type":"Feature","geometry":{"type":"Polygon","coordinates":[[[106.775,-6.012],[106.7875,-6.012],[106.7875,-6],[106.775,-6],[106.775,-6.012]]]},"properties":{"lc_code":17,"lc_name":"Water Bodies (Laut Jawa)"}},{"type":"Feature","geometry":{"type":"Polygon","coordinates":[[[106.7875,-6.012],[106.8,-6.012],[106.8,-6],[106.7875,-6],[106.7875,-6.012]]]},"properties":{"lc_code":17,"lc_name":"Water Bodies (Laut Jawa)"}},{"type":"Feature","geometry":{"type":"Polygon","coordinates":[[[106.8,-6.012],[106.8125,-6.012],[106.8125,-6],[106.8,-6],[106.8,-6.012]]]},"properties":{"lc_code":17,"lc_name":"Water Bodies (Laut Jawa)"}},{"type":"Feature","geometry":{"type":"Polygon","coordinates":[[[106.8125,-6.012],[106.825,-6.012],[106.825,-6],[106.8125,-6],[106.8125,-6.012]]]},"properties":{"lc_code":17,"lc_name":"Water Bodies (Laut Jawa)"}},{"type":"Feature","geometry":{"type":"Polygon","coordinates":[[[106.825,-6.012],[106.8375,-6.012],[106.8375,-6],[106.825,-6],[106.825,-6.012]]]},"properties":{"lc_code":17,"lc_name":"Water Bodies (Laut Jawa)"}},{"type":"Feature","geometry":{"type":"Polygon","coordinates":[[[106.8375,-6.012],[106.85,-6.012],[106.85,-6],[106.8375,-6],[106.8375,-6.012]]]},"properties":{"lc_code":17,"lc_name":"Water Bodies (Laut Jawa)"}},{"type":"Feature","geometry":{"type":"Polygon","coordinates":[[[106.85,-6.012],[106.8625,-6.012],[106.8625,-6],[106.85,-6],[106.85,-6.012]]]},"properties":{"lc_code":17,"lc_name":"Water Bodies (Laut Jawa)"}},{"type":"Feature","geometry":{"type":"Polygon","coordinates":[[[106.8625,-6.012],[106.875,-6.012],[106.875,-6],[106.8625,-6],[106.8625,-6.012]]]},"properties":{"lc_code":17,"lc_name":"Water Bodies (Laut Jawa)"}},{"type":"Feature","geometry":{"type":"Polygon","coordinates":[[[106.875,-6.012],[106.8875,-6.012],[106.8875,-6],[106.875,-6],[106.875,-6.012]]]},"properties":{"lc_code":17,"lc_name":"Water Bodies (Laut Jawa)"}},{"type":"Feature","geometry":{"type":"Polygon","coordinates":[[[106.8875,-6.012],[106.9,-6.012],[106.9,-6],[106.8875,-6],[106.8875,-6.012]]]},"properties":{"lc_code":17,"lc_name":"Water Bodies (Laut Jawa)"}},{"type":"Feature","geometry":{"type":"Polygon","coordinates":[[[106.9,-6.012],[106.9125,-6.012],[106.9125,-6],[106.9,-6],[106.9,-6.012]]]},"properties":{"lc_code":17,"lc_name":"Water Bodies (Laut Jawa)"}},{"type":"Feature","geometry":{"type":"Polygon","coordinates":[[[106.9125,-6.012],[106.925,-6.012],[106.925,-6],[106.9125,-6],[106.9125,-6.012]]]},"properties":{"lc_code":17,"lc_name":"Water Bodies (Laut Jawa)"}},{"type":"Feature","geometry":{"type":"Polygon","coordinates":[[[106.925,-6.012],[106.9375,-6.012],[106.9375,-6],[106.925,-6],[106.925,-6.012]]]},"properties":{"lc_code":17,"lc_name":"Water Bodies (Laut Jawa)"}},{"type":"Feature","geometry":{"type":"Polygon","coordinates":[[[106.9375,-6.012],[106.95,-6.012],[106.95,-6],[106.9375,-6],[106.9375,-6.012]]]},"properties":{"lc_code":17,"lc_name":"Water Bodies (Laut Jawa)"}},{"type":"Feature","geometry":{"type":"Polygon","coordinates":[[[106.95,-6.012],[106.9625,-6.012],[106.9625,-6],[106.95,-6],[106.95,-6.012]]]},"properties":{"lc_code":17,"lc_name":"Water Bodies (Laut Jawa)"}},{"type":"Feature","geometry":{"type":"Polygon","coordinates":[[[106.9625,-6.012],[106.975,-6.012],[106.975,-6],[106.9625,-6],[106.9625,-6.012]]]},"properties":{"lc_code":17,"lc_name":"Water Bodies (Laut Jawa)"}},{"type":"Feature","geometry":{"type":"Polygon","coordinates":[[[106.975,-6.012],[106.9875,-6.012],[106.9875,-6],[106.975,-6],[106.975,-6.012]]]},"properties":{"lc_code":17,"lc_name":"Water Bodies (Laut Jawa)"}},{"type":"Feature","geometry":{"type":"Polygon","coordinates":[[[106.9875,-6.012],[107,-6.012],[107,-6],[106.9875,-6],[106.9875,-6.012]]]},"properties":{"lc_code":17,"lc_name":"Water Bodies (Laut Jawa)"}},{"type":"Feature","geometry":{"type":"Polygon","coordinates":[[[107,-6.012],[107.0125,-6.012],[107.0125,-6],[107,-6],[107,-6.012]]]},"properties":{"lc_code":17,"lc_name":"Water Bodies (Laut Jawa)"}},{"type":"Feature","geometry":{"type":"Polygon","coordinates":[[[107.0125,-6.012],[107.025,-6.012],[107.025,-6],[107.0125,-6],[107.0125,-6.012]]]},"properties":{"lc_code":17,"lc_name":"Water Bodies (Laut Jawa)"}},{"type":"Feature","geometry":{"type":"Polygon","coordinates":[[[107.025,-6.012],[107.0375,-6.012],[107.0375,-6],[107.025,-6],[107.025,-6.012]]]},"properties":{"lc_code":17,"lc_name":"Water Bodies (Laut Jawa)"}},{"type":"Feature","geometry":{"type":"Polygon","coordinates":[[[107.0375,-6.012],[107.05,-6.012],[107.05,-6],[107.0375,-6],[107.0375,-6.012]]]},"properties":{"lc_code":17,"lc_name":"Water Bodies (Laut Jawa)"}},{"type":"Feature","geometry":{"type":"Polygon","coordinates":[[[107.05,-6.012],[107.0625,-6.012],[107.0625,-6],[107.05,-6],[107.05,-6.012]]]},"properties":{"lc_code":17,"lc_name":"Water Bodies (Laut Jawa)"}},{"type":"Feature","geometry":{"type":"Polygon","coordinates":[[[107.0625,-6.012],[107.075,-6.012],[107.075,-6],[107.0625,-6],[107.0625,-6.012]]]},"properties":{"lc_code":17,"lc_name":"Water Bodies (Laut Jawa)"}},{"type":"Feature","geometry":{"type":"Polygon","coordinates":[[[107.075,-6.012],[107.0875,-6.012],[107.0875,-6],[107.075,-6],[107.075,-6.012]]]},"properties":{"lc_code":17,"lc_name":"Water Bodies (Laut Jawa)"}},{"type":"Feature","geometry":{"type":"Polygon","coordinates":[[[107.0875,-6.012],[107.1,-6.012],[107.1,-6],[107.0875,-6],[107.0875,-6.012]]]},"properties":{"lc_code":17,"lc_name":"Water Bodies (Laut Jawa)"}},{"type":"Feature","geometry":{"type":"Polygon","coordinates":[[[107.1,-6.012],[107.1125,-6.012],[107.1125,-6],[107.1,-6],[107.1,-6.012]]]},"properties":{"lc_code":17,"lc_name":"Water Bodies (Laut Jawa)"}},{"type":"Feature","geometry":{"type":"Polygon","coordinates":[[[107.1125,-6.012],[107.125,-6.012],[107.125,-6],[107.1125,-6],[107.1125,-6.012]]]},"properties":{"lc_code":17,"lc_name":"Water Bodies (Laut Jawa)"}},{"type":"Feature","geometry":{"type":"Polygon","coordinates":[[[107.125,-6.012],[107.1375,-6.012],[107.1375,-6],[107.125,-6],[107.125,-6.012]]]},"properties":{"lc_code":17,"lc_name":"Water Bodies (Laut Jawa)"}},{"type":"Feature","geometry":{"type":"Polygon","coordinates":[[[107.1375,-6.012],[107.15,-6.012],[107.15,-6],[107.1375,-6],[107.1375,-6.012]]]},"properties":{"lc_code":17,"lc_name":"Water Bodies (Laut Jawa)"}},{"type":"Feature","geometry":{"type":"Polygon","coordinates":[[[107.15,-6.012],[107.1625,-6.012],[107.1625,-6],[107.15,-6],[107.15,-6.012]]]},"properties":{"lc_code":17,"lc_name":"Water Bodies (Laut Jawa)"}},{"type":"Feature","geometry":{"type":"Polygon","coordinates":[[[107.1625,-6.012],[107.175,-6.012],[107.175,-6],[107.1625,-6],[107.1625,-6.012]]]},"properties":{"lc_code":17,"lc_name":"Water Bodies (Laut Jawa)"}},{"type":"Feature","geometry":{"type":"Polygon","coordinates":[[[107.175,-6.012],[107.1875,-6.012],[107.1875,-6],[107.175,-6],[107.175,-6.012]]]},"properties":{"lc_code":17,"lc_name":"Water Bodies (Laut Jawa)"}},{"type":"Feature","geometry":{"type":"Polygon","coordinates":[[[107.1875,-6.012],[107.2,-6.012],[107.2,-6],[107.1875,-6],[107.1875,-6.012]]]},"properties":{"lc_code":17,"lc_name":"Water Bodies (Laut Jawa)"}},{"type":"Feature","geometry":{"type":"Polygon","coordinates":[[[107.2,-6.012],[107.2125,-6.012],[107.2125,-6],[107.2,-6],[107.2,-6.012]]]},"properties":{"lc_code":17,"lc_name":"Water Bodies (Laut Jawa)"}},{"type":"Feature","geometry":{"type":"Polygon","coordinates":[[[107.2125,-6.012],[107.225,-6.012],[107.225,-6],[107.2125,-6],[107.2125,-6.012]]]},"properties":{"lc_code":17,"lc_name":"Water Bodies (Laut Jawa)"}},{"type":"Feature","geometry":{"type":"Polygon","coordinates":[[[107.225,-6.012],[107.2375,-6.012],[107.2375,-6],[107.225,-6],[107.225,-6.012]]]},"properties":{"lc_code":17,"lc_name":"Water Bodies (Laut Jawa)"}},{"type":"Feature","geometry":{"type":"Polygon","coordinates":[[[107.2375,-6.012],[107.25,-6.012],[107.25,-6],[107.2375,-6],[107.2375,-6.012]]]},"properties":{"lc_code":17,"lc_name":"Water Bodies (Laut Jawa)"}},{"type":"Feature","geometry":{"type":"Polygon","coordinates":[[[107.25,-6.012],[107.2625,-6.012],[107.2625,-6],[107.25,-6],[107.25,-6.012]]]},"properties":{"lc_code":17,"lc_name":"Water Bodies (Laut Jawa)"}},{"type":"Feature","geometry":{"type":"Polygon","coordinates":[[[107.2625,-6.012],[107.275,-6.012],[107.275,-6],[107.2625,-6],[107.2625,-6.012]]]},"properties":{"lc_code":17,"lc_name":"Water Bodies (Laut Jawa)"}},{"type":"Feature","geometry":{"type":"Polygon","coordinates":[[[107.275,-6.012],[107.2875,-6.012],[107.2875,-6],[107.275,-6],[107.275,-6.012]]]},"properties":{"lc_code":17,"lc_name":"Water Bodies (Laut Jawa)"}},{"type":"Feature","geometry":{"type":"Polygon","coordinates":[[[107.2875,-6.012],[107.3,-6.012],[107.3,-6],[107.2875,-6],[107.2875,-6.012]]]},"properties":{"lc_code":17,"lc_name":"Water Bodies (Laut Jawa)"}}]}