{"type": "FeatureCollection", "metadata": {"dataset": "NOAA/CFSV2_FOR6H_HARMONIZED", "variable": "Temperature_height_above_ground & Temperature_surface_ground", "units": "Celsius / Kelvin", "cycle_utc": "2026-09-17T00:00:00Z", "cell_count": 693}, "features": [{"type": "Feature", "geometry": {"type": "Polygon", "coordinates": [[[105.5, -7.8], [105.77272727272727, -7.8], [105.77272727272727, -7.704761904761905], [105.5, -7.704761904761905], [105.5, -7.8]]]}, "properties": {"temp_air_c": 26.5, "temp_air_k": 299.65, "temp_surface_c": 25.4, "temp_surface_k": 298.55, "elevation_m": 120.0, "center_lat": -7.7524, "center_lon": 105.6364, "cycle_utc": "2026-09-17T00:00:00Z"}}, {"type": "Feature", "geometry": {"type": "Polygon", "coordinates": [[[105.77272727272727, -7.8], [106.04545454545455, -7.8], [106.04545454545455, -7.704761904761905], [105.77272727272727, -7.704761904761905], [105.77272727272727, -7.8]]]}, "properties": {"temp_air_c": 26.6, "temp_air_k": 299.75, "temp_surface_c": 25.8, "temp_surface_k": 298.95, "elevation_m": 120.0, "center_lat": -7.7524, "center_lon": 105.9091, "cycle_utc": "2026-09-17T00:00:00Z"}}, {"type": "Feature", "geometry": {"type": "Polygon", "coordinates": [[[106.04545454545455, -7.8], [106.31818181818181, -7.8], [106.31818181818181, -7.704761904761905], [106.04545454545455, -7.704761904761905], [106.04545454545455, -7.8]]]}, "properties": {"temp_air_c": 25.9, "temp_air_k": 299.05, "temp_surface_c": 25.7, "temp_surface_k": 298.85, "elevation_m": 120.0, "center_lat": -7.7524, "center_lon": 106.1818, "cycle_utc": "2026-09-17T00:00:00Z"}}, {"type": "Feature", "geometry": {"type": "Polygon", "coordinates": [[[106.31818181818181, -7.8], [106.5909090909091, -7.8], [106.5909090909091, -7.704761904761905], [106.31818181818181, -7.704761904761905], [106.31818181818181, -7.8]]]}, "properties": {"temp_air_c": 25.9, "temp_air_k": 299.05, "temp_surface_c": 25.0, "temp_surface_k": 298.15, "elevation_m": 120.0, "center_lat": -7.7524, "center_lon": 106.4545, "cycle_utc": "2026-09-17T00:00:00Z"}}, {"type": "Feature", "geometry": {"type": "Polygon", "coordinates": [[[106.5909090909091, -7.8], [106.86363636363636, -7.8], [106.86363636363636, -7.704761904761905], [106.5909090909091, -7.704761904761905], [106.5909090909091, -7.8]]]}, "properties": {"temp_air_c": 26.3, "temp_air_k": 299.45, "temp_surface_c": 25.8, "temp_surface_k": 298.95, "elevation_m": 120.0, "center_lat": -7.7524, "center_lon": 106.7273, "cycle_utc": "2026-09-17T00:00:00Z"}}, {"type": "Feature", "geometry": {"type": "Polygon", "coordinates": [[[106.86363636363636, -7.8], [107.13636363636364, -7.8], [107.13636363636364, -7.704761904761905], [106.86363636363636, -7.704761904761905], [106.86363636363636, -7.8]]]}, "properties": {"temp_air_c": 26.1, "temp_air_k": 299.25, "temp_surface_c": 25.7, "temp_surface_k": 298.85, "elevation_m": 120.0, "center_lat": -7.7524, "center_lon": 107.0, "cycle_utc": "2026-09-17T00:00:00Z"}}, {"type": "Feature", "geometry": {"type": "Polygon", "coordinates": [[[107.13636363636364, -7.8], [107.4090909090909, -7.8], [107.4090909090909, -7.704761904761905], [107.13636363636364, -7.704761904761905], [107.13636363636364, -7.8]]]}, "properties": {"temp_air_c": 26.3, "temp_air_k": 299.45, "temp_surface_c": 25.9, "temp_surface_k": 299.05, "elevation_m": 120.0, "center_lat": -7.7524, "center_lon": 107.2727, "cycle_utc": "2026-09-17T00:00:00Z"}}, {"type": "Feature", "geometry": {"type": "Polygon", "coordinates": [[[107.4090909090909, -7.8], [107.68181818181819, -7.8], [107.68181818181819, -7.704761904761905], [107.4090909090909, -7.704761904761905], [107.4090909090909, -7.8]]]}, "properties": {"temp_air_c": 26.1, "temp_air_k": 299.25, "temp_surface_c": 26.5, "temp_surface_k": 299.65, "elevation_m": 120.0, "center_lat": -7.7524, "center_lon": 107.5455, "cycle_utc": "2026-09-17T00:00:00Z"}}, {"type": "Feature", "geometry": {"type": "Polygon", "coordinates": [[[107.68181818181819, -7.8], [107.95454545454545, -7.8], [107.95454545454545, -7.704761904761905], [107.68181818181819, -7.704761904761905], [107.68181818181819, -7.8]]]}, "properties": {"temp_air_c": 26.2, "temp_air_k": 299.35, "temp_surface_c": 25.6, "temp_surface_k": 298.75, "elevation_m": 120.0, "center_lat": -7.7524, "center_lon": 107.8182, "cycle_utc": "2026-09-17T00:00:00Z"}}, {"type": "Feature", "geometry": {"type": "Polygon", "coordinates": [[[107.95454545454545, -7.8], [108.22727272727273, -7.8], [108.22727272727273, -7.704761904761905], [107.95454545454545, -7.704761904761905], [107.95454545454545, -7.8]]]}, "properties": {"temp_air_c": 26.3, "temp_air_k": 299.45, "temp_surface_c": 26.5, "temp_surface_k": 299.65, "elevation_m": 120.0, "center_lat": -7.7524, "center_lon": 108.0909, "cycle_utc": "2026-09-17T00:00:00Z"}}, {"type": "Feature", "geometry": {"type": "Polygon", "coordinates": [[[108.22727272727273, -7.8], [108.5, -7.8], [108.5, -7.704761904761905], [108.22727272727273, -7.704761904761905], [108.22727272727273, -7.8]]]}, "properties": {"temp_air_c": 26.2, "temp_air_k": 299.35, "temp_surface_c": 25.7, "temp_surface_k": 298.85, "elevation_m": 120.0, "center_lat": -7.7524, "center_lon": 108.3636, "cycle_utc": "2026-09-17T00:00:00Z"}}, {"type": "Feature", "geometry": {"type": "Polygon", "coordinates": [[[108.5, -7.8], [108.77272727272727, -7.8], [108.77272727272727, -7.704761904761905], [108.5, -7.704761904761905], [108.5, -7.8]]]}, "properties": {"temp_air_c": 26.7, "temp_air_k": 299.85, "temp_surface_c": 26.0, "temp_surface_k": 299.15, "elevation_m": 120.0, "center_lat": -7.7524, "center_lon": 108.6364, "cycle_utc": "2026-09-17T00:00:00Z"}}, {"type": "Feature", "geometry": {"type": "Polygon", "coordinates": [[[108.77272727272727, -7.8], [109.04545454545455, -7.8], [109.04545454545455, -7.704761904761905], [108.77272727272727, -7.704761904761905], [108.77272727272727, -7.8]]]}, "properties": {"temp_air_c": 26.5, "temp_air_k": 299.65, "temp_surface_c": 26.0, "temp_surface_k": 299.15, "elevation_m": 120.0, "center_lat": -7.7524, "center_lon": 108.9091, "cycle_utc": "2026-09-17T00:00:00Z"}}, {"type": "Feature", "geometry": {"type": "Polygon", "coordinates": [[[109.04545454545455, -7.8], [109.31818181818181, -7.8], [109.31818181818181, -7.704761904761905], [109.04545454545455, -7.704761904761905], [109.04545454545455, -7.8]]]}, "properties": {"temp_air_c": 26.0, "temp_air_k": 299.15, "temp_surface_c": 26.5, "temp_surface_k": 299.65, "elevation_m": 120.0, "center_lat": -7.7524, "center_lon": 109.1818, "cycle_utc": "2026-09-17T00:00:00Z"}}, {"type": "Feature", "geometry": {"type": "Polygon", "coordinates": [[[109.31818181818181, -7.8], [109.5909090909091, -7.8], [109.5909090909091, -7.704761904761905], [109.31818181818181, -7.704761904761905], [109.31818181818181, -7.8]]]}, "properties": {"temp_air_c": 26.5, "temp_air_k": 299.65, "temp_surface_c": 25.9, "temp_surface_k": 299.05, "elevation_m": 120.0, "center_lat": -7.7524, "center_lon": 109.4545, "cycle_utc": "2026-09-17T00:00:00Z"}}, {"type": "Feature", "geometry": {"type": "Polygon", "coordinates": [[[109.5909090909091, -7.8], [109.86363636363636, -7.8], [109.86363636363636, -7.704761904761905], [109.5909090909091, -7.704761904761905], [109.5909090909091, -7.8]]]}, "properties": {"temp_air_c": 26.4, "temp_air_k": 299.55, "temp_surface_c": 25.2, "temp_surface_k": 298.35, "elevation_m": 120.0, "center_lat": -7.7524, "center_lon": 109.7273, "cycle_utc": "2026-09-17T00:00:00Z"}}, {"type": "Feature", "geometry": {"type": "Polygon", "coordinates": [[[109.86363636363636, -7.8], [110.13636363636364, -7.8], [110.13636363636364, -7.704761904761905], [109.86363636363636, -7.704761904761905], [109.86363636363636, -7.8]]]}, "properties": {"temp_air_c": 26.1, "temp_air_k": 299.25, "temp_surface_c": 26.1, "temp_surface_k": 299.25, "elevation_m": 120.0, "center_lat": -7.7524, "center_lon": 110.0, "cycle_utc": "2026-09-17T00:00:00Z"}}, {"type": "Feature", "geometry": {"type": "Polygon", "coordinates": [[[110.13636363636364, -7.8], [110.4090909090909, -7.8], [110.4090909090909, -7.704761904761905], [110.13636363636364, -7.704761904761905], [110.13636363636364, -7.8]]]}, "properties": {"temp_air_c": 26.1, "temp_air_k": 299.25, "temp_surface_c": 25.1, "temp_surface_k": 298.25, "elevation_m": 120.0, "center_lat": -7.7524, "center_lon": 110.2727, "cycle_utc": "2026-09-17T00:00:00Z"}}, {"type": "Feature", "geometry": {"type": "Polygon", "coordinates": [[[110.4090909090909, -7.8], [110.68181818181819, -7.8], [110.68181818181819, -7.704761904761905], [110.4090909090909, -7.704761904761905], [110.4090909090909, -7.8]]]}, "properties": {"temp_air_c": 27.0, "temp_air_k": 300.15, "temp_surface_c": 25.8, "temp_surface_k": 298.95, "elevation_m": 120.0, "center_lat": -7.7524, "center_lon": 110.5455, "cycle_utc": "2026-09-17T00:00:00Z"}}, {"type": "Feature", "geometry": {"type": "Polygon", "coordinates": [[[110.68181818181819, -7.8], [110.95454545454545, -7.8], [110.95454545454545, -7.704761904761905], [110.68181818181819, -7.704761904761905], [110.68181818181819, -7.8]]]}, "properties": {"temp_air_c": 26.1, "temp_air_k": 299.25, "temp_surface_c": 26.4, "temp_surface_k": 299.55, "elevation_m": 120.0, "center_lat": -7.7524, "center_lon": 110.8182, "cycle_utc": "2026-09-17T00:00:00Z"}}, {"type": "Feature", "geometry": {"type": "Polygon", "coordinates": [[[110.95454545454545, -7.8], [111.22727272727272, -7.8], [111.22727272727272, -7.704761904761905], [110.95454545454545, -7.704761904761905], [110.95454545454545, -7.8]]]}, "properties": {"temp_air_c": 26.1, "temp_air_k": 299.25, "temp_surface_c": 25.9, "temp_surface_k": 299.05, "elevation_m": 120.0, "center_lat": -7.7524, "center_lon": 111.0909, "cycle_utc": "2026-09-17T00:00:00Z"}}, {"type": "Feature", "geometry": {"type": "Polygon", "coordinates": [[[111.22727272727272, -7.8], [111.5, -7.8], [111.5, -7.704761904761905], [111.22727272727272, -7.704761904761905], [111.22727272727272, -7.8]]]}, "properties": {"temp_air_c": 26.3, "temp_air_k": 299.45, "temp_surface_c": 26.1, "temp_surface_k": 299.25, "elevation_m": 120.0, "center_lat": -7.7524, "center_lon": 111.3636, "cycle_utc": "2026-09-17T00:00:00Z"}}, {"type": "Feature", "geometry": {"type": "Polygon", "coordinates": [[[111.5, -7.8], [111.77272727272727, -7.8], [111.77272727272727, -7.704761904761905], [111.5, -7.704761904761905], [111.5, -7.8]]]}, "properties": {"temp_air_c": 26.7, "temp_air_k": 299.85, "temp_surface_c": 26.1, "temp_surface_k": 299.25, "elevation_m": 120.0, "center_lat": -7.7524, "center_lon": 111.6364, "cycle_utc": "2026-09-17T00:00:00Z"}}, {"type": "Feature", "geometry": {"type": "Polygon", "coordinates": [[[111.77272727272727, -7.8], [112.04545454545455, -7.8], [112.04545454545455, -7.704761904761905], [111.77272727272727, -7.704761904761905], [111.77272727272727, -7.8]]]}, "properties": {"temp_air_c": 25.9, "temp_air_k": 299.05, "temp_surface_c": 25.6, "temp_surface_k": 298.75, "elevation_m": 120.0, "center_lat": -7.7524, "center_lon": 111.9091, "cycle_utc": "2026-09-17T00:00:00Z"}}, {"type": "Feature", "geometry": {"type": "Polygon", "coordinates": [[[112.04545454545455, -7.8], [112.31818181818181, -7.8], [112.31818181818181, -7.704761904761905], [112.04545454545455, -7.704761904761905], [112.04545454545455, -7.8]]]}, "properties": {"temp_air_c": 27.0, "temp_air_k": 300.15, "temp_surface_c": 25.2, "temp_surface_k": 298.35, "elevation_m": 120.0, "center_lat": -7.7524, "center_lon": 112.1818, "cycle_utc": "2026-09-17T00:00:00Z"}}, {"type": "Feature", "geometry": {"type": "Polygon", "coordinates": [[[112.31818181818181, -7.8], [112.5909090909091, -7.8], [112.5909090909091, -7.704761904761905], [112.31818181818181, -7.704761904761905], [112.31818181818181, -7.8]]]}, "properties": {"temp_air_c": 26.6, "temp_air_k": 299.75, "temp_surface_c": 26.3, "temp_surface_k": 299.45, "elevation_m": 120.0, "center_lat": -7.7524, "center_lon": 112.4545, "cycle_utc": "2026-09-17T00:00:00Z"}}, {"type": "Feature", "geometry": {"type": "Polygon", "coordinates": [[[112.5909090909091, -7.8], [112.86363636363636, -7.8], [112.86363636363636, -7.704761904761905], [112.5909090909091, -7.704761904761905], [112.5909090909091, -7.8]]]}, "properties": {"temp_air_c": 26.3, "temp_air_k": 299.45, "temp_surface_c": 25.8, "temp_surface_k": 298.95, "elevation_m": 120.0, "center_lat": -7.7524, "center_lon": 112.7273, "cycle_utc": "2026-09-17T00:00:00Z"}}, {"type": "Feature", "geometry": {"type": "Polygon", "coordinates": [[[112.86363636363636, -7.8], [113.13636363636364, -7.8], [113.13636363636364, -7.704761904761905], [112.86363636363636, -7.704761904761905], [112.86363636363636, -7.8]]]}, "properties": {"temp_air_c": 26.6, "temp_air_k": 299.75, "temp_surface_c": 25.9, "temp_surface_k": 299.05, "elevation_m": 120.0, "center_lat": -7.7524, "center_lon": 113.0, "cycle_utc": "2026-09-17T00:00:00Z"}}, {"type": "Feature", "geometry": {"type": "Polygon", "coordinates": [[[113.13636363636364, -7.8], [113.4090909090909, -7.8], [113.4090909090909, -7.704761904761905], [113.13636363636364, -7.704761904761905], [113.13636363636364, -7.8]]]}, "properties": {"temp_air_c": 26.4, "temp_air_k": 299.55, "temp_surface_c": 26.2, "temp_surface_k": 299.35, "elevation_m": 120.0, "center_lat": -7.7524, "center_lon": 113.2727, "cycle_utc": "2026-09-17T00:00:00Z"}}, {"type": "Feature", "geometry": {"type": "Polygon", "coordinates": [[[113.4090909090909, -7.8], [113.68181818181819, -7.8], [113.68181818181819, -7.704761904761905], [113.4090909090909, -7.704761904761905], [113.4090909090909, -7.8]]]}, "properties": {"temp_air_c": 26.0, "temp_air_k": 299.15, "temp_surface_c": 25.7, "temp_surface_k": 298.85, "elevation_m": 120.0, "center_lat": -7.7524, "center_lon": 113.5455, "cycle_utc": "2026-09-17T00:00:00Z"}}, {"type": "Feature", "geometry": {"type": "Polygon", "coordinates": [[[113.68181818181819, -7.8], [113.95454545454545, -7.8], [113.95454545454545, -7.704761904761905], [113.68181818181819, -7.704761904761905], [113.68181818181819, -7.8]]]}, "properties": {"temp_air_c": 26.4, "temp_air_k": 299.55, "temp_surface_c": 25.3, "temp_surface_k": 298.45, "elevation_m": 120.0, "center_lat": -7.7524, "center_lon": 113.8182, "cycle_utc": "2026-09-17T00:00:00Z"}}, {"type": "Feature", "geometry": {"type": "Polygon", "coordinates": [[[113.95454545454545, -7.8], [114.22727272727272, -7.8], [114.22727272727272, -7.704761904761905], [113.95454545454545, -7.704761904761905], [113.95454545454545, -7.8]]]}, "properties": {"temp_air_c": 26.4, "temp_air_k": 299.55, "temp_surface_c": 26.2, "temp_surface_k": 299.35, "elevation_m": 120.0, "center_lat": -7.7524, "center_lon": 114.0909, "cycle_utc": "2026-09-17T00:00:00Z"}}, {"type": "Feature", "geometry": {"type": "Polygon", "coordinates": [[[114.22727272727272, -7.8], [114.5, -7.8], [114.5, -7.704761904761905], [114.22727272727272, -7.704761904761905], [114.22727272727272, -7.8]]]}, "properties": {"temp_air_c": 26.2, "temp_air_k": 299.35, "temp_surface_c": 25.3, "temp_surface_k": 298.45, "elevation_m": 120.0, "center_lat": -7.7524, "center_lon": 114.3636, "cycle_utc": "2026-09-17T00:00:00Z"}}, {"type": "Feature", "geometry": {"type": "Polygon", "coordinates": [[[105.5, -7.704761904761905], [105.77272727272727, -7.704761904761905], [105.77272727272727, -7.609523809523809], [105.5, -7.609523809523809], [105.5, -7.704761904761905]]]}, "properties": {"temp_air_c": 26.8, "temp_air_k": 299.95, "temp_surface_c": 26.1, "temp_surface_k": 299.25, "elevation_m": 120.0, "center_lat": -7.6571, "center_lon": 105.6364, "cycle_utc": "2026-09-17T00:00:00Z"}}, {"type": "Feature", "geometry": {"type": "Polygon", "coordinates": [[[105.77272727272727, -7.704761904761905], [106.04545454545455, -7.704761904761905], [106.04545454545455, -7.609523809523809], [105.77272727272727, -7.609523809523809], [105.77272727272727, -7.704761904761905]]]}, "properties": {"temp_air_c": 26.8, "temp_air_k": 299.95, "temp_surface_c": 25.8, "temp_surface_k": 298.95, "elevation_m": 120.0, "center_lat": -7.6571, "center_lon": 105.9091, "cycle_utc": "2026-09-17T00:00:00Z"}}, {"type": "Feature", "geometry": {"type": "Polygon", "coordinates": [[[106.04545454545455, -7.704761904761905], [106.31818181818181, -7.704761904761905], [106.31818181818181, -7.609523809523809], [106.04545454545455, -7.609523809523809], [106.04545454545455, -7.704761904761905]]]}, "properties": {"temp_air_c": 26.1, "temp_air_k": 299.25, "temp_surface_c": 26.0, "temp_surface_k": 299.15, "elevation_m": 120.0, "center_lat": -7.6571, "center_lon": 106.1818, "cycle_utc": "2026-09-17T00:00:00Z"}}, {"type": "Feature", "geometry": {"type": "Polygon", "coordinates": [[[106.31818181818181, -7.704761904761905], [106.5909090909091, -7.704761904761905], [106.5909090909091, -7.609523809523809], [106.31818181818181, -7.609523809523809], [106.31818181818181, -7.704761904761905]]]}, "properties": {"temp_air_c": 26.6, "temp_air_k": 299.75, "temp_surface_c": 25.6, "temp_surface_k": 298.75, "elevation_m": 120.0, "center_lat": -7.6571, "center_lon": 106.4545, "cycle_utc": "2026-09-17T00:00:00Z"}}, {"type": "Feature", "geometry": {"type": "Polygon", "coordinates": [[[106.5909090909091, -7.704761904761905], [106.86363636363636, -7.704761904761905], [106.86363636363636, -7.609523809523809], [106.5909090909091, -7.609523809523809], [106.5909090909091, -7.704761904761905]]]}, "properties": {"temp_air_c": 26.7, "temp_air_k": 299.85, "temp_surface_c": 25.7, "temp_surface_k": 298.85, "elevation_m": 120.0, "center_lat": -7.6571, "center_lon": 106.7273, "cycle_utc": "2026-09-17T00:00:00Z"}}, {"type": "Feature", "geometry": {"type": "Polygon", "coordinates": [[[106.86363636363636, -7.704761904761905], [107.13636363636364, -7.704761904761905], [107.13636363636364, -7.609523809523809], [106.86363636363636, -7.609523809523809], [106.86363636363636, -7.704761904761905]]]}, "properties": {"temp_air_c": 26.5, "temp_air_k": 299.65, "temp_surface_c": 26.1, "temp_surface_k": 299.25, "elevation_m": 120.0, "center_lat": -7.6571, "center_lon": 107.0, "cycle_utc": "2026-09-17T00:00:00Z"}}, {"type": "Feature", "geometry": {"type": "Polygon", "coordinates": [[[107.13636363636364, -7.704761904761905], [107.4090909090909, -7.704761904761905], [107.4090909090909, -7.609523809523809], [107.13636363636364, -7.609523809523809], [107.13636363636364, -7.704761904761905]]]}, "properties": {"temp_air_c": 26.7, "temp_air_k": 299.85, "temp_surface_c": 25.7, "temp_surface_k": 298.85, "elevation_m": 120.0, "center_lat": -7.6571, "center_lon": 107.2727, "cycle_utc": "2026-09-17T00:00:00Z"}}, {"type": "Feature", "geometry": {"type": "Polygon", "coordinates": [[[107.4090909090909, -7.704761904761905], [107.68181818181819, -7.704761904761905], [107.68181818181819, -7.609523809523809], [107.4090909090909, -7.609523809523809], [107.4090909090909, -7.704761904761905]]]}, "properties": {"temp_air_c": 26.1, "temp_air_k": 299.25, "temp_surface_c": 25.7, "temp_surface_k": 298.85, "elevation_m": 120.0, "center_lat": -7.6571, "center_lon": 107.5455, "cycle_utc": "2026-09-17T00:00:00Z"}}, {"type": "Feature", "geometry": {"type": "Polygon", "coordinates": [[[107.68181818181819, -7.704761904761905], [107.95454545454545, -7.704761904761905], [107.95454545454545, -7.609523809523809], [107.68181818181819, -7.609523809523809], [107.68181818181819, -7.704761904761905]]]}, "properties": {"temp_air_c": 26.3, "temp_air_k": 299.45, "temp_surface_c": 25.4, "temp_surface_k": 298.55, "elevation_m": 120.0, "center_lat": -7.6571, "center_lon": 107.8182, "cycle_utc": "2026-09-17T00:00:00Z"}}, {"type": "Feature", "geometry": {"type": "Polygon", "coordinates": [[[107.95454545454545, -7.704761904761905], [108.22727272727273, -7.704761904761905], [108.22727272727273, -7.609523809523809], [107.95454545454545, -7.609523809523809], [107.95454545454545, -7.704761904761905]]]}, "properties": {"temp_air_c": 26.5, "temp_air_k": 299.65, "temp_surface_c": 26.0, "temp_surface_k": 299.15, "elevation_m": 120.0, "center_lat": -7.6571, "center_lon": 108.0909, "cycle_utc": "2026-09-17T00:00:00Z"}}, {"type": "Feature", "geometry": {"type": "Polygon", "coordinates": [[[108.22727272727273, -7.704761904761905], [108.5, -7.704761904761905], [108.5, -7.609523809523809], [108.22727272727273, -7.609523809523809], [108.22727272727273, -7.704761904761905]]]}, "properties": {"temp_air_c": 26.4, "temp_air_k": 299.55, "temp_surface_c": 25.6, "temp_surface_k": 298.75, "elevation_m": 120.0, "center_lat": -7.6571, "center_lon": 108.3636, "cycle_utc": "2026-09-17T00:00:00Z"}}, {"type": "Feature", "geometry": {"type": "Polygon", "coordinates": [[[108.5, -7.704761904761905], [108.77272727272727, -7.704761904761905], [108.77272727272727, -7.609523809523809], [108.5, -7.609523809523809], [108.5, -7.704761904761905]]]}, "properties": {"temp_air_c": 26.0, "temp_air_k": 299.15, "temp_surface_c": 26.0, "temp_surface_k": 299.15, "elevation_m": 120.0, "center_lat": -7.6571, "center_lon": 108.6364, "cycle_utc": "2026-09-17T00:00:00Z"}}, {"type": "Feature", "geometry": {"type": "Polygon", "coordinates": [[[108.77272727272727, -7.704761904761905], [109.04545454545455, -7.704761904761905], [109.04545454545455, -7.609523809523809], [108.77272727272727, -7.609523809523809], [108.77272727272727, -7.704761904761905]]]}, "properties": {"temp_air_c": 26.7, "temp_air_k": 299.85, "temp_surface_c": 26.0, "temp_surface_k": 299.15, "elevation_m": 120.0, "center_lat": -7.6571, "center_lon": 108.9091, "cycle_utc": "2026-09-17T00:00:00Z"}}, {"type": "Feature", "geometry": {"type": "Polygon", "coordinates": [[[109.04545454545455, -7.704761904761905], [109.31818181818181, -7.704761904761905], [109.31818181818181, -7.609523809523809], [109.04545454545455, -7.609523809523809], [109.04545454545455, -7.704761904761905]]]}, "properties": {"temp_air_c": 26.2, "temp_air_k": 299.35, "temp_surface_c": 25.8, "temp_surface_k": 298.95, "elevation_m": 120.0, "center_lat": -7.6571, "center_lon": 109.1818, "cycle_utc": "2026-09-17T00:00:00Z"}}, {"type": "Feature", "geometry": {"type": "Polygon", "coordinates": [[[109.31818181818181, -7.704761904761905], [109.5909090909091, -7.704761904761905], [109.5909090909091, -7.609523809523809], [109.31818181818181, -7.609523809523809], [109.31818181818181, -7.704761904761905]]]}, "properties": {"temp_air_c": 26.0, "temp_air_k": 299.15, "temp_surface_c": 26.3, "temp_surface_k": 299.45, "elevation_m": 120.0, "center_lat": -7.6571, "center_lon": 109.4545, "cycle_utc": "2026-09-17T00:00:00Z"}}, {"type": "Feature", "geometry": {"type": "Polygon", "coordinates": [[[109.5909090909091, -7.704761904761905], [109.86363636363636, -7.704761904761905], [109.86363636363636, -7.609523809523809], [109.5909090909091, -7.609523809523809], [109.5909090909091, -7.704761904761905]]]}, "properties": {"temp_air_c": 26.3, "temp_air_k": 299.45, "temp_surface_c": 25.1, "temp_surface_k": 298.25, "elevation_m": 120.0, "center_lat": -7.6571, "center_lon": 109.7273, "cycle_utc": "2026-09-17T00:00:00Z"}}, {"type": "Feature", "geometry": {"type": "Polygon", "coordinates": [[[109.86363636363636, -7.704761904761905], [110.13636363636364, -7.704761904761905], [110.13636363636364, -7.609523809523809], [109.86363636363636, -7.609523809523809], [109.86363636363636, -7.704761904761905]]]}, "properties": {"temp_air_c": 26.9, "temp_air_k": 300.05, "temp_surface_c": 25.1, "temp_surface_k": 298.25, "elevation_m": 120.0, "center_lat": -7.6571, "center_lon": 110.0, "cycle_utc": "2026-09-17T00:00:00Z"}}, {"type": "Feature", "geometry": {"type": "Polygon", "coordinates": [[[110.13636363636364, -7.704761904761905], [110.4090909090909, -7.704761904761905], [110.4090909090909, -7.609523809523809], [110.13636363636364, -7.609523809523809], [110.13636363636364, -7.704761904761905]]]}, "properties": {"temp_air_c": 26.3, "temp_air_k": 299.45, "temp_surface_c": 26.0, "temp_surface_k": 299.15, "elevation_m": 120.0, "center_lat": -7.6571, "center_lon": 110.2727, "cycle_utc": "2026-09-17T00:00:00Z"}}, {"type": "Feature", "geometry": {"type": "Polygon", "coordinates": [[[110.4090909090909, -7.704761904761905], [110.68181818181819, -7.704761904761905], [110.68181818181819, -7.609523809523809], [110.4090909090909, -7.609523809523809], [110.4090909090909, -7.704761904761905]]]}, "properties": {"temp_air_c": 26.0, "temp_air_k": 299.15, "temp_surface_c": 25.5, "temp_surface_k": 298.65, "elevation_m": 120.0, "center_lat": -7.6571, "center_lon": 110.5455, "cycle_utc": "2026-09-17T00:00:00Z"}}, {"type": "Feature", "geometry": {"type": "Polygon", "coordinates": [[[110.68181818181819, -7.704761904761905], [110.95454545454545, -7.704761904761905], [110.95454545454545, -7.609523809523809], [110.68181818181819, -7.609523809523809], [110.68181818181819, -7.704761904761905]]]}, "properties": {"temp_air_c": 25.9, "temp_air_k": 299.05, "temp_surface_c": 25.9, "temp_surface_k": 299.05, "elevation_m": 120.0, "center_lat": -7.6571, "center_lon": 110.8182, "cycle_utc": "2026-09-17T00:00:00Z"}}, {"type": "Feature", "geometry": {"type": "Polygon", "coordinates": [[[110.95454545454545, -7.704761904761905], [111.22727272727272, -7.704761904761905], [111.22727272727272, -7.609523809523809], [110.95454545454545, -7.609523809523809], [110.95454545454545, -7.704761904761905]]]}, "properties": {"temp_air_c": 26.2, "temp_air_k": 299.35, "temp_surface_c": 25.3, "temp_surface_k": 298.45, "elevation_m": 120.0, "center_lat": -7.6571, "center_lon": 111.0909, "cycle_utc": "2026-09-17T00:00:00Z"}}, {"type": "Feature", "geometry": {"type": "Polygon", "coordinates": [[[111.22727272727272, -7.704761904761905], [111.5, -7.704761904761905], [111.5, -7.609523809523809], [111.22727272727272, -7.609523809523809], [111.22727272727272, -7.704761904761905]]]}, "properties": {"temp_air_c": 26.3, "temp_air_k": 299.45, "temp_surface_c": 26.2, "temp_surface_k": 299.35, "elevation_m": 120.0, "center_lat": -7.6571, "center_lon": 111.3636, "cycle_utc": "2026-09-17T00:00:00Z"}}, {"type": "Feature", "geometry": {"type": "Polygon", "coordinates": [[[111.5, -7.704761904761905], [111.77272727272727, -7.704761904761905], [111.77272727272727, -7.609523809523809], [111.5, -7.609523809523809], [111.5, -7.704761904761905]]]}, "properties": {"temp_air_c": 26.1, "temp_air_k": 299.25, "temp_surface_c": 25.7, "temp_surface_k": 298.85, "elevation_m": 120.0, "center_lat": -7.6571, "center_lon": 111.6364, "cycle_utc": "2026-09-17T00:00:00Z"}}, {"type": "Feature", "geometry": {"type": "Polygon", "coordinates": [[[111.77272727272727, -7.704761904761905], [112.04545454545455, -7.704761904761905], [112.04545454545455, -7.609523809523809], [111.77272727272727, -7.609523809523809], [111.77272727272727, -7.704761904761905]]]}, "properties": {"temp_air_c": 26.0, "temp_air_k": 299.15, "temp_surface_c": 25.8, "temp_surface_k": 298.95, "elevation_m": 120.0, "center_lat": -7.6571, "center_lon": 111.9091, "cycle_utc": "2026-09-17T00:00:00Z"}}, {"type": "Feature", "geometry": {"type": "Polygon", "coordinates": [[[112.04545454545455, -7.704761904761905], [112.31818181818181, -7.704761904761905], [112.31818181818181, -7.609523809523809], [112.04545454545455, -7.609523809523809], [112.04545454545455, -7.704761904761905]]]}, "properties": {"temp_air_c": 26.2, "temp_air_k": 299.35, "temp_surface_c": 26.0, "temp_surface_k": 299.15, "elevation_m": 120.0, "center_lat": -7.6571, "center_lon": 112.1818, "cycle_utc": "2026-09-17T00:00:00Z"}}, {"type": "Feature", "geometry": {"type": "Polygon", "coordinates": [[[112.31818181818181, -7.704761904761905], [112.5909090909091, -7.704761904761905], [112.5909090909091, -7.609523809523809], [112.31818181818181, -7.609523809523809], [112.31818181818181, -7.704761904761905]]]}, "properties": {"temp_air_c": 26.4, "temp_air_k": 299.55, "temp_surface_c": 26.0, "temp_surface_k": 299.15, "elevation_m": 120.0, "center_lat": -7.6571, "center_lon": 112.4545, "cycle_utc": "2026-09-17T00:00:00Z"}}, {"type": "Feature", "geometry": {"type": "Polygon", "coordinates": [[[112.5909090909091, -7.704761904761905], [112.86363636363636, -7.704761904761905], [112.86363636363636, -7.609523809523809], [112.5909090909091, -7.609523809523809], [112.5909090909091, -7.704761904761905]]]}, "properties": {"temp_air_c": 26.9, "temp_air_k": 300.05, "temp_surface_c": 26.2, "temp_surface_k": 299.35, "elevation_m": 120.0, "center_lat": -7.6571, "center_lon": 112.7273, "cycle_utc": "2026-09-17T00:00:00Z"}}, {"type": "Feature", "geometry": {"type": "Polygon", "coordinates": [[[112.86363636363636, -7.704761904761905], [113.13636363636364, -7.704761904761905], [113.13636363636364, -7.609523809523809], [112.86363636363636, -7.609523809523809], [112.86363636363636, -7.704761904761905]]]}, "properties": {"temp_air_c": 26.3, "temp_air_k": 299.45, "temp_surface_c": 25.2, "temp_surface_k": 298.35, "elevation_m": 120.0, "center_lat": -7.6571, "center_lon": 113.0, "cycle_utc": "2026-09-17T00:00:00Z"}}, {"type": "Feature", "geometry": {"type": "Polygon", "coordinates": [[[113.13636363636364, -7.704761904761905], [113.4090909090909, -7.704761904761905], [113.4090909090909, -7.609523809523809], [113.13636363636364, -7.609523809523809], [113.13636363636364, -7.704761904761905]]]}, "properties": {"temp_air_c": 26.7, "temp_air_k": 299.85, "temp_surface_c": 25.7, "temp_surface_k": 298.85, "elevation_m": 120.0, "center_lat": -7.6571, "center_lon": 113.2727, "cycle_utc": "2026-09-17T00:00:00Z"}}, {"type": "Feature", "geometry": {"type": "Polygon", "coordinates": [[[113.4090909090909, -7.704761904761905], [113.68181818181819, -7.704761904761905], [113.68181818181819, -7.609523809523809], [113.4090909090909, -7.609523809523809], [113.4090909090909, -7.704761904761905]]]}, "properties": {"temp_air_c": 26.3, "temp_air_k": 299.45, "temp_surface_c": 25.8, "temp_surface_k": 298.95, "elevation_m": 120.0, "center_lat": -7.6571, "center_lon": 113.5455, "cycle_utc": "2026-09-17T00:00:00Z"}}, {"type": "Feature", "geometry": {"type": "Polygon", "coordinates": [[[113.68181818181819, -7.704761904761905], [113.95454545454545, -7.704761904761905], [113.95454545454545, -7.609523809523809], [113.68181818181819, -7.609523809523809], [113.68181818181819, -7.704761904761905]]]}, "properties": {"temp_air_c": 26.7, "temp_air_k": 299.85, "temp_surface_c": 25.6, "temp_surface_k": 298.75, "elevation_m": 120.0, "center_lat": -7.6571, "center_lon": 113.8182, "cycle_utc": "2026-09-17T00:00:00Z"}}, {"type": "Feature", "geometry": {"type": "Polygon", "coordinates": [[[113.95454545454545, -7.704761904761905], [114.22727272727272, -7.704761904761905], [114.22727272727272, -7.609523809523809], [113.95454545454545, -7.609523809523809], [113.95454545454545, -7.704761904761905]]]}, "properties": {"temp_air_c": 26.2, "temp_air_k": 299.35, "temp_surface_c": 25.2, "temp_surface_k": 298.35, "elevation_m": 120.0, "center_lat": -7.6571, "center_lon": 114.0909, "cycle_utc": "2026-09-17T00:00:00Z"}}, {"type": "Feature", "geometry": {"type": "Polygon", "coordinates": [[[114.22727272727272, -7.704761904761905], [114.5, -7.704761904761905], [114.5, -7.609523809523809], [114.22727272727272, -7.609523809523809], [114.22727272727272, -7.704761904761905]]]}, "properties": {"temp_air_c": 26.3, "temp_air_k": 299.45, "temp_surface_c": 25.9, "temp_surface_k": 299.05, "elevation_m": 120.0, "center_lat": -7.6571, "center_lon": 114.3636, "cycle_utc": "2026-09-17T00:00:00Z"}}, {"type": "Feature", "geometry": {"type": "Polygon", "coordinates": [[[105.5, -7.609523809523809], [105.77272727272727, -7.609523809523809], [105.77272727272727, -7.514285714285714], [105.5, -7.514285714285714], [105.5, -7.609523809523809]]]}, "properties": {"temp_air_c": 25.9, "temp_air_k": 299.05, "temp_surface_c": 25.3, "temp_surface_k": 298.45, "elevation_m": 120.0, "center_lat": -7.5619, "center_lon": 105.6364, "cycle_utc": "2026-09-17T00:00:00Z"}}, {"type": "Feature", "geometry": {"type": "Polygon", "coordinates": [[[105.77272727272727, -7.609523809523809], [106.04545454545455, -7.609523809523809], [106.04545454545455, -7.514285714285714], [105.77272727272727, -7.514285714285714], [105.77272727272727, -7.609523809523809]]]}, "properties": {"temp_air_c": 26.2, "temp_air_k": 299.35, "temp_surface_c": 25.4, "temp_surface_k": 298.55, "elevation_m": 120.0, "center_lat": -7.5619, "center_lon": 105.9091, "cycle_utc": "2026-09-17T00:00:00Z"}}, {"type": "Feature", "geometry": {"type": "Polygon", "coordinates": [[[106.04545454545455, -7.609523809523809], [106.31818181818181, -7.609523809523809], [106.31818181818181, -7.514285714285714], [106.04545454545455, -7.514285714285714], [106.04545454545455, -7.609523809523809]]]}, "properties": {"temp_air_c": 26.1, "temp_air_k": 299.25, "temp_surface_c": 26.1, "temp_surface_k": 299.25, "elevation_m": 120.0, "center_lat": -7.5619, "center_lon": 106.1818, "cycle_utc": "2026-09-17T00:00:00Z"}}, {"type": "Feature", "geometry": {"type": "Polygon", "coordinates": [[[106.31818181818181, -7.609523809523809], [106.5909090909091, -7.609523809523809], [106.5909090909091, -7.514285714285714], [106.31818181818181, -7.514285714285714], [106.31818181818181, -7.609523809523809]]]}, "properties": {"temp_air_c": 26.4, "temp_air_k": 299.55, "temp_surface_c": 25.5, "temp_surface_k": 298.65, "elevation_m": 120.0, "center_lat": -7.5619, "center_lon": 106.4545, "cycle_utc": "2026-09-17T00:00:00Z"}}, {"type": "Feature", "geometry": {"type": "Polygon", "coordinates": [[[106.5909090909091, -7.609523809523809], [106.86363636363636, -7.609523809523809], [106.86363636363636, -7.514285714285714], [106.5909090909091, -7.514285714285714], [106.5909090909091, -7.609523809523809]]]}, "properties": {"temp_air_c": 21.3, "temp_air_k": 294.45, "temp_surface_c": 21.8, "temp_surface_k": 294.95, "elevation_m": 900.0, "center_lat": -7.5619, "center_lon": 106.7273, "cycle_utc": "2026-09-17T00:00:00Z"}}, {"type": "Feature", "geometry": {"type": "Polygon", "coordinates": [[[106.86363636363636, -7.609523809523809], [107.13636363636364, -7.609523809523809], [107.13636363636364, -7.514285714285714], [106.86363636363636, -7.514285714285714], [106.86363636363636, -7.609523809523809]]]}, "properties": {"temp_air_c": 21.5, "temp_air_k": 294.65, "temp_surface_c": 20.8, "temp_surface_k": 293.95, "elevation_m": 900.0, "center_lat": -7.5619, "center_lon": 107.0, "cycle_utc": "2026-09-17T00:00:00Z"}}, {"type": "Feature", "geometry": {"type": "Polygon", "coordinates": [[[107.13636363636364, -7.609523809523809], [107.4090909090909, -7.609523809523809], [107.4090909090909, -7.514285714285714], [107.13636363636364, -7.514285714285714], [107.13636363636364, -7.609523809523809]]]}, "properties": {"temp_air_c": 20.9, "temp_air_k": 294.05, "temp_surface_c": 21.0, "temp_surface_k": 294.15, "elevation_m": 900.0, "center_lat": -7.5619, "center_lon": 107.2727, "cycle_utc": "2026-09-17T00:00:00Z"}}, {"type": "Feature", "geometry": {"type": "Polygon", "coordinates": [[[107.4090909090909, -7.609523809523809], [107.68181818181819, -7.609523809523809], [107.68181818181819, -7.514285714285714], [107.4090909090909, -7.514285714285714], [107.4090909090909, -7.609523809523809]]]}, "properties": {"temp_air_c": 21.2, "temp_air_k": 294.35, "temp_surface_c": 20.8, "temp_surface_k": 293.95, "elevation_m": 900.0, "center_lat": -7.5619, "center_lon": 107.5455, "cycle_utc": "2026-09-17T00:00:00Z"}}, {"type": "Feature", "geometry": {"type": "Polygon", "coordinates": [[[107.68181818181819, -7.609523809523809], [107.95454545454545, -7.609523809523809], [107.95454545454545, -7.514285714285714], [107.68181818181819, -7.514285714285714], [107.68181818181819, -7.609523809523809]]]}, "properties": {"temp_air_c": 21.2, "temp_air_k": 294.35, "temp_surface_c": 21.3, "temp_surface_k": 294.45, "elevation_m": 900.0, "center_lat": -7.5619, "center_lon": 107.8182, "cycle_utc": "2026-09-17T00:00:00Z"}}, {"type": "Feature", "geometry": {"type": "Polygon", "coordinates": [[[107.95454545454545, -7.609523809523809], [108.22727272727273, -7.609523809523809], [108.22727272727273, -7.514285714285714], [107.95454545454545, -7.514285714285714], [107.95454545454545, -7.609523809523809]]]}, "properties": {"temp_air_c": 26.4, "temp_air_k": 299.55, "temp_surface_c": 26.5, "temp_surface_k": 299.65, "elevation_m": 120.0, "center_lat": -7.5619, "center_lon": 108.0909, "cycle_utc": "2026-09-17T00:00:00Z"}}, {"type": "Feature", "geometry": {"type": "Polygon", "coordinates": [[[108.22727272727273, -7.609523809523809], [108.5, -7.609523809523809], [108.5, -7.514285714285714], [108.22727272727273, -7.514285714285714], [108.22727272727273, -7.609523809523809]]]}, "properties": {"temp_air_c": 26.0, "temp_air_k": 299.15, "temp_surface_c": 26.0, "temp_surface_k": 299.15, "elevation_m": 120.0, "center_lat": -7.5619, "center_lon": 108.3636, "cycle_utc": "2026-09-17T00:00:00Z"}}, {"type": "Feature", "geometry": {"type": "Polygon", "coordinates": [[[108.5, -7.609523809523809], [108.77272727272727, -7.609523809523809], [108.77272727272727, -7.514285714285714], [108.5, -7.514285714285714], [108.5, -7.609523809523809]]]}, "properties": {"temp_air_c": 27.0, "temp_air_k": 300.15, "temp_surface_c": 25.7, "temp_surface_k": 298.85, "elevation_m": 120.0, "center_lat": -7.5619, "center_lon": 108.6364, "cycle_utc": "2026-09-17T00:00:00Z"}}, {"type": "Feature", "geometry": {"type": "Polygon", "coordinates": [[[108.77272727272727, -7.609523809523809], [109.04545454545455, -7.609523809523809], [109.04545454545455, -7.514285714285714], [108.77272727272727, -7.514285714285714], [108.77272727272727, -7.609523809523809]]]}, "properties": {"temp_air_c": 25.9, "temp_air_k": 299.05, "temp_surface_c": 25.9, "temp_surface_k": 299.05, "elevation_m": 120.0, "center_lat": -7.5619, "center_lon": 108.9091, "cycle_utc": "2026-09-17T00:00:00Z"}}, {"type": "Feature", "geometry": {"type": "Polygon", "coordinates": [[[109.04545454545455, -7.609523809523809], [109.31818181818181, -7.609523809523809], [109.31818181818181, -7.514285714285714], [109.04545454545455, -7.514285714285714], [109.04545454545455, -7.609523809523809]]]}, "properties": {"temp_air_c": 26.3, "temp_air_k": 299.45, "temp_surface_c": 25.9, "temp_surface_k": 299.05, "elevation_m": 120.0, "center_lat": -7.5619, "center_lon": 109.1818, "cycle_utc": "2026-09-17T00:00:00Z"}}, {"type": "Feature", "geometry": {"type": "Polygon", "coordinates": [[[109.31818181818181, -7.609523809523809], [109.5909090909091, -7.609523809523809], [109.5909090909091, -7.514285714285714], [109.31818181818181, -7.514285714285714], [109.31818181818181, -7.609523809523809]]]}, "properties": {"temp_air_c": 26.8, "temp_air_k": 299.95, "temp_surface_c": 25.8, "temp_surface_k": 298.95, "elevation_m": 120.0, "center_lat": -7.5619, "center_lon": 109.4545, "cycle_utc": "2026-09-17T00:00:00Z"}}, {"type": "Feature", "geometry": {"type": "Polygon", "coordinates": [[[109.5909090909091, -7.609523809523809], [109.86363636363636, -7.609523809523809], [109.86363636363636, -7.514285714285714], [109.5909090909091, -7.514285714285714], [109.5909090909091, -7.609523809523809]]]}, "properties": {"temp_air_c": 26.4, "temp_air_k": 299.55, "temp_surface_c": 26.1, "temp_surface_k": 299.25, "elevation_m": 120.0, "center_lat": -7.5619, "center_lon": 109.7273, "cycle_utc": "2026-09-17T00:00:00Z"}}, {"type": "Feature", "geometry": {"type": "Polygon", "coordinates": [[[109.86363636363636, -7.609523809523809], [110.13636363636364, -7.609523809523809], [110.13636363636364, -7.514285714285714], [109.86363636363636, -7.514285714285714], [109.86363636363636, -7.609523809523809]]]}, "properties": {"temp_air_c": 21.9, "temp_air_k": 295.05, "temp_surface_c": 20.7, "temp_surface_k": 293.85, "elevation_m": 900.0, "center_lat": -7.5619, "center_lon": 110.0, "cycle_utc": "2026-09-17T00:00:00Z"}}, {"type": "Feature", "geometry": {"type": "Polygon", "coordinates": [[[110.13636363636364, -7.609523809523809], [110.4090909090909, -7.609523809523809], [110.4090909090909, -7.514285714285714], [110.13636363636364, -7.514285714285714], [110.13636363636364, -7.609523809523809]]]}, "properties": {"temp_air_c": 20.8, "temp_air_k": 293.95, "temp_surface_c": 21.2, "temp_surface_k": 294.35, "elevation_m": 900.0, "center_lat": -7.5619, "center_lon": 110.2727, "cycle_utc": "2026-09-17T00:00:00Z"}}, {"type": "Feature", "geometry": {"type": "Polygon", "coordinates": [[[110.4090909090909, -7.609523809523809], [110.68181818181819, -7.609523809523809], [110.68181818181819, -7.514285714285714], [110.4090909090909, -7.514285714285714], [110.4090909090909, -7.609523809523809]]]}, "properties": {"temp_air_c": 21.6, "temp_air_k": 294.75, "temp_surface_c": 21.2, "temp_surface_k": 294.35, "elevation_m": 900.0, "center_lat": -7.5619, "center_lon": 110.5455, "cycle_utc": "2026-09-17T00:00:00Z"}}, {"type": "Feature", "geometry": {"type": "Polygon", "coordinates": [[[110.68181818181819, -7.609523809523809], [110.95454545454545, -7.609523809523809], [110.95454545454545, -7.514285714285714], [110.68181818181819, -7.514285714285714], [110.68181818181819, -7.609523809523809]]]}, "properties": {"temp_air_c": 21.7, "temp_air_k": 294.85, "temp_surface_c": 21.5, "temp_surface_k": 294.65, "elevation_m": 900.0, "center_lat": -7.5619, "center_lon": 110.8182, "cycle_utc": "2026-09-17T00:00:00Z"}}, {"type": "Feature", "geometry": {"type": "Polygon", "coordinates": [[[110.95454545454545, -7.609523809523809], [111.22727272727272, -7.609523809523809], [111.22727272727272, -7.514285714285714], [110.95454545454545, -7.514285714285714], [110.95454545454545, -7.609523809523809]]]}, "properties": {"temp_air_c": 21.9, "temp_air_k": 295.05, "temp_surface_c": 21.0, "temp_surface_k": 294.15, "elevation_m": 900.0, "center_lat": -7.5619, "center_lon": 111.0909, "cycle_utc": "2026-09-17T00:00:00Z"}}, {"type": "Feature", "geometry": {"type": "Polygon", "coordinates": [[[111.22727272727272, -7.609523809523809], [111.5, -7.609523809523809], [111.5, -7.514285714285714], [111.22727272727272, -7.514285714285714], [111.22727272727272, -7.609523809523809]]]}, "properties": {"temp_air_c": 21.1, "temp_air_k": 294.25, "temp_surface_c": 21.3, "temp_surface_k": 294.45, "elevation_m": 900.0, "center_lat": -7.5619, "center_lon": 111.3636, "cycle_utc": "2026-09-17T00:00:00Z"}}, {"type": "Feature", "geometry": {"type": "Polygon", "coordinates": [[[111.5, -7.609523809523809], [111.77272727272727, -7.609523809523809], [111.77272727272727, -7.514285714285714], [111.5, -7.514285714285714], [111.5, -7.609523809523809]]]}, "properties": {"temp_air_c": 21.5, "temp_air_k": 294.65, "temp_surface_c": 21.4, "temp_surface_k": 294.55, "elevation_m": 900.0, "center_lat": -7.5619, "center_lon": 111.6364, "cycle_utc": "2026-09-17T00:00:00Z"}}, {"type": "Feature", "geometry": {"type": "Polygon", "coordinates": [[[111.77272727272727, -7.609523809523809], [112.04545454545455, -7.609523809523809], [112.04545454545455, -7.514285714285714], [111.77272727272727, -7.514285714285714], [111.77272727272727, -7.609523809523809]]]}, "properties": {"temp_air_c": 22.0, "temp_air_k": 295.15, "temp_surface_c": 21.5, "temp_surface_k": 294.65, "elevation_m": 900.0, "center_lat": -7.5619, "center_lon": 111.9091, "cycle_utc": "2026-09-17T00:00:00Z"}}, {"type": "Feature", "geometry": {"type": "Polygon", "coordinates": [[[112.04545454545455, -7.609523809523809], [112.31818181818181, -7.609523809523809], [112.31818181818181, -7.514285714285714], [112.04545454545455, -7.514285714285714], [112.04545454545455, -7.609523809523809]]]}, "properties": {"temp_air_c": 21.5, "temp_air_k": 294.65, "temp_surface_c": 21.1, "temp_surface_k": 294.25, "elevation_m": 900.0, "center_lat": -7.5619, "center_lon": 112.1818, "cycle_utc": "2026-09-17T00:00:00Z"}}, {"type": "Feature", "geometry": {"type": "Polygon", "coordinates": [[[112.31818181818181, -7.609523809523809], [112.5909090909091, -7.609523809523809], [112.5909090909091, -7.514285714285714], [112.31818181818181, -7.514285714285714], [112.31818181818181, -7.609523809523809]]]}, "properties": {"temp_air_c": 21.1, "temp_air_k": 294.25, "temp_surface_c": 21.4, "temp_surface_k": 294.55, "elevation_m": 900.0, "center_lat": -7.5619, "center_lon": 112.4545, "cycle_utc": "2026-09-17T00:00:00Z"}}, {"type": "Feature", "geometry": {"type": "Polygon", "coordinates": [[[112.5909090909091, -7.609523809523809], [112.86363636363636, -7.609523809523809], [112.86363636363636, -7.514285714285714], [112.5909090909091, -7.514285714285714], [112.5909090909091, -7.609523809523809]]]}, "properties": {"temp_air_c": 23.2, "temp_air_k": 296.35, "temp_surface_c": 25.2, "temp_surface_k": 298.35, "elevation_m": 900.0, "center_lat": -7.5619, "center_lon": 112.7273, "cycle_utc": "2026-09-17T00:00:00Z"}}, {"type": "Feature", "geometry": {"type": "Polygon", "coordinates": [[[112.86363636363636, -7.609523809523809], [113.13636363636364, -7.609523809523809], [113.13636363636364, -7.514285714285714], [112.86363636363636, -7.514285714285714], [112.86363636363636, -7.609523809523809]]]}, "properties": {"temp_air_c": 26.5, "temp_air_k": 299.65, "temp_surface_c": 25.9, "temp_surface_k": 299.05, "elevation_m": 120.0, "center_lat": -7.5619, "center_lon": 113.0, "cycle_utc": "2026-09-17T00:00:00Z"}}, {"type": "Feature", "geometry": {"type": "Polygon", "coordinates": [[[113.13636363636364, -7.609523809523809], [113.4090909090909, -7.609523809523809], [113.4090909090909, -7.514285714285714], [113.13636363636364, -7.514285714285714], [113.13636363636364, -7.609523809523809]]]}, "properties": {"temp_air_c": 26.3, "temp_air_k": 299.45, "temp_surface_c": 25.6, "temp_surface_k": 298.75, "elevation_m": 120.0, "center_lat": -7.5619, "center_lon": 113.2727, "cycle_utc": "2026-09-17T00:00:00Z"}}, {"type": "Feature", "geometry": {"type": "Polygon", "coordinates": [[[113.4090909090909, -7.609523809523809], [113.68181818181819, -7.609523809523809], [113.68181818181819, -7.514285714285714], [113.4090909090909, -7.514285714285714], [113.4090909090909, -7.609523809523809]]]}, "properties": {"temp_air_c": 26.5, "temp_air_k": 299.65, "temp_surface_c": 25.6, "temp_surface_k": 298.75, "elevation_m": 120.0, "center_lat": -7.5619, "center_lon": 113.5455, "cycle_utc": "2026-09-17T00:00:00Z"}}, {"type": "Feature", "geometry": {"type": "Polygon", "coordinates": [[[113.68181818181819, -7.609523809523809], [113.95454545454545, -7.609523809523809], [113.95454545454545, -7.514285714285714], [113.68181818181819, -7.514285714285714], [113.68181818181819, -7.609523809523809]]]}, "properties": {"temp_air_c": 26.6, "temp_air_k": 299.75, "temp_surface_c": 25.3, "temp_surface_k": 298.45, "elevation_m": 120.0, "center_lat": -7.5619, "center_lon": 113.8182, "cycle_utc": "2026-09-17T00:00:00Z"}}, {"type": "Feature", "geometry": {"type": "Polygon", "coordinates": [[[113.95454545454545, -7.609523809523809], [114.22727272727272, -7.609523809523809], [114.22727272727272, -7.514285714285714], [113.95454545454545, -7.514285714285714], [113.95454545454545, -7.609523809523809]]]}, "properties": {"temp_air_c": 26.6, "temp_air_k": 299.75, "temp_surface_c": 26.3, "temp_surface_k": 299.45, "elevation_m": 120.0, "center_lat": -7.5619, "center_lon": 114.0909, "cycle_utc": "2026-09-17T00:00:00Z"}}, {"type": "Feature", "geometry": {"type": "Polygon", "coordinates": [[[114.22727272727272, -7.609523809523809], [114.5, -7.609523809523809], [114.5, -7.514285714285714], [114.22727272727272, -7.514285714285714], [114.22727272727272, -7.609523809523809]]]}, "properties": {"temp_air_c": 27.0, "temp_air_k": 300.15, "temp_surface_c": 25.3, "temp_surface_k": 298.45, "elevation_m": 120.0, "center_lat": -7.5619, "center_lon": 114.3636, "cycle_utc": "2026-09-17T00:00:00Z"}}, {"type": "Feature", "geometry": {"type": "Polygon", "coordinates": [[[105.5, -7.514285714285714], [105.77272727272727, -7.514285714285714], [105.77272727272727, -7.419047619047619], [105.5, -7.419047619047619], [105.5, -7.514285714285714]]]}, "properties": {"temp_air_c": 27.0, "temp_air_k": 300.15, "temp_surface_c": 26.4, "temp_surface_k": 299.55, "elevation_m": 120.0, "center_lat": -7.4667, "center_lon": 105.6364, "cycle_utc": "2026-09-17T00:00:00Z"}}, {"type": "Feature", "geometry": {"type": "Polygon", "coordinates": [[[105.77272727272727, -7.514285714285714], [106.04545454545455, -7.514285714285714], [106.04545454545455, -7.419047619047619], [105.77272727272727, -7.419047619047619], [105.77272727272727, -7.514285714285714]]]}, "properties": {"temp_air_c": 26.5, "temp_air_k": 299.65, "temp_surface_c": 25.9, "temp_surface_k": 299.05, "elevation_m": 120.0, "center_lat": -7.4667, "center_lon": 105.9091, "cycle_utc": "2026-09-17T00:00:00Z"}}, {"type": "Feature", "geometry": {"type": "Polygon", "coordinates": [[[106.04545454545455, -7.514285714285714], [106.31818181818181, -7.514285714285714], [106.31818181818181, -7.419047619047619], [106.04545454545455, -7.419047619047619], [106.04545454545455, -7.514285714285714]]]}, "properties": {"temp_air_c": 26.8, "temp_air_k": 299.95, "temp_surface_c": 25.7, "temp_surface_k": 298.85, "elevation_m": 120.0, "center_lat": -7.4667, "center_lon": 106.1818, "cycle_utc": "2026-09-17T00:00:00Z"}}, {"type": "Feature", "geometry": {"type": "Polygon", "coordinates": [[[106.31818181818181, -7.514285714285714], [106.5909090909091, -7.514285714285714], [106.5909090909091, -7.419047619047619], [106.31818181818181, -7.419047619047619], [106.31818181818181, -7.514285714285714]]]}, "properties": {"temp_air_c": 26.1, "temp_air_k": 299.25, "temp_surface_c": 25.4, "temp_surface_k": 298.55, "elevation_m": 120.0, "center_lat": -7.4667, "center_lon": 106.4545, "cycle_utc": "2026-09-17T00:00:00Z"}}, {"type": "Feature", "geometry": {"type": "Polygon", "coordinates": [[[106.5909090909091, -7.514285714285714], [106.86363636363636, -7.514285714285714], [106.86363636363636, -7.419047619047619], [106.5909090909091, -7.419047619047619], [106.5909090909091, -7.514285714285714]]]}, "properties": {"temp_air_c": 21.6, "temp_air_k": 294.75, "temp_surface_c": 20.9, "temp_surface_k": 294.05, "elevation_m": 900.0, "center_lat": -7.4667, "center_lon": 106.7273, "cycle_utc": "2026-09-17T00:00:00Z"}}, {"type": "Feature", "geometry": {"type": "Polygon", "coordinates": [[[106.86363636363636, -7.514285714285714], [107.13636363636364, -7.514285714285714], [107.13636363636364, -7.419047619047619], [106.86363636363636, -7.419047619047619], [106.86363636363636, -7.514285714285714]]]}, "properties": {"temp_air_c": 21.9, "temp_air_k": 295.05, "temp_surface_c": 21.5, "temp_surface_k": 294.65, "elevation_m": 900.0, "center_lat": -7.4667, "center_lon": 107.0, "cycle_utc": "2026-09-17T00:00:00Z"}}, {"type": "Feature", "geometry": {"type": "Polygon", "coordinates": [[[107.13636363636364, -7.514285714285714], [107.4090909090909, -7.514285714285714], [107.4090909090909, -7.419047619047619], [107.13636363636364, -7.419047619047619], [107.13636363636364, -7.514285714285714]]]}, "properties": {"temp_air_c": 20.9, "temp_air_k": 294.05, "temp_surface_c": 20.9, "temp_surface_k": 294.05, "elevation_m": 900.0, "center_lat": -7.4667, "center_lon": 107.2727, "cycle_utc": "2026-09-17T00:00:00Z"}}, {"type": "Feature", "geometry": {"type": "Polygon", "coordinates": [[[107.4090909090909, -7.514285714285714], [107.68181818181819, -7.514285714285714], [107.68181818181819, -7.419047619047619], [107.4090909090909, -7.419047619047619], [107.4090909090909, -7.514285714285714]]]}, "properties": {"temp_air_c": 21.0, "temp_air_k": 294.15, "temp_surface_c": 21.1, "temp_surface_k": 294.25, "elevation_m": 900.0, "center_lat": -7.4667, "center_lon": 107.5455, "cycle_utc": "2026-09-17T00:00:00Z"}}, {"type": "Feature", "geometry": {"type": "Polygon", "coordinates": [[[107.68181818181819, -7.514285714285714], [107.95454545454545, -7.514285714285714], [107.95454545454545, -7.419047619047619], [107.68181818181819, -7.419047619047619], [107.68181818181819, -7.514285714285714]]]}, "properties": {"temp_air_c": 21.3, "temp_air_k": 294.45, "temp_surface_c": 21.6, "temp_surface_k": 294.75, "elevation_m": 900.0, "center_lat": -7.4667, "center_lon": 107.8182, "cycle_utc": "2026-09-17T00:00:00Z"}}, {"type": "Feature", "geometry": {"type": "Polygon", "coordinates": [[[107.95454545454545, -7.514285714285714], [108.22727272727273, -7.514285714285714], [108.22727272727273, -7.419047619047619], [107.95454545454545, -7.419047619047619], [107.95454545454545, -7.514285714285714]]]}, "properties": {"temp_air_c": 26.6, "temp_air_k": 299.75, "temp_surface_c": 25.6, "temp_surface_k": 298.75, "elevation_m": 120.0, "center_lat": -7.4667, "center_lon": 108.0909, "cycle_utc": "2026-09-17T00:00:00Z"}}, {"type": "Feature", "geometry": {"type": "Polygon", "coordinates": [[[108.22727272727273, -7.514285714285714], [108.5, -7.514285714285714], [108.5, -7.419047619047619], [108.22727272727273, -7.419047619047619], [108.22727272727273, -7.514285714285714]]]}, "properties": {"temp_air_c": 26.0, "temp_air_k": 299.15, "temp_surface_c": 25.8, "temp_surface_k": 298.95, "elevation_m": 120.0, "center_lat": -7.4667, "center_lon": 108.3636, "cycle_utc": "2026-09-17T00:00:00Z"}}, {"type": "Feature", "geometry": {"type": "Polygon", "coordinates": [[[108.5, -7.514285714285714], [108.77272727272727, -7.514285714285714], [108.77272727272727, -7.419047619047619], [108.5, -7.419047619047619], [108.5, -7.514285714285714]]]}, "properties": {"temp_air_c": 26.4, "temp_air_k": 299.55, "temp_surface_c": 25.7, "temp_surface_k": 298.85, "elevation_m": 120.0, "center_lat": -7.4667, "center_lon": 108.6364, "cycle_utc": "2026-09-17T00:00:00Z"}}, {"type": "Feature", "geometry": {"type": "Polygon", "coordinates": [[[108.77272727272727, -7.514285714285714], [109.04545454545455, -7.514285714285714], [109.04545454545455, -7.419047619047619], [108.77272727272727, -7.419047619047619], [108.77272727272727, -7.514285714285714]]]}, "properties": {"temp_air_c": 26.0, "temp_air_k": 299.15, "temp_surface_c": 25.9, "temp_surface_k": 299.05, "elevation_m": 120.0, "center_lat": -7.4667, "center_lon": 108.9091, "cycle_utc": "2026-09-17T00:00:00Z"}}, {"type": "Feature", "geometry": {"type": "Polygon", "coordinates": [[[109.04545454545455, -7.514285714285714], [109.31818181818181, -7.514285714285714], [109.31818181818181, -7.419047619047619], [109.04545454545455, -7.419047619047619], [109.04545454545455, -7.514285714285714]]]}, "properties": {"temp_air_c": 26.6, "temp_air_k": 299.75, "temp_surface_c": 24.9, "temp_surface_k": 298.05, "elevation_m": 120.0, "center_lat": -7.4667, "center_lon": 109.1818, "cycle_utc": "2026-09-17T00:00:00Z"}}, {"type": "Feature", "geometry": {"type": "Polygon", "coordinates": [[[109.31818181818181, -7.514285714285714], [109.5909090909091, -7.514285714285714], [109.5909090909091, -7.419047619047619], [109.31818181818181, -7.419047619047619], [109.31818181818181, -7.514285714285714]]]}, "properties": {"temp_air_c": 26.6, "temp_air_k": 299.75, "temp_surface_c": 25.5, "temp_surface_k": 298.65, "elevation_m": 120.0, "center_lat": -7.4667, "center_lon": 109.4545, "cycle_utc": "2026-09-17T00:00:00Z"}}, {"type": "Feature", "geometry": {"type": "Polygon", "coordinates": [[[109.5909090909091, -7.514285714285714], [109.86363636363636, -7.514285714285714], [109.86363636363636, -7.419047619047619], [109.5909090909091, -7.419047619047619], [109.5909090909091, -7.514285714285714]]]}, "properties": {"temp_air_c": 25.8, "temp_air_k": 298.95, "temp_surface_c": 25.3, "temp_surface_k": 298.45, "elevation_m": 120.0, "center_lat": -7.4667, "center_lon": 109.7273, "cycle_utc": "2026-09-17T00:00:00Z"}}, {"type": "Feature", "geometry": {"type": "Polygon", "coordinates": [[[109.86363636363636, -7.514285714285714], [110.13636363636364, -7.514285714285714], [110.13636363636364, -7.419047619047619], [109.86363636363636, -7.419047619047619], [109.86363636363636, -7.514285714285714]]]}, "properties": {"temp_air_c": 21.2, "temp_air_k": 294.35, "temp_surface_c": 20.5, "temp_surface_k": 293.65, "elevation_m": 900.0, "center_lat": -7.4667, "center_lon": 110.0, "cycle_utc": "2026-09-17T00:00:00Z"}}, {"type": "Feature", "geometry": {"type": "Polygon", "coordinates": [[[110.13636363636364, -7.514285714285714], [110.4090909090909, -7.514285714285714], [110.4090909090909, -7.419047619047619], [110.13636363636364, -7.419047619047619], [110.13636363636364, -7.514285714285714]]]}, "properties": {"temp_air_c": 21.8, "temp_air_k": 294.95, "temp_surface_c": 21.3, "temp_surface_k": 294.45, "elevation_m": 900.0, "center_lat": -7.4667, "center_lon": 110.2727, "cycle_utc": "2026-09-17T00:00:00Z"}}, {"type": "Feature", "geometry": {"type": "Polygon", "coordinates": [[[110.4090909090909, -7.514285714285714], [110.68181818181819, -7.514285714285714], [110.68181818181819, -7.419047619047619], [110.4090909090909, -7.419047619047619], [110.4090909090909, -7.514285714285714]]]}, "properties": {"temp_air_c": 21.2, "temp_air_k": 294.35, "temp_surface_c": 21.6, "temp_surface_k": 294.75, "elevation_m": 900.0, "center_lat": -7.4667, "center_lon": 110.5455, "cycle_utc": "2026-09-17T00:00:00Z"}}, {"type": "Feature", "geometry": {"type": "Polygon", "coordinates": [[[110.68181818181819, -7.514285714285714], [110.95454545454545, -7.514285714285714], [110.95454545454545, -7.419047619047619], [110.68181818181819, -7.419047619047619], [110.68181818181819, -7.514285714285714]]]}, "properties": {"temp_air_c": 21.4, "temp_air_k": 294.55, "temp_surface_c": 20.7, "temp_surface_k": 293.85, "elevation_m": 900.0, "center_lat": -7.4667, "center_lon": 110.8182, "cycle_utc": "2026-09-17T00:00:00Z"}}, {"type": "Feature", "geometry": {"type": "Polygon", "coordinates": [[[110.95454545454545, -7.514285714285714], [111.22727272727272, -7.514285714285714], [111.22727272727272, -7.419047619047619], [110.95454545454545, -7.419047619047619], [110.95454545454545, -7.514285714285714]]]}, "properties": {"temp_air_c": 21.6, "temp_air_k": 294.75, "temp_surface_c": 20.3, "temp_surface_k": 293.45, "elevation_m": 900.0, "center_lat": -7.4667, "center_lon": 111.0909, "cycle_utc": "2026-09-17T00:00:00Z"}}, {"type": "Feature", "geometry": {"type": "Polygon", "coordinates": [[[111.22727272727272, -7.514285714285714], [111.5, -7.514285714285714], [111.5, -7.419047619047619], [111.22727272727272, -7.419047619047619], [111.22727272727272, -7.514285714285714]]]}, "properties": {"temp_air_c": 21.2, "temp_air_k": 294.35, "temp_surface_c": 20.5, "temp_surface_k": 293.65, "elevation_m": 900.0, "center_lat": -7.4667, "center_lon": 111.3636, "cycle_utc": "2026-09-17T00:00:00Z"}}, {"type": "Feature", "geometry": {"type": "Polygon", "coordinates": [[[111.5, -7.514285714285714], [111.77272727272727, -7.514285714285714], [111.77272727272727, -7.419047619047619], [111.5, -7.419047619047619], [111.5, -7.514285714285714]]]}, "properties": {"temp_air_c": 20.9, "temp_air_k": 294.05, "temp_surface_c": 20.9, "temp_surface_k": 294.05, "elevation_m": 900.0, "center_lat": -7.4667, "center_lon": 111.6364, "cycle_utc": "2026-09-17T00:00:00Z"}}, {"type": "Feature", "geometry": {"type": "Polygon", "coordinates": [[[111.77272727272727, -7.514285714285714], [112.04545454545455, -7.514285714285714], [112.04545454545455, -7.419047619047619], [111.77272727272727, -7.419047619047619], [111.77272727272727, -7.514285714285714]]]}, "properties": {"temp_air_c": 21.2, "temp_air_k": 294.35, "temp_surface_c": 21.9, "temp_surface_k": 295.05, "elevation_m": 900.0, "center_lat": -7.4667, "center_lon": 111.9091, "cycle_utc": "2026-09-17T00:00:00Z"}}, {"type": "Feature", "geometry": {"type": "Polygon", "coordinates": [[[112.04545454545455, -7.514285714285714], [112.31818181818181, -7.514285714285714], [112.31818181818181, -7.419047619047619], [112.04545454545455, -7.419047619047619], [112.04545454545455, -7.514285714285714]]]}, "properties": {"temp_air_c": 21.4, "temp_air_k": 294.55, "temp_surface_c": 21.5, "temp_surface_k": 294.65, "elevation_m": 900.0, "center_lat": -7.4667, "center_lon": 112.1818, "cycle_utc": "2026-09-17T00:00:00Z"}}, {"type": "Feature", "geometry": {"type": "Polygon", "coordinates": [[[112.31818181818181, -7.514285714285714], [112.5909090909091, -7.514285714285714], [112.5909090909091, -7.419047619047619], [112.31818181818181, -7.419047619047619], [112.31818181818181, -7.514285714285714]]]}, "properties": {"temp_air_c": 20.8, "temp_air_k": 293.95, "temp_surface_c": 20.8, "temp_surface_k": 293.95, "elevation_m": 900.0, "center_lat": -7.4667, "center_lon": 112.4545, "cycle_utc": "2026-09-17T00:00:00Z"}}, {"type": "Feature", "geometry": {"type": "Polygon", "coordinates": [[[112.5909090909091, -7.514285714285714], [112.86363636363636, -7.514285714285714], [112.86363636363636, -7.419047619047619], [112.5909090909091, -7.419047619047619], [112.5909090909091, -7.514285714285714]]]}, "properties": {"temp_air_c": 23.2, "temp_air_k": 296.35, "temp_surface_c": 24.7, "temp_surface_k": 297.85, "elevation_m": 900.0, "center_lat": -7.4667, "center_lon": 112.7273, "cycle_utc": "2026-09-17T00:00:00Z"}}, {"type": "Feature", "geometry": {"type": "Polygon", "coordinates": [[[112.86363636363636, -7.514285714285714], [113.13636363636364, -7.514285714285714], [113.13636363636364, -7.419047619047619], [112.86363636363636, -7.419047619047619], [112.86363636363636, -7.514285714285714]]]}, "properties": {"temp_air_c": 28.6, "temp_air_k": 301.75, "temp_surface_c": 29.3, "temp_surface_k": 302.45, "elevation_m": 120.0, "center_lat": -7.4667, "center_lon": 113.0, "cycle_utc": "2026-09-17T00:00:00Z"}}, {"type": "Feature", "geometry": {"type": "Polygon", "coordinates": [[[113.13636363636364, -7.514285714285714], [113.4090909090909, -7.514285714285714], [113.4090909090909, -7.419047619047619], [113.13636363636364, -7.419047619047619], [113.13636363636364, -7.514285714285714]]]}, "properties": {"temp_air_c": 26.7, "temp_air_k": 299.85, "temp_surface_c": 26.0, "temp_surface_k": 299.15, "elevation_m": 120.0, "center_lat": -7.4667, "center_lon": 113.2727, "cycle_utc": "2026-09-17T00:00:00Z"}}, {"type": "Feature", "geometry": {"type": "Polygon", "coordinates": [[[113.4090909090909, -7.514285714285714], [113.68181818181819, -7.514285714285714], [113.68181818181819, -7.419047619047619], [113.4090909090909, -7.419047619047619], [113.4090909090909, -7.514285714285714]]]}, "properties": {"temp_air_c": 26.5, "temp_air_k": 299.65, "temp_surface_c": 26.2, "temp_surface_k": 299.35, "elevation_m": 120.0, "center_lat": -7.4667, "center_lon": 113.5455, "cycle_utc": "2026-09-17T00:00:00Z"}}, {"type": "Feature", "geometry": {"type": "Polygon", "coordinates": [[[113.68181818181819, -7.514285714285714], [113.95454545454545, -7.514285714285714], [113.95454545454545, -7.419047619047619], [113.68181818181819, -7.419047619047619], [113.68181818181819, -7.514285714285714]]]}, "properties": {"temp_air_c": 26.3, "temp_air_k": 299.45, "temp_surface_c": 25.8, "temp_surface_k": 298.95, "elevation_m": 120.0, "center_lat": -7.4667, "center_lon": 113.8182, "cycle_utc": "2026-09-17T00:00:00Z"}}, {"type": "Feature", "geometry": {"type": "Polygon", "coordinates": [[[113.95454545454545, -7.514285714285714], [114.22727272727272, -7.514285714285714], [114.22727272727272, -7.419047619047619], [113.95454545454545, -7.419047619047619], [113.95454545454545, -7.514285714285714]]]}, "properties": {"temp_air_c": 26.8, "temp_air_k": 299.95, "temp_surface_c": 25.8, "temp_surface_k": 298.95, "elevation_m": 120.0, "center_lat": -7.4667, "center_lon": 114.0909, "cycle_utc": "2026-09-17T00:00:00Z"}}, {"type": "Feature", "geometry": {"type": "Polygon", "coordinates": [[[114.22727272727272, -7.514285714285714], [114.5, -7.514285714285714], [114.5, -7.419047619047619], [114.22727272727272, -7.419047619047619], [114.22727272727272, -7.514285714285714]]]}, "properties": {"temp_air_c": 26.3, "temp_air_k": 299.45, "temp_surface_c": 25.9, "temp_surface_k": 299.05, "elevation_m": 120.0, "center_lat": -7.4667, "center_lon": 114.3636, "cycle_utc": "2026-09-17T00:00:00Z"}}, {"type": "Feature", "geometry": {"type": "Polygon", "coordinates": [[[105.5, -7.419047619047619], [105.77272727272727, -7.419047619047619], [105.77272727272727, -7.3238095238095235], [105.5, -7.3238095238095235], [105.5, -7.419047619047619]]]}, "properties": {"temp_air_c": 26.6, "temp_air_k": 299.75, "temp_surface_c": 25.8, "temp_surface_k": 298.95, "elevation_m": 120.0, "center_lat": -7.3714, "center_lon": 105.6364, "cycle_utc": "2026-09-17T00:00:00Z"}}, {"type": "Feature", "geometry": {"type": "Polygon", "coordinates": [[[105.77272727272727, -7.419047619047619], [106.04545454545455, -7.419047619047619], [106.04545454545455, -7.3238095238095235], [105.77272727272727, -7.3238095238095235], [105.77272727272727, -7.419047619047619]]]}, "properties": {"temp_air_c": 26.3, "temp_air_k": 299.45, "temp_surface_c": 25.2, "temp_surface_k": 298.35, "elevation_m": 120.0, "center_lat": -7.3714, "center_lon": 105.9091, "cycle_utc": "2026-09-17T00:00:00Z"}}, {"type": "Feature", "geometry": {"type": "Polygon", "coordinates": [[[106.04545454545455, -7.419047619047619], [106.31818181818181, -7.419047619047619], [106.31818181818181, -7.3238095238095235], [106.04545454545455, -7.3238095238095235], [106.04545454545455, -7.419047619047619]]]}, "properties": {"temp_air_c": 26.2, "temp_air_k": 299.35, "temp_surface_c": 26.3, "temp_surface_k": 299.45, "elevation_m": 120.0, "center_lat": -7.3714, "center_lon": 106.1818, "cycle_utc": "2026-09-17T00:00:00Z"}}, {"type": "Feature", "geometry": {"type": "Polygon", "coordinates": [[[106.31818181818181, -7.419047619047619], [106.5909090909091, -7.419047619047619], [106.5909090909091, -7.3238095238095235], [106.31818181818181, -7.3238095238095235], [106.31818181818181, -7.419047619047619]]]}, "properties": {"temp_air_c": 26.4, "temp_air_k": 299.55, "temp_surface_c": 25.8, "temp_surface_k": 298.95, "elevation_m": 120.0, "center_lat": -7.3714, "center_lon": 106.4545, "cycle_utc": "2026-09-17T00:00:00Z"}}, {"type": "Feature", "geometry": {"type": "Polygon", "coordinates": [[[106.5909090909091, -7.419047619047619], [106.86363636363636, -7.419047619047619], [106.86363636363636, -7.3238095238095235], [106.5909090909091, -7.3238095238095235], [106.5909090909091, -7.419047619047619]]]}, "properties": {"temp_air_c": 21.2, "temp_air_k": 294.35, "temp_surface_c": 20.9, "temp_surface_k": 294.05, "elevation_m": 900.0, "center_lat": -7.3714, "center_lon": 106.7273, "cycle_utc": "2026-09-17T00:00:00Z"}}, {"type": "Feature", "geometry": {"type": "Polygon", "coordinates": [[[106.86363636363636, -7.419047619047619], [107.13636363636364, -7.419047619047619], [107.13636363636364, -7.3238095238095235], [106.86363636363636, -7.3238095238095235], [106.86363636363636, -7.419047619047619]]]}, "properties": {"temp_air_c": 21.7, "temp_air_k": 294.85, "temp_surface_c": 20.4, "temp_surface_k": 293.55, "elevation_m": 900.0, "center_lat": -7.3714, "center_lon": 107.0, "cycle_utc": "2026-09-17T00:00:00Z"}}, {"type": "Feature", "geometry": {"type": "Polygon", "coordinates": [[[107.13636363636364, -7.419047619047619], [107.4090909090909, -7.419047619047619], [107.4090909090909, -7.3238095238095235], [107.13636363636364, -7.3238095238095235], [107.13636363636364, -7.419047619047619]]]}, "properties": {"temp_air_c": 21.2, "temp_air_k": 294.35, "temp_surface_c": 21.0, "temp_surface_k": 294.15, "elevation_m": 900.0, "center_lat": -7.3714, "center_lon": 107.2727, "cycle_utc": "2026-09-17T00:00:00Z"}}, {"type": "Feature", "geometry": {"type": "Polygon", "coordinates": [[[107.4090909090909, -7.419047619047619], [107.68181818181819, -7.419047619047619], [107.68181818181819, -7.3238095238095235], [107.4090909090909, -7.3238095238095235], [107.4090909090909, -7.419047619047619]]]}, "properties": {"temp_air_c": 21.8, "temp_air_k": 294.95, "temp_surface_c": 20.7, "temp_surface_k": 293.85, "elevation_m": 900.0, "center_lat": -7.3714, "center_lon": 107.5455, "cycle_utc": "2026-09-17T00:00:00Z"}}, {"type": "Feature", "geometry": {"type": "Polygon", "coordinates": [[[107.68181818181819, -7.419047619047619], [107.95454545454545, -7.419047619047619], [107.95454545454545, -7.3238095238095235], [107.68181818181819, -7.3238095238095235], [107.68181818181819, -7.419047619047619]]]}, "properties": {"temp_air_c": 20.9, "temp_air_k": 294.05, "temp_surface_c": 21.4, "temp_surface_k": 294.55, "elevation_m": 900.0, "center_lat": -7.3714, "center_lon": 107.8182, "cycle_utc": "2026-09-17T00:00:00Z"}}, {"type": "Feature", "geometry": {"type": "Polygon", "coordinates": [[[107.95454545454545, -7.419047619047619], [108.22727272727273, -7.419047619047619], [108.22727272727273, -7.3238095238095235], [107.95454545454545, -7.3238095238095235], [107.95454545454545, -7.419047619047619]]]}, "properties": {"temp_air_c": 26.4, "temp_air_k": 299.55, "temp_surface_c": 25.6, "temp_surface_k": 298.75, "elevation_m": 120.0, "center_lat": -7.3714, "center_lon": 108.0909, "cycle_utc": "2026-09-17T00:00:00Z"}}, {"type": "Feature", "geometry": {"type": "Polygon", "coordinates": [[[108.22727272727273, -7.419047619047619], [108.5, -7.419047619047619], [108.5, -7.3238095238095235], [108.22727272727273, -7.3238095238095235], [108.22727272727273, -7.419047619047619]]]}, "properties": {"temp_air_c": 26.9, "temp_air_k": 300.05, "temp_surface_c": 26.1, "temp_surface_k": 299.25, "elevation_m": 120.0, "center_lat": -7.3714, "center_lon": 108.3636, "cycle_utc": "2026-09-17T00:00:00Z"}}, {"type": "Feature", "geometry": {"type": "Polygon", "coordinates": [[[108.5, -7.419047619047619], [108.77272727272727, -7.419047619047619], [108.77272727272727, -7.3238095238095235], [108.5, -7.3238095238095235], [108.5, -7.419047619047619]]]}, "properties": {"temp_air_c": 26.5, "temp_air_k": 299.65, "temp_surface_c": 26.4, "temp_surface_k": 299.55, "elevation_m": 120.0, "center_lat": -7.3714, "center_lon": 108.6364, "cycle_utc": "2026-09-17T00:00:00Z"}}, {"type": "Feature", "geometry": {"type": "Polygon", "coordinates": [[[108.77272727272727, -7.419047619047619], [109.04545454545455, -7.419047619047619], [109.04545454545455, -7.3238095238095235], [108.77272727272727, -7.3238095238095235], [108.77272727272727, -7.419047619047619]]]}, "properties": {"temp_air_c": 26.7, "temp_air_k": 299.85, "temp_surface_c": 25.9, "temp_surface_k": 299.05, "elevation_m": 120.0, "center_lat": -7.3714, "center_lon": 108.9091, "cycle_utc": "2026-09-17T00:00:00Z"}}, {"type": "Feature", "geometry": {"type": "Polygon", "coordinates": [[[109.04545454545455, -7.419047619047619], [109.31818181818181, -7.419047619047619], [109.31818181818181, -7.3238095238095235], [109.04545454545455, -7.3238095238095235], [109.04545454545455, -7.419047619047619]]]}, "properties": {"temp_air_c": 26.7, "temp_air_k": 299.85, "temp_surface_c": 25.4, "temp_surface_k": 298.55, "elevation_m": 120.0, "center_lat": -7.3714, "center_lon": 109.1818, "cycle_utc": "2026-09-17T00:00:00Z"}}, {"type": "Feature", "geometry": {"type": "Polygon", "coordinates": [[[109.31818181818181, -7.419047619047619], [109.5909090909091, -7.419047619047619], [109.5909090909091, -7.3238095238095235], [109.31818181818181, -7.3238095238095235], [109.31818181818181, -7.419047619047619]]]}, "properties": {"temp_air_c": 26.7, "temp_air_k": 299.85, "temp_surface_c": 25.5, "temp_surface_k": 298.65, "elevation_m": 120.0, "center_lat": -7.3714, "center_lon": 109.4545, "cycle_utc": "2026-09-17T00:00:00Z"}}, {"type": "Feature", "geometry": {"type": "Polygon", "coordinates": [[[109.5909090909091, -7.419047619047619], [109.86363636363636, -7.419047619047619], [109.86363636363636, -7.3238095238095235], [109.5909090909091, -7.3238095238095235], [109.5909090909091, -7.419047619047619]]]}, "properties": {"temp_air_c": 26.6, "temp_air_k": 299.75, "temp_surface_c": 25.8, "temp_surface_k": 298.95, "elevation_m": 120.0, "center_lat": -7.3714, "center_lon": 109.7273, "cycle_utc": "2026-09-17T00:00:00Z"}}, {"type": "Feature", "geometry": {"type": "Polygon", "coordinates": [[[109.86363636363636, -7.419047619047619], [110.13636363636364, -7.419047619047619], [110.13636363636364, -7.3238095238095235], [109.86363636363636, -7.3238095238095235], [109.86363636363636, -7.419047619047619]]]}, "properties": {"temp_air_c": 21.5, "temp_air_k": 294.65, "temp_surface_c": 21.6, "temp_surface_k": 294.75, "elevation_m": 900.0, "center_lat": -7.3714, "center_lon": 110.0, "cycle_utc": "2026-09-17T00:00:00Z"}}, {"type": "Feature", "geometry": {"type": "Polygon", "coordinates": [[[110.13636363636364, -7.419047619047619], [110.4090909090909, -7.419047619047619], [110.4090909090909, -7.3238095238095235], [110.13636363636364, -7.3238095238095235], [110.13636363636364, -7.419047619047619]]]}, "properties": {"temp_air_c": 20.7, "temp_air_k": 293.85, "temp_surface_c": 20.8, "temp_surface_k": 293.95, "elevation_m": 900.0, "center_lat": -7.3714, "center_lon": 110.2727, "cycle_utc": "2026-09-17T00:00:00Z"}}, {"type": "Feature", "geometry": {"type": "Polygon", "coordinates": [[[110.4090909090909, -7.419047619047619], [110.68181818181819, -7.419047619047619], [110.68181818181819, -7.3238095238095235], [110.4090909090909, -7.3238095238095235], [110.4090909090909, -7.419047619047619]]]}, "properties": {"temp_air_c": 21.2, "temp_air_k": 294.35, "temp_surface_c": 21.7, "temp_surface_k": 294.85, "elevation_m": 900.0, "center_lat": -7.3714, "center_lon": 110.5455, "cycle_utc": "2026-09-17T00:00:00Z"}}, {"type": "Feature", "geometry": {"type": "Polygon", "coordinates": [[[110.68181818181819, -7.419047619047619], [110.95454545454545, -7.419047619047619], [110.95454545454545, -7.3238095238095235], [110.68181818181819, -7.3238095238095235], [110.68181818181819, -7.419047619047619]]]}, "properties": {"temp_air_c": 21.6, "temp_air_k": 294.75, "temp_surface_c": 21.3, "temp_surface_k": 294.45, "elevation_m": 900.0, "center_lat": -7.3714, "center_lon": 110.8182, "cycle_utc": "2026-09-17T00:00:00Z"}}, {"type": "Feature", "geometry": {"type": "Polygon", "coordinates": [[[110.95454545454545, -7.419047619047619], [111.22727272727272, -7.419047619047619], [111.22727272727272, -7.3238095238095235], [110.95454545454545, -7.3238095238095235], [110.95454545454545, -7.419047619047619]]]}, "properties": {"temp_air_c": 21.2, "temp_air_k": 294.35, "temp_surface_c": 21.1, "temp_surface_k": 294.25, "elevation_m": 900.0, "center_lat": -7.3714, "center_lon": 111.0909, "cycle_utc": "2026-09-17T00:00:00Z"}}, {"type": "Feature", "geometry": {"type": "Polygon", "coordinates": [[[111.22727272727272, -7.419047619047619], [111.5, -7.419047619047619], [111.5, -7.3238095238095235], [111.22727272727272, -7.3238095238095235], [111.22727272727272, -7.419047619047619]]]}, "properties": {"temp_air_c": 21.4, "temp_air_k": 294.55, "temp_surface_c": 20.9, "temp_surface_k": 294.05, "elevation_m": 900.0, "center_lat": -7.3714, "center_lon": 111.3636, "cycle_utc": "2026-09-17T00:00:00Z"}}, {"type": "Feature", "geometry": {"type": "Polygon", "coordinates": [[[111.5, -7.419047619047619], [111.77272727272727, -7.419047619047619], [111.77272727272727, -7.3238095238095235], [111.5, -7.3238095238095235], [111.5, -7.419047619047619]]]}, "properties": {"temp_air_c": 21.7, "temp_air_k": 294.85, "temp_surface_c": 20.4, "temp_surface_k": 293.55, "elevation_m": 900.0, "center_lat": -7.3714, "center_lon": 111.6364, "cycle_utc": "2026-09-17T00:00:00Z"}}, {"type": "Feature", "geometry": {"type": "Polygon", "coordinates": [[[111.77272727272727, -7.419047619047619], [112.04545454545455, -7.419047619047619], [112.04545454545455, -7.3238095238095235], [111.77272727272727, -7.3238095238095235], [111.77272727272727, -7.419047619047619]]]}, "properties": {"temp_air_c": 21.3, "temp_air_k": 294.45, "temp_surface_c": 20.5, "temp_surface_k": 293.65, "elevation_m": 900.0, "center_lat": -7.3714, "center_lon": 111.9091, "cycle_utc": "2026-09-17T00:00:00Z"}}, {"type": "Feature", "geometry": {"type": "Polygon", "coordinates": [[[112.04545454545455, -7.419047619047619], [112.31818181818181, -7.419047619047619], [112.31818181818181, -7.3238095238095235], [112.04545454545455, -7.3238095238095235], [112.04545454545455, -7.419047619047619]]]}, "properties": {"temp_air_c": 20.7, "temp_air_k": 293.85, "temp_surface_c": 21.2, "temp_surface_k": 294.35, "elevation_m": 900.0, "center_lat": -7.3714, "center_lon": 112.1818, "cycle_utc": "2026-09-17T00:00:00Z"}}, {"type": "Feature", "geometry": {"type": "Polygon", "coordinates": [[[112.31818181818181, -7.419047619047619], [112.5909090909091, -7.419047619047619], [112.5909090909091, -7.3238095238095235], [112.31818181818181, -7.3238095238095235], [112.31818181818181, -7.419047619047619]]]}, "properties": {"temp_air_c": 21.7, "temp_air_k": 294.85, "temp_surface_c": 21.4, "temp_surface_k": 294.55, "elevation_m": 900.0, "center_lat": -7.3714, "center_lon": 112.4545, "cycle_utc": "2026-09-17T00:00:00Z"}}, {"type": "Feature", "geometry": {"type": "Polygon", "coordinates": [[[112.5909090909091, -7.419047619047619], [112.86363636363636, -7.419047619047619], [112.86363636363636, -7.3238095238095235], [112.5909090909091, -7.3238095238095235], [112.5909090909091, -7.419047619047619]]]}, "properties": {"temp_air_c": 23.1, "temp_air_k": 296.25, "temp_surface_c": 25.1, "temp_surface_k": 298.25, "elevation_m": 900.0, "center_lat": -7.3714, "center_lon": 112.7273, "cycle_utc": "2026-09-17T00:00:00Z"}}, {"type": "Feature", "geometry": {"type": "Polygon", "coordinates": [[[112.86363636363636, -7.419047619047619], [113.13636363636364, -7.419047619047619], [113.13636363636364, -7.3238095238095235], [112.86363636363636, -7.3238095238095235], [112.86363636363636, -7.419047619047619]]]}, "properties": {"temp_air_c": 28.2, "temp_air_k": 301.35, "temp_surface_c": 29.4, "temp_surface_k": 302.55, "elevation_m": 120.0, "center_lat": -7.3714, "center_lon": 113.0, "cycle_utc": "2026-09-17T00:00:00Z"}}, {"type": "Feature", "geometry": {"type": "Polygon", "coordinates": [[[113.13636363636364, -7.419047619047619], [113.4090909090909, -7.419047619047619], [113.4090909090909, -7.3238095238095235], [113.13636363636364, -7.3238095238095235], [113.13636363636364, -7.419047619047619]]]}, "properties": {"temp_air_c": 26.4, "temp_air_k": 299.55, "temp_surface_c": 25.9, "temp_surface_k": 299.05, "elevation_m": 120.0, "center_lat": -7.3714, "center_lon": 113.2727, "cycle_utc": "2026-09-17T00:00:00Z"}}, {"type": "Feature", "geometry": {"type": "Polygon", "coordinates": [[[113.4090909090909, -7.419047619047619], [113.68181818181819, -7.419047619047619], [113.68181818181819, -7.3238095238095235], [113.4090909090909, -7.3238095238095235], [113.4090909090909, -7.419047619047619]]]}, "properties": {"temp_air_c": 26.5, "temp_air_k": 299.65, "temp_surface_c": 25.7, "temp_surface_k": 298.85, "elevation_m": 120.0, "center_lat": -7.3714, "center_lon": 113.5455, "cycle_utc": "2026-09-17T00:00:00Z"}}, {"type": "Feature", "geometry": {"type": "Polygon", "coordinates": [[[113.68181818181819, -7.419047619047619], [113.95454545454545, -7.419047619047619], [113.95454545454545, -7.3238095238095235], [113.68181818181819, -7.3238095238095235], [113.68181818181819, -7.419047619047619]]]}, "properties": {"temp_air_c": 26.5, "temp_air_k": 299.65, "temp_surface_c": 25.2, "temp_surface_k": 298.35, "elevation_m": 120.0, "center_lat": -7.3714, "center_lon": 113.8182, "cycle_utc": "2026-09-17T00:00:00Z"}}, {"type": "Feature", "geometry": {"type": "Polygon", "coordinates": [[[113.95454545454545, -7.419047619047619], [114.22727272727272, -7.419047619047619], [114.22727272727272, -7.3238095238095235], [113.95454545454545, -7.3238095238095235], [113.95454545454545, -7.419047619047619]]]}, "properties": {"temp_air_c": 26.4, "temp_air_k": 299.55, "temp_surface_c": 26.3, "temp_surface_k": 299.45, "elevation_m": 120.0, "center_lat": -7.3714, "center_lon": 114.0909, "cycle_utc": "2026-09-17T00:00:00Z"}}, {"type": "Feature", "geometry": {"type": "Polygon", "coordinates": [[[114.22727272727272, -7.419047619047619], [114.5, -7.419047619047619], [114.5, -7.3238095238095235], [114.22727272727272, -7.3238095238095235], [114.22727272727272, -7.419047619047619]]]}, "properties": {"temp_air_c": 26.6, "temp_air_k": 299.75, "temp_surface_c": 25.6, "temp_surface_k": 298.75, "elevation_m": 120.0, "center_lat": -7.3714, "center_lon": 114.3636, "cycle_utc": "2026-09-17T00:00:00Z"}}, {"type": "Feature", "geometry": {"type": "Polygon", "coordinates": [[[105.5, -7.3238095238095235], [105.77272727272727, -7.3238095238095235], [105.77272727272727, -7.228571428571429], [105.5, -7.228571428571429], [105.5, -7.3238095238095235]]]}, "properties": {"temp_air_c": 26.7, "temp_air_k": 299.85, "temp_surface_c": 25.6, "temp_surface_k": 298.75, "elevation_m": 120.0, "center_lat": -7.2762, "center_lon": 105.6364, "cycle_utc": "2026-09-17T00:00:00Z"}}, {"type": "Feature", "geometry": {"type": "Polygon", "coordinates": [[[105.77272727272727, -7.3238095238095235], [106.04545454545455, -7.3238095238095235], [106.04545454545455, -7.228571428571429], [105.77272727272727, -7.228571428571429], [105.77272727272727, -7.3238095238095235]]]}, "properties": {"temp_air_c": 26.4, "temp_air_k": 299.55, "temp_surface_c": 26.5, "temp_surface_k": 299.65, "elevation_m": 120.0, "center_lat": -7.2762, "center_lon": 105.9091, "cycle_utc": "2026-09-17T00:00:00Z"}}, {"type": "Feature", "geometry": {"type": "Polygon", "coordinates": [[[106.04545454545455, -7.3238095238095235], [106.31818181818181, -7.3238095238095235], [106.31818181818181, -7.228571428571429], [106.04545454545455, -7.228571428571429], [106.04545454545455, -7.3238095238095235]]]}, "properties": {"temp_air_c": 26.2, "temp_air_k": 299.35, "temp_surface_c": 25.6, "temp_surface_k": 298.75, "elevation_m": 120.0, "center_lat": -7.2762, "center_lon": 106.1818, "cycle_utc": "2026-09-17T00:00:00Z"}}, {"type": "Feature", "geometry": {"type": "Polygon", "coordinates": [[[106.31818181818181, -7.3238095238095235], [106.5909090909091, -7.3238095238095235], [106.5909090909091, -7.228571428571429], [106.31818181818181, -7.228571428571429], [106.31818181818181, -7.3238095238095235]]]}, "properties": {"temp_air_c": 26.3, "temp_air_k": 299.45, "temp_surface_c": 25.0, "temp_surface_k": 298.15, "elevation_m": 120.0, "center_lat": -7.2762, "center_lon": 106.4545, "cycle_utc": "2026-09-17T00:00:00Z"}}, {"type": "Feature", "geometry": {"type": "Polygon", "coordinates": [[[106.5909090909091, -7.3238095238095235], [106.86363636363636, -7.3238095238095235], [106.86363636363636, -7.228571428571429], [106.5909090909091, -7.228571428571429], [106.5909090909091, -7.3238095238095235]]]}, "properties": {"temp_air_c": 21.6, "temp_air_k": 294.75, "temp_surface_c": 21.3, "temp_surface_k": 294.45, "elevation_m": 900.0, "center_lat": -7.2762, "center_lon": 106.7273, "cycle_utc": "2026-09-17T00:00:00Z"}}, {"type": "Feature", "geometry": {"type": "Polygon", "coordinates": [[[106.86363636363636, -7.3238095238095235], [107.13636363636364, -7.3238095238095235], [107.13636363636364, -7.228571428571429], [106.86363636363636, -7.228571428571429], [106.86363636363636, -7.3238095238095235]]]}, "properties": {"temp_air_c": 21.1, "temp_air_k": 294.25, "temp_surface_c": 21.0, "temp_surface_k": 294.15, "elevation_m": 900.0, "center_lat": -7.2762, "center_lon": 107.0, "cycle_utc": "2026-09-17T00:00:00Z"}}, {"type": "Feature", "geometry": {"type": "Polygon", "coordinates": [[[107.13636363636364, -7.3238095238095235], [107.4090909090909, -7.3238095238095235], [107.4090909090909, -7.228571428571429], [107.13636363636364, -7.228571428571429], [107.13636363636364, -7.3238095238095235]]]}, "properties": {"temp_air_c": 21.6, "temp_air_k": 294.75, "temp_surface_c": 21.3, "temp_surface_k": 294.45, "elevation_m": 900.0, "center_lat": -7.2762, "center_lon": 107.2727, "cycle_utc": "2026-09-17T00:00:00Z"}}, {"type": "Feature", "geometry": {"type": "Polygon", "coordinates": [[[107.4090909090909, -7.3238095238095235], [107.68181818181819, -7.3238095238095235], [107.68181818181819, -7.228571428571429], [107.4090909090909, -7.228571428571429], [107.4090909090909, -7.3238095238095235]]]}, "properties": {"temp_air_c": 21.7, "temp_air_k": 294.85, "temp_surface_c": 21.2, "temp_surface_k": 294.35, "elevation_m": 900.0, "center_lat": -7.2762, "center_lon": 107.5455, "cycle_utc": "2026-09-17T00:00:00Z"}}, {"type": "Feature", "geometry": {"type": "Polygon", "coordinates": [[[107.68181818181819, -7.3238095238095235], [107.95454545454545, -7.3238095238095235], [107.95454545454545, -7.228571428571429], [107.68181818181819, -7.228571428571429], [107.68181818181819, -7.3238095238095235]]]}, "properties": {"temp_air_c": 20.8, "temp_air_k": 293.95, "temp_surface_c": 21.3, "temp_surface_k": 294.45, "elevation_m": 900.0, "center_lat": -7.2762, "center_lon": 107.8182, "cycle_utc": "2026-09-17T00:00:00Z"}}, {"type": "Feature", "geometry": {"type": "Polygon", "coordinates": [[[107.95454545454545, -7.3238095238095235], [108.22727272727273, -7.3238095238095235], [108.22727272727273, -7.228571428571429], [107.95454545454545, -7.228571428571429], [107.95454545454545, -7.3238095238095235]]]}, "properties": {"temp_air_c": 26.1, "temp_air_k": 299.25, "temp_surface_c": 25.9, "temp_surface_k": 299.05, "elevation_m": 120.0, "center_lat": -7.2762, "center_lon": 108.0909, "cycle_utc": "2026-09-17T00:00:00Z"}}, {"type": "Feature", "geometry": {"type": "Polygon", "coordinates": [[[108.22727272727273, -7.3238095238095235], [108.5, -7.3238095238095235], [108.5, -7.228571428571429], [108.22727272727273, -7.228571428571429], [108.22727272727273, -7.3238095238095235]]]}, "properties": {"temp_air_c": 26.4, "temp_air_k": 299.55, "temp_surface_c": 25.6, "temp_surface_k": 298.75, "elevation_m": 120.0, "center_lat": -7.2762, "center_lon": 108.3636, "cycle_utc": "2026-09-17T00:00:00Z"}}, {"type": "Feature", "geometry": {"type": "Polygon", "coordinates": [[[108.5, -7.3238095238095235], [108.77272727272727, -7.3238095238095235], [108.77272727272727, -7.228571428571429], [108.5, -7.228571428571429], [108.5, -7.3238095238095235]]]}, "properties": {"temp_air_c": 26.6, "temp_air_k": 299.75, "temp_surface_c": 25.5, "temp_surface_k": 298.65, "elevation_m": 120.0, "center_lat": -7.2762, "center_lon": 108.6364, "cycle_utc": "2026-09-17T00:00:00Z"}}, {"type": "Feature", "geometry": {"type": "Polygon", "coordinates": [[[108.77272727272727, -7.3238095238095235], [109.04545454545455, -7.3238095238095235], [109.04545454545455, -7.228571428571429], [108.77272727272727, -7.228571428571429], [108.77272727272727, -7.3238095238095235]]]}, "properties": {"temp_air_c": 26.2, "temp_air_k": 299.35, "temp_surface_c": 25.8, "temp_surface_k": 298.95, "elevation_m": 120.0, "center_lat": -7.2762, "center_lon": 108.9091, "cycle_utc": "2026-09-17T00:00:00Z"}}, {"type": "Feature", "geometry": {"type": "Polygon", "coordinates": [[[109.04545454545455, -7.3238095238095235], [109.31818181818181, -7.3238095238095235], [109.31818181818181, -7.228571428571429], [109.04545454545455, -7.228571428571429], [109.04545454545455, -7.3238095238095235]]]}, "properties": {"temp_air_c": 26.8, "temp_air_k": 299.95, "temp_surface_c": 26.1, "temp_surface_k": 299.25, "elevation_m": 120.0, "center_lat": -7.2762, "center_lon": 109.1818, "cycle_utc": "2026-09-17T00:00:00Z"}}, {"type": "Feature", "geometry": {"type": "Polygon", "coordinates": [[[109.31818181818181, -7.3238095238095235], [109.5909090909091, -7.3238095238095235], [109.5909090909091, -7.228571428571429], [109.31818181818181, -7.228571428571429], [109.31818181818181, -7.3238095238095235]]]}, "properties": {"temp_air_c": 26.4, "temp_air_k": 299.55, "temp_surface_c": 25.9, "temp_surface_k": 299.05, "elevation_m": 120.0, "center_lat": -7.2762, "center_lon": 109.4545, "cycle_utc": "2026-09-17T00:00:00Z"}}, {"type": "Feature", "geometry": {"type": "Polygon", "coordinates": [[[109.5909090909091, -7.3238095238095235], [109.86363636363636, -7.3238095238095235], [109.86363636363636, -7.228571428571429], [109.5909090909091, -7.228571428571429], [109.5909090909091, -7.3238095238095235]]]}, "properties": {"temp_air_c": 26.1, "temp_air_k": 299.25, "temp_surface_c": 26.2, "temp_surface_k": 299.35, "elevation_m": 120.0, "center_lat": -7.2762, "center_lon": 109.7273, "cycle_utc": "2026-09-17T00:00:00Z"}}, {"type": "Feature", "geometry": {"type": "Polygon", "coordinates": [[[109.86363636363636, -7.3238095238095235], [110.13636363636364, -7.3238095238095235], [110.13636363636364, -7.228571428571429], [109.86363636363636, -7.228571428571429], [109.86363636363636, -7.3238095238095235]]]}, "properties": {"temp_air_c": 21.5, "temp_air_k": 294.65, "temp_surface_c": 20.8, "temp_surface_k": 293.95, "elevation_m": 900.0, "center_lat": -7.2762, "center_lon": 110.0, "cycle_utc": "2026-09-17T00:00:00Z"}}, {"type": "Feature", "geometry": {"type": "Polygon", "coordinates": [[[110.13636363636364, -7.3238095238095235], [110.4090909090909, -7.3238095238095235], [110.4090909090909, -7.228571428571429], [110.13636363636364, -7.228571428571429], [110.13636363636364, -7.3238095238095235]]]}, "properties": {"temp_air_c": 21.0, "temp_air_k": 294.15, "temp_surface_c": 21.1, "temp_surface_k": 294.25, "elevation_m": 900.0, "center_lat": -7.2762, "center_lon": 110.2727, "cycle_utc": "2026-09-17T00:00:00Z"}}, {"type": "Feature", "geometry": {"type": "Polygon", "coordinates": [[[110.4090909090909, -7.3238095238095235], [110.68181818181819, -7.3238095238095235], [110.68181818181819, -7.228571428571429], [110.4090909090909, -7.228571428571429], [110.4090909090909, -7.3238095238095235]]]}, "properties": {"temp_air_c": 21.5, "temp_air_k": 294.65, "temp_surface_c": 21.8, "temp_surface_k": 294.95, "elevation_m": 900.0, "center_lat": -7.2762, "center_lon": 110.5455, "cycle_utc": "2026-09-17T00:00:00Z"}}, {"type": "Feature", "geometry": {"type": "Polygon", "coordinates": [[[110.68181818181819, -7.3238095238095235], [110.95454545454545, -7.3238095238095235], [110.95454545454545, -7.228571428571429], [110.68181818181819, -7.228571428571429], [110.68181818181819, -7.3238095238095235]]]}, "properties": {"temp_air_c": 21.1, "temp_air_k": 294.25, "temp_surface_c": 21.8, "temp_surface_k": 294.95, "elevation_m": 900.0, "center_lat": -7.2762, "center_lon": 110.8182, "cycle_utc": "2026-09-17T00:00:00Z"}}, {"type": "Feature", "geometry": {"type": "Polygon", "coordinates": [[[110.95454545454545, -7.3238095238095235], [111.22727272727272, -7.3238095238095235], [111.22727272727272, -7.228571428571429], [110.95454545454545, -7.228571428571429], [110.95454545454545, -7.3238095238095235]]]}, "properties": {"temp_air_c": 21.3, "temp_air_k": 294.45, "temp_surface_c": 20.9, "temp_surface_k": 294.05, "elevation_m": 900.0, "center_lat": -7.2762, "center_lon": 111.0909, "cycle_utc": "2026-09-17T00:00:00Z"}}, {"type": "Feature", "geometry": {"type": "Polygon", "coordinates": [[[111.22727272727272, -7.3238095238095235], [111.5, -7.3238095238095235], [111.5, -7.228571428571429], [111.22727272727272, -7.228571428571429], [111.22727272727272, -7.3238095238095235]]]}, "properties": {"temp_air_c": 21.5, "temp_air_k": 294.65, "temp_surface_c": 21.4, "temp_surface_k": 294.55, "elevation_m": 900.0, "center_lat": -7.2762, "center_lon": 111.3636, "cycle_utc": "2026-09-17T00:00:00Z"}}, {"type": "Feature", "geometry": {"type": "Polygon", "coordinates": [[[111.5, -7.3238095238095235], [111.77272727272727, -7.3238095238095235], [111.77272727272727, -7.228571428571429], [111.5, -7.228571428571429], [111.5, -7.3238095238095235]]]}, "properties": {"temp_air_c": 21.9, "temp_air_k": 295.05, "temp_surface_c": 21.1, "temp_surface_k": 294.25, "elevation_m": 900.0, "center_lat": -7.2762, "center_lon": 111.6364, "cycle_utc": "2026-09-17T00:00:00Z"}}, {"type": "Feature", "geometry": {"type": "Polygon", "coordinates": [[[111.77272727272727, -7.3238095238095235], [112.04545454545455, -7.3238095238095235], [112.04545454545455, -7.228571428571429], [111.77272727272727, -7.228571428571429], [111.77272727272727, -7.3238095238095235]]]}, "properties": {"temp_air_c": 21.7, "temp_air_k": 294.85, "temp_surface_c": 21.1, "temp_surface_k": 294.25, "elevation_m": 900.0, "center_lat": -7.2762, "center_lon": 111.9091, "cycle_utc": "2026-09-17T00:00:00Z"}}, {"type": "Feature", "geometry": {"type": "Polygon", "coordinates": [[[112.04545454545455, -7.3238095238095235], [112.31818181818181, -7.3238095238095235], [112.31818181818181, -7.228571428571429], [112.04545454545455, -7.228571428571429], [112.04545454545455, -7.3238095238095235]]]}, "properties": {"temp_air_c": 21.3, "temp_air_k": 294.45, "temp_surface_c": 22.7, "temp_surface_k": 295.85, "elevation_m": 900.0, "center_lat": -7.2762, "center_lon": 112.1818, "cycle_utc": "2026-09-17T00:00:00Z"}}, {"type": "Feature", "geometry": {"type": "Polygon", "coordinates": [[[112.31818181818181, -7.3238095238095235], [112.5909090909091, -7.3238095238095235], [112.5909090909091, -7.228571428571429], [112.31818181818181, -7.228571428571429], [112.31818181818181, -7.3238095238095235]]]}, "properties": {"temp_air_c": 20.9, "temp_air_k": 294.05, "temp_surface_c": 21.1, "temp_surface_k": 294.25, "elevation_m": 900.0, "center_lat": -7.2762, "center_lon": 112.4545, "cycle_utc": "2026-09-17T00:00:00Z"}}, {"type": "Feature", "geometry": {"type": "Polygon", "coordinates": [[[112.5909090909091, -7.3238095238095235], [112.86363636363636, -7.3238095238095235], [112.86363636363636, -7.228571428571429], [112.5909090909091, -7.228571428571429], [112.5909090909091, -7.3238095238095235]]]}, "properties": {"temp_air_c": 23.4, "temp_air_k": 296.55, "temp_surface_c": 24.1, "temp_surface_k": 297.25, "elevation_m": 900.0, "center_lat": -7.2762, "center_lon": 112.7273, "cycle_utc": "2026-09-17T00:00:00Z"}}, {"type": "Feature", "geometry": {"type": "Polygon", "coordinates": [[[112.86363636363636, -7.3238095238095235], [113.13636363636364, -7.3238095238095235], [113.13636363636364, -7.228571428571429], [112.86363636363636, -7.228571428571429], [112.86363636363636, -7.3238095238095235]]]}, "properties": {"temp_air_c": 28.8, "temp_air_k": 301.95, "temp_surface_c": 29.1, "temp_surface_k": 302.25, "elevation_m": 120.0, "center_lat": -7.2762, "center_lon": 113.0, "cycle_utc": "2026-09-17T00:00:00Z"}}, {"type": "Feature", "geometry": {"type": "Polygon", "coordinates": [[[113.13636363636364, -7.3238095238095235], [113.4090909090909, -7.3238095238095235], [113.4090909090909, -7.228571428571429], [113.13636363636364, -7.228571428571429], [113.13636363636364, -7.3238095238095235]]]}, "properties": {"temp_air_c": 26.7, "temp_air_k": 299.85, "temp_surface_c": 26.4, "temp_surface_k": 299.55, "elevation_m": 120.0, "center_lat": -7.2762, "center_lon": 113.2727, "cycle_utc": "2026-09-17T00:00:00Z"}}, {"type": "Feature", "geometry": {"type": "Polygon", "coordinates": [[[113.4090909090909, -7.3238095238095235], [113.68181818181819, -7.3238095238095235], [113.68181818181819, -7.228571428571429], [113.4090909090909, -7.228571428571429], [113.4090909090909, -7.3238095238095235]]]}, "properties": {"temp_air_c": 26.1, "temp_air_k": 299.25, "temp_surface_c": 25.3, "temp_surface_k": 298.45, "elevation_m": 120.0, "center_lat": -7.2762, "center_lon": 113.5455, "cycle_utc": "2026-09-17T00:00:00Z"}}, {"type": "Feature", "geometry": {"type": "Polygon", "coordinates": [[[113.68181818181819, -7.3238095238095235], [113.95454545454545, -7.3238095238095235], [113.95454545454545, -7.228571428571429], [113.68181818181819, -7.228571428571429], [113.68181818181819, -7.3238095238095235]]]}, "properties": {"temp_air_c": 26.6, "temp_air_k": 299.75, "temp_surface_c": 25.7, "temp_surface_k": 298.85, "elevation_m": 120.0, "center_lat": -7.2762, "center_lon": 113.8182, "cycle_utc": "2026-09-17T00:00:00Z"}}, {"type": "Feature", "geometry": {"type": "Polygon", "coordinates": [[[113.95454545454545, -7.3238095238095235], [114.22727272727272, -7.3238095238095235], [114.22727272727272, -7.228571428571429], [113.95454545454545, -7.228571428571429], [113.95454545454545, -7.3238095238095235]]]}, "properties": {"temp_air_c": 26.4, "temp_air_k": 299.55, "temp_surface_c": 25.7, "temp_surface_k": 298.85, "elevation_m": 120.0, "center_lat": -7.2762, "center_lon": 114.0909, "cycle_utc": "2026-09-17T00:00:00Z"}}, {"type": "Feature", "geometry": {"type": "Polygon", "coordinates": [[[114.22727272727272, -7.3238095238095235], [114.5, -7.3238095238095235], [114.5, -7.228571428571429], [114.22727272727272, -7.228571428571429], [114.22727272727272, -7.3238095238095235]]]}, "properties": {"temp_air_c": 26.4, "temp_air_k": 299.55, "temp_surface_c": 26.1, "temp_surface_k": 299.25, "elevation_m": 120.0, "center_lat": -7.2762, "center_lon": 114.3636, "cycle_utc": "2026-09-17T00:00:00Z"}}, {"type": "Feature", "geometry": {"type": "Polygon", "coordinates": [[[105.5, -7.228571428571429], [105.77272727272727, -7.228571428571429], [105.77272727272727, -7.133333333333333], [105.5, -7.133333333333333], [105.5, -7.228571428571429]]]}, "properties": {"temp_air_c": 26.4, "temp_air_k": 299.55, "temp_surface_c": 26.0, "temp_surface_k": 299.15, "elevation_m": 120.0, "center_lat": -7.181, "center_lon": 105.6364, "cycle_utc": "2026-09-17T00:00:00Z"}}, {"type": "Feature", "geometry": {"type": "Polygon", "coordinates": [[[105.77272727272727, -7.228571428571429], [106.04545454545455, -7.228571428571429], [106.04545454545455, -7.133333333333333], [105.77272727272727, -7.133333333333333], [105.77272727272727, -7.228571428571429]]]}, "properties": {"temp_air_c": 26.7, "temp_air_k": 299.85, "temp_surface_c": 25.7, "temp_surface_k": 298.85, "elevation_m": 120.0, "center_lat": -7.181, "center_lon": 105.9091, "cycle_utc": "2026-09-17T00:00:00Z"}}, {"type": "Feature", "geometry": {"type": "Polygon", "coordinates": [[[106.04545454545455, -7.228571428571429], [106.31818181818181, -7.228571428571429], [106.31818181818181, -7.133333333333333], [106.04545454545455, -7.133333333333333], [106.04545454545455, -7.228571428571429]]]}, "properties": {"temp_air_c": 26.6, "temp_air_k": 299.75, "temp_surface_c": 25.6, "temp_surface_k": 298.75, "elevation_m": 120.0, "center_lat": -7.181, "center_lon": 106.1818, "cycle_utc": "2026-09-17T00:00:00Z"}}, {"type": "Feature", "geometry": {"type": "Polygon", "coordinates": [[[106.31818181818181, -7.228571428571429], [106.5909090909091, -7.228571428571429], [106.5909090909091, -7.133333333333333], [106.31818181818181, -7.133333333333333], [106.31818181818181, -7.228571428571429]]]}, "properties": {"temp_air_c": 26.6, "temp_air_k": 299.75, "temp_surface_c": 26.0, "temp_surface_k": 299.15, "elevation_m": 120.0, "center_lat": -7.181, "center_lon": 106.4545, "cycle_utc": "2026-09-17T00:00:00Z"}}, {"type": "Feature", "geometry": {"type": "Polygon", "coordinates": [[[106.5909090909091, -7.228571428571429], [106.86363636363636, -7.228571428571429], [106.86363636363636, -7.133333333333333], [106.5909090909091, -7.133333333333333], [106.5909090909091, -7.228571428571429]]]}, "properties": {"temp_air_c": 21.4, "temp_air_k": 294.55, "temp_surface_c": 21.2, "temp_surface_k": 294.35, "elevation_m": 900.0, "center_lat": -7.181, "center_lon": 106.7273, "cycle_utc": "2026-09-17T00:00:00Z"}}, {"type": "Feature", "geometry": {"type": "Polygon", "coordinates": [[[106.86363636363636, -7.228571428571429], [107.13636363636364, -7.228571428571429], [107.13636363636364, -7.133333333333333], [106.86363636363636, -7.133333333333333], [106.86363636363636, -7.228571428571429]]]}, "properties": {"temp_air_c": 21.8, "temp_air_k": 294.95, "temp_surface_c": 21.7, "temp_surface_k": 294.85, "elevation_m": 900.0, "center_lat": -7.181, "center_lon": 107.0, "cycle_utc": "2026-09-17T00:00:00Z"}}, {"type": "Feature", "geometry": {"type": "Polygon", "coordinates": [[[107.13636363636364, -7.228571428571429], [107.4090909090909, -7.228571428571429], [107.4090909090909, -7.133333333333333], [107.13636363636364, -7.133333333333333], [107.13636363636364, -7.228571428571429]]]}, "properties": {"temp_air_c": 21.1, "temp_air_k": 294.25, "temp_surface_c": 19.9, "temp_surface_k": 293.05, "elevation_m": 900.0, "center_lat": -7.181, "center_lon": 107.2727, "cycle_utc": "2026-09-17T00:00:00Z"}}, {"type": "Feature", "geometry": {"type": "Polygon", "coordinates": [[[107.4090909090909, -7.228571428571429], [107.68181818181819, -7.228571428571429], [107.68181818181819, -7.133333333333333], [107.4090909090909, -7.133333333333333], [107.4090909090909, -7.228571428571429]]]}, "properties": {"temp_air_c": 21.6, "temp_air_k": 294.75, "temp_surface_c": 21.5, "temp_surface_k": 294.65, "elevation_m": 900.0, "center_lat": -7.181, "center_lon": 107.5455, "cycle_utc": "2026-09-17T00:00:00Z"}}, {"type": "Feature", "geometry": {"type": "Polygon", "coordinates": [[[107.68181818181819, -7.228571428571429], [107.95454545454545, -7.228571428571429], [107.95454545454545, -7.133333333333333], [107.68181818181819, -7.133333333333333], [107.68181818181819, -7.228571428571429]]]}, "properties": {"temp_air_c": 21.4, "temp_air_k": 294.55, "temp_surface_c": 21.4, "temp_surface_k": 294.55, "elevation_m": 900.0, "center_lat": -7.181, "center_lon": 107.8182, "cycle_utc": "2026-09-17T00:00:00Z"}}, {"type": "Feature", "geometry": {"type": "Polygon", "coordinates": [[[107.95454545454545, -7.228571428571429], [108.22727272727273, -7.228571428571429], [108.22727272727273, -7.133333333333333], [107.95454545454545, -7.133333333333333], [107.95454545454545, -7.228571428571429]]]}, "properties": {"temp_air_c": 26.2, "temp_air_k": 299.35, "temp_surface_c": 25.3, "temp_surface_k": 298.45, "elevation_m": 120.0, "center_lat": -7.181, "center_lon": 108.0909, "cycle_utc": "2026-09-17T00:00:00Z"}}, {"type": "Feature", "geometry": {"type": "Polygon", "coordinates": [[[108.22727272727273, -7.228571428571429], [108.5, -7.228571428571429], [108.5, -7.133333333333333], [108.22727272727273, -7.133333333333333], [108.22727272727273, -7.228571428571429]]]}, "properties": {"temp_air_c": 26.3, "temp_air_k": 299.45, "temp_surface_c": 25.2, "temp_surface_k": 298.35, "elevation_m": 120.0, "center_lat": -7.181, "center_lon": 108.3636, "cycle_utc": "2026-09-17T00:00:00Z"}}, {"type": "Feature", "geometry": {"type": "Polygon", "coordinates": [[[108.5, -7.228571428571429], [108.77272727272727, -7.228571428571429], [108.77272727272727, -7.133333333333333], [108.5, -7.133333333333333], [108.5, -7.228571428571429]]]}, "properties": {"temp_air_c": 26.7, "temp_air_k": 299.85, "temp_surface_c": 25.9, "temp_surface_k": 299.05, "elevation_m": 120.0, "center_lat": -7.181, "center_lon": 108.6364, "cycle_utc": "2026-09-17T00:00:00Z"}}, {"type": "Feature", "geometry": {"type": "Polygon", "coordinates": [[[108.77272727272727, -7.228571428571429], [109.04545454545455, -7.228571428571429], [109.04545454545455, -7.133333333333333], [108.77272727272727, -7.133333333333333], [108.77272727272727, -7.228571428571429]]]}, "properties": {"temp_air_c": 26.1, "temp_air_k": 299.25, "temp_surface_c": 25.7, "temp_surface_k": 298.85, "elevation_m": 120.0, "center_lat": -7.181, "center_lon": 108.9091, "cycle_utc": "2026-09-17T00:00:00Z"}}, {"type": "Feature", "geometry": {"type": "Polygon", "coordinates": [[[109.04545454545455, -7.228571428571429], [109.31818181818181, -7.228571428571429], [109.31818181818181, -7.133333333333333], [109.04545454545455, -7.133333333333333], [109.04545454545455, -7.228571428571429]]]}, "properties": {"temp_air_c": 26.1, "temp_air_k": 299.25, "temp_surface_c": 26.2, "temp_surface_k": 299.35, "elevation_m": 120.0, "center_lat": -7.181, "center_lon": 109.1818, "cycle_utc": "2026-09-17T00:00:00Z"}}, {"type": "Feature", "geometry": {"type": "Polygon", "coordinates": [[[109.31818181818181, -7.228571428571429], [109.5909090909091, -7.228571428571429], [109.5909090909091, -7.133333333333333], [109.31818181818181, -7.133333333333333], [109.31818181818181, -7.228571428571429]]]}, "properties": {"temp_air_c": 26.6, "temp_air_k": 299.75, "temp_surface_c": 25.7, "temp_surface_k": 298.85, "elevation_m": 120.0, "center_lat": -7.181, "center_lon": 109.4545, "cycle_utc": "2026-09-17T00:00:00Z"}}, {"type": "Feature", "geometry": {"type": "Polygon", "coordinates": [[[109.5909090909091, -7.228571428571429], [109.86363636363636, -7.228571428571429], [109.86363636363636, -7.133333333333333], [109.5909090909091, -7.133333333333333], [109.5909090909091, -7.228571428571429]]]}, "properties": {"temp_air_c": 26.9, "temp_air_k": 300.05, "temp_surface_c": 26.9, "temp_surface_k": 300.05, "elevation_m": 120.0, "center_lat": -7.181, "center_lon": 109.7273, "cycle_utc": "2026-09-17T00:00:00Z"}}, {"type": "Feature", "geometry": {"type": "Polygon", "coordinates": [[[109.86363636363636, -7.228571428571429], [110.13636363636364, -7.228571428571429], [110.13636363636364, -7.133333333333333], [109.86363636363636, -7.133333333333333], [109.86363636363636, -7.228571428571429]]]}, "properties": {"temp_air_c": 21.0, "temp_air_k": 294.15, "temp_surface_c": 21.5, "temp_surface_k": 294.65, "elevation_m": 900.0, "center_lat": -7.181, "center_lon": 110.0, "cycle_utc": "2026-09-17T00:00:00Z"}}, {"type": "Feature", "geometry": {"type": "Polygon", "coordinates": [[[110.13636363636364, -7.228571428571429], [110.4090909090909, -7.228571428571429], [110.4090909090909, -7.133333333333333], [110.13636363636364, -7.133333333333333], [110.13636363636364, -7.228571428571429]]]}, "properties": {"temp_air_c": 21.7, "temp_air_k": 294.85, "temp_surface_c": 21.3, "temp_surface_k": 294.45, "elevation_m": 900.0, "center_lat": -7.181, "center_lon": 110.2727, "cycle_utc": "2026-09-17T00:00:00Z"}}, {"type": "Feature", "geometry": {"type": "Polygon", "coordinates": [[[110.4090909090909, -7.228571428571429], [110.68181818181819, -7.228571428571429], [110.68181818181819, -7.133333333333333], [110.4090909090909, -7.133333333333333], [110.4090909090909, -7.228571428571429]]]}, "properties": {"temp_air_c": 21.9, "temp_air_k": 295.05, "temp_surface_c": 21.1, "temp_surface_k": 294.25, "elevation_m": 900.0, "center_lat": -7.181, "center_lon": 110.5455, "cycle_utc": "2026-09-17T00:00:00Z"}}, {"type": "Feature", "geometry": {"type": "Polygon", "coordinates": [[[110.68181818181819, -7.228571428571429], [110.95454545454545, -7.228571428571429], [110.95454545454545, -7.133333333333333], [110.68181818181819, -7.133333333333333], [110.68181818181819, -7.228571428571429]]]}, "properties": {"temp_air_c": 21.1, "temp_air_k": 294.25, "temp_surface_c": 21.5, "temp_surface_k": 294.65, "elevation_m": 900.0, "center_lat": -7.181, "center_lon": 110.8182, "cycle_utc": "2026-09-17T00:00:00Z"}}, {"type": "Feature", "geometry": {"type": "Polygon", "coordinates": [[[110.95454545454545, -7.228571428571429], [111.22727272727272, -7.228571428571429], [111.22727272727272, -7.133333333333333], [110.95454545454545, -7.133333333333333], [110.95454545454545, -7.228571428571429]]]}, "properties": {"temp_air_c": 21.1, "temp_air_k": 294.25, "temp_surface_c": 21.1, "temp_surface_k": 294.25, "elevation_m": 900.0, "center_lat": -7.181, "center_lon": 111.0909, "cycle_utc": "2026-09-17T00:00:00Z"}}, {"type": "Feature", "geometry": {"type": "Polygon", "coordinates": [[[111.22727272727272, -7.228571428571429], [111.5, -7.228571428571429], [111.5, -7.133333333333333], [111.22727272727272, -7.133333333333333], [111.22727272727272, -7.228571428571429]]]}, "properties": {"temp_air_c": 21.6, "temp_air_k": 294.75, "temp_surface_c": 20.6, "temp_surface_k": 293.75, "elevation_m": 900.0, "center_lat": -7.181, "center_lon": 111.3636, "cycle_utc": "2026-09-17T00:00:00Z"}}, {"type": "Feature", "geometry": {"type": "Polygon", "coordinates": [[[111.5, -7.228571428571429], [111.77272727272727, -7.228571428571429], [111.77272727272727, -7.133333333333333], [111.5, -7.133333333333333], [111.5, -7.228571428571429]]]}, "properties": {"temp_air_c": 21.2, "temp_air_k": 294.35, "temp_surface_c": 21.2, "temp_surface_k": 294.35, "elevation_m": 900.0, "center_lat": -7.181, "center_lon": 111.6364, "cycle_utc": "2026-09-17T00:00:00Z"}}, {"type": "Feature", "geometry": {"type": "Polygon", "coordinates": [[[111.77272727272727, -7.228571428571429], [112.04545454545455, -7.228571428571429], [112.04545454545455, -7.133333333333333], [111.77272727272727, -7.133333333333333], [111.77272727272727, -7.228571428571429]]]}, "properties": {"temp_air_c": 21.9, "temp_air_k": 295.05, "temp_surface_c": 20.7, "temp_surface_k": 293.85, "elevation_m": 900.0, "center_lat": -7.181, "center_lon": 111.9091, "cycle_utc": "2026-09-17T00:00:00Z"}}, {"type": "Feature", "geometry": {"type": "Polygon", "coordinates": [[[112.04545454545455, -7.228571428571429], [112.31818181818181, -7.228571428571429], [112.31818181818181, -7.133333333333333], [112.04545454545455, -7.133333333333333], [112.04545454545455, -7.228571428571429]]]}, "properties": {"temp_air_c": 21.1, "temp_air_k": 294.25, "temp_surface_c": 21.0, "temp_surface_k": 294.15, "elevation_m": 900.0, "center_lat": -7.181, "center_lon": 112.1818, "cycle_utc": "2026-09-17T00:00:00Z"}}, {"type": "Feature", "geometry": {"type": "Polygon", "coordinates": [[[112.31818181818181, -7.228571428571429], [112.5909090909091, -7.228571428571429], [112.5909090909091, -7.133333333333333], [112.31818181818181, -7.133333333333333], [112.31818181818181, -7.228571428571429]]]}, "properties": {"temp_air_c": 21.2, "temp_air_k": 294.35, "temp_surface_c": 21.3, "temp_surface_k": 294.45, "elevation_m": 900.0, "center_lat": -7.181, "center_lon": 112.4545, "cycle_utc": "2026-09-17T00:00:00Z"}}, {"type": "Feature", "geometry": {"type": "Polygon", "coordinates": [[[112.5909090909091, -7.228571428571429], [112.86363636363636, -7.228571428571429], [112.86363636363636, -7.133333333333333], [112.5909090909091, -7.133333333333333], [112.5909090909091, -7.228571428571429]]]}, "properties": {"temp_air_c": 23.8, "temp_air_k": 296.95, "temp_surface_c": 25.2, "temp_surface_k": 298.35, "elevation_m": 900.0, "center_lat": -7.181, "center_lon": 112.7273, "cycle_utc": "2026-09-17T00:00:00Z"}}, {"type": "Feature", "geometry": {"type": "Polygon", "coordinates": [[[112.86363636363636, -7.228571428571429], [113.13636363636364, -7.228571428571429], [113.13636363636364, -7.133333333333333], [112.86363636363636, -7.133333333333333], [112.86363636363636, -7.228571428571429]]]}, "properties": {"temp_air_c": 26.1, "temp_air_k": 299.25, "temp_surface_c": 25.2, "temp_surface_k": 298.35, "elevation_m": 120.0, "center_lat": -7.181, "center_lon": 113.0, "cycle_utc": "2026-09-17T00:00:00Z"}}, {"type": "Feature", "geometry": {"type": "Polygon", "coordinates": [[[113.13636363636364, -7.228571428571429], [113.4090909090909, -7.228571428571429], [113.4090909090909, -7.133333333333333], [113.13636363636364, -7.133333333333333], [113.13636363636364, -7.228571428571429]]]}, "properties": {"temp_air_c": 26.4, "temp_air_k": 299.55, "temp_surface_c": 25.1, "temp_surface_k": 298.25, "elevation_m": 120.0, "center_lat": -7.181, "center_lon": 113.2727, "cycle_utc": "2026-09-17T00:00:00Z"}}, {"type": "Feature", "geometry": {"type": "Polygon", "coordinates": [[[113.4090909090909, -7.228571428571429], [113.68181818181819, -7.228571428571429], [113.68181818181819, -7.133333333333333], [113.4090909090909, -7.133333333333333], [113.4090909090909, -7.228571428571429]]]}, "properties": {"temp_air_c": 26.3, "temp_air_k": 299.45, "temp_surface_c": 26.0, "temp_surface_k": 299.15, "elevation_m": 120.0, "center_lat": -7.181, "center_lon": 113.5455, "cycle_utc": "2026-09-17T00:00:00Z"}}, {"type": "Feature", "geometry": {"type": "Polygon", "coordinates": [[[113.68181818181819, -7.228571428571429], [113.95454545454545, -7.228571428571429], [113.95454545454545, -7.133333333333333], [113.68181818181819, -7.133333333333333], [113.68181818181819, -7.228571428571429]]]}, "properties": {"temp_air_c": 26.2, "temp_air_k": 299.35, "temp_surface_c": 25.7, "temp_surface_k": 298.85, "elevation_m": 120.0, "center_lat": -7.181, "center_lon": 113.8182, "cycle_utc": "2026-09-17T00:00:00Z"}}, {"type": "Feature", "geometry": {"type": "Polygon", "coordinates": [[[113.95454545454545, -7.228571428571429], [114.22727272727272, -7.228571428571429], [114.22727272727272, -7.133333333333333], [113.95454545454545, -7.133333333333333], [113.95454545454545, -7.228571428571429]]]}, "properties": {"temp_air_c": 26.3, "temp_air_k": 299.45, "temp_surface_c": 25.4, "temp_surface_k": 298.55, "elevation_m": 120.0, "center_lat": -7.181, "center_lon": 114.0909, "cycle_utc": "2026-09-17T00:00:00Z"}}, {"type": "Feature", "geometry": {"type": "Polygon", "coordinates": [[[114.22727272727272, -7.228571428571429], [114.5, -7.228571428571429], [114.5, -7.133333333333333], [114.22727272727272, -7.133333333333333], [114.22727272727272, -7.228571428571429]]]}, "properties": {"temp_air_c": 26.7, "temp_air_k": 299.85, "temp_surface_c": 25.6, "temp_surface_k": 298.75, "elevation_m": 120.0, "center_lat": -7.181, "center_lon": 114.3636, "cycle_utc": "2026-09-17T00:00:00Z"}}, {"type": "Feature", "geometry": {"type": "Polygon", "coordinates": [[[105.5, -7.133333333333333], [105.77272727272727, -7.133333333333333], [105.77272727272727, -7.038095238095238], [105.5, -7.038095238095238], [105.5, -7.133333333333333]]]}, "properties": {"temp_air_c": 27.2, "temp_air_k": 300.35, "temp_surface_c": 25.6, "temp_surface_k": 298.75, "elevation_m": 120.0, "center_lat": -7.0857, "center_lon": 105.6364, "cycle_utc": "2026-09-17T00:00:00Z"}}, {"type": "Feature", "geometry": {"type": "Polygon", "coordinates": [[[105.77272727272727, -7.133333333333333], [106.04545454545455, -7.133333333333333], [106.04545454545455, -7.038095238095238], [105.77272727272727, -7.038095238095238], [105.77272727272727, -7.133333333333333]]]}, "properties": {"temp_air_c": 26.3, "temp_air_k": 299.45, "temp_surface_c": 26.2, "temp_surface_k": 299.35, "elevation_m": 120.0, "center_lat": -7.0857, "center_lon": 105.9091, "cycle_utc": "2026-09-17T00:00:00Z"}}, {"type": "Feature", "geometry": {"type": "Polygon", "coordinates": [[[106.04545454545455, -7.133333333333333], [106.31818181818181, -7.133333333333333], [106.31818181818181, -7.038095238095238], [106.04545454545455, -7.038095238095238], [106.04545454545455, -7.133333333333333]]]}, "properties": {"temp_air_c": 27.0, "temp_air_k": 300.15, "temp_surface_c": 26.5, "temp_surface_k": 299.65, "elevation_m": 120.0, "center_lat": -7.0857, "center_lon": 106.1818, "cycle_utc": "2026-09-17T00:00:00Z"}}, {"type": "Feature", "geometry": {"type": "Polygon", "coordinates": [[[106.31818181818181, -7.133333333333333], [106.5909090909091, -7.133333333333333], [106.5909090909091, -7.038095238095238], [106.31818181818181, -7.038095238095238], [106.31818181818181, -7.133333333333333]]]}, "properties": {"temp_air_c": 26.7, "temp_air_k": 299.85, "temp_surface_c": 25.6, "temp_surface_k": 298.75, "elevation_m": 120.0, "center_lat": -7.0857, "center_lon": 106.4545, "cycle_utc": "2026-09-17T00:00:00Z"}}, {"type": "Feature", "geometry": {"type": "Polygon", "coordinates": [[[106.5909090909091, -7.133333333333333], [106.86363636363636, -7.133333333333333], [106.86363636363636, -7.038095238095238], [106.5909090909091, -7.038095238095238], [106.5909090909091, -7.133333333333333]]]}, "properties": {"temp_air_c": 21.5, "temp_air_k": 294.65, "temp_surface_c": 21.1, "temp_surface_k": 294.25, "elevation_m": 900.0, "center_lat": -7.0857, "center_lon": 106.7273, "cycle_utc": "2026-09-17T00:00:00Z"}}, {"type": "Feature", "geometry": {"type": "Polygon", "coordinates": [[[106.86363636363636, -7.133333333333333], [107.13636363636364, -7.133333333333333], [107.13636363636364, -7.038095238095238], [106.86363636363636, -7.038095238095238], [106.86363636363636, -7.133333333333333]]]}, "properties": {"temp_air_c": 21.8, "temp_air_k": 294.95, "temp_surface_c": 21.1, "temp_surface_k": 294.25, "elevation_m": 900.0, "center_lat": -7.0857, "center_lon": 107.0, "cycle_utc": "2026-09-17T00:00:00Z"}}, {"type": "Feature", "geometry": {"type": "Polygon", "coordinates": [[[107.13636363636364, -7.133333333333333], [107.4090909090909, -7.133333333333333], [107.4090909090909, -7.038095238095238], [107.13636363636364, -7.038095238095238], [107.13636363636364, -7.133333333333333]]]}, "properties": {"temp_air_c": 22.0, "temp_air_k": 295.15, "temp_surface_c": 21.2, "temp_surface_k": 294.35, "elevation_m": 900.0, "center_lat": -7.0857, "center_lon": 107.2727, "cycle_utc": "2026-09-17T00:00:00Z"}}, {"type": "Feature", "geometry": {"type": "Polygon", "coordinates": [[[107.4090909090909, -7.133333333333333], [107.68181818181819, -7.133333333333333], [107.68181818181819, -7.038095238095238], [107.4090909090909, -7.038095238095238], [107.4090909090909, -7.133333333333333]]]}, "properties": {"temp_air_c": 21.9, "temp_air_k": 295.05, "temp_surface_c": 20.6, "temp_surface_k": 293.75, "elevation_m": 900.0, "center_lat": -7.0857, "center_lon": 107.5455, "cycle_utc": "2026-09-17T00:00:00Z"}}, {"type": "Feature", "geometry": {"type": "Polygon", "coordinates": [[[107.68181818181819, -7.133333333333333], [107.95454545454545, -7.133333333333333], [107.95454545454545, -7.038095238095238], [107.68181818181819, -7.038095238095238], [107.68181818181819, -7.133333333333333]]]}, "properties": {"temp_air_c": 21.8, "temp_air_k": 294.95, "temp_surface_c": 21.6, "temp_surface_k": 294.75, "elevation_m": 900.0, "center_lat": -7.0857, "center_lon": 107.8182, "cycle_utc": "2026-09-17T00:00:00Z"}}, {"type": "Feature", "geometry": {"type": "Polygon", "coordinates": [[[107.95454545454545, -7.133333333333333], [108.22727272727273, -7.133333333333333], [108.22727272727273, -7.038095238095238], [107.95454545454545, -7.038095238095238], [107.95454545454545, -7.133333333333333]]]}, "properties": {"temp_air_c": 26.3, "temp_air_k": 299.45, "temp_surface_c": 25.2, "temp_surface_k": 298.35, "elevation_m": 120.0, "center_lat": -7.0857, "center_lon": 108.0909, "cycle_utc": "2026-09-17T00:00:00Z"}}, {"type": "Feature", "geometry": {"type": "Polygon", "coordinates": [[[108.22727272727273, -7.133333333333333], [108.5, -7.133333333333333], [108.5, -7.038095238095238], [108.22727272727273, -7.038095238095238], [108.22727272727273, -7.133333333333333]]]}, "properties": {"temp_air_c": 26.5, "temp_air_k": 299.65, "temp_surface_c": 25.2, "temp_surface_k": 298.35, "elevation_m": 120.0, "center_lat": -7.0857, "center_lon": 108.3636, "cycle_utc": "2026-09-17T00:00:00Z"}}, {"type": "Feature", "geometry": {"type": "Polygon", "coordinates": [[[108.5, -7.133333333333333], [108.77272727272727, -7.133333333333333], [108.77272727272727, -7.038095238095238], [108.5, -7.038095238095238], [108.5, -7.133333333333333]]]}, "properties": {"temp_air_c": 26.7, "temp_air_k": 299.85, "temp_surface_c": 26.0, "temp_surface_k": 299.15, "elevation_m": 120.0, "center_lat": -7.0857, "center_lon": 108.6364, "cycle_utc": "2026-09-17T00:00:00Z"}}, {"type": "Feature", "geometry": {"type": "Polygon", "coordinates": [[[108.77272727272727, -7.133333333333333], [109.04545454545455, -7.133333333333333], [109.04545454545455, -7.038095238095238], [108.77272727272727, -7.038095238095238], [108.77272727272727, -7.133333333333333]]]}, "properties": {"temp_air_c": 26.2, "temp_air_k": 299.35, "temp_surface_c": 26.2, "temp_surface_k": 299.35, "elevation_m": 120.0, "center_lat": -7.0857, "center_lon": 108.9091, "cycle_utc": "2026-09-17T00:00:00Z"}}, {"type": "Feature", "geometry": {"type": "Polygon", "coordinates": [[[109.04545454545455, -7.133333333333333], [109.31818181818181, -7.133333333333333], [109.31818181818181, -7.038095238095238], [109.04545454545455, -7.038095238095238], [109.04545454545455, -7.133333333333333]]]}, "properties": {"temp_air_c": 26.7, "temp_air_k": 299.85, "temp_surface_c": 25.3, "temp_surface_k": 298.45, "elevation_m": 120.0, "center_lat": -7.0857, "center_lon": 109.1818, "cycle_utc": "2026-09-17T00:00:00Z"}}, {"type": "Feature", "geometry": {"type": "Polygon", "coordinates": [[[109.31818181818181, -7.133333333333333], [109.5909090909091, -7.133333333333333], [109.5909090909091, -7.038095238095238], [109.31818181818181, -7.038095238095238], [109.31818181818181, -7.133333333333333]]]}, "properties": {"temp_air_c": 26.2, "temp_air_k": 299.35, "temp_surface_c": 25.8, "temp_surface_k": 298.95, "elevation_m": 120.0, "center_lat": -7.0857, "center_lon": 109.4545, "cycle_utc": "2026-09-17T00:00:00Z"}}, {"type": "Feature", "geometry": {"type": "Polygon", "coordinates": [[[109.5909090909091, -7.133333333333333], [109.86363636363636, -7.133333333333333], [109.86363636363636, -7.038095238095238], [109.5909090909091, -7.038095238095238], [109.5909090909091, -7.133333333333333]]]}, "properties": {"temp_air_c": 26.6, "temp_air_k": 299.75, "temp_surface_c": 26.0, "temp_surface_k": 299.15, "elevation_m": 120.0, "center_lat": -7.0857, "center_lon": 109.7273, "cycle_utc": "2026-09-17T00:00:00Z"}}, {"type": "Feature", "geometry": {"type": "Polygon", "coordinates": [[[109.86363636363636, -7.133333333333333], [110.13636363636364, -7.133333333333333], [110.13636363636364, -7.038095238095238], [109.86363636363636, -7.038095238095238], [109.86363636363636, -7.133333333333333]]]}, "properties": {"temp_air_c": 21.9, "temp_air_k": 295.05, "temp_surface_c": 21.2, "temp_surface_k": 294.35, "elevation_m": 900.0, "center_lat": -7.0857, "center_lon": 110.0, "cycle_utc": "2026-09-17T00:00:00Z"}}, {"type": "Feature", "geometry": {"type": "Polygon", "coordinates": [[[110.13636363636364, -7.133333333333333], [110.4090909090909, -7.133333333333333], [110.4090909090909, -7.038095238095238], [110.13636363636364, -7.038095238095238], [110.13636363636364, -7.133333333333333]]]}, "properties": {"temp_air_c": 21.4, "temp_air_k": 294.55, "temp_surface_c": 20.8, "temp_surface_k": 293.95, "elevation_m": 900.0, "center_lat": -7.0857, "center_lon": 110.2727, "cycle_utc": "2026-09-17T00:00:00Z"}}, {"type": "Feature", "geometry": {"type": "Polygon", "coordinates": [[[110.4090909090909, -7.133333333333333], [110.68181818181819, -7.133333333333333], [110.68181818181819, -7.038095238095238], [110.4090909090909, -7.038095238095238], [110.4090909090909, -7.133333333333333]]]}, "properties": {"temp_air_c": 20.9, "temp_air_k": 294.05, "temp_surface_c": 21.0, "temp_surface_k": 294.15, "elevation_m": 900.0, "center_lat": -7.0857, "center_lon": 110.5455, "cycle_utc": "2026-09-17T00:00:00Z"}}, {"type": "Feature", "geometry": {"type": "Polygon", "coordinates": [[[110.68181818181819, -7.133333333333333], [110.95454545454545, -7.133333333333333], [110.95454545454545, -7.038095238095238], [110.68181818181819, -7.038095238095238], [110.68181818181819, -7.133333333333333]]]}, "properties": {"temp_air_c": 21.4, "temp_air_k": 294.55, "temp_surface_c": 21.3, "temp_surface_k": 294.45, "elevation_m": 900.0, "center_lat": -7.0857, "center_lon": 110.8182, "cycle_utc": "2026-09-17T00:00:00Z"}}, {"type": "Feature", "geometry": {"type": "Polygon", "coordinates": [[[110.95454545454545, -7.133333333333333], [111.22727272727272, -7.133333333333333], [111.22727272727272, -7.038095238095238], [110.95454545454545, -7.038095238095238], [110.95454545454545, -7.133333333333333]]]}, "properties": {"temp_air_c": 21.0, "temp_air_k": 294.15, "temp_surface_c": 20.6, "temp_surface_k": 293.75, "elevation_m": 900.0, "center_lat": -7.0857, "center_lon": 111.0909, "cycle_utc": "2026-09-17T00:00:00Z"}}, {"type": "Feature", "geometry": {"type": "Polygon", "coordinates": [[[111.22727272727272, -7.133333333333333], [111.5, -7.133333333333333], [111.5, -7.038095238095238], [111.22727272727272, -7.038095238095238], [111.22727272727272, -7.133333333333333]]]}, "properties": {"temp_air_c": 21.0, "temp_air_k": 294.15, "temp_surface_c": 20.8, "temp_surface_k": 293.95, "elevation_m": 900.0, "center_lat": -7.0857, "center_lon": 111.3636, "cycle_utc": "2026-09-17T00:00:00Z"}}, {"type": "Feature", "geometry": {"type": "Polygon", "coordinates": [[[111.5, -7.133333333333333], [111.77272727272727, -7.133333333333333], [111.77272727272727, -7.038095238095238], [111.5, -7.038095238095238], [111.5, -7.133333333333333]]]}, "properties": {"temp_air_c": 21.1, "temp_air_k": 294.25, "temp_surface_c": 20.8, "temp_surface_k": 293.95, "elevation_m": 900.0, "center_lat": -7.0857, "center_lon": 111.6364, "cycle_utc": "2026-09-17T00:00:00Z"}}, {"type": "Feature", "geometry": {"type": "Polygon", "coordinates": [[[111.77272727272727, -7.133333333333333], [112.04545454545455, -7.133333333333333], [112.04545454545455, -7.038095238095238], [111.77272727272727, -7.038095238095238], [111.77272727272727, -7.133333333333333]]]}, "properties": {"temp_air_c": 21.4, "temp_air_k": 294.55, "temp_surface_c": 20.8, "temp_surface_k": 293.95, "elevation_m": 900.0, "center_lat": -7.0857, "center_lon": 111.9091, "cycle_utc": "2026-09-17T00:00:00Z"}}, {"type": "Feature", "geometry": {"type": "Polygon", "coordinates": [[[112.04545454545455, -7.133333333333333], [112.31818181818181, -7.133333333333333], [112.31818181818181, -7.038095238095238], [112.04545454545455, -7.038095238095238], [112.04545454545455, -7.133333333333333]]]}, "properties": {"temp_air_c": 21.2, "temp_air_k": 294.35, "temp_surface_c": 20.5, "temp_surface_k": 293.65, "elevation_m": 900.0, "center_lat": -7.0857, "center_lon": 112.1818, "cycle_utc": "2026-09-17T00:00:00Z"}}, {"type": "Feature", "geometry": {"type": "Polygon", "coordinates": [[[112.31818181818181, -7.133333333333333], [112.5909090909091, -7.133333333333333], [112.5909090909091, -7.038095238095238], [112.31818181818181, -7.038095238095238], [112.31818181818181, -7.133333333333333]]]}, "properties": {"temp_air_c": 21.2, "temp_air_k": 294.35, "temp_surface_c": 21.9, "temp_surface_k": 295.05, "elevation_m": 900.0, "center_lat": -7.0857, "center_lon": 112.4545, "cycle_utc": "2026-09-17T00:00:00Z"}}, {"type": "Feature", "geometry": {"type": "Polygon", "coordinates": [[[112.5909090909091, -7.133333333333333], [112.86363636363636, -7.133333333333333], [112.86363636363636, -7.038095238095238], [112.5909090909091, -7.038095238095238], [112.5909090909091, -7.133333333333333]]]}, "properties": {"temp_air_c": 20.9, "temp_air_k": 294.05, "temp_surface_c": 21.2, "temp_surface_k": 294.35, "elevation_m": 900.0, "center_lat": -7.0857, "center_lon": 112.7273, "cycle_utc": "2026-09-17T00:00:00Z"}}, {"type": "Feature", "geometry": {"type": "Polygon", "coordinates": [[[112.86363636363636, -7.133333333333333], [113.13636363636364, -7.133333333333333], [113.13636363636364, -7.038095238095238], [112.86363636363636, -7.038095238095238], [112.86363636363636, -7.133333333333333]]]}, "properties": {"temp_air_c": 26.5, "temp_air_k": 299.65, "temp_surface_c": 25.8, "temp_surface_k": 298.95, "elevation_m": 120.0, "center_lat": -7.0857, "center_lon": 113.0, "cycle_utc": "2026-09-17T00:00:00Z"}}, {"type": "Feature", "geometry": {"type": "Polygon", "coordinates": [[[113.13636363636364, -7.133333333333333], [113.4090909090909, -7.133333333333333], [113.4090909090909, -7.038095238095238], [113.13636363636364, -7.038095238095238], [113.13636363636364, -7.133333333333333]]]}, "properties": {"temp_air_c": 26.2, "temp_air_k": 299.35, "temp_surface_c": 25.5, "temp_surface_k": 298.65, "elevation_m": 120.0, "center_lat": -7.0857, "center_lon": 113.2727, "cycle_utc": "2026-09-17T00:00:00Z"}}, {"type": "Feature", "geometry": {"type": "Polygon", "coordinates": [[[113.4090909090909, -7.133333333333333], [113.68181818181819, -7.133333333333333], [113.68181818181819, -7.038095238095238], [113.4090909090909, -7.038095238095238], [113.4090909090909, -7.133333333333333]]]}, "properties": {"temp_air_c": 26.8, "temp_air_k": 299.95, "temp_surface_c": 25.9, "temp_surface_k": 299.05, "elevation_m": 120.0, "center_lat": -7.0857, "center_lon": 113.5455, "cycle_utc": "2026-09-17T00:00:00Z"}}, {"type": "Feature", "geometry": {"type": "Polygon", "coordinates": [[[113.68181818181819, -7.133333333333333], [113.95454545454545, -7.133333333333333], [113.95454545454545, -7.038095238095238], [113.68181818181819, -7.038095238095238], [113.68181818181819, -7.133333333333333]]]}, "properties": {"temp_air_c": 26.7, "temp_air_k": 299.85, "temp_surface_c": 25.2, "temp_surface_k": 298.35, "elevation_m": 120.0, "center_lat": -7.0857, "center_lon": 113.8182, "cycle_utc": "2026-09-17T00:00:00Z"}}, {"type": "Feature", "geometry": {"type": "Polygon", "coordinates": [[[113.95454545454545, -7.133333333333333], [114.22727272727272, -7.133333333333333], [114.22727272727272, -7.038095238095238], [113.95454545454545, -7.038095238095238], [113.95454545454545, -7.133333333333333]]]}, "properties": {"temp_air_c": 26.5, "temp_air_k": 299.65, "temp_surface_c": 26.1, "temp_surface_k": 299.25, "elevation_m": 120.0, "center_lat": -7.0857, "center_lon": 114.0909, "cycle_utc": "2026-09-17T00:00:00Z"}}, {"type": "Feature", "geometry": {"type": "Polygon", "coordinates": [[[114.22727272727272, -7.133333333333333], [114.5, -7.133333333333333], [114.5, -7.038095238095238], [114.22727272727272, -7.038095238095238], [114.22727272727272, -7.133333333333333]]]}, "properties": {"temp_air_c": 26.7, "temp_air_k": 299.85, "temp_surface_c": 25.6, "temp_surface_k": 298.75, "elevation_m": 120.0, "center_lat": -7.0857, "center_lon": 114.3636, "cycle_utc": "2026-09-17T00:00:00Z"}}, {"type": "Feature", "geometry": {"type": "Polygon", "coordinates": [[[105.5, -7.038095238095238], [105.77272727272727, -7.038095238095238], [105.77272727272727, -6.942857142857143], [105.5, -6.942857142857143], [105.5, -7.038095238095238]]]}, "properties": {"temp_air_c": 26.4, "temp_air_k": 299.55, "temp_surface_c": 25.5, "temp_surface_k": 298.65, "elevation_m": 120.0, "center_lat": -6.9905, "center_lon": 105.6364, "cycle_utc": "2026-09-17T00:00:00Z"}}, {"type": "Feature", "geometry": {"type": "Polygon", "coordinates": [[[105.77272727272727, -7.038095238095238], [106.04545454545455, -7.038095238095238], [106.04545454545455, -6.942857142857143], [105.77272727272727, -6.942857142857143], [105.77272727272727, -7.038095238095238]]]}, "properties": {"temp_air_c": 26.4, "temp_air_k": 299.55, "temp_surface_c": 26.1, "temp_surface_k": 299.25, "elevation_m": 120.0, "center_lat": -6.9905, "center_lon": 105.9091, "cycle_utc": "2026-09-17T00:00:00Z"}}, {"type": "Feature", "geometry": {"type": "Polygon", "coordinates": [[[106.04545454545455, -7.038095238095238], [106.31818181818181, -7.038095238095238], [106.31818181818181, -6.942857142857143], [106.04545454545455, -6.942857142857143], [106.04545454545455, -7.038095238095238]]]}, "properties": {"temp_air_c": 26.9, "temp_air_k": 300.05, "temp_surface_c": 25.8, "temp_surface_k": 298.95, "elevation_m": 120.0, "center_lat": -6.9905, "center_lon": 106.1818, "cycle_utc": "2026-09-17T00:00:00Z"}}, {"type": "Feature", "geometry": {"type": "Polygon", "coordinates": [[[106.31818181818181, -7.038095238095238], [106.5909090909091, -7.038095238095238], [106.5909090909091, -6.942857142857143], [106.31818181818181, -6.942857142857143], [106.31818181818181, -7.038095238095238]]]}, "properties": {"temp_air_c": 26.3, "temp_air_k": 299.45, "temp_surface_c": 26.1, "temp_surface_k": 299.25, "elevation_m": 120.0, "center_lat": -6.9905, "center_lon": 106.4545, "cycle_utc": "2026-09-17T00:00:00Z"}}, {"type": "Feature", "geometry": {"type": "Polygon", "coordinates": [[[106.5909090909091, -7.038095238095238], [106.86363636363636, -7.038095238095238], [106.86363636363636, -6.942857142857143], [106.5909090909091, -6.942857142857143], [106.5909090909091, -7.038095238095238]]]}, "properties": {"temp_air_c": 21.2, "temp_air_k": 294.35, "temp_surface_c": 21.1, "temp_surface_k": 294.25, "elevation_m": 900.0, "center_lat": -6.9905, "center_lon": 106.7273, "cycle_utc": "2026-09-17T00:00:00Z"}}, {"type": "Feature", "geometry": {"type": "Polygon", "coordinates": [[[106.86363636363636, -7.038095238095238], [107.13636363636364, -7.038095238095238], [107.13636363636364, -6.942857142857143], [106.86363636363636, -6.942857142857143], [106.86363636363636, -7.038095238095238]]]}, "properties": {"temp_air_c": 21.3, "temp_air_k": 294.45, "temp_surface_c": 21.8, "temp_surface_k": 294.95, "elevation_m": 900.0, "center_lat": -6.9905, "center_lon": 107.0, "cycle_utc": "2026-09-17T00:00:00Z"}}, {"type": "Feature", "geometry": {"type": "Polygon", "coordinates": [[[107.13636363636364, -7.038095238095238], [107.4090909090909, -7.038095238095238], [107.4090909090909, -6.942857142857143], [107.13636363636364, -6.942857142857143], [107.13636363636364, -7.038095238095238]]]}, "properties": {"temp_air_c": 21.7, "temp_air_k": 294.85, "temp_surface_c": 20.5, "temp_surface_k": 293.65, "elevation_m": 900.0, "center_lat": -6.9905, "center_lon": 107.2727, "cycle_utc": "2026-09-17T00:00:00Z"}}, {"type": "Feature", "geometry": {"type": "Polygon", "coordinates": [[[107.4090909090909, -7.038095238095238], [107.68181818181819, -7.038095238095238], [107.68181818181819, -6.942857142857143], [107.4090909090909, -6.942857142857143], [107.4090909090909, -7.038095238095238]]]}, "properties": {"temp_air_c": 21.7, "temp_air_k": 294.85, "temp_surface_c": 21.2, "temp_surface_k": 294.35, "elevation_m": 900.0, "center_lat": -6.9905, "center_lon": 107.5455, "cycle_utc": "2026-09-17T00:00:00Z"}}, {"type": "Feature", "geometry": {"type": "Polygon", "coordinates": [[[107.68181818181819, -7.038095238095238], [107.95454545454545, -7.038095238095238], [107.95454545454545, -6.942857142857143], [107.68181818181819, -6.942857142857143], [107.68181818181819, -7.038095238095238]]]}, "properties": {"temp_air_c": 21.7, "temp_air_k": 294.85, "temp_surface_c": 20.9, "temp_surface_k": 294.05, "elevation_m": 900.0, "center_lat": -6.9905, "center_lon": 107.8182, "cycle_utc": "2026-09-17T00:00:00Z"}}, {"type": "Feature", "geometry": {"type": "Polygon", "coordinates": [[[107.95454545454545, -7.038095238095238], [108.22727272727273, -7.038095238095238], [108.22727272727273, -6.942857142857143], [107.95454545454545, -6.942857142857143], [107.95454545454545, -7.038095238095238]]]}, "properties": {"temp_air_c": 27.0, "temp_air_k": 300.15, "temp_surface_c": 26.2, "temp_surface_k": 299.35, "elevation_m": 120.0, "center_lat": -6.9905, "center_lon": 108.0909, "cycle_utc": "2026-09-17T00:00:00Z"}}, {"type": "Feature", "geometry": {"type": "Polygon", "coordinates": [[[108.22727272727273, -7.038095238095238], [108.5, -7.038095238095238], [108.5, -6.942857142857143], [108.22727272727273, -6.942857142857143], [108.22727272727273, -7.038095238095238]]]}, "properties": {"temp_air_c": 25.8, "temp_air_k": 298.95, "temp_surface_c": 26.1, "temp_surface_k": 299.25, "elevation_m": 120.0, "center_lat": -6.9905, "center_lon": 108.3636, "cycle_utc": "2026-09-17T00:00:00Z"}}, {"type": "Feature", "geometry": {"type": "Polygon", "coordinates": [[[108.5, -7.038095238095238], [108.77272727272727, -7.038095238095238], [108.77272727272727, -6.942857142857143], [108.5, -6.942857142857143], [108.5, -7.038095238095238]]]}, "properties": {"temp_air_c": 26.9, "temp_air_k": 300.05, "temp_surface_c": 25.9, "temp_surface_k": 299.05, "elevation_m": 120.0, "center_lat": -6.9905, "center_lon": 108.6364, "cycle_utc": "2026-09-17T00:00:00Z"}}, {"type": "Feature", "geometry": {"type": "Polygon", "coordinates": [[[108.77272727272727, -7.038095238095238], [109.04545454545455, -7.038095238095238], [109.04545454545455, -6.942857142857143], [108.77272727272727, -6.942857142857143], [108.77272727272727, -7.038095238095238]]]}, "properties": {"temp_air_c": 26.9, "temp_air_k": 300.05, "temp_surface_c": 25.6, "temp_surface_k": 298.75, "elevation_m": 120.0, "center_lat": -6.9905, "center_lon": 108.9091, "cycle_utc": "2026-09-17T00:00:00Z"}}, {"type": "Feature", "geometry": {"type": "Polygon", "coordinates": [[[109.04545454545455, -7.038095238095238], [109.31818181818181, -7.038095238095238], [109.31818181818181, -6.942857142857143], [109.04545454545455, -6.942857142857143], [109.04545454545455, -7.038095238095238]]]}, "properties": {"temp_air_c": 26.5, "temp_air_k": 299.65, "temp_surface_c": 26.8, "temp_surface_k": 299.95, "elevation_m": 120.0, "center_lat": -6.9905, "center_lon": 109.1818, "cycle_utc": "2026-09-17T00:00:00Z"}}, {"type": "Feature", "geometry": {"type": "Polygon", "coordinates": [[[109.31818181818181, -7.038095238095238], [109.5909090909091, -7.038095238095238], [109.5909090909091, -6.942857142857143], [109.31818181818181, -6.942857142857143], [109.31818181818181, -7.038095238095238]]]}, "properties": {"temp_air_c": 26.9, "temp_air_k": 300.05, "temp_surface_c": 26.5, "temp_surface_k": 299.65, "elevation_m": 120.0, "center_lat": -6.9905, "center_lon": 109.4545, "cycle_utc": "2026-09-17T00:00:00Z"}}, {"type": "Feature", "geometry": {"type": "Polygon", "coordinates": [[[109.5909090909091, -7.038095238095238], [109.86363636363636, -7.038095238095238], [109.86363636363636, -6.942857142857143], [109.5909090909091, -6.942857142857143], [109.5909090909091, -7.038095238095238]]]}, "properties": {"temp_air_c": 26.5, "temp_air_k": 299.65, "temp_surface_c": 25.4, "temp_surface_k": 298.55, "elevation_m": 120.0, "center_lat": -6.9905, "center_lon": 109.7273, "cycle_utc": "2026-09-17T00:00:00Z"}}, {"type": "Feature", "geometry": {"type": "Polygon", "coordinates": [[[109.86363636363636, -7.038095238095238], [110.13636363636364, -7.038095238095238], [110.13636363636364, -6.942857142857143], [109.86363636363636, -6.942857142857143], [109.86363636363636, -7.038095238095238]]]}, "properties": {"temp_air_c": 21.4, "temp_air_k": 294.55, "temp_surface_c": 21.0, "temp_surface_k": 294.15, "elevation_m": 900.0, "center_lat": -6.9905, "center_lon": 110.0, "cycle_utc": "2026-09-17T00:00:00Z"}}, {"type": "Feature", "geometry": {"type": "Polygon", "coordinates": [[[110.13636363636364, -7.038095238095238], [110.4090909090909, -7.038095238095238], [110.4090909090909, -6.942857142857143], [110.13636363636364, -6.942857142857143], [110.13636363636364, -7.038095238095238]]]}, "properties": {"temp_air_c": 21.5, "temp_air_k": 294.65, "temp_surface_c": 20.7, "temp_surface_k": 293.85, "elevation_m": 900.0, "center_lat": -6.9905, "center_lon": 110.2727, "cycle_utc": "2026-09-17T00:00:00Z"}}, {"type": "Feature", "geometry": {"type": "Polygon", "coordinates": [[[110.4090909090909, -7.038095238095238], [110.68181818181819, -7.038095238095238], [110.68181818181819, -6.942857142857143], [110.4090909090909, -6.942857142857143], [110.4090909090909, -7.038095238095238]]]}, "properties": {"temp_air_c": 21.1, "temp_air_k": 294.25, "temp_surface_c": 20.2, "temp_surface_k": 293.35, "elevation_m": 900.0, "center_lat": -6.9905, "center_lon": 110.5455, "cycle_utc": "2026-09-17T00:00:00Z"}}, {"type": "Feature", "geometry": {"type": "Polygon", "coordinates": [[[110.68181818181819, -7.038095238095238], [110.95454545454545, -7.038095238095238], [110.95454545454545, -6.942857142857143], [110.68181818181819, -6.942857142857143], [110.68181818181819, -7.038095238095238]]]}, "properties": {"temp_air_c": 21.6, "temp_air_k": 294.75, "temp_surface_c": 21.1, "temp_surface_k": 294.25, "elevation_m": 900.0, "center_lat": -6.9905, "center_lon": 110.8182, "cycle_utc": "2026-09-17T00:00:00Z"}}, {"type": "Feature", "geometry": {"type": "Polygon", "coordinates": [[[110.95454545454545, -7.038095238095238], [111.22727272727272, -7.038095238095238], [111.22727272727272, -6.942857142857143], [110.95454545454545, -6.942857142857143], [110.95454545454545, -7.038095238095238]]]}, "properties": {"temp_air_c": 22.2, "temp_air_k": 295.35, "temp_surface_c": 21.4, "temp_surface_k": 294.55, "elevation_m": 900.0, "center_lat": -6.9905, "center_lon": 111.0909, "cycle_utc": "2026-09-17T00:00:00Z"}}, {"type": "Feature", "geometry": {"type": "Polygon", "coordinates": [[[111.22727272727272, -7.038095238095238], [111.5, -7.038095238095238], [111.5, -6.942857142857143], [111.22727272727272, -6.942857142857143], [111.22727272727272, -7.038095238095238]]]}, "properties": {"temp_air_c": 21.5, "temp_air_k": 294.65, "temp_surface_c": 21.8, "temp_surface_k": 294.95, "elevation_m": 900.0, "center_lat": -6.9905, "center_lon": 111.3636, "cycle_utc": "2026-09-17T00:00:00Z"}}, {"type": "Feature", "geometry": {"type": "Polygon", "coordinates": [[[111.5, -7.038095238095238], [111.77272727272727, -7.038095238095238], [111.77272727272727, -6.942857142857143], [111.5, -6.942857142857143], [111.5, -7.038095238095238]]]}, "properties": {"temp_air_c": 21.4, "temp_air_k": 294.55, "temp_surface_c": 21.2, "temp_surface_k": 294.35, "elevation_m": 900.0, "center_lat": -6.9905, "center_lon": 111.6364, "cycle_utc": "2026-09-17T00:00:00Z"}}, {"type": "Feature", "geometry": {"type": "Polygon", "coordinates": [[[111.77272727272727, -7.038095238095238], [112.04545454545455, -7.038095238095238], [112.04545454545455, -6.942857142857143], [111.77272727272727, -6.942857142857143], [111.77272727272727, -7.038095238095238]]]}, "properties": {"temp_air_c": 21.3, "temp_air_k": 294.45, "temp_surface_c": 20.8, "temp_surface_k": 293.95, "elevation_m": 900.0, "center_lat": -6.9905, "center_lon": 111.9091, "cycle_utc": "2026-09-17T00:00:00Z"}}, {"type": "Feature", "geometry": {"type": "Polygon", "coordinates": [[[112.04545454545455, -7.038095238095238], [112.31818181818181, -7.038095238095238], [112.31818181818181, -6.942857142857143], [112.04545454545455, -6.942857142857143], [112.04545454545455, -7.038095238095238]]]}, "properties": {"temp_air_c": 21.3, "temp_air_k": 294.45, "temp_surface_c": 20.8, "temp_surface_k": 293.95, "elevation_m": 900.0, "center_lat": -6.9905, "center_lon": 112.1818, "cycle_utc": "2026-09-17T00:00:00Z"}}, {"type": "Feature", "geometry": {"type": "Polygon", "coordinates": [[[112.31818181818181, -7.038095238095238], [112.5909090909091, -7.038095238095238], [112.5909090909091, -6.942857142857143], [112.31818181818181, -6.942857142857143], [112.31818181818181, -7.038095238095238]]]}, "properties": {"temp_air_c": 21.5, "temp_air_k": 294.65, "temp_surface_c": 21.3, "temp_surface_k": 294.45, "elevation_m": 900.0, "center_lat": -6.9905, "center_lon": 112.4545, "cycle_utc": "2026-09-17T00:00:00Z"}}, {"type": "Feature", "geometry": {"type": "Polygon", "coordinates": [[[112.5909090909091, -7.038095238095238], [112.86363636363636, -7.038095238095238], [112.86363636363636, -6.942857142857143], [112.5909090909091, -6.942857142857143], [112.5909090909091, -7.038095238095238]]]}, "properties": {"temp_air_c": 22.1, "temp_air_k": 295.25, "temp_surface_c": 20.6, "temp_surface_k": 293.75, "elevation_m": 900.0, "center_lat": -6.9905, "center_lon": 112.7273, "cycle_utc": "2026-09-17T00:00:00Z"}}, {"type": "Feature", "geometry": {"type": "Polygon", "coordinates": [[[112.86363636363636, -7.038095238095238], [113.13636363636364, -7.038095238095238], [113.13636363636364, -6.942857142857143], [112.86363636363636, -6.942857142857143], [112.86363636363636, -7.038095238095238]]]}, "properties": {"temp_air_c": 26.6, "temp_air_k": 299.75, "temp_surface_c": 25.8, "temp_surface_k": 298.95, "elevation_m": 120.0, "center_lat": -6.9905, "center_lon": 113.0, "cycle_utc": "2026-09-17T00:00:00Z"}}, {"type": "Feature", "geometry": {"type": "Polygon", "coordinates": [[[113.13636363636364, -7.038095238095238], [113.4090909090909, -7.038095238095238], [113.4090909090909, -6.942857142857143], [113.13636363636364, -6.942857142857143], [113.13636363636364, -7.038095238095238]]]}, "properties": {"temp_air_c": 26.2, "temp_air_k": 299.35, "temp_surface_c": 25.2, "temp_surface_k": 298.35, "elevation_m": 120.0, "center_lat": -6.9905, "center_lon": 113.2727, "cycle_utc": "2026-09-17T00:00:00Z"}}, {"type": "Feature", "geometry": {"type": "Polygon", "coordinates": [[[113.4090909090909, -7.038095238095238], [113.68181818181819, -7.038095238095238], [113.68181818181819, -6.942857142857143], [113.4090909090909, -6.942857142857143], [113.4090909090909, -7.038095238095238]]]}, "properties": {"temp_air_c": 26.9, "temp_air_k": 300.05, "temp_surface_c": 26.1, "temp_surface_k": 299.25, "elevation_m": 120.0, "center_lat": -6.9905, "center_lon": 113.5455, "cycle_utc": "2026-09-17T00:00:00Z"}}, {"type": "Feature", "geometry": {"type": "Polygon", "coordinates": [[[113.68181818181819, -7.038095238095238], [113.95454545454545, -7.038095238095238], [113.95454545454545, -6.942857142857143], [113.68181818181819, -6.942857142857143], [113.68181818181819, -7.038095238095238]]]}, "properties": {"temp_air_c": 26.5, "temp_air_k": 299.65, "temp_surface_c": 25.5, "temp_surface_k": 298.65, "elevation_m": 120.0, "center_lat": -6.9905, "center_lon": 113.8182, "cycle_utc": "2026-09-17T00:00:00Z"}}, {"type": "Feature", "geometry": {"type": "Polygon", "coordinates": [[[113.95454545454545, -7.038095238095238], [114.22727272727272, -7.038095238095238], [114.22727272727272, -6.942857142857143], [113.95454545454545, -6.942857142857143], [113.95454545454545, -7.038095238095238]]]}, "properties": {"temp_air_c": 26.0, "temp_air_k": 299.15, "temp_surface_c": 25.9, "temp_surface_k": 299.05, "elevation_m": 120.0, "center_lat": -6.9905, "center_lon": 114.0909, "cycle_utc": "2026-09-17T00:00:00Z"}}, {"type": "Feature", "geometry": {"type": "Polygon", "coordinates": [[[114.22727272727272, -7.038095238095238], [114.5, -7.038095238095238], [114.5, -6.942857142857143], [114.22727272727272, -6.942857142857143], [114.22727272727272, -7.038095238095238]]]}, "properties": {"temp_air_c": 26.6, "temp_air_k": 299.75, "temp_surface_c": 26.1, "temp_surface_k": 299.25, "elevation_m": 120.0, "center_lat": -6.9905, "center_lon": 114.3636, "cycle_utc": "2026-09-17T00:00:00Z"}}, {"type": "Feature", "geometry": {"type": "Polygon", "coordinates": [[[105.5, -6.942857142857143], [105.77272727272727, -6.942857142857143], [105.77272727272727, -6.847619047619047], [105.5, -6.847619047619047], [105.5, -6.942857142857143]]]}, "properties": {"temp_air_c": 26.6, "temp_air_k": 299.75, "temp_surface_c": 25.9, "temp_surface_k": 299.05, "elevation_m": 120.0, "center_lat": -6.8952, "center_lon": 105.6364, "cycle_utc": "2026-09-17T00:00:00Z"}}, {"type": "Feature", "geometry": {"type": "Polygon", "coordinates": [[[105.77272727272727, -6.942857142857143], [106.04545454545455, -6.942857142857143], [106.04545454545455, -6.847619047619047], [105.77272727272727, -6.847619047619047], [105.77272727272727, -6.942857142857143]]]}, "properties": {"temp_air_c": 26.5, "temp_air_k": 299.65, "temp_surface_c": 25.3, "temp_surface_k": 298.45, "elevation_m": 120.0, "center_lat": -6.8952, "center_lon": 105.9091, "cycle_utc": "2026-09-17T00:00:00Z"}}, {"type": "Feature", "geometry": {"type": "Polygon", "coordinates": [[[106.04545454545455, -6.942857142857143], [106.31818181818181, -6.942857142857143], [106.31818181818181, -6.847619047619047], [106.04545454545455, -6.847619047619047], [106.04545454545455, -6.942857142857143]]]}, "properties": {"temp_air_c": 26.6, "temp_air_k": 299.75, "temp_surface_c": 25.2, "temp_surface_k": 298.35, "elevation_m": 120.0, "center_lat": -6.8952, "center_lon": 106.1818, "cycle_utc": "2026-09-17T00:00:00Z"}}, {"type": "Feature", "geometry": {"type": "Polygon", "coordinates": [[[106.31818181818181, -6.942857142857143], [106.5909090909091, -6.942857142857143], [106.5909090909091, -6.847619047619047], [106.31818181818181, -6.847619047619047], [106.31818181818181, -6.942857142857143]]]}, "properties": {"temp_air_c": 26.2, "temp_air_k": 299.35, "temp_surface_c": 25.6, "temp_surface_k": 298.75, "elevation_m": 120.0, "center_lat": -6.8952, "center_lon": 106.4545, "cycle_utc": "2026-09-17T00:00:00Z"}}, {"type": "Feature", "geometry": {"type": "Polygon", "coordinates": [[[106.5909090909091, -6.942857142857143], [106.86363636363636, -6.942857142857143], [106.86363636363636, -6.847619047619047], [106.5909090909091, -6.847619047619047], [106.5909090909091, -6.942857142857143]]]}, "properties": {"temp_air_c": 21.5, "temp_air_k": 294.65, "temp_surface_c": 20.6, "temp_surface_k": 293.75, "elevation_m": 900.0, "center_lat": -6.8952, "center_lon": 106.7273, "cycle_utc": "2026-09-17T00:00:00Z"}}, {"type": "Feature", "geometry": {"type": "Polygon", "coordinates": [[[106.86363636363636, -6.942857142857143], [107.13636363636364, -6.942857142857143], [107.13636363636364, -6.847619047619047], [106.86363636363636, -6.847619047619047], [106.86363636363636, -6.942857142857143]]]}, "properties": {"temp_air_c": 21.3, "temp_air_k": 294.45, "temp_surface_c": 20.8, "temp_surface_k": 293.95, "elevation_m": 900.0, "center_lat": -6.8952, "center_lon": 107.0, "cycle_utc": "2026-09-17T00:00:00Z"}}, {"type": "Feature", "geometry": {"type": "Polygon", "coordinates": [[[107.13636363636364, -6.942857142857143], [107.4090909090909, -6.942857142857143], [107.4090909090909, -6.847619047619047], [107.13636363636364, -6.847619047619047], [107.13636363636364, -6.942857142857143]]]}, "properties": {"temp_air_c": 21.7, "temp_air_k": 294.85, "temp_surface_c": 21.2, "temp_surface_k": 294.35, "elevation_m": 900.0, "center_lat": -6.8952, "center_lon": 107.2727, "cycle_utc": "2026-09-17T00:00:00Z"}}, {"type": "Feature", "geometry": {"type": "Polygon", "coordinates": [[[107.4090909090909, -6.942857142857143], [107.68181818181819, -6.942857142857143], [107.68181818181819, -6.847619047619047], [107.4090909090909, -6.847619047619047], [107.4090909090909, -6.942857142857143]]]}, "properties": {"temp_air_c": 21.0, "temp_air_k": 294.15, "temp_surface_c": 20.3, "temp_surface_k": 293.45, "elevation_m": 900.0, "center_lat": -6.8952, "center_lon": 107.5455, "cycle_utc": "2026-09-17T00:00:00Z"}}, {"type": "Feature", "geometry": {"type": "Polygon", "coordinates": [[[107.68181818181819, -6.942857142857143], [107.95454545454545, -6.942857142857143], [107.95454545454545, -6.847619047619047], [107.68181818181819, -6.847619047619047], [107.68181818181819, -6.942857142857143]]]}, "properties": {"temp_air_c": 21.9, "temp_air_k": 295.05, "temp_surface_c": 21.0, "temp_surface_k": 294.15, "elevation_m": 900.0, "center_lat": -6.8952, "center_lon": 107.8182, "cycle_utc": "2026-09-17T00:00:00Z"}}, {"type": "Feature", "geometry": {"type": "Polygon", "coordinates": [[[107.95454545454545, -6.942857142857143], [108.22727272727273, -6.942857142857143], [108.22727272727273, -6.847619047619047], [107.95454545454545, -6.847619047619047], [107.95454545454545, -6.942857142857143]]]}, "properties": {"temp_air_c": 26.6, "temp_air_k": 299.75, "temp_surface_c": 25.0, "temp_surface_k": 298.15, "elevation_m": 120.0, "center_lat": -6.8952, "center_lon": 108.0909, "cycle_utc": "2026-09-17T00:00:00Z"}}, {"type": "Feature", "geometry": {"type": "Polygon", "coordinates": [[[108.22727272727273, -6.942857142857143], [108.5, -6.942857142857143], [108.5, -6.847619047619047], [108.22727272727273, -6.847619047619047], [108.22727272727273, -6.942857142857143]]]}, "properties": {"temp_air_c": 26.9, "temp_air_k": 300.05, "temp_surface_c": 24.8, "temp_surface_k": 297.95, "elevation_m": 120.0, "center_lat": -6.8952, "center_lon": 108.3636, "cycle_utc": "2026-09-17T00:00:00Z"}}, {"type": "Feature", "geometry": {"type": "Polygon", "coordinates": [[[108.5, -6.942857142857143], [108.77272727272727, -6.942857142857143], [108.77272727272727, -6.847619047619047], [108.5, -6.847619047619047], [108.5, -6.942857142857143]]]}, "properties": {"temp_air_c": 26.0, "temp_air_k": 299.15, "temp_surface_c": 25.7, "temp_surface_k": 298.85, "elevation_m": 120.0, "center_lat": -6.8952, "center_lon": 108.6364, "cycle_utc": "2026-09-17T00:00:00Z"}}, {"type": "Feature", "geometry": {"type": "Polygon", "coordinates": [[[108.77272727272727, -6.942857142857143], [109.04545454545455, -6.942857142857143], [109.04545454545455, -6.847619047619047], [108.77272727272727, -6.847619047619047], [108.77272727272727, -6.942857142857143]]]}, "properties": {"temp_air_c": 25.9, "temp_air_k": 299.05, "temp_surface_c": 25.8, "temp_surface_k": 298.95, "elevation_m": 120.0, "center_lat": -6.8952, "center_lon": 108.9091, "cycle_utc": "2026-09-17T00:00:00Z"}}, {"type": "Feature", "geometry": {"type": "Polygon", "coordinates": [[[109.04545454545455, -6.942857142857143], [109.31818181818181, -6.942857142857143], [109.31818181818181, -6.847619047619047], [109.04545454545455, -6.847619047619047], [109.04545454545455, -6.942857142857143]]]}, "properties": {"temp_air_c": 26.4, "temp_air_k": 299.55, "temp_surface_c": 25.8, "temp_surface_k": 298.95, "elevation_m": 120.0, "center_lat": -6.8952, "center_lon": 109.1818, "cycle_utc": "2026-09-17T00:00:00Z"}}, {"type": "Feature", "geometry": {"type": "Polygon", "coordinates": [[[109.31818181818181, -6.942857142857143], [109.5909090909091, -6.942857142857143], [109.5909090909091, -6.847619047619047], [109.31818181818181, -6.847619047619047], [109.31818181818181, -6.942857142857143]]]}, "properties": {"temp_air_c": 26.3, "temp_air_k": 299.45, "temp_surface_c": 25.0, "temp_surface_k": 298.15, "elevation_m": 120.0, "center_lat": -6.8952, "center_lon": 109.4545, "cycle_utc": "2026-09-17T00:00:00Z"}}, {"type": "Feature", "geometry": {"type": "Polygon", "coordinates": [[[109.5909090909091, -6.942857142857143], [109.86363636363636, -6.942857142857143], [109.86363636363636, -6.847619047619047], [109.5909090909091, -6.847619047619047], [109.5909090909091, -6.942857142857143]]]}, "properties": {"temp_air_c": 26.6, "temp_air_k": 299.75, "temp_surface_c": 25.3, "temp_surface_k": 298.45, "elevation_m": 120.0, "center_lat": -6.8952, "center_lon": 109.7273, "cycle_utc": "2026-09-17T00:00:00Z"}}, {"type": "Feature", "geometry": {"type": "Polygon", "coordinates": [[[109.86363636363636, -6.942857142857143], [110.13636363636364, -6.942857142857143], [110.13636363636364, -6.847619047619047], [109.86363636363636, -6.847619047619047], [109.86363636363636, -6.942857142857143]]]}, "properties": {"temp_air_c": 21.2, "temp_air_k": 294.35, "temp_surface_c": 21.4, "temp_surface_k": 294.55, "elevation_m": 900.0, "center_lat": -6.8952, "center_lon": 110.0, "cycle_utc": "2026-09-17T00:00:00Z"}}, {"type": "Feature", "geometry": {"type": "Polygon", "coordinates": [[[110.13636363636364, -6.942857142857143], [110.4090909090909, -6.942857142857143], [110.4090909090909, -6.847619047619047], [110.13636363636364, -6.847619047619047], [110.13636363636364, -6.942857142857143]]]}, "properties": {"temp_air_c": 21.4, "temp_air_k": 294.55, "temp_surface_c": 21.8, "temp_surface_k": 294.95, "elevation_m": 900.0, "center_lat": -6.8952, "center_lon": 110.2727, "cycle_utc": "2026-09-17T00:00:00Z"}}, {"type": "Feature", "geometry": {"type": "Polygon", "coordinates": [[[110.4090909090909, -6.942857142857143], [110.68181818181819, -6.942857142857143], [110.68181818181819, -6.847619047619047], [110.4090909090909, -6.847619047619047], [110.4090909090909, -6.942857142857143]]]}, "properties": {"temp_air_c": 21.5, "temp_air_k": 294.65, "temp_surface_c": 20.8, "temp_surface_k": 293.95, "elevation_m": 900.0, "center_lat": -6.8952, "center_lon": 110.5455, "cycle_utc": "2026-09-17T00:00:00Z"}}, {"type": "Feature", "geometry": {"type": "Polygon", "coordinates": [[[110.68181818181819, -6.942857142857143], [110.95454545454545, -6.942857142857143], [110.95454545454545, -6.847619047619047], [110.68181818181819, -6.847619047619047], [110.68181818181819, -6.942857142857143]]]}, "properties": {"temp_air_c": 21.2, "temp_air_k": 294.35, "temp_surface_c": 20.3, "temp_surface_k": 293.45, "elevation_m": 900.0, "center_lat": -6.8952, "center_lon": 110.8182, "cycle_utc": "2026-09-17T00:00:00Z"}}, {"type": "Feature", "geometry": {"type": "Polygon", "coordinates": [[[110.95454545454545, -6.942857142857143], [111.22727272727272, -6.942857142857143], [111.22727272727272, -6.847619047619047], [110.95454545454545, -6.847619047619047], [110.95454545454545, -6.942857142857143]]]}, "properties": {"temp_air_c": 21.5, "temp_air_k": 294.65, "temp_surface_c": 21.7, "temp_surface_k": 294.85, "elevation_m": 900.0, "center_lat": -6.8952, "center_lon": 111.0909, "cycle_utc": "2026-09-17T00:00:00Z"}}, {"type": "Feature", "geometry": {"type": "Polygon", "coordinates": [[[111.22727272727272, -6.942857142857143], [111.5, -6.942857142857143], [111.5, -6.847619047619047], [111.22727272727272, -6.847619047619047], [111.22727272727272, -6.942857142857143]]]}, "properties": {"temp_air_c": 21.8, "temp_air_k": 294.95, "temp_surface_c": 21.5, "temp_surface_k": 294.65, "elevation_m": 900.0, "center_lat": -6.8952, "center_lon": 111.3636, "cycle_utc": "2026-09-17T00:00:00Z"}}, {"type": "Feature", "geometry": {"type": "Polygon", "coordinates": [[[111.5, -6.942857142857143], [111.77272727272727, -6.942857142857143], [111.77272727272727, -6.847619047619047], [111.5, -6.847619047619047], [111.5, -6.942857142857143]]]}, "properties": {"temp_air_c": 21.0, "temp_air_k": 294.15, "temp_surface_c": 20.3, "temp_surface_k": 293.45, "elevation_m": 900.0, "center_lat": -6.8952, "center_lon": 111.6364, "cycle_utc": "2026-09-17T00:00:00Z"}}, {"type": "Feature", "geometry": {"type": "Polygon", "coordinates": [[[111.77272727272727, -6.942857142857143], [112.04545454545455, -6.942857142857143], [112.04545454545455, -6.847619047619047], [111.77272727272727, -6.847619047619047], [111.77272727272727, -6.942857142857143]]]}, "properties": {"temp_air_c": 21.6, "temp_air_k": 294.75, "temp_surface_c": 21.1, "temp_surface_k": 294.25, "elevation_m": 900.0, "center_lat": -6.8952, "center_lon": 111.9091, "cycle_utc": "2026-09-17T00:00:00Z"}}, {"type": "Feature", "geometry": {"type": "Polygon", "coordinates": [[[112.04545454545455, -6.942857142857143], [112.31818181818181, -6.942857142857143], [112.31818181818181, -6.847619047619047], [112.04545454545455, -6.847619047619047], [112.04545454545455, -6.942857142857143]]]}, "properties": {"temp_air_c": 21.2, "temp_air_k": 294.35, "temp_surface_c": 21.5, "temp_surface_k": 294.65, "elevation_m": 900.0, "center_lat": -6.8952, "center_lon": 112.1818, "cycle_utc": "2026-09-17T00:00:00Z"}}, {"type": "Feature", "geometry": {"type": "Polygon", "coordinates": [[[112.31818181818181, -6.942857142857143], [112.5909090909091, -6.942857142857143], [112.5909090909091, -6.847619047619047], [112.31818181818181, -6.847619047619047], [112.31818181818181, -6.942857142857143]]]}, "properties": {"temp_air_c": 21.2, "temp_air_k": 294.35, "temp_surface_c": 21.1, "temp_surface_k": 294.25, "elevation_m": 900.0, "center_lat": -6.8952, "center_lon": 112.4545, "cycle_utc": "2026-09-17T00:00:00Z"}}, {"type": "Feature", "geometry": {"type": "Polygon", "coordinates": [[[112.5909090909091, -6.942857142857143], [112.86363636363636, -6.942857142857143], [112.86363636363636, -6.847619047619047], [112.5909090909091, -6.847619047619047], [112.5909090909091, -6.942857142857143]]]}, "properties": {"temp_air_c": 21.0, "temp_air_k": 294.15, "temp_surface_c": 21.6, "temp_surface_k": 294.75, "elevation_m": 900.0, "center_lat": -6.8952, "center_lon": 112.7273, "cycle_utc": "2026-09-17T00:00:00Z"}}, {"type": "Feature", "geometry": {"type": "Polygon", "coordinates": [[[112.86363636363636, -6.942857142857143], [113.13636363636364, -6.942857142857143], [113.13636363636364, -6.847619047619047], [112.86363636363636, -6.847619047619047], [112.86363636363636, -6.942857142857143]]]}, "properties": {"temp_air_c": 26.0, "temp_air_k": 299.15, "temp_surface_c": 25.2, "temp_surface_k": 298.35, "elevation_m": 120.0, "center_lat": -6.8952, "center_lon": 113.0, "cycle_utc": "2026-09-17T00:00:00Z"}}, {"type": "Feature", "geometry": {"type": "Polygon", "coordinates": [[[113.13636363636364, -6.942857142857143], [113.4090909090909, -6.942857142857143], [113.4090909090909, -6.847619047619047], [113.13636363636364, -6.847619047619047], [113.13636363636364, -6.942857142857143]]]}, "properties": {"temp_air_c": 26.4, "temp_air_k": 299.55, "temp_surface_c": 25.2, "temp_surface_k": 298.35, "elevation_m": 120.0, "center_lat": -6.8952, "center_lon": 113.2727, "cycle_utc": "2026-09-17T00:00:00Z"}}, {"type": "Feature", "geometry": {"type": "Polygon", "coordinates": [[[113.4090909090909, -6.942857142857143], [113.68181818181819, -6.942857142857143], [113.68181818181819, -6.847619047619047], [113.4090909090909, -6.847619047619047], [113.4090909090909, -6.942857142857143]]]}, "properties": {"temp_air_c": 26.0, "temp_air_k": 299.15, "temp_surface_c": 25.7, "temp_surface_k": 298.85, "elevation_m": 120.0, "center_lat": -6.8952, "center_lon": 113.5455, "cycle_utc": "2026-09-17T00:00:00Z"}}, {"type": "Feature", "geometry": {"type": "Polygon", "coordinates": [[[113.68181818181819, -6.942857142857143], [113.95454545454545, -6.942857142857143], [113.95454545454545, -6.847619047619047], [113.68181818181819, -6.847619047619047], [113.68181818181819, -6.942857142857143]]]}, "properties": {"temp_air_c": 26.0, "temp_air_k": 299.15, "temp_surface_c": 26.6, "temp_surface_k": 299.75, "elevation_m": 120.0, "center_lat": -6.8952, "center_lon": 113.8182, "cycle_utc": "2026-09-17T00:00:00Z"}}, {"type": "Feature", "geometry": {"type": "Polygon", "coordinates": [[[113.95454545454545, -6.942857142857143], [114.22727272727272, -6.942857142857143], [114.22727272727272, -6.847619047619047], [113.95454545454545, -6.847619047619047], [113.95454545454545, -6.942857142857143]]]}, "properties": {"temp_air_c": 26.7, "temp_air_k": 299.85, "temp_surface_c": 25.7, "temp_surface_k": 298.85, "elevation_m": 120.0, "center_lat": -6.8952, "center_lon": 114.0909, "cycle_utc": "2026-09-17T00:00:00Z"}}, {"type": "Feature", "geometry": {"type": "Polygon", "coordinates": [[[114.22727272727272, -6.942857142857143], [114.5, -6.942857142857143], [114.5, -6.847619047619047], [114.22727272727272, -6.847619047619047], [114.22727272727272, -6.942857142857143]]]}, "properties": {"temp_air_c": 26.3, "temp_air_k": 299.45, "temp_surface_c": 25.3, "temp_surface_k": 298.45, "elevation_m": 120.0, "center_lat": -6.8952, "center_lon": 114.3636, "cycle_utc": "2026-09-17T00:00:00Z"}}, {"type": "Feature", "geometry": {"type": "Polygon", "coordinates": [[[105.5, -6.847619047619047], [105.77272727272727, -6.847619047619047], [105.77272727272727, -6.752380952380952], [105.5, -6.752380952380952], [105.5, -6.847619047619047]]]}, "properties": {"temp_air_c": 26.3, "temp_air_k": 299.45, "temp_surface_c": 26.0, "temp_surface_k": 299.15, "elevation_m": 120.0, "center_lat": -6.8, "center_lon": 105.6364, "cycle_utc": "2026-09-17T00:00:00Z"}}, {"type": "Feature", "geometry": {"type": "Polygon", "coordinates": [[[105.77272727272727, -6.847619047619047], [106.04545454545455, -6.847619047619047], [106.04545454545455, -6.752380952380952], [105.77272727272727, -6.752380952380952], [105.77272727272727, -6.847619047619047]]]}, "properties": {"temp_air_c": 26.6, "temp_air_k": 299.75, "temp_surface_c": 25.9, "temp_surface_k": 299.05, "elevation_m": 120.0, "center_lat": -6.8, "center_lon": 105.9091, "cycle_utc": "2026-09-17T00:00:00Z"}}, {"type": "Feature", "geometry": {"type": "Polygon", "coordinates": [[[106.04545454545455, -6.847619047619047], [106.31818181818181, -6.847619047619047], [106.31818181818181, -6.752380952380952], [106.04545454545455, -6.752380952380952], [106.04545454545455, -6.847619047619047]]]}, "properties": {"temp_air_c": 26.3, "temp_air_k": 299.45, "temp_surface_c": 25.6, "temp_surface_k": 298.75, "elevation_m": 120.0, "center_lat": -6.8, "center_lon": 106.1818, "cycle_utc": "2026-09-17T00:00:00Z"}}, {"type": "Feature", "geometry": {"type": "Polygon", "coordinates": [[[106.31818181818181, -6.847619047619047], [106.5909090909091, -6.847619047619047], [106.5909090909091, -6.752380952380952], [106.31818181818181, -6.752380952380952], [106.31818181818181, -6.847619047619047]]]}, "properties": {"temp_air_c": 26.9, "temp_air_k": 300.05, "temp_surface_c": 26.1, "temp_surface_k": 299.25, "elevation_m": 120.0, "center_lat": -6.8, "center_lon": 106.4545, "cycle_utc": "2026-09-17T00:00:00Z"}}, {"type": "Feature", "geometry": {"type": "Polygon", "coordinates": [[[106.5909090909091, -6.847619047619047], [106.86363636363636, -6.847619047619047], [106.86363636363636, -6.752380952380952], [106.5909090909091, -6.752380952380952], [106.5909090909091, -6.847619047619047]]]}, "properties": {"temp_air_c": 21.3, "temp_air_k": 294.45, "temp_surface_c": 20.5, "temp_surface_k": 293.65, "elevation_m": 900.0, "center_lat": -6.8, "center_lon": 106.7273, "cycle_utc": "2026-09-17T00:00:00Z"}}, {"type": "Feature", "geometry": {"type": "Polygon", "coordinates": [[[106.86363636363636, -6.847619047619047], [107.13636363636364, -6.847619047619047], [107.13636363636364, -6.752380952380952], [106.86363636363636, -6.752380952380952], [106.86363636363636, -6.847619047619047]]]}, "properties": {"temp_air_c": 21.3, "temp_air_k": 294.45, "temp_surface_c": 21.1, "temp_surface_k": 294.25, "elevation_m": 900.0, "center_lat": -6.8, "center_lon": 107.0, "cycle_utc": "2026-09-17T00:00:00Z"}}, {"type": "Feature", "geometry": {"type": "Polygon", "coordinates": [[[107.13636363636364, -6.847619047619047], [107.4090909090909, -6.847619047619047], [107.4090909090909, -6.752380952380952], [107.13636363636364, -6.752380952380952], [107.13636363636364, -6.847619047619047]]]}, "properties": {"temp_air_c": 21.7, "temp_air_k": 294.85, "temp_surface_c": 21.3, "temp_surface_k": 294.45, "elevation_m": 900.0, "center_lat": -6.8, "center_lon": 107.2727, "cycle_utc": "2026-09-17T00:00:00Z"}}, {"type": "Feature", "geometry": {"type": "Polygon", "coordinates": [[[107.4090909090909, -6.847619047619047], [107.68181818181819, -6.847619047619047], [107.68181818181819, -6.752380952380952], [107.4090909090909, -6.752380952380952], [107.4090909090909, -6.847619047619047]]]}, "properties": {"temp_air_c": 21.1, "temp_air_k": 294.25, "temp_surface_c": 21.1, "temp_surface_k": 294.25, "elevation_m": 900.0, "center_lat": -6.8, "center_lon": 107.5455, "cycle_utc": "2026-09-17T00:00:00Z"}}, {"type": "Feature", "geometry": {"type": "Polygon", "coordinates": [[[107.68181818181819, -6.847619047619047], [107.95454545454545, -6.847619047619047], [107.95454545454545, -6.752380952380952], [107.68181818181819, -6.752380952380952], [107.68181818181819, -6.847619047619047]]]}, "properties": {"temp_air_c": 21.9, "temp_air_k": 295.05, "temp_surface_c": 21.3, "temp_surface_k": 294.45, "elevation_m": 900.0, "center_lat": -6.8, "center_lon": 107.8182, "cycle_utc": "2026-09-17T00:00:00Z"}}, {"type": "Feature", "geometry": {"type": "Polygon", "coordinates": [[[107.95454545454545, -6.847619047619047], [108.22727272727273, -6.847619047619047], [108.22727272727273, -6.752380952380952], [107.95454545454545, -6.752380952380952], [107.95454545454545, -6.847619047619047]]]}, "properties": {"temp_air_c": 26.7, "temp_air_k": 299.85, "temp_surface_c": 25.9, "temp_surface_k": 299.05, "elevation_m": 120.0, "center_lat": -6.8, "center_lon": 108.0909, "cycle_utc": "2026-09-17T00:00:00Z"}}, {"type": "Feature", "geometry": {"type": "Polygon", "coordinates": [[[108.22727272727273, -6.847619047619047], [108.5, -6.847619047619047], [108.5, -6.752380952380952], [108.22727272727273, -6.752380952380952], [108.22727272727273, -6.847619047619047]]]}, "properties": {"temp_air_c": 26.6, "temp_air_k": 299.75, "temp_surface_c": 25.2, "temp_surface_k": 298.35, "elevation_m": 120.0, "center_lat": -6.8, "center_lon": 108.3636, "cycle_utc": "2026-09-17T00:00:00Z"}}, {"type": "Feature", "geometry": {"type": "Polygon", "coordinates": [[[108.5, -6.847619047619047], [108.77272727272727, -6.847619047619047], [108.77272727272727, -6.752380952380952], [108.5, -6.752380952380952], [108.5, -6.847619047619047]]]}, "properties": {"temp_air_c": 25.7, "temp_air_k": 298.85, "temp_surface_c": 25.9, "temp_surface_k": 299.05, "elevation_m": 120.0, "center_lat": -6.8, "center_lon": 108.6364, "cycle_utc": "2026-09-17T00:00:00Z"}}, {"type": "Feature", "geometry": {"type": "Polygon", "coordinates": [[[108.77272727272727, -6.847619047619047], [109.04545454545455, -6.847619047619047], [109.04545454545455, -6.752380952380952], [108.77272727272727, -6.752380952380952], [108.77272727272727, -6.847619047619047]]]}, "properties": {"temp_air_c": 26.6, "temp_air_k": 299.75, "temp_surface_c": 26.0, "temp_surface_k": 299.15, "elevation_m": 120.0, "center_lat": -6.8, "center_lon": 108.9091, "cycle_utc": "2026-09-17T00:00:00Z"}}, {"type": "Feature", "geometry": {"type": "Polygon", "coordinates": [[[109.04545454545455, -6.847619047619047], [109.31818181818181, -6.847619047619047], [109.31818181818181, -6.752380952380952], [109.04545454545455, -6.752380952380952], [109.04545454545455, -6.847619047619047]]]}, "properties": {"temp_air_c": 26.7, "temp_air_k": 299.85, "temp_surface_c": 25.6, "temp_surface_k": 298.75, "elevation_m": 120.0, "center_lat": -6.8, "center_lon": 109.1818, "cycle_utc": "2026-09-17T00:00:00Z"}}, {"type": "Feature", "geometry": {"type": "Polygon", "coordinates": [[[109.31818181818181, -6.847619047619047], [109.5909090909091, -6.847619047619047], [109.5909090909091, -6.752380952380952], [109.31818181818181, -6.752380952380952], [109.31818181818181, -6.847619047619047]]]}, "properties": {"temp_air_c": 26.5, "temp_air_k": 299.65, "temp_surface_c": 26.0, "temp_surface_k": 299.15, "elevation_m": 120.0, "center_lat": -6.8, "center_lon": 109.4545, "cycle_utc": "2026-09-17T00:00:00Z"}}, {"type": "Feature", "geometry": {"type": "Polygon", "coordinates": [[[109.5909090909091, -6.847619047619047], [109.86363636363636, -6.847619047619047], [109.86363636363636, -6.752380952380952], [109.5909090909091, -6.752380952380952], [109.5909090909091, -6.847619047619047]]]}, "properties": {"temp_air_c": 26.2, "temp_air_k": 299.35, "temp_surface_c": 25.8, "temp_surface_k": 298.95, "elevation_m": 120.0, "center_lat": -6.8, "center_lon": 109.7273, "cycle_utc": "2026-09-17T00:00:00Z"}}, {"type": "Feature", "geometry": {"type": "Polygon", "coordinates": [[[109.86363636363636, -6.847619047619047], [110.13636363636364, -6.847619047619047], [110.13636363636364, -6.752380952380952], [109.86363636363636, -6.752380952380952], [109.86363636363636, -6.847619047619047]]]}, "properties": {"temp_air_c": 21.6, "temp_air_k": 294.75, "temp_surface_c": 21.3, "temp_surface_k": 294.45, "elevation_m": 900.0, "center_lat": -6.8, "center_lon": 110.0, "cycle_utc": "2026-09-17T00:00:00Z"}}, {"type": "Feature", "geometry": {"type": "Polygon", "coordinates": [[[110.13636363636364, -6.847619047619047], [110.4090909090909, -6.847619047619047], [110.4090909090909, -6.752380952380952], [110.13636363636364, -6.752380952380952], [110.13636363636364, -6.847619047619047]]]}, "properties": {"temp_air_c": 21.4, "temp_air_k": 294.55, "temp_surface_c": 21.4, "temp_surface_k": 294.55, "elevation_m": 900.0, "center_lat": -6.8, "center_lon": 110.2727, "cycle_utc": "2026-09-17T00:00:00Z"}}, {"type": "Feature", "geometry": {"type": "Polygon", "coordinates": [[[110.4090909090909, -6.847619047619047], [110.68181818181819, -6.847619047619047], [110.68181818181819, -6.752380952380952], [110.4090909090909, -6.752380952380952], [110.4090909090909, -6.847619047619047]]]}, "properties": {"temp_air_c": 21.9, "temp_air_k": 295.05, "temp_surface_c": 21.2, "temp_surface_k": 294.35, "elevation_m": 900.0, "center_lat": -6.8, "center_lon": 110.5455, "cycle_utc": "2026-09-17T00:00:00Z"}}, {"type": "Feature", "geometry": {"type": "Polygon", "coordinates": [[[110.68181818181819, -6.847619047619047], [110.95454545454545, -6.847619047619047], [110.95454545454545, -6.752380952380952], [110.68181818181819, -6.752380952380952], [110.68181818181819, -6.847619047619047]]]}, "properties": {"temp_air_c": 21.6, "temp_air_k": 294.75, "temp_surface_c": 21.8, "temp_surface_k": 294.95, "elevation_m": 900.0, "center_lat": -6.8, "center_lon": 110.8182, "cycle_utc": "2026-09-17T00:00:00Z"}}, {"type": "Feature", "geometry": {"type": "Polygon", "coordinates": [[[110.95454545454545, -6.847619047619047], [111.22727272727272, -6.847619047619047], [111.22727272727272, -6.752380952380952], [110.95454545454545, -6.752380952380952], [110.95454545454545, -6.847619047619047]]]}, "properties": {"temp_air_c": 21.5, "temp_air_k": 294.65, "temp_surface_c": 21.6, "temp_surface_k": 294.75, "elevation_m": 900.0, "center_lat": -6.8, "center_lon": 111.0909, "cycle_utc": "2026-09-17T00:00:00Z"}}, {"type": "Feature", "geometry": {"type": "Polygon", "coordinates": [[[111.22727272727272, -6.847619047619047], [111.5, -6.847619047619047], [111.5, -6.752380952380952], [111.22727272727272, -6.752380952380952], [111.22727272727272, -6.847619047619047]]]}, "properties": {"temp_air_c": 21.4, "temp_air_k": 294.55, "temp_surface_c": 20.7, "temp_surface_k": 293.85, "elevation_m": 900.0, "center_lat": -6.8, "center_lon": 111.3636, "cycle_utc": "2026-09-17T00:00:00Z"}}, {"type": "Feature", "geometry": {"type": "Polygon", "coordinates": [[[111.5, -6.847619047619047], [111.77272727272727, -6.847619047619047], [111.77272727272727, -6.752380952380952], [111.5, -6.752380952380952], [111.5, -6.847619047619047]]]}, "properties": {"temp_air_c": 21.8, "temp_air_k": 294.95, "temp_surface_c": 20.9, "temp_surface_k": 294.05, "elevation_m": 900.0, "center_lat": -6.8, "center_lon": 111.6364, "cycle_utc": "2026-09-17T00:00:00Z"}}, {"type": "Feature", "geometry": {"type": "Polygon", "coordinates": [[[111.77272727272727, -6.847619047619047], [112.04545454545455, -6.847619047619047], [112.04545454545455, -6.752380952380952], [111.77272727272727, -6.752380952380952], [111.77272727272727, -6.847619047619047]]]}, "properties": {"temp_air_c": 21.1, "temp_air_k": 294.25, "temp_surface_c": 20.8, "temp_surface_k": 293.95, "elevation_m": 900.0, "center_lat": -6.8, "center_lon": 111.9091, "cycle_utc": "2026-09-17T00:00:00Z"}}, {"type": "Feature", "geometry": {"type": "Polygon", "coordinates": [[[112.04545454545455, -6.847619047619047], [112.31818181818181, -6.847619047619047], [112.31818181818181, -6.752380952380952], [112.04545454545455, -6.752380952380952], [112.04545454545455, -6.847619047619047]]]}, "properties": {"temp_air_c": 21.9, "temp_air_k": 295.05, "temp_surface_c": 21.5, "temp_surface_k": 294.65, "elevation_m": 900.0, "center_lat": -6.8, "center_lon": 112.1818, "cycle_utc": "2026-09-17T00:00:00Z"}}, {"type": "Feature", "geometry": {"type": "Polygon", "coordinates": [[[112.31818181818181, -6.847619047619047], [112.5909090909091, -6.847619047619047], [112.5909090909091, -6.752380952380952], [112.31818181818181, -6.752380952380952], [112.31818181818181, -6.847619047619047]]]}, "properties": {"temp_air_c": 21.2, "temp_air_k": 294.35, "temp_surface_c": 21.3, "temp_surface_k": 294.45, "elevation_m": 900.0, "center_lat": -6.8, "center_lon": 112.4545, "cycle_utc": "2026-09-17T00:00:00Z"}}, {"type": "Feature", "geometry": {"type": "Polygon", "coordinates": [[[112.5909090909091, -6.847619047619047], [112.86363636363636, -6.847619047619047], [112.86363636363636, -6.752380952380952], [112.5909090909091, -6.752380952380952], [112.5909090909091, -6.847619047619047]]]}, "properties": {"temp_air_c": 21.3, "temp_air_k": 294.45, "temp_surface_c": 21.2, "temp_surface_k": 294.35, "elevation_m": 900.0, "center_lat": -6.8, "center_lon": 112.7273, "cycle_utc": "2026-09-17T00:00:00Z"}}, {"type": "Feature", "geometry": {"type": "Polygon", "coordinates": [[[112.86363636363636, -6.847619047619047], [113.13636363636364, -6.847619047619047], [113.13636363636364, -6.752380952380952], [112.86363636363636, -6.752380952380952], [112.86363636363636, -6.847619047619047]]]}, "properties": {"temp_air_c": 26.1, "temp_air_k": 299.25, "temp_surface_c": 25.8, "temp_surface_k": 298.95, "elevation_m": 120.0, "center_lat": -6.8, "center_lon": 113.0, "cycle_utc": "2026-09-17T00:00:00Z"}}, {"type": "Feature", "geometry": {"type": "Polygon", "coordinates": [[[113.13636363636364, -6.847619047619047], [113.4090909090909, -6.847619047619047], [113.4090909090909, -6.752380952380952], [113.13636363636364, -6.752380952380952], [113.13636363636364, -6.847619047619047]]]}, "properties": {"temp_air_c": 26.3, "temp_air_k": 299.45, "temp_surface_c": 26.2, "temp_surface_k": 299.35, "elevation_m": 120.0, "center_lat": -6.8, "center_lon": 113.2727, "cycle_utc": "2026-09-17T00:00:00Z"}}, {"type": "Feature", "geometry": {"type": "Polygon", "coordinates": [[[113.4090909090909, -6.847619047619047], [113.68181818181819, -6.847619047619047], [113.68181818181819, -6.752380952380952], [113.4090909090909, -6.752380952380952], [113.4090909090909, -6.847619047619047]]]}, "properties": {"temp_air_c": 26.7, "temp_air_k": 299.85, "temp_surface_c": 25.6, "temp_surface_k": 298.75, "elevation_m": 120.0, "center_lat": -6.8, "center_lon": 113.5455, "cycle_utc": "2026-09-17T00:00:00Z"}}, {"type": "Feature", "geometry": {"type": "Polygon", "coordinates": [[[113.68181818181819, -6.847619047619047], [113.95454545454545, -6.847619047619047], [113.95454545454545, -6.752380952380952], [113.68181818181819, -6.752380952380952], [113.68181818181819, -6.847619047619047]]]}, "properties": {"temp_air_c": 26.1, "temp_air_k": 299.25, "temp_surface_c": 25.3, "temp_surface_k": 298.45, "elevation_m": 120.0, "center_lat": -6.8, "center_lon": 113.8182, "cycle_utc": "2026-09-17T00:00:00Z"}}, {"type": "Feature", "geometry": {"type": "Polygon", "coordinates": [[[113.95454545454545, -6.847619047619047], [114.22727272727272, -6.847619047619047], [114.22727272727272, -6.752380952380952], [113.95454545454545, -6.752380952380952], [113.95454545454545, -6.847619047619047]]]}, "properties": {"temp_air_c": 26.8, "temp_air_k": 299.95, "temp_surface_c": 26.4, "temp_surface_k": 299.55, "elevation_m": 120.0, "center_lat": -6.8, "center_lon": 114.0909, "cycle_utc": "2026-09-17T00:00:00Z"}}, {"type": "Feature", "geometry": {"type": "Polygon", "coordinates": [[[114.22727272727272, -6.847619047619047], [114.5, -6.847619047619047], [114.5, -6.752380952380952], [114.22727272727272, -6.752380952380952], [114.22727272727272, -6.847619047619047]]]}, "properties": {"temp_air_c": 26.7, "temp_air_k": 299.85, "temp_surface_c": 26.2, "temp_surface_k": 299.35, "elevation_m": 120.0, "center_lat": -6.8, "center_lon": 114.3636, "cycle_utc": "2026-09-17T00:00:00Z"}}, {"type": "Feature", "geometry": {"type": "Polygon", "coordinates": [[[105.5, -6.752380952380952], [105.77272727272727, -6.752380952380952], [105.77272727272727, -6.657142857142857], [105.5, -6.657142857142857], [105.5, -6.752380952380952]]]}, "properties": {"temp_air_c": 26.1, "temp_air_k": 299.25, "temp_surface_c": 25.0, "temp_surface_k": 298.15, "elevation_m": 120.0, "center_lat": -6.7048, "center_lon": 105.6364, "cycle_utc": "2026-09-17T00:00:00Z"}}, {"type": "Feature", "geometry": {"type": "Polygon", "coordinates": [[[105.77272727272727, -6.752380952380952], [106.04545454545455, -6.752380952380952], [106.04545454545455, -6.657142857142857], [105.77272727272727, -6.657142857142857], [105.77272727272727, -6.752380952380952]]]}, "properties": {"temp_air_c": 26.5, "temp_air_k": 299.65, "temp_surface_c": 25.5, "temp_surface_k": 298.65, "elevation_m": 120.0, "center_lat": -6.7048, "center_lon": 105.9091, "cycle_utc": "2026-09-17T00:00:00Z"}}, {"type": "Feature", "geometry": {"type": "Polygon", "coordinates": [[[106.04545454545455, -6.752380952380952], [106.31818181818181, -6.752380952380952], [106.31818181818181, -6.657142857142857], [106.04545454545455, -6.657142857142857], [106.04545454545455, -6.752380952380952]]]}, "properties": {"temp_air_c": 26.5, "temp_air_k": 299.65, "temp_surface_c": 25.2, "temp_surface_k": 298.35, "elevation_m": 120.0, "center_lat": -6.7048, "center_lon": 106.1818, "cycle_utc": "2026-09-17T00:00:00Z"}}, {"type": "Feature", "geometry": {"type": "Polygon", "coordinates": [[[106.31818181818181, -6.752380952380952], [106.5909090909091, -6.752380952380952], [106.5909090909091, -6.657142857142857], [106.31818181818181, -6.657142857142857], [106.31818181818181, -6.752380952380952]]]}, "properties": {"temp_air_c": 26.4, "temp_air_k": 299.55, "temp_surface_c": 25.7, "temp_surface_k": 298.85, "elevation_m": 120.0, "center_lat": -6.7048, "center_lon": 106.4545, "cycle_utc": "2026-09-17T00:00:00Z"}}, {"type": "Feature", "geometry": {"type": "Polygon", "coordinates": [[[106.5909090909091, -6.752380952380952], [106.86363636363636, -6.752380952380952], [106.86363636363636, -6.657142857142857], [106.5909090909091, -6.657142857142857], [106.5909090909091, -6.752380952380952]]]}, "properties": {"temp_air_c": 21.5, "temp_air_k": 294.65, "temp_surface_c": 20.8, "temp_surface_k": 293.95, "elevation_m": 900.0, "center_lat": -6.7048, "center_lon": 106.7273, "cycle_utc": "2026-09-17T00:00:00Z"}}, {"type": "Feature", "geometry": {"type": "Polygon", "coordinates": [[[106.86363636363636, -6.752380952380952], [107.13636363636364, -6.752380952380952], [107.13636363636364, -6.657142857142857], [106.86363636363636, -6.657142857142857], [106.86363636363636, -6.752380952380952]]]}, "properties": {"temp_air_c": 21.2, "temp_air_k": 294.35, "temp_surface_c": 20.3, "temp_surface_k": 293.45, "elevation_m": 900.0, "center_lat": -6.7048, "center_lon": 107.0, "cycle_utc": "2026-09-17T00:00:00Z"}}, {"type": "Feature", "geometry": {"type": "Polygon", "coordinates": [[[107.13636363636364, -6.752380952380952], [107.4090909090909, -6.752380952380952], [107.4090909090909, -6.657142857142857], [107.13636363636364, -6.657142857142857], [107.13636363636364, -6.752380952380952]]]}, "properties": {"temp_air_c": 21.7, "temp_air_k": 294.85, "temp_surface_c": 20.8, "temp_surface_k": 293.95, "elevation_m": 900.0, "center_lat": -6.7048, "center_lon": 107.2727, "cycle_utc": "2026-09-17T00:00:00Z"}}, {"type": "Feature", "geometry": {"type": "Polygon", "coordinates": [[[107.4090909090909, -6.752380952380952], [107.68181818181819, -6.752380952380952], [107.68181818181819, -6.657142857142857], [107.4090909090909, -6.657142857142857], [107.4090909090909, -6.752380952380952]]]}, "properties": {"temp_air_c": 20.8, "temp_air_k": 293.95, "temp_surface_c": 21.9, "temp_surface_k": 295.05, "elevation_m": 900.0, "center_lat": -6.7048, "center_lon": 107.5455, "cycle_utc": "2026-09-17T00:00:00Z"}}, {"type": "Feature", "geometry": {"type": "Polygon", "coordinates": [[[107.68181818181819, -6.752380952380952], [107.95454545454545, -6.752380952380952], [107.95454545454545, -6.657142857142857], [107.68181818181819, -6.657142857142857], [107.68181818181819, -6.752380952380952]]]}, "properties": {"temp_air_c": 21.7, "temp_air_k": 294.85, "temp_surface_c": 20.8, "temp_surface_k": 293.95, "elevation_m": 900.0, "center_lat": -6.7048, "center_lon": 107.8182, "cycle_utc": "2026-09-17T00:00:00Z"}}, {"type": "Feature", "geometry": {"type": "Polygon", "coordinates": [[[107.95454545454545, -6.752380952380952], [108.22727272727273, -6.752380952380952], [108.22727272727273, -6.657142857142857], [107.95454545454545, -6.657142857142857], [107.95454545454545, -6.752380952380952]]]}, "properties": {"temp_air_c": 25.9, "temp_air_k": 299.05, "temp_surface_c": 26.2, "temp_surface_k": 299.35, "elevation_m": 120.0, "center_lat": -6.7048, "center_lon": 108.0909, "cycle_utc": "2026-09-17T00:00:00Z"}}, {"type": "Feature", "geometry": {"type": "Polygon", "coordinates": [[[108.22727272727273, -6.752380952380952], [108.5, -6.752380952380952], [108.5, -6.657142857142857], [108.22727272727273, -6.657142857142857], [108.22727272727273, -6.752380952380952]]]}, "properties": {"temp_air_c": 26.3, "temp_air_k": 299.45, "temp_surface_c": 26.4, "temp_surface_k": 299.55, "elevation_m": 120.0, "center_lat": -6.7048, "center_lon": 108.3636, "cycle_utc": "2026-09-17T00:00:00Z"}}, {"type": "Feature", "geometry": {"type": "Polygon", "coordinates": [[[108.5, -6.752380952380952], [108.77272727272727, -6.752380952380952], [108.77272727272727, -6.657142857142857], [108.5, -6.657142857142857], [108.5, -6.752380952380952]]]}, "properties": {"temp_air_c": 26.5, "temp_air_k": 299.65, "temp_surface_c": 26.6, "temp_surface_k": 299.75, "elevation_m": 120.0, "center_lat": -6.7048, "center_lon": 108.6364, "cycle_utc": "2026-09-17T00:00:00Z"}}, {"type": "Feature", "geometry": {"type": "Polygon", "coordinates": [[[108.77272727272727, -6.752380952380952], [109.04545454545455, -6.752380952380952], [109.04545454545455, -6.657142857142857], [108.77272727272727, -6.657142857142857], [108.77272727272727, -6.752380952380952]]]}, "properties": {"temp_air_c": 26.7, "temp_air_k": 299.85, "temp_surface_c": 25.0, "temp_surface_k": 298.15, "elevation_m": 120.0, "center_lat": -6.7048, "center_lon": 108.9091, "cycle_utc": "2026-09-17T00:00:00Z"}}, {"type": "Feature", "geometry": {"type": "Polygon", "coordinates": [[[109.04545454545455, -6.752380952380952], [109.31818181818181, -6.752380952380952], [109.31818181818181, -6.657142857142857], [109.04545454545455, -6.657142857142857], [109.04545454545455, -6.752380952380952]]]}, "properties": {"temp_air_c": 26.7, "temp_air_k": 299.85, "temp_surface_c": 25.6, "temp_surface_k": 298.75, "elevation_m": 120.0, "center_lat": -6.7048, "center_lon": 109.1818, "cycle_utc": "2026-09-17T00:00:00Z"}}, {"type": "Feature", "geometry": {"type": "Polygon", "coordinates": [[[109.31818181818181, -6.752380952380952], [109.5909090909091, -6.752380952380952], [109.5909090909091, -6.657142857142857], [109.31818181818181, -6.657142857142857], [109.31818181818181, -6.752380952380952]]]}, "properties": {"temp_air_c": 26.1, "temp_air_k": 299.25, "temp_surface_c": 25.2, "temp_surface_k": 298.35, "elevation_m": 120.0, "center_lat": -6.7048, "center_lon": 109.4545, "cycle_utc": "2026-09-17T00:00:00Z"}}, {"type": "Feature", "geometry": {"type": "Polygon", "coordinates": [[[109.5909090909091, -6.752380952380952], [109.86363636363636, -6.752380952380952], [109.86363636363636, -6.657142857142857], [109.5909090909091, -6.657142857142857], [109.5909090909091, -6.752380952380952]]]}, "properties": {"temp_air_c": 26.7, "temp_air_k": 299.85, "temp_surface_c": 26.3, "temp_surface_k": 299.45, "elevation_m": 120.0, "center_lat": -6.7048, "center_lon": 109.7273, "cycle_utc": "2026-09-17T00:00:00Z"}}, {"type": "Feature", "geometry": {"type": "Polygon", "coordinates": [[[109.86363636363636, -6.752380952380952], [110.13636363636364, -6.752380952380952], [110.13636363636364, -6.657142857142857], [109.86363636363636, -6.657142857142857], [109.86363636363636, -6.752380952380952]]]}, "properties": {"temp_air_c": 20.9, "temp_air_k": 294.05, "temp_surface_c": 21.1, "temp_surface_k": 294.25, "elevation_m": 900.0, "center_lat": -6.7048, "center_lon": 110.0, "cycle_utc": "2026-09-17T00:00:00Z"}}, {"type": "Feature", "geometry": {"type": "Polygon", "coordinates": [[[110.13636363636364, -6.752380952380952], [110.4090909090909, -6.752380952380952], [110.4090909090909, -6.657142857142857], [110.13636363636364, -6.657142857142857], [110.13636363636364, -6.752380952380952]]]}, "properties": {"temp_air_c": 21.5, "temp_air_k": 294.65, "temp_surface_c": 21.3, "temp_surface_k": 294.45, "elevation_m": 900.0, "center_lat": -6.7048, "center_lon": 110.2727, "cycle_utc": "2026-09-17T00:00:00Z"}}, {"type": "Feature", "geometry": {"type": "Polygon", "coordinates": [[[110.4090909090909, -6.752380952380952], [110.68181818181819, -6.752380952380952], [110.68181818181819, -6.657142857142857], [110.4090909090909, -6.657142857142857], [110.4090909090909, -6.752380952380952]]]}, "properties": {"temp_air_c": 21.3, "temp_air_k": 294.45, "temp_surface_c": 20.6, "temp_surface_k": 293.75, "elevation_m": 900.0, "center_lat": -6.7048, "center_lon": 110.5455, "cycle_utc": "2026-09-17T00:00:00Z"}}, {"type": "Feature", "geometry": {"type": "Polygon", "coordinates": [[[110.68181818181819, -6.752380952380952], [110.95454545454545, -6.752380952380952], [110.95454545454545, -6.657142857142857], [110.68181818181819, -6.657142857142857], [110.68181818181819, -6.752380952380952]]]}, "properties": {"temp_air_c": 21.8, "temp_air_k": 294.95, "temp_surface_c": 21.4, "temp_surface_k": 294.55, "elevation_m": 900.0, "center_lat": -6.7048, "center_lon": 110.8182, "cycle_utc": "2026-09-17T00:00:00Z"}}, {"type": "Feature", "geometry": {"type": "Polygon", "coordinates": [[[110.95454545454545, -6.752380952380952], [111.22727272727272, -6.752380952380952], [111.22727272727272, -6.657142857142857], [110.95454545454545, -6.657142857142857], [110.95454545454545, -6.752380952380952]]]}, "properties": {"temp_air_c": 21.6, "temp_air_k": 294.75, "temp_surface_c": 20.7, "temp_surface_k": 293.85, "elevation_m": 900.0, "center_lat": -6.7048, "center_lon": 111.0909, "cycle_utc": "2026-09-17T00:00:00Z"}}, {"type": "Feature", "geometry": {"type": "Polygon", "coordinates": [[[111.22727272727272, -6.752380952380952], [111.5, -6.752380952380952], [111.5, -6.657142857142857], [111.22727272727272, -6.657142857142857], [111.22727272727272, -6.752380952380952]]]}, "properties": {"temp_air_c": 21.1, "temp_air_k": 294.25, "temp_surface_c": 20.6, "temp_surface_k": 293.75, "elevation_m": 900.0, "center_lat": -6.7048, "center_lon": 111.3636, "cycle_utc": "2026-09-17T00:00:00Z"}}, {"type": "Feature", "geometry": {"type": "Polygon", "coordinates": [[[111.5, -6.752380952380952], [111.77272727272727, -6.752380952380952], [111.77272727272727, -6.657142857142857], [111.5, -6.657142857142857], [111.5, -6.752380952380952]]]}, "properties": {"temp_air_c": 21.9, "temp_air_k": 295.05, "temp_surface_c": 21.1, "temp_surface_k": 294.25, "elevation_m": 900.0, "center_lat": -6.7048, "center_lon": 111.6364, "cycle_utc": "2026-09-17T00:00:00Z"}}, {"type": "Feature", "geometry": {"type": "Polygon", "coordinates": [[[111.77272727272727, -6.752380952380952], [112.04545454545455, -6.752380952380952], [112.04545454545455, -6.657142857142857], [111.77272727272727, -6.657142857142857], [111.77272727272727, -6.752380952380952]]]}, "properties": {"temp_air_c": 21.9, "temp_air_k": 295.05, "temp_surface_c": 20.5, "temp_surface_k": 293.65, "elevation_m": 900.0, "center_lat": -6.7048, "center_lon": 111.9091, "cycle_utc": "2026-09-17T00:00:00Z"}}, {"type": "Feature", "geometry": {"type": "Polygon", "coordinates": [[[112.04545454545455, -6.752380952380952], [112.31818181818181, -6.752380952380952], [112.31818181818181, -6.657142857142857], [112.04545454545455, -6.657142857142857], [112.04545454545455, -6.752380952380952]]]}, "properties": {"temp_air_c": 21.3, "temp_air_k": 294.45, "temp_surface_c": 20.9, "temp_surface_k": 294.05, "elevation_m": 900.0, "center_lat": -6.7048, "center_lon": 112.1818, "cycle_utc": "2026-09-17T00:00:00Z"}}, {"type": "Feature", "geometry": {"type": "Polygon", "coordinates": [[[112.31818181818181, -6.752380952380952], [112.5909090909091, -6.752380952380952], [112.5909090909091, -6.657142857142857], [112.31818181818181, -6.657142857142857], [112.31818181818181, -6.752380952380952]]]}, "properties": {"temp_air_c": 21.6, "temp_air_k": 294.75, "temp_surface_c": 21.0, "temp_surface_k": 294.15, "elevation_m": 900.0, "center_lat": -6.7048, "center_lon": 112.4545, "cycle_utc": "2026-09-17T00:00:00Z"}}, {"type": "Feature", "geometry": {"type": "Polygon", "coordinates": [[[112.5909090909091, -6.752380952380952], [112.86363636363636, -6.752380952380952], [112.86363636363636, -6.657142857142857], [112.5909090909091, -6.657142857142857], [112.5909090909091, -6.752380952380952]]]}, "properties": {"temp_air_c": 21.5, "temp_air_k": 294.65, "temp_surface_c": 20.8, "temp_surface_k": 293.95, "elevation_m": 900.0, "center_lat": -6.7048, "center_lon": 112.7273, "cycle_utc": "2026-09-17T00:00:00Z"}}, {"type": "Feature", "geometry": {"type": "Polygon", "coordinates": [[[112.86363636363636, -6.752380952380952], [113.13636363636364, -6.752380952380952], [113.13636363636364, -6.657142857142857], [112.86363636363636, -6.657142857142857], [112.86363636363636, -6.752380952380952]]]}, "properties": {"temp_air_c": 26.6, "temp_air_k": 299.75, "temp_surface_c": 26.7, "temp_surface_k": 299.85, "elevation_m": 120.0, "center_lat": -6.7048, "center_lon": 113.0, "cycle_utc": "2026-09-17T00:00:00Z"}}, {"type": "Feature", "geometry": {"type": "Polygon", "coordinates": [[[113.13636363636364, -6.752380952380952], [113.4090909090909, -6.752380952380952], [113.4090909090909, -6.657142857142857], [113.13636363636364, -6.657142857142857], [113.13636363636364, -6.752380952380952]]]}, "properties": {"temp_air_c": 26.7, "temp_air_k": 299.85, "temp_surface_c": 25.8, "temp_surface_k": 298.95, "elevation_m": 120.0, "center_lat": -6.7048, "center_lon": 113.2727, "cycle_utc": "2026-09-17T00:00:00Z"}}, {"type": "Feature", "geometry": {"type": "Polygon", "coordinates": [[[113.4090909090909, -6.752380952380952], [113.68181818181819, -6.752380952380952], [113.68181818181819, -6.657142857142857], [113.4090909090909, -6.657142857142857], [113.4090909090909, -6.752380952380952]]]}, "properties": {"temp_air_c": 26.4, "temp_air_k": 299.55, "temp_surface_c": 25.7, "temp_surface_k": 298.85, "elevation_m": 120.0, "center_lat": -6.7048, "center_lon": 113.5455, "cycle_utc": "2026-09-17T00:00:00Z"}}, {"type": "Feature", "geometry": {"type": "Polygon", "coordinates": [[[113.68181818181819, -6.752380952380952], [113.95454545454545, -6.752380952380952], [113.95454545454545, -6.657142857142857], [113.68181818181819, -6.657142857142857], [113.68181818181819, -6.752380952380952]]]}, "properties": {"temp_air_c": 26.1, "temp_air_k": 299.25, "temp_surface_c": 26.1, "temp_surface_k": 299.25, "elevation_m": 120.0, "center_lat": -6.7048, "center_lon": 113.8182, "cycle_utc": "2026-09-17T00:00:00Z"}}, {"type": "Feature", "geometry": {"type": "Polygon", "coordinates": [[[113.95454545454545, -6.752380952380952], [114.22727272727272, -6.752380952380952], [114.22727272727272, -6.657142857142857], [113.95454545454545, -6.657142857142857], [113.95454545454545, -6.752380952380952]]]}, "properties": {"temp_air_c": 26.0, "temp_air_k": 299.15, "temp_surface_c": 25.8, "temp_surface_k": 298.95, "elevation_m": 120.0, "center_lat": -6.7048, "center_lon": 114.0909, "cycle_utc": "2026-09-17T00:00:00Z"}}, {"type": "Feature", "geometry": {"type": "Polygon", "coordinates": [[[114.22727272727272, -6.752380952380952], [114.5, -6.752380952380952], [114.5, -6.657142857142857], [114.22727272727272, -6.657142857142857], [114.22727272727272, -6.752380952380952]]]}, "properties": {"temp_air_c": 26.0, "temp_air_k": 299.15, "temp_surface_c": 25.8, "temp_surface_k": 298.95, "elevation_m": 120.0, "center_lat": -6.7048, "center_lon": 114.3636, "cycle_utc": "2026-09-17T00:00:00Z"}}, {"type": "Feature", "geometry": {"type": "Polygon", "coordinates": [[[105.5, -6.657142857142857], [105.77272727272727, -6.657142857142857], [105.77272727272727, -6.561904761904762], [105.5, -6.561904761904762], [105.5, -6.657142857142857]]]}, "properties": {"temp_air_c": 26.1, "temp_air_k": 299.25, "temp_surface_c": 26.5, "temp_surface_k": 299.65, "elevation_m": 120.0, "center_lat": -6.6095, "center_lon": 105.6364, "cycle_utc": "2026-09-17T00:00:00Z"}}, {"type": "Feature", "geometry": {"type": "Polygon", "coordinates": [[[105.77272727272727, -6.657142857142857], [106.04545454545455, -6.657142857142857], [106.04545454545455, -6.561904761904762], [105.77272727272727, -6.561904761904762], [105.77272727272727, -6.657142857142857]]]}, "properties": {"temp_air_c": 26.3, "temp_air_k": 299.45, "temp_surface_c": 25.4, "temp_surface_k": 298.55, "elevation_m": 120.0, "center_lat": -6.6095, "center_lon": 105.9091, "cycle_utc": "2026-09-17T00:00:00Z"}}, {"type": "Feature", "geometry": {"type": "Polygon", "coordinates": [[[106.04545454545455, -6.657142857142857], [106.31818181818181, -6.657142857142857], [106.31818181818181, -6.561904761904762], [106.04545454545455, -6.561904761904762], [106.04545454545455, -6.657142857142857]]]}, "properties": {"temp_air_c": 26.6, "temp_air_k": 299.75, "temp_surface_c": 26.0, "temp_surface_k": 299.15, "elevation_m": 120.0, "center_lat": -6.6095, "center_lon": 106.1818, "cycle_utc": "2026-09-17T00:00:00Z"}}, {"type": "Feature", "geometry": {"type": "Polygon", "coordinates": [[[106.31818181818181, -6.657142857142857], [106.5909090909091, -6.657142857142857], [106.5909090909091, -6.561904761904762], [106.31818181818181, -6.561904761904762], [106.31818181818181, -6.657142857142857]]]}, "properties": {"temp_air_c": 26.6, "temp_air_k": 299.75, "temp_surface_c": 26.5, "temp_surface_k": 299.65, "elevation_m": 120.0, "center_lat": -6.6095, "center_lon": 106.4545, "cycle_utc": "2026-09-17T00:00:00Z"}}, {"type": "Feature", "geometry": {"type": "Polygon", "coordinates": [[[106.5909090909091, -6.657142857142857], [106.86363636363636, -6.657142857142857], [106.86363636363636, -6.561904761904762], [106.5909090909091, -6.561904761904762], [106.5909090909091, -6.657142857142857]]]}, "properties": {"temp_air_c": 26.6, "temp_air_k": 299.75, "temp_surface_c": 25.7, "temp_surface_k": 298.85, "elevation_m": 120.0, "center_lat": -6.6095, "center_lon": 106.7273, "cycle_utc": "2026-09-17T00:00:00Z"}}, {"type": "Feature", "geometry": {"type": "Polygon", "coordinates": [[[106.86363636363636, -6.657142857142857], [107.13636363636364, -6.657142857142857], [107.13636363636364, -6.561904761904762], [106.86363636363636, -6.561904761904762], [106.86363636363636, -6.657142857142857]]]}, "properties": {"temp_air_c": 26.5, "temp_air_k": 299.65, "temp_surface_c": 25.8, "temp_surface_k": 298.95, "elevation_m": 120.0, "center_lat": -6.6095, "center_lon": 107.0, "cycle_utc": "2026-09-17T00:00:00Z"}}, {"type": "Feature", "geometry": {"type": "Polygon", "coordinates": [[[107.13636363636364, -6.657142857142857], [107.4090909090909, -6.657142857142857], [107.4090909090909, -6.561904761904762], [107.13636363636364, -6.561904761904762], [107.13636363636364, -6.657142857142857]]]}, "properties": {"temp_air_c": 26.2, "temp_air_k": 299.35, "temp_surface_c": 26.0, "temp_surface_k": 299.15, "elevation_m": 120.0, "center_lat": -6.6095, "center_lon": 107.2727, "cycle_utc": "2026-09-17T00:00:00Z"}}, {"type": "Feature", "geometry": {"type": "Polygon", "coordinates": [[[107.4090909090909, -6.657142857142857], [107.68181818181819, -6.657142857142857], [107.68181818181819, -6.561904761904762], [107.4090909090909, -6.561904761904762], [107.4090909090909, -6.657142857142857]]]}, "properties": {"temp_air_c": 26.4, "temp_air_k": 299.55, "temp_surface_c": 26.4, "temp_surface_k": 299.55, "elevation_m": 120.0, "center_lat": -6.6095, "center_lon": 107.5455, "cycle_utc": "2026-09-17T00:00:00Z"}}, {"type": "Feature", "geometry": {"type": "Polygon", "coordinates": [[[107.68181818181819, -6.657142857142857], [107.95454545454545, -6.657142857142857], [107.95454545454545, -6.561904761904762], [107.68181818181819, -6.561904761904762], [107.68181818181819, -6.657142857142857]]]}, "properties": {"temp_air_c": 26.7, "temp_air_k": 299.85, "temp_surface_c": 25.7, "temp_surface_k": 298.85, "elevation_m": 120.0, "center_lat": -6.6095, "center_lon": 107.8182, "cycle_utc": "2026-09-17T00:00:00Z"}}, {"type": "Feature", "geometry": {"type": "Polygon", "coordinates": [[[107.95454545454545, -6.657142857142857], [108.22727272727273, -6.657142857142857], [108.22727272727273, -6.561904761904762], [107.95454545454545, -6.561904761904762], [107.95454545454545, -6.657142857142857]]]}, "properties": {"temp_air_c": 26.3, "temp_air_k": 299.45, "temp_surface_c": 25.4, "temp_surface_k": 298.55, "elevation_m": 120.0, "center_lat": -6.6095, "center_lon": 108.0909, "cycle_utc": "2026-09-17T00:00:00Z"}}, {"type": "Feature", "geometry": {"type": "Polygon", "coordinates": [[[108.22727272727273, -6.657142857142857], [108.5, -6.657142857142857], [108.5, -6.561904761904762], [108.22727272727273, -6.561904761904762], [108.22727272727273, -6.657142857142857]]]}, "properties": {"temp_air_c": 26.6, "temp_air_k": 299.75, "temp_surface_c": 26.0, "temp_surface_k": 299.15, "elevation_m": 120.0, "center_lat": -6.6095, "center_lon": 108.3636, "cycle_utc": "2026-09-17T00:00:00Z"}}, {"type": "Feature", "geometry": {"type": "Polygon", "coordinates": [[[108.5, -6.657142857142857], [108.77272727272727, -6.657142857142857], [108.77272727272727, -6.561904761904762], [108.5, -6.561904761904762], [108.5, -6.657142857142857]]]}, "properties": {"temp_air_c": 26.5, "temp_air_k": 299.65, "temp_surface_c": 26.1, "temp_surface_k": 299.25, "elevation_m": 120.0, "center_lat": -6.6095, "center_lon": 108.6364, "cycle_utc": "2026-09-17T00:00:00Z"}}, {"type": "Feature", "geometry": {"type": "Polygon", "coordinates": [[[108.77272727272727, -6.657142857142857], [109.04545454545455, -6.657142857142857], [109.04545454545455, -6.561904761904762], [108.77272727272727, -6.561904761904762], [108.77272727272727, -6.657142857142857]]]}, "properties": {"temp_air_c": 26.2, "temp_air_k": 299.35, "temp_surface_c": 26.4, "temp_surface_k": 299.55, "elevation_m": 120.0, "center_lat": -6.6095, "center_lon": 108.9091, "cycle_utc": "2026-09-17T00:00:00Z"}}, {"type": "Feature", "geometry": {"type": "Polygon", "coordinates": [[[109.04545454545455, -6.657142857142857], [109.31818181818181, -6.657142857142857], [109.31818181818181, -6.561904761904762], [109.04545454545455, -6.561904761904762], [109.04545454545455, -6.657142857142857]]]}, "properties": {"temp_air_c": 26.4, "temp_air_k": 299.55, "temp_surface_c": 25.5, "temp_surface_k": 298.65, "elevation_m": 120.0, "center_lat": -6.6095, "center_lon": 109.1818, "cycle_utc": "2026-09-17T00:00:00Z"}}, {"type": "Feature", "geometry": {"type": "Polygon", "coordinates": [[[109.31818181818181, -6.657142857142857], [109.5909090909091, -6.657142857142857], [109.5909090909091, -6.561904761904762], [109.31818181818181, -6.561904761904762], [109.31818181818181, -6.657142857142857]]]}, "properties": {"temp_air_c": 26.6, "temp_air_k": 299.75, "temp_surface_c": 25.9, "temp_surface_k": 299.05, "elevation_m": 120.0, "center_lat": -6.6095, "center_lon": 109.4545, "cycle_utc": "2026-09-17T00:00:00Z"}}, {"type": "Feature", "geometry": {"type": "Polygon", "coordinates": [[[109.5909090909091, -6.657142857142857], [109.86363636363636, -6.657142857142857], [109.86363636363636, -6.561904761904762], [109.5909090909091, -6.561904761904762], [109.5909090909091, -6.657142857142857]]]}, "properties": {"temp_air_c": 26.3, "temp_air_k": 299.45, "temp_surface_c": 24.7, "temp_surface_k": 297.85, "elevation_m": 120.0, "center_lat": -6.6095, "center_lon": 109.7273, "cycle_utc": "2026-09-17T00:00:00Z"}}, {"type": "Feature", "geometry": {"type": "Polygon", "coordinates": [[[109.86363636363636, -6.657142857142857], [110.13636363636364, -6.657142857142857], [110.13636363636364, -6.561904761904762], [109.86363636363636, -6.561904761904762], [109.86363636363636, -6.657142857142857]]]}, "properties": {"temp_air_c": 26.1, "temp_air_k": 299.25, "temp_surface_c": 25.9, "temp_surface_k": 299.05, "elevation_m": 120.0, "center_lat": -6.6095, "center_lon": 110.0, "cycle_utc": "2026-09-17T00:00:00Z"}}, {"type": "Feature", "geometry": {"type": "Polygon", "coordinates": [[[110.13636363636364, -6.657142857142857], [110.4090909090909, -6.657142857142857], [110.4090909090909, -6.561904761904762], [110.13636363636364, -6.561904761904762], [110.13636363636364, -6.657142857142857]]]}, "properties": {"temp_air_c": 26.2, "temp_air_k": 299.35, "temp_surface_c": 26.2, "temp_surface_k": 299.35, "elevation_m": 120.0, "center_lat": -6.6095, "center_lon": 110.2727, "cycle_utc": "2026-09-17T00:00:00Z"}}, {"type": "Feature", "geometry": {"type": "Polygon", "coordinates": [[[110.4090909090909, -6.657142857142857], [110.68181818181819, -6.657142857142857], [110.68181818181819, -6.561904761904762], [110.4090909090909, -6.561904761904762], [110.4090909090909, -6.657142857142857]]]}, "properties": {"temp_air_c": 26.2, "temp_air_k": 299.35, "temp_surface_c": 25.8, "temp_surface_k": 298.95, "elevation_m": 120.0, "center_lat": -6.6095, "center_lon": 110.5455, "cycle_utc": "2026-09-17T00:00:00Z"}}, {"type": "Feature", "geometry": {"type": "Polygon", "coordinates": [[[110.68181818181819, -6.657142857142857], [110.95454545454545, -6.657142857142857], [110.95454545454545, -6.561904761904762], [110.68181818181819, -6.561904761904762], [110.68181818181819, -6.657142857142857]]]}, "properties": {"temp_air_c": 26.4, "temp_air_k": 299.55, "temp_surface_c": 25.0, "temp_surface_k": 298.15, "elevation_m": 120.0, "center_lat": -6.6095, "center_lon": 110.8182, "cycle_utc": "2026-09-17T00:00:00Z"}}, {"type": "Feature", "geometry": {"type": "Polygon", "coordinates": [[[110.95454545454545, -6.657142857142857], [111.22727272727272, -6.657142857142857], [111.22727272727272, -6.561904761904762], [110.95454545454545, -6.561904761904762], [110.95454545454545, -6.657142857142857]]]}, "properties": {"temp_air_c": 26.6, "temp_air_k": 299.75, "temp_surface_c": 26.0, "temp_surface_k": 299.15, "elevation_m": 120.0, "center_lat": -6.6095, "center_lon": 111.0909, "cycle_utc": "2026-09-17T00:00:00Z"}}, {"type": "Feature", "geometry": {"type": "Polygon", "coordinates": [[[111.22727272727272, -6.657142857142857], [111.5, -6.657142857142857], [111.5, -6.561904761904762], [111.22727272727272, -6.561904761904762], [111.22727272727272, -6.657142857142857]]]}, "properties": {"temp_air_c": 26.6, "temp_air_k": 299.75, "temp_surface_c": 25.1, "temp_surface_k": 298.25, "elevation_m": 120.0, "center_lat": -6.6095, "center_lon": 111.3636, "cycle_utc": "2026-09-17T00:00:00Z"}}, {"type": "Feature", "geometry": {"type": "Polygon", "coordinates": [[[111.5, -6.657142857142857], [111.77272727272727, -6.657142857142857], [111.77272727272727, -6.561904761904762], [111.5, -6.561904761904762], [111.5, -6.657142857142857]]]}, "properties": {"temp_air_c": 27.1, "temp_air_k": 300.25, "temp_surface_c": 26.2, "temp_surface_k": 299.35, "elevation_m": 120.0, "center_lat": -6.6095, "center_lon": 111.6364, "cycle_utc": "2026-09-17T00:00:00Z"}}, {"type": "Feature", "geometry": {"type": "Polygon", "coordinates": [[[111.77272727272727, -6.657142857142857], [112.04545454545455, -6.657142857142857], [112.04545454545455, -6.561904761904762], [111.77272727272727, -6.561904761904762], [111.77272727272727, -6.657142857142857]]]}, "properties": {"temp_air_c": 26.1, "temp_air_k": 299.25, "temp_surface_c": 25.7, "temp_surface_k": 298.85, "elevation_m": 120.0, "center_lat": -6.6095, "center_lon": 111.9091, "cycle_utc": "2026-09-17T00:00:00Z"}}, {"type": "Feature", "geometry": {"type": "Polygon", "coordinates": [[[112.04545454545455, -6.657142857142857], [112.31818181818181, -6.657142857142857], [112.31818181818181, -6.561904761904762], [112.04545454545455, -6.561904761904762], [112.04545454545455, -6.657142857142857]]]}, "properties": {"temp_air_c": 26.3, "temp_air_k": 299.45, "temp_surface_c": 25.2, "temp_surface_k": 298.35, "elevation_m": 120.0, "center_lat": -6.6095, "center_lon": 112.1818, "cycle_utc": "2026-09-17T00:00:00Z"}}, {"type": "Feature", "geometry": {"type": "Polygon", "coordinates": [[[112.31818181818181, -6.657142857142857], [112.5909090909091, -6.657142857142857], [112.5909090909091, -6.561904761904762], [112.31818181818181, -6.561904761904762], [112.31818181818181, -6.657142857142857]]]}, "properties": {"temp_air_c": 26.7, "temp_air_k": 299.85, "temp_surface_c": 26.0, "temp_surface_k": 299.15, "elevation_m": 120.0, "center_lat": -6.6095, "center_lon": 112.4545, "cycle_utc": "2026-09-17T00:00:00Z"}}, {"type": "Feature", "geometry": {"type": "Polygon", "coordinates": [[[112.5909090909091, -6.657142857142857], [112.86363636363636, -6.657142857142857], [112.86363636363636, -6.561904761904762], [112.5909090909091, -6.561904761904762], [112.5909090909091, -6.657142857142857]]]}, "properties": {"temp_air_c": 26.0, "temp_air_k": 299.15, "temp_surface_c": 26.1, "temp_surface_k": 299.25, "elevation_m": 120.0, "center_lat": -6.6095, "center_lon": 112.7273, "cycle_utc": "2026-09-17T00:00:00Z"}}, {"type": "Feature", "geometry": {"type": "Polygon", "coordinates": [[[112.86363636363636, -6.657142857142857], [113.13636363636364, -6.657142857142857], [113.13636363636364, -6.561904761904762], [112.86363636363636, -6.561904761904762], [112.86363636363636, -6.657142857142857]]]}, "properties": {"temp_air_c": 26.4, "temp_air_k": 299.55, "temp_surface_c": 25.3, "temp_surface_k": 298.45, "elevation_m": 120.0, "center_lat": -6.6095, "center_lon": 113.0, "cycle_utc": "2026-09-17T00:00:00Z"}}, {"type": "Feature", "geometry": {"type": "Polygon", "coordinates": [[[113.13636363636364, -6.657142857142857], [113.4090909090909, -6.657142857142857], [113.4090909090909, -6.561904761904762], [113.13636363636364, -6.561904761904762], [113.13636363636364, -6.657142857142857]]]}, "properties": {"temp_air_c": 26.4, "temp_air_k": 299.55, "temp_surface_c": 25.8, "temp_surface_k": 298.95, "elevation_m": 120.0, "center_lat": -6.6095, "center_lon": 113.2727, "cycle_utc": "2026-09-17T00:00:00Z"}}, {"type": "Feature", "geometry": {"type": "Polygon", "coordinates": [[[113.4090909090909, -6.657142857142857], [113.68181818181819, -6.657142857142857], [113.68181818181819, -6.561904761904762], [113.4090909090909, -6.561904761904762], [113.4090909090909, -6.657142857142857]]]}, "properties": {"temp_air_c": 27.0, "temp_air_k": 300.15, "temp_surface_c": 25.8, "temp_surface_k": 298.95, "elevation_m": 120.0, "center_lat": -6.6095, "center_lon": 113.5455, "cycle_utc": "2026-09-17T00:00:00Z"}}, {"type": "Feature", "geometry": {"type": "Polygon", "coordinates": [[[113.68181818181819, -6.657142857142857], [113.95454545454545, -6.657142857142857], [113.95454545454545, -6.561904761904762], [113.68181818181819, -6.561904761904762], [113.68181818181819, -6.657142857142857]]]}, "properties": {"temp_air_c": 26.7, "temp_air_k": 299.85, "temp_surface_c": 25.1, "temp_surface_k": 298.25, "elevation_m": 120.0, "center_lat": -6.6095, "center_lon": 113.8182, "cycle_utc": "2026-09-17T00:00:00Z"}}, {"type": "Feature", "geometry": {"type": "Polygon", "coordinates": [[[113.95454545454545, -6.657142857142857], [114.22727272727272, -6.657142857142857], [114.22727272727272, -6.561904761904762], [113.95454545454545, -6.561904761904762], [113.95454545454545, -6.657142857142857]]]}, "properties": {"temp_air_c": 26.3, "temp_air_k": 299.45, "temp_surface_c": 26.2, "temp_surface_k": 299.35, "elevation_m": 120.0, "center_lat": -6.6095, "center_lon": 114.0909, "cycle_utc": "2026-09-17T00:00:00Z"}}, {"type": "Feature", "geometry": {"type": "Polygon", "coordinates": [[[114.22727272727272, -6.657142857142857], [114.5, -6.657142857142857], [114.5, -6.561904761904762], [114.22727272727272, -6.561904761904762], [114.22727272727272, -6.657142857142857]]]}, "properties": {"temp_air_c": 26.6, "temp_air_k": 299.75, "temp_surface_c": 25.6, "temp_surface_k": 298.75, "elevation_m": 120.0, "center_lat": -6.6095, "center_lon": 114.3636, "cycle_utc": "2026-09-17T00:00:00Z"}}, {"type": "Feature", "geometry": {"type": "Polygon", "coordinates": [[[105.5, -6.561904761904762], [105.77272727272727, -6.561904761904762], [105.77272727272727, -6.466666666666667], [105.5, -6.466666666666667], [105.5, -6.561904761904762]]]}, "properties": {"temp_air_c": 26.7, "temp_air_k": 299.85, "temp_surface_c": 26.0, "temp_surface_k": 299.15, "elevation_m": 120.0, "center_lat": -6.5143, "center_lon": 105.6364, "cycle_utc": "2026-09-17T00:00:00Z"}}, {"type": "Feature", "geometry": {"type": "Polygon", "coordinates": [[[105.77272727272727, -6.561904761904762], [106.04545454545455, -6.561904761904762], [106.04545454545455, -6.466666666666667], [105.77272727272727, -6.466666666666667], [105.77272727272727, -6.561904761904762]]]}, "properties": {"temp_air_c": 26.0, "temp_air_k": 299.15, "temp_surface_c": 25.5, "temp_surface_k": 298.65, "elevation_m": 120.0, "center_lat": -6.5143, "center_lon": 105.9091, "cycle_utc": "2026-09-17T00:00:00Z"}}, {"type": "Feature", "geometry": {"type": "Polygon", "coordinates": [[[106.04545454545455, -6.561904761904762], [106.31818181818181, -6.561904761904762], [106.31818181818181, -6.466666666666667], [106.04545454545455, -6.466666666666667], [106.04545454545455, -6.561904761904762]]]}, "properties": {"temp_air_c": 26.5, "temp_air_k": 299.65, "temp_surface_c": 25.5, "temp_surface_k": 298.65, "elevation_m": 120.0, "center_lat": -6.5143, "center_lon": 106.1818, "cycle_utc": "2026-09-17T00:00:00Z"}}, {"type": "Feature", "geometry": {"type": "Polygon", "coordinates": [[[106.31818181818181, -6.561904761904762], [106.5909090909091, -6.561904761904762], [106.5909090909091, -6.466666666666667], [106.31818181818181, -6.466666666666667], [106.31818181818181, -6.561904761904762]]]}, "properties": {"temp_air_c": 26.3, "temp_air_k": 299.45, "temp_surface_c": 25.4, "temp_surface_k": 298.55, "elevation_m": 120.0, "center_lat": -6.5143, "center_lon": 106.4545, "cycle_utc": "2026-09-17T00:00:00Z"}}, {"type": "Feature", "geometry": {"type": "Polygon", "coordinates": [[[106.5909090909091, -6.561904761904762], [106.86363636363636, -6.561904761904762], [106.86363636363636, -6.466666666666667], [106.5909090909091, -6.466666666666667], [106.5909090909091, -6.561904761904762]]]}, "properties": {"temp_air_c": 26.6, "temp_air_k": 299.75, "temp_surface_c": 26.1, "temp_surface_k": 299.25, "elevation_m": 120.0, "center_lat": -6.5143, "center_lon": 106.7273, "cycle_utc": "2026-09-17T00:00:00Z"}}, {"type": "Feature", "geometry": {"type": "Polygon", "coordinates": [[[106.86363636363636, -6.561904761904762], [107.13636363636364, -6.561904761904762], [107.13636363636364, -6.466666666666667], [106.86363636363636, -6.466666666666667], [106.86363636363636, -6.561904761904762]]]}, "properties": {"temp_air_c": 25.9, "temp_air_k": 299.05, "temp_surface_c": 25.1, "temp_surface_k": 298.25, "elevation_m": 120.0, "center_lat": -6.5143, "center_lon": 107.0, "cycle_utc": "2026-09-17T00:00:00Z"}}, {"type": "Feature", "geometry": {"type": "Polygon", "coordinates": [[[107.13636363636364, -6.561904761904762], [107.4090909090909, -6.561904761904762], [107.4090909090909, -6.466666666666667], [107.13636363636364, -6.466666666666667], [107.13636363636364, -6.561904761904762]]]}, "properties": {"temp_air_c": 26.2, "temp_air_k": 299.35, "temp_surface_c": 25.2, "temp_surface_k": 298.35, "elevation_m": 120.0, "center_lat": -6.5143, "center_lon": 107.2727, "cycle_utc": "2026-09-17T00:00:00Z"}}, {"type": "Feature", "geometry": {"type": "Polygon", "coordinates": [[[107.4090909090909, -6.561904761904762], [107.68181818181819, -6.561904761904762], [107.68181818181819, -6.466666666666667], [107.4090909090909, -6.466666666666667], [107.4090909090909, -6.561904761904762]]]}, "properties": {"temp_air_c": 26.2, "temp_air_k": 299.35, "temp_surface_c": 26.1, "temp_surface_k": 299.25, "elevation_m": 120.0, "center_lat": -6.5143, "center_lon": 107.5455, "cycle_utc": "2026-09-17T00:00:00Z"}}, {"type": "Feature", "geometry": {"type": "Polygon", "coordinates": [[[107.68181818181819, -6.561904761904762], [107.95454545454545, -6.561904761904762], [107.95454545454545, -6.466666666666667], [107.68181818181819, -6.466666666666667], [107.68181818181819, -6.561904761904762]]]}, "properties": {"temp_air_c": 26.5, "temp_air_k": 299.65, "temp_surface_c": 26.0, "temp_surface_k": 299.15, "elevation_m": 120.0, "center_lat": -6.5143, "center_lon": 107.8182, "cycle_utc": "2026-09-17T00:00:00Z"}}, {"type": "Feature", "geometry": {"type": "Polygon", "coordinates": [[[107.95454545454545, -6.561904761904762], [108.22727272727273, -6.561904761904762], [108.22727272727273, -6.466666666666667], [107.95454545454545, -6.466666666666667], [107.95454545454545, -6.561904761904762]]]}, "properties": {"temp_air_c": 26.3, "temp_air_k": 299.45, "temp_surface_c": 25.7, "temp_surface_k": 298.85, "elevation_m": 120.0, "center_lat": -6.5143, "center_lon": 108.0909, "cycle_utc": "2026-09-17T00:00:00Z"}}, {"type": "Feature", "geometry": {"type": "Polygon", "coordinates": [[[108.22727272727273, -6.561904761904762], [108.5, -6.561904761904762], [108.5, -6.466666666666667], [108.22727272727273, -6.466666666666667], [108.22727272727273, -6.561904761904762]]]}, "properties": {"temp_air_c": 26.8, "temp_air_k": 299.95, "temp_surface_c": 25.7, "temp_surface_k": 298.85, "elevation_m": 120.0, "center_lat": -6.5143, "center_lon": 108.3636, "cycle_utc": "2026-09-17T00:00:00Z"}}, {"type": "Feature", "geometry": {"type": "Polygon", "coordinates": [[[108.5, -6.561904761904762], [108.77272727272727, -6.561904761904762], [108.77272727272727, -6.466666666666667], [108.5, -6.466666666666667], [108.5, -6.561904761904762]]]}, "properties": {"temp_air_c": 26.0, "temp_air_k": 299.15, "temp_surface_c": 25.7, "temp_surface_k": 298.85, "elevation_m": 120.0, "center_lat": -6.5143, "center_lon": 108.6364, "cycle_utc": "2026-09-17T00:00:00Z"}}, {"type": "Feature", "geometry": {"type": "Polygon", "coordinates": [[[108.77272727272727, -6.561904761904762], [109.04545454545455, -6.561904761904762], [109.04545454545455, -6.466666666666667], [108.77272727272727, -6.466666666666667], [108.77272727272727, -6.561904761904762]]]}, "properties": {"temp_air_c": 26.7, "temp_air_k": 299.85, "temp_surface_c": 25.8, "temp_surface_k": 298.95, "elevation_m": 120.0, "center_lat": -6.5143, "center_lon": 108.9091, "cycle_utc": "2026-09-17T00:00:00Z"}}, {"type": "Feature", "geometry": {"type": "Polygon", "coordinates": [[[109.04545454545455, -6.561904761904762], [109.31818181818181, -6.561904761904762], [109.31818181818181, -6.466666666666667], [109.04545454545455, -6.466666666666667], [109.04545454545455, -6.561904761904762]]]}, "properties": {"temp_air_c": 26.0, "temp_air_k": 299.15, "temp_surface_c": 26.0, "temp_surface_k": 299.15, "elevation_m": 120.0, "center_lat": -6.5143, "center_lon": 109.1818, "cycle_utc": "2026-09-17T00:00:00Z"}}, {"type": "Feature", "geometry": {"type": "Polygon", "coordinates": [[[109.31818181818181, -6.561904761904762], [109.5909090909091, -6.561904761904762], [109.5909090909091, -6.466666666666667], [109.31818181818181, -6.466666666666667], [109.31818181818181, -6.561904761904762]]]}, "properties": {"temp_air_c": 26.9, "temp_air_k": 300.05, "temp_surface_c": 26.3, "temp_surface_k": 299.45, "elevation_m": 120.0, "center_lat": -6.5143, "center_lon": 109.4545, "cycle_utc": "2026-09-17T00:00:00Z"}}, {"type": "Feature", "geometry": {"type": "Polygon", "coordinates": [[[109.5909090909091, -6.561904761904762], [109.86363636363636, -6.561904761904762], [109.86363636363636, -6.466666666666667], [109.5909090909091, -6.466666666666667], [109.5909090909091, -6.561904761904762]]]}, "properties": {"temp_air_c": 26.4, "temp_air_k": 299.55, "temp_surface_c": 25.4, "temp_surface_k": 298.55, "elevation_m": 120.0, "center_lat": -6.5143, "center_lon": 109.7273, "cycle_utc": "2026-09-17T00:00:00Z"}}, {"type": "Feature", "geometry": {"type": "Polygon", "coordinates": [[[109.86363636363636, -6.561904761904762], [110.13636363636364, -6.561904761904762], [110.13636363636364, -6.466666666666667], [109.86363636363636, -6.466666666666667], [109.86363636363636, -6.561904761904762]]]}, "properties": {"temp_air_c": 26.7, "temp_air_k": 299.85, "temp_surface_c": 25.5, "temp_surface_k": 298.65, "elevation_m": 120.0, "center_lat": -6.5143, "center_lon": 110.0, "cycle_utc": "2026-09-17T00:00:00Z"}}, {"type": "Feature", "geometry": {"type": "Polygon", "coordinates": [[[110.13636363636364, -6.561904761904762], [110.4090909090909, -6.561904761904762], [110.4090909090909, -6.466666666666667], [110.13636363636364, -6.466666666666667], [110.13636363636364, -6.561904761904762]]]}, "properties": {"temp_air_c": 26.3, "temp_air_k": 299.45, "temp_surface_c": 25.8, "temp_surface_k": 298.95, "elevation_m": 120.0, "center_lat": -6.5143, "center_lon": 110.2727, "cycle_utc": "2026-09-17T00:00:00Z"}}, {"type": "Feature", "geometry": {"type": "Polygon", "coordinates": [[[110.4090909090909, -6.561904761904762], [110.68181818181819, -6.561904761904762], [110.68181818181819, -6.466666666666667], [110.4090909090909, -6.466666666666667], [110.4090909090909, -6.561904761904762]]]}, "properties": {"temp_air_c": 26.7, "temp_air_k": 299.85, "temp_surface_c": 25.5, "temp_surface_k": 298.65, "elevation_m": 120.0, "center_lat": -6.5143, "center_lon": 110.5455, "cycle_utc": "2026-09-17T00:00:00Z"}}, {"type": "Feature", "geometry": {"type": "Polygon", "coordinates": [[[110.68181818181819, -6.561904761904762], [110.95454545454545, -6.561904761904762], [110.95454545454545, -6.466666666666667], [110.68181818181819, -6.466666666666667], [110.68181818181819, -6.561904761904762]]]}, "properties": {"temp_air_c": 26.8, "temp_air_k": 299.95, "temp_surface_c": 25.9, "temp_surface_k": 299.05, "elevation_m": 120.0, "center_lat": -6.5143, "center_lon": 110.8182, "cycle_utc": "2026-09-17T00:00:00Z"}}, {"type": "Feature", "geometry": {"type": "Polygon", "coordinates": [[[110.95454545454545, -6.561904761904762], [111.22727272727272, -6.561904761904762], [111.22727272727272, -6.466666666666667], [110.95454545454545, -6.466666666666667], [110.95454545454545, -6.561904761904762]]]}, "properties": {"temp_air_c": 26.2, "temp_air_k": 299.35, "temp_surface_c": 25.9, "temp_surface_k": 299.05, "elevation_m": 120.0, "center_lat": -6.5143, "center_lon": 111.0909, "cycle_utc": "2026-09-17T00:00:00Z"}}, {"type": "Feature", "geometry": {"type": "Polygon", "coordinates": [[[111.22727272727272, -6.561904761904762], [111.5, -6.561904761904762], [111.5, -6.466666666666667], [111.22727272727272, -6.466666666666667], [111.22727272727272, -6.561904761904762]]]}, "properties": {"temp_air_c": 26.5, "temp_air_k": 299.65, "temp_surface_c": 26.4, "temp_surface_k": 299.55, "elevation_m": 120.0, "center_lat": -6.5143, "center_lon": 111.3636, "cycle_utc": "2026-09-17T00:00:00Z"}}, {"type": "Feature", "geometry": {"type": "Polygon", "coordinates": [[[111.5, -6.561904761904762], [111.77272727272727, -6.561904761904762], [111.77272727272727, -6.466666666666667], [111.5, -6.466666666666667], [111.5, -6.561904761904762]]]}, "properties": {"temp_air_c": 26.2, "temp_air_k": 299.35, "temp_surface_c": 26.1, "temp_surface_k": 299.25, "elevation_m": 120.0, "center_lat": -6.5143, "center_lon": 111.6364, "cycle_utc": "2026-09-17T00:00:00Z"}}, {"type": "Feature", "geometry": {"type": "Polygon", "coordinates": [[[111.77272727272727, -6.561904761904762], [112.04545454545455, -6.561904761904762], [112.04545454545455, -6.466666666666667], [111.77272727272727, -6.466666666666667], [111.77272727272727, -6.561904761904762]]]}, "properties": {"temp_air_c": 26.4, "temp_air_k": 299.55, "temp_surface_c": 25.5, "temp_surface_k": 298.65, "elevation_m": 120.0, "center_lat": -6.5143, "center_lon": 111.9091, "cycle_utc": "2026-09-17T00:00:00Z"}}, {"type": "Feature", "geometry": {"type": "Polygon", "coordinates": [[[112.04545454545455, -6.561904761904762], [112.31818181818181, -6.561904761904762], [112.31818181818181, -6.466666666666667], [112.04545454545455, -6.466666666666667], [112.04545454545455, -6.561904761904762]]]}, "properties": {"temp_air_c": 26.4, "temp_air_k": 299.55, "temp_surface_c": 25.6, "temp_surface_k": 298.75, "elevation_m": 120.0, "center_lat": -6.5143, "center_lon": 112.1818, "cycle_utc": "2026-09-17T00:00:00Z"}}, {"type": "Feature", "geometry": {"type": "Polygon", "coordinates": [[[112.31818181818181, -6.561904761904762], [112.5909090909091, -6.561904761904762], [112.5909090909091, -6.466666666666667], [112.31818181818181, -6.466666666666667], [112.31818181818181, -6.561904761904762]]]}, "properties": {"temp_air_c": 26.7, "temp_air_k": 299.85, "temp_surface_c": 26.0, "temp_surface_k": 299.15, "elevation_m": 120.0, "center_lat": -6.5143, "center_lon": 112.4545, "cycle_utc": "2026-09-17T00:00:00Z"}}, {"type": "Feature", "geometry": {"type": "Polygon", "coordinates": [[[112.5909090909091, -6.561904761904762], [112.86363636363636, -6.561904761904762], [112.86363636363636, -6.466666666666667], [112.5909090909091, -6.466666666666667], [112.5909090909091, -6.561904761904762]]]}, "properties": {"temp_air_c": 26.2, "temp_air_k": 299.35, "temp_surface_c": 25.5, "temp_surface_k": 298.65, "elevation_m": 120.0, "center_lat": -6.5143, "center_lon": 112.7273, "cycle_utc": "2026-09-17T00:00:00Z"}}, {"type": "Feature", "geometry": {"type": "Polygon", "coordinates": [[[112.86363636363636, -6.561904761904762], [113.13636363636364, -6.561904761904762], [113.13636363636364, -6.466666666666667], [112.86363636363636, -6.466666666666667], [112.86363636363636, -6.561904761904762]]]}, "properties": {"temp_air_c": 26.7, "temp_air_k": 299.85, "temp_surface_c": 26.3, "temp_surface_k": 299.45, "elevation_m": 120.0, "center_lat": -6.5143, "center_lon": 113.0, "cycle_utc": "2026-09-17T00:00:00Z"}}, {"type": "Feature", "geometry": {"type": "Polygon", "coordinates": [[[113.13636363636364, -6.561904761904762], [113.4090909090909, -6.561904761904762], [113.4090909090909, -6.466666666666667], [113.13636363636364, -6.466666666666667], [113.13636363636364, -6.561904761904762]]]}, "properties": {"temp_air_c": 26.3, "temp_air_k": 299.45, "temp_surface_c": 26.1, "temp_surface_k": 299.25, "elevation_m": 120.0, "center_lat": -6.5143, "center_lon": 113.2727, "cycle_utc": "2026-09-17T00:00:00Z"}}, {"type": "Feature", "geometry": {"type": "Polygon", "coordinates": [[[113.4090909090909, -6.561904761904762], [113.68181818181819, -6.561904761904762], [113.68181818181819, -6.466666666666667], [113.4090909090909, -6.466666666666667], [113.4090909090909, -6.561904761904762]]]}, "properties": {"temp_air_c": 26.0, "temp_air_k": 299.15, "temp_surface_c": 25.9, "temp_surface_k": 299.05, "elevation_m": 120.0, "center_lat": -6.5143, "center_lon": 113.5455, "cycle_utc": "2026-09-17T00:00:00Z"}}, {"type": "Feature", "geometry": {"type": "Polygon", "coordinates": [[[113.68181818181819, -6.561904761904762], [113.95454545454545, -6.561904761904762], [113.95454545454545, -6.466666666666667], [113.68181818181819, -6.466666666666667], [113.68181818181819, -6.561904761904762]]]}, "properties": {"temp_air_c": 26.4, "temp_air_k": 299.55, "temp_surface_c": 26.1, "temp_surface_k": 299.25, "elevation_m": 120.0, "center_lat": -6.5143, "center_lon": 113.8182, "cycle_utc": "2026-09-17T00:00:00Z"}}, {"type": "Feature", "geometry": {"type": "Polygon", "coordinates": [[[113.95454545454545, -6.561904761904762], [114.22727272727272, -6.561904761904762], [114.22727272727272, -6.466666666666667], [113.95454545454545, -6.466666666666667], [113.95454545454545, -6.561904761904762]]]}, "properties": {"temp_air_c": 26.4, "temp_air_k": 299.55, "temp_surface_c": 25.3, "temp_surface_k": 298.45, "elevation_m": 120.0, "center_lat": -6.5143, "center_lon": 114.0909, "cycle_utc": "2026-09-17T00:00:00Z"}}, {"type": "Feature", "geometry": {"type": "Polygon", "coordinates": [[[114.22727272727272, -6.561904761904762], [114.5, -6.561904761904762], [114.5, -6.466666666666667], [114.22727272727272, -6.466666666666667], [114.22727272727272, -6.561904761904762]]]}, "properties": {"temp_air_c": 26.2, "temp_air_k": 299.35, "temp_surface_c": 26.3, "temp_surface_k": 299.45, "elevation_m": 120.0, "center_lat": -6.5143, "center_lon": 114.3636, "cycle_utc": "2026-09-17T00:00:00Z"}}, {"type": "Feature", "geometry": {"type": "Polygon", "coordinates": [[[105.5, -6.466666666666667], [105.77272727272727, -6.466666666666667], [105.77272727272727, -6.371428571428572], [105.5, -6.371428571428572], [105.5, -6.466666666666667]]]}, "properties": {"temp_air_c": 26.5, "temp_air_k": 299.65, "temp_surface_c": 25.6, "temp_surface_k": 298.75, "elevation_m": 120.0, "center_lat": -6.419, "center_lon": 105.6364, "cycle_utc": "2026-09-17T00:00:00Z"}}, {"type": "Feature", "geometry": {"type": "Polygon", "coordinates": [[[105.77272727272727, -6.466666666666667], [106.04545454545455, -6.466666666666667], [106.04545454545455, -6.371428571428572], [105.77272727272727, -6.371428571428572], [105.77272727272727, -6.466666666666667]]]}, "properties": {"temp_air_c": 26.1, "temp_air_k": 299.25, "temp_surface_c": 25.9, "temp_surface_k": 299.05, "elevation_m": 120.0, "center_lat": -6.419, "center_lon": 105.9091, "cycle_utc": "2026-09-17T00:00:00Z"}}, {"type": "Feature", "geometry": {"type": "Polygon", "coordinates": [[[106.04545454545455, -6.466666666666667], [106.31818181818181, -6.466666666666667], [106.31818181818181, -6.371428571428572], [106.04545454545455, -6.371428571428572], [106.04545454545455, -6.466666666666667]]]}, "properties": {"temp_air_c": 25.9, "temp_air_k": 299.05, "temp_surface_c": 25.9, "temp_surface_k": 299.05, "elevation_m": 120.0, "center_lat": -6.419, "center_lon": 106.1818, "cycle_utc": "2026-09-17T00:00:00Z"}}, {"type": "Feature", "geometry": {"type": "Polygon", "coordinates": [[[106.31818181818181, -6.466666666666667], [106.5909090909091, -6.466666666666667], [106.5909090909091, -6.371428571428572], [106.31818181818181, -6.371428571428572], [106.31818181818181, -6.466666666666667]]]}, "properties": {"temp_air_c": 26.0, "temp_air_k": 299.15, "temp_surface_c": 25.9, "temp_surface_k": 299.05, "elevation_m": 120.0, "center_lat": -6.419, "center_lon": 106.4545, "cycle_utc": "2026-09-17T00:00:00Z"}}, {"type": "Feature", "geometry": {"type": "Polygon", "coordinates": [[[106.5909090909091, -6.466666666666667], [106.86363636363636, -6.466666666666667], [106.86363636363636, -6.371428571428572], [106.5909090909091, -6.371428571428572], [106.5909090909091, -6.466666666666667]]]}, "properties": {"temp_air_c": 27.2, "temp_air_k": 300.35, "temp_surface_c": 26.0, "temp_surface_k": 299.15, "elevation_m": 15.0, "center_lat": -6.419, "center_lon": 106.7273, "cycle_utc": "2026-09-17T00:00:00Z"}}, {"type": "Feature", "geometry": {"type": "Polygon", "coordinates": [[[106.86363636363636, -6.466666666666667], [107.13636363636364, -6.466666666666667], [107.13636363636364, -6.371428571428572], [106.86363636363636, -6.371428571428572], [106.86363636363636, -6.466666666666667]]]}, "properties": {"temp_air_c": 26.9, "temp_air_k": 300.05, "temp_surface_c": 27.2, "temp_surface_k": 300.35, "elevation_m": 15.0, "center_lat": -6.419, "center_lon": 107.0, "cycle_utc": "2026-09-17T00:00:00Z"}}, {"type": "Feature", "geometry": {"type": "Polygon", "coordinates": [[[107.13636363636364, -6.466666666666667], [107.4090909090909, -6.466666666666667], [107.4090909090909, -6.371428571428572], [107.13636363636364, -6.371428571428572], [107.13636363636364, -6.466666666666667]]]}, "properties": {"temp_air_c": 26.0, "temp_air_k": 299.15, "temp_surface_c": 25.5, "temp_surface_k": 298.65, "elevation_m": 120.0, "center_lat": -6.419, "center_lon": 107.2727, "cycle_utc": "2026-09-17T00:00:00Z"}}, {"type": "Feature", "geometry": {"type": "Polygon", "coordinates": [[[107.4090909090909, -6.466666666666667], [107.68181818181819, -6.466666666666667], [107.68181818181819, -6.371428571428572], [107.4090909090909, -6.371428571428572], [107.4090909090909, -6.466666666666667]]]}, "properties": {"temp_air_c": 26.8, "temp_air_k": 299.95, "temp_surface_c": 26.5, "temp_surface_k": 299.65, "elevation_m": 120.0, "center_lat": -6.419, "center_lon": 107.5455, "cycle_utc": "2026-09-17T00:00:00Z"}}, {"type": "Feature", "geometry": {"type": "Polygon", "coordinates": [[[107.68181818181819, -6.466666666666667], [107.95454545454545, -6.466666666666667], [107.95454545454545, -6.371428571428572], [107.68181818181819, -6.371428571428572], [107.68181818181819, -6.466666666666667]]]}, "properties": {"temp_air_c": 26.3, "temp_air_k": 299.45, "temp_surface_c": 25.6, "temp_surface_k": 298.75, "elevation_m": 120.0, "center_lat": -6.419, "center_lon": 107.8182, "cycle_utc": "2026-09-17T00:00:00Z"}}, {"type": "Feature", "geometry": {"type": "Polygon", "coordinates": [[[107.95454545454545, -6.466666666666667], [108.22727272727273, -6.466666666666667], [108.22727272727273, -6.371428571428572], [107.95454545454545, -6.371428571428572], [107.95454545454545, -6.466666666666667]]]}, "properties": {"temp_air_c": 26.8, "temp_air_k": 299.95, "temp_surface_c": 25.9, "temp_surface_k": 299.05, "elevation_m": 120.0, "center_lat": -6.419, "center_lon": 108.0909, "cycle_utc": "2026-09-17T00:00:00Z"}}, {"type": "Feature", "geometry": {"type": "Polygon", "coordinates": [[[108.22727272727273, -6.466666666666667], [108.5, -6.466666666666667], [108.5, -6.371428571428572], [108.22727272727273, -6.371428571428572], [108.22727272727273, -6.466666666666667]]]}, "properties": {"temp_air_c": 26.2, "temp_air_k": 299.35, "temp_surface_c": 26.0, "temp_surface_k": 299.15, "elevation_m": 120.0, "center_lat": -6.419, "center_lon": 108.3636, "cycle_utc": "2026-09-17T00:00:00Z"}}, {"type": "Feature", "geometry": {"type": "Polygon", "coordinates": [[[108.5, -6.466666666666667], [108.77272727272727, -6.466666666666667], [108.77272727272727, -6.371428571428572], [108.5, -6.371428571428572], [108.5, -6.466666666666667]]]}, "properties": {"temp_air_c": 26.3, "temp_air_k": 299.45, "temp_surface_c": 25.2, "temp_surface_k": 298.35, "elevation_m": 120.0, "center_lat": -6.419, "center_lon": 108.6364, "cycle_utc": "2026-09-17T00:00:00Z"}}, {"type": "Feature", "geometry": {"type": "Polygon", "coordinates": [[[108.77272727272727, -6.466666666666667], [109.04545454545455, -6.466666666666667], [109.04545454545455, -6.371428571428572], [108.77272727272727, -6.371428571428572], [108.77272727272727, -6.466666666666667]]]}, "properties": {"temp_air_c": 26.6, "temp_air_k": 299.75, "temp_surface_c": 25.6, "temp_surface_k": 298.75, "elevation_m": 120.0, "center_lat": -6.419, "center_lon": 108.9091, "cycle_utc": "2026-09-17T00:00:00Z"}}, {"type": "Feature", "geometry": {"type": "Polygon", "coordinates": [[[109.04545454545455, -6.466666666666667], [109.31818181818181, -6.466666666666667], [109.31818181818181, -6.371428571428572], [109.04545454545455, -6.371428571428572], [109.04545454545455, -6.466666666666667]]]}, "properties": {"temp_air_c": 25.9, "temp_air_k": 299.05, "temp_surface_c": 25.7, "temp_surface_k": 298.85, "elevation_m": 120.0, "center_lat": -6.419, "center_lon": 109.1818, "cycle_utc": "2026-09-17T00:00:00Z"}}, {"type": "Feature", "geometry": {"type": "Polygon", "coordinates": [[[109.31818181818181, -6.466666666666667], [109.5909090909091, -6.466666666666667], [109.5909090909091, -6.371428571428572], [109.31818181818181, -6.371428571428572], [109.31818181818181, -6.466666666666667]]]}, "properties": {"temp_air_c": 26.0, "temp_air_k": 299.15, "temp_surface_c": 24.9, "temp_surface_k": 298.05, "elevation_m": 120.0, "center_lat": -6.419, "center_lon": 109.4545, "cycle_utc": "2026-09-17T00:00:00Z"}}, {"type": "Feature", "geometry": {"type": "Polygon", "coordinates": [[[109.5909090909091, -6.466666666666667], [109.86363636363636, -6.466666666666667], [109.86363636363636, -6.371428571428572], [109.5909090909091, -6.371428571428572], [109.5909090909091, -6.466666666666667]]]}, "properties": {"temp_air_c": 26.5, "temp_air_k": 299.65, "temp_surface_c": 25.4, "temp_surface_k": 298.55, "elevation_m": 120.0, "center_lat": -6.419, "center_lon": 109.7273, "cycle_utc": "2026-09-17T00:00:00Z"}}, {"type": "Feature", "geometry": {"type": "Polygon", "coordinates": [[[109.86363636363636, -6.466666666666667], [110.13636363636364, -6.466666666666667], [110.13636363636364, -6.371428571428572], [109.86363636363636, -6.371428571428572], [109.86363636363636, -6.466666666666667]]]}, "properties": {"temp_air_c": 26.6, "temp_air_k": 299.75, "temp_surface_c": 25.5, "temp_surface_k": 298.65, "elevation_m": 120.0, "center_lat": -6.419, "center_lon": 110.0, "cycle_utc": "2026-09-17T00:00:00Z"}}, {"type": "Feature", "geometry": {"type": "Polygon", "coordinates": [[[110.13636363636364, -6.466666666666667], [110.4090909090909, -6.466666666666667], [110.4090909090909, -6.371428571428572], [110.13636363636364, -6.371428571428572], [110.13636363636364, -6.466666666666667]]]}, "properties": {"temp_air_c": 26.7, "temp_air_k": 299.85, "temp_surface_c": 24.8, "temp_surface_k": 297.95, "elevation_m": 120.0, "center_lat": -6.419, "center_lon": 110.2727, "cycle_utc": "2026-09-17T00:00:00Z"}}, {"type": "Feature", "geometry": {"type": "Polygon", "coordinates": [[[110.4090909090909, -6.466666666666667], [110.68181818181819, -6.466666666666667], [110.68181818181819, -6.371428571428572], [110.4090909090909, -6.371428571428572], [110.4090909090909, -6.466666666666667]]]}, "properties": {"temp_air_c": 26.2, "temp_air_k": 299.35, "temp_surface_c": 25.6, "temp_surface_k": 298.75, "elevation_m": 120.0, "center_lat": -6.419, "center_lon": 110.5455, "cycle_utc": "2026-09-17T00:00:00Z"}}, {"type": "Feature", "geometry": {"type": "Polygon", "coordinates": [[[110.68181818181819, -6.466666666666667], [110.95454545454545, -6.466666666666667], [110.95454545454545, -6.371428571428572], [110.68181818181819, -6.371428571428572], [110.68181818181819, -6.466666666666667]]]}, "properties": {"temp_air_c": 26.5, "temp_air_k": 299.65, "temp_surface_c": 24.8, "temp_surface_k": 297.95, "elevation_m": 120.0, "center_lat": -6.419, "center_lon": 110.8182, "cycle_utc": "2026-09-17T00:00:00Z"}}, {"type": "Feature", "geometry": {"type": "Polygon", "coordinates": [[[110.95454545454545, -6.466666666666667], [111.22727272727272, -6.466666666666667], [111.22727272727272, -6.371428571428572], [110.95454545454545, -6.371428571428572], [110.95454545454545, -6.466666666666667]]]}, "properties": {"temp_air_c": 26.2, "temp_air_k": 299.35, "temp_surface_c": 26.6, "temp_surface_k": 299.75, "elevation_m": 120.0, "center_lat": -6.419, "center_lon": 111.0909, "cycle_utc": "2026-09-17T00:00:00Z"}}, {"type": "Feature", "geometry": {"type": "Polygon", "coordinates": [[[111.22727272727272, -6.466666666666667], [111.5, -6.466666666666667], [111.5, -6.371428571428572], [111.22727272727272, -6.371428571428572], [111.22727272727272, -6.466666666666667]]]}, "properties": {"temp_air_c": 26.5, "temp_air_k": 299.65, "temp_surface_c": 25.4, "temp_surface_k": 298.55, "elevation_m": 120.0, "center_lat": -6.419, "center_lon": 111.3636, "cycle_utc": "2026-09-17T00:00:00Z"}}, {"type": "Feature", "geometry": {"type": "Polygon", "coordinates": [[[111.5, -6.466666666666667], [111.77272727272727, -6.466666666666667], [111.77272727272727, -6.371428571428572], [111.5, -6.371428571428572], [111.5, -6.466666666666667]]]}, "properties": {"temp_air_c": 26.4, "temp_air_k": 299.55, "temp_surface_c": 25.3, "temp_surface_k": 298.45, "elevation_m": 120.0, "center_lat": -6.419, "center_lon": 111.6364, "cycle_utc": "2026-09-17T00:00:00Z"}}, {"type": "Feature", "geometry": {"type": "Polygon", "coordinates": [[[111.77272727272727, -6.466666666666667], [112.04545454545455, -6.466666666666667], [112.04545454545455, -6.371428571428572], [111.77272727272727, -6.371428571428572], [111.77272727272727, -6.466666666666667]]]}, "properties": {"temp_air_c": 26.8, "temp_air_k": 299.95, "temp_surface_c": 26.3, "temp_surface_k": 299.45, "elevation_m": 120.0, "center_lat": -6.419, "center_lon": 111.9091, "cycle_utc": "2026-09-17T00:00:00Z"}}, {"type": "Feature", "geometry": {"type": "Polygon", "coordinates": [[[112.04545454545455, -6.466666666666667], [112.31818181818181, -6.466666666666667], [112.31818181818181, -6.371428571428572], [112.04545454545455, -6.371428571428572], [112.04545454545455, -6.466666666666667]]]}, "properties": {"temp_air_c": 26.4, "temp_air_k": 299.55, "temp_surface_c": 24.8, "temp_surface_k": 297.95, "elevation_m": 120.0, "center_lat": -6.419, "center_lon": 112.1818, "cycle_utc": "2026-09-17T00:00:00Z"}}, {"type": "Feature", "geometry": {"type": "Polygon", "coordinates": [[[112.31818181818181, -6.466666666666667], [112.5909090909091, -6.466666666666667], [112.5909090909091, -6.371428571428572], [112.31818181818181, -6.371428571428572], [112.31818181818181, -6.466666666666667]]]}, "properties": {"temp_air_c": 26.2, "temp_air_k": 299.35, "temp_surface_c": 26.0, "temp_surface_k": 299.15, "elevation_m": 120.0, "center_lat": -6.419, "center_lon": 112.4545, "cycle_utc": "2026-09-17T00:00:00Z"}}, {"type": "Feature", "geometry": {"type": "Polygon", "coordinates": [[[112.5909090909091, -6.466666666666667], [112.86363636363636, -6.466666666666667], [112.86363636363636, -6.371428571428572], [112.5909090909091, -6.371428571428572], [112.5909090909091, -6.466666666666667]]]}, "properties": {"temp_air_c": 25.9, "temp_air_k": 299.05, "temp_surface_c": 25.7, "temp_surface_k": 298.85, "elevation_m": 120.0, "center_lat": -6.419, "center_lon": 112.7273, "cycle_utc": "2026-09-17T00:00:00Z"}}, {"type": "Feature", "geometry": {"type": "Polygon", "coordinates": [[[112.86363636363636, -6.466666666666667], [113.13636363636364, -6.466666666666667], [113.13636363636364, -6.371428571428572], [112.86363636363636, -6.371428571428572], [112.86363636363636, -6.466666666666667]]]}, "properties": {"temp_air_c": 26.1, "temp_air_k": 299.25, "temp_surface_c": 25.8, "temp_surface_k": 298.95, "elevation_m": 120.0, "center_lat": -6.419, "center_lon": 113.0, "cycle_utc": "2026-09-17T00:00:00Z"}}, {"type": "Feature", "geometry": {"type": "Polygon", "coordinates": [[[113.13636363636364, -6.466666666666667], [113.4090909090909, -6.466666666666667], [113.4090909090909, -6.371428571428572], [113.13636363636364, -6.371428571428572], [113.13636363636364, -6.466666666666667]]]}, "properties": {"temp_air_c": 26.4, "temp_air_k": 299.55, "temp_surface_c": 25.6, "temp_surface_k": 298.75, "elevation_m": 120.0, "center_lat": -6.419, "center_lon": 113.2727, "cycle_utc": "2026-09-17T00:00:00Z"}}, {"type": "Feature", "geometry": {"type": "Polygon", "coordinates": [[[113.4090909090909, -6.466666666666667], [113.68181818181819, -6.466666666666667], [113.68181818181819, -6.371428571428572], [113.4090909090909, -6.371428571428572], [113.4090909090909, -6.466666666666667]]]}, "properties": {"temp_air_c": 26.4, "temp_air_k": 299.55, "temp_surface_c": 26.1, "temp_surface_k": 299.25, "elevation_m": 120.0, "center_lat": -6.419, "center_lon": 113.5455, "cycle_utc": "2026-09-17T00:00:00Z"}}, {"type": "Feature", "geometry": {"type": "Polygon", "coordinates": [[[113.68181818181819, -6.466666666666667], [113.95454545454545, -6.466666666666667], [113.95454545454545, -6.371428571428572], [113.68181818181819, -6.371428571428572], [113.68181818181819, -6.466666666666667]]]}, "properties": {"temp_air_c": 26.4, "temp_air_k": 299.55, "temp_surface_c": 26.1, "temp_surface_k": 299.25, "elevation_m": 120.0, "center_lat": -6.419, "center_lon": 113.8182, "cycle_utc": "2026-09-17T00:00:00Z"}}, {"type": "Feature", "geometry": {"type": "Polygon", "coordinates": [[[113.95454545454545, -6.466666666666667], [114.22727272727272, -6.466666666666667], [114.22727272727272, -6.371428571428572], [113.95454545454545, -6.371428571428572], [113.95454545454545, -6.466666666666667]]]}, "properties": {"temp_air_c": 26.4, "temp_air_k": 299.55, "temp_surface_c": 25.4, "temp_surface_k": 298.55, "elevation_m": 120.0, "center_lat": -6.419, "center_lon": 114.0909, "cycle_utc": "2026-09-17T00:00:00Z"}}, {"type": "Feature", "geometry": {"type": "Polygon", "coordinates": [[[114.22727272727272, -6.466666666666667], [114.5, -6.466666666666667], [114.5, -6.371428571428572], [114.22727272727272, -6.371428571428572], [114.22727272727272, -6.466666666666667]]]}, "properties": {"temp_air_c": 26.7, "temp_air_k": 299.85, "temp_surface_c": 25.8, "temp_surface_k": 298.95, "elevation_m": 120.0, "center_lat": -6.419, "center_lon": 114.3636, "cycle_utc": "2026-09-17T00:00:00Z"}}, {"type": "Feature", "geometry": {"type": "Polygon", "coordinates": [[[105.5, -6.371428571428572], [105.77272727272727, -6.371428571428572], [105.77272727272727, -6.276190476190476], [105.5, -6.276190476190476], [105.5, -6.371428571428572]]]}, "properties": {"temp_air_c": 25.9, "temp_air_k": 299.05, "temp_surface_c": 25.9, "temp_surface_k": 299.05, "elevation_m": 120.0, "center_lat": -6.3238, "center_lon": 105.6364, "cycle_utc": "2026-09-17T00:00:00Z"}}, {"type": "Feature", "geometry": {"type": "Polygon", "coordinates": [[[105.77272727272727, -6.371428571428572], [106.04545454545455, -6.371428571428572], [106.04545454545455, -6.276190476190476], [105.77272727272727, -6.276190476190476], [105.77272727272727, -6.371428571428572]]]}, "properties": {"temp_air_c": 26.7, "temp_air_k": 299.85, "temp_surface_c": 25.1, "temp_surface_k": 298.25, "elevation_m": 120.0, "center_lat": -6.3238, "center_lon": 105.9091, "cycle_utc": "2026-09-17T00:00:00Z"}}, {"type": "Feature", "geometry": {"type": "Polygon", "coordinates": [[[106.04545454545455, -6.371428571428572], [106.31818181818181, -6.371428571428572], [106.31818181818181, -6.276190476190476], [106.04545454545455, -6.276190476190476], [106.04545454545455, -6.371428571428572]]]}, "properties": {"temp_air_c": 26.5, "temp_air_k": 299.65, "temp_surface_c": 25.1, "temp_surface_k": 298.25, "elevation_m": 120.0, "center_lat": -6.3238, "center_lon": 106.1818, "cycle_utc": "2026-09-17T00:00:00Z"}}, {"type": "Feature", "geometry": {"type": "Polygon", "coordinates": [[[106.31818181818181, -6.371428571428572], [106.5909090909091, -6.371428571428572], [106.5909090909091, -6.276190476190476], [106.31818181818181, -6.276190476190476], [106.31818181818181, -6.371428571428572]]]}, "properties": {"temp_air_c": 26.4, "temp_air_k": 299.55, "temp_surface_c": 25.7, "temp_surface_k": 298.85, "elevation_m": 120.0, "center_lat": -6.3238, "center_lon": 106.4545, "cycle_utc": "2026-09-17T00:00:00Z"}}, {"type": "Feature", "geometry": {"type": "Polygon", "coordinates": [[[106.5909090909091, -6.371428571428572], [106.86363636363636, -6.371428571428572], [106.86363636363636, -6.276190476190476], [106.5909090909091, -6.276190476190476], [106.5909090909091, -6.371428571428572]]]}, "properties": {"temp_air_c": 29.1, "temp_air_k": 302.25, "temp_surface_c": 29.6, "temp_surface_k": 302.75, "elevation_m": 15.0, "center_lat": -6.3238, "center_lon": 106.7273, "cycle_utc": "2026-09-17T00:00:00Z"}}, {"type": "Feature", "geometry": {"type": "Polygon", "coordinates": [[[106.86363636363636, -6.371428571428572], [107.13636363636364, -6.371428571428572], [107.13636363636364, -6.276190476190476], [106.86363636363636, -6.276190476190476], [106.86363636363636, -6.371428571428572]]]}, "properties": {"temp_air_c": 29.2, "temp_air_k": 302.35, "temp_surface_c": 29.9, "temp_surface_k": 303.05, "elevation_m": 15.0, "center_lat": -6.3238, "center_lon": 107.0, "cycle_utc": "2026-09-17T00:00:00Z"}}, {"type": "Feature", "geometry": {"type": "Polygon", "coordinates": [[[107.13636363636364, -6.371428571428572], [107.4090909090909, -6.371428571428572], [107.4090909090909, -6.276190476190476], [107.13636363636364, -6.276190476190476], [107.13636363636364, -6.371428571428572]]]}, "properties": {"temp_air_c": 26.9, "temp_air_k": 300.05, "temp_surface_c": 25.6, "temp_surface_k": 298.75, "elevation_m": 120.0, "center_lat": -6.3238, "center_lon": 107.2727, "cycle_utc": "2026-09-17T00:00:00Z"}}, {"type": "Feature", "geometry": {"type": "Polygon", "coordinates": [[[107.4090909090909, -6.371428571428572], [107.68181818181819, -6.371428571428572], [107.68181818181819, -6.276190476190476], [107.4090909090909, -6.276190476190476], [107.4090909090909, -6.371428571428572]]]}, "properties": {"temp_air_c": 26.6, "temp_air_k": 299.75, "temp_surface_c": 25.7, "temp_surface_k": 298.85, "elevation_m": 120.0, "center_lat": -6.3238, "center_lon": 107.5455, "cycle_utc": "2026-09-17T00:00:00Z"}}, {"type": "Feature", "geometry": {"type": "Polygon", "coordinates": [[[107.68181818181819, -6.371428571428572], [107.95454545454545, -6.371428571428572], [107.95454545454545, -6.276190476190476], [107.68181818181819, -6.276190476190476], [107.68181818181819, -6.371428571428572]]]}, "properties": {"temp_air_c": 26.3, "temp_air_k": 299.45, "temp_surface_c": 25.4, "temp_surface_k": 298.55, "elevation_m": 120.0, "center_lat": -6.3238, "center_lon": 107.8182, "cycle_utc": "2026-09-17T00:00:00Z"}}, {"type": "Feature", "geometry": {"type": "Polygon", "coordinates": [[[107.95454545454545, -6.371428571428572], [108.22727272727273, -6.371428571428572], [108.22727272727273, -6.276190476190476], [107.95454545454545, -6.276190476190476], [107.95454545454545, -6.371428571428572]]]}, "properties": {"temp_air_c": 26.7, "temp_air_k": 299.85, "temp_surface_c": 25.3, "temp_surface_k": 298.45, "elevation_m": 120.0, "center_lat": -6.3238, "center_lon": 108.0909, "cycle_utc": "2026-09-17T00:00:00Z"}}, {"type": "Feature", "geometry": {"type": "Polygon", "coordinates": [[[108.22727272727273, -6.371428571428572], [108.5, -6.371428571428572], [108.5, -6.276190476190476], [108.22727272727273, -6.276190476190476], [108.22727272727273, -6.371428571428572]]]}, "properties": {"temp_air_c": 26.2, "temp_air_k": 299.35, "temp_surface_c": 25.9, "temp_surface_k": 299.05, "elevation_m": 120.0, "center_lat": -6.3238, "center_lon": 108.3636, "cycle_utc": "2026-09-17T00:00:00Z"}}, {"type": "Feature", "geometry": {"type": "Polygon", "coordinates": [[[108.5, -6.371428571428572], [108.77272727272727, -6.371428571428572], [108.77272727272727, -6.276190476190476], [108.5, -6.276190476190476], [108.5, -6.371428571428572]]]}, "properties": {"temp_air_c": 26.5, "temp_air_k": 299.65, "temp_surface_c": 25.6, "temp_surface_k": 298.75, "elevation_m": 120.0, "center_lat": -6.3238, "center_lon": 108.6364, "cycle_utc": "2026-09-17T00:00:00Z"}}, {"type": "Feature", "geometry": {"type": "Polygon", "coordinates": [[[108.77272727272727, -6.371428571428572], [109.04545454545455, -6.371428571428572], [109.04545454545455, -6.276190476190476], [108.77272727272727, -6.276190476190476], [108.77272727272727, -6.371428571428572]]]}, "properties": {"temp_air_c": 26.3, "temp_air_k": 299.45, "temp_surface_c": 26.1, "temp_surface_k": 299.25, "elevation_m": 120.0, "center_lat": -6.3238, "center_lon": 108.9091, "cycle_utc": "2026-09-17T00:00:00Z"}}, {"type": "Feature", "geometry": {"type": "Polygon", "coordinates": [[[109.04545454545455, -6.371428571428572], [109.31818181818181, -6.371428571428572], [109.31818181818181, -6.276190476190476], [109.04545454545455, -6.276190476190476], [109.04545454545455, -6.371428571428572]]]}, "properties": {"temp_air_c": 26.6, "temp_air_k": 299.75, "temp_surface_c": 26.2, "temp_surface_k": 299.35, "elevation_m": 120.0, "center_lat": -6.3238, "center_lon": 109.1818, "cycle_utc": "2026-09-17T00:00:00Z"}}, {"type": "Feature", "geometry": {"type": "Polygon", "coordinates": [[[109.31818181818181, -6.371428571428572], [109.5909090909091, -6.371428571428572], [109.5909090909091, -6.276190476190476], [109.31818181818181, -6.276190476190476], [109.31818181818181, -6.371428571428572]]]}, "properties": {"temp_air_c": 26.3, "temp_air_k": 299.45, "temp_surface_c": 25.7, "temp_surface_k": 298.85, "elevation_m": 120.0, "center_lat": -6.3238, "center_lon": 109.4545, "cycle_utc": "2026-09-17T00:00:00Z"}}, {"type": "Feature", "geometry": {"type": "Polygon", "coordinates": [[[109.5909090909091, -6.371428571428572], [109.86363636363636, -6.371428571428572], [109.86363636363636, -6.276190476190476], [109.5909090909091, -6.276190476190476], [109.5909090909091, -6.371428571428572]]]}, "properties": {"temp_air_c": 26.1, "temp_air_k": 299.25, "temp_surface_c": 25.5, "temp_surface_k": 298.65, "elevation_m": 120.0, "center_lat": -6.3238, "center_lon": 109.7273, "cycle_utc": "2026-09-17T00:00:00Z"}}, {"type": "Feature", "geometry": {"type": "Polygon", "coordinates": [[[109.86363636363636, -6.371428571428572], [110.13636363636364, -6.371428571428572], [110.13636363636364, -6.276190476190476], [109.86363636363636, -6.276190476190476], [109.86363636363636, -6.371428571428572]]]}, "properties": {"temp_air_c": 26.6, "temp_air_k": 299.75, "temp_surface_c": 26.3, "temp_surface_k": 299.45, "elevation_m": 120.0, "center_lat": -6.3238, "center_lon": 110.0, "cycle_utc": "2026-09-17T00:00:00Z"}}, {"type": "Feature", "geometry": {"type": "Polygon", "coordinates": [[[110.13636363636364, -6.371428571428572], [110.4090909090909, -6.371428571428572], [110.4090909090909, -6.276190476190476], [110.13636363636364, -6.276190476190476], [110.13636363636364, -6.371428571428572]]]}, "properties": {"temp_air_c": 26.1, "temp_air_k": 299.25, "temp_surface_c": 25.9, "temp_surface_k": 299.05, "elevation_m": 120.0, "center_lat": -6.3238, "center_lon": 110.2727, "cycle_utc": "2026-09-17T00:00:00Z"}}, {"type": "Feature", "geometry": {"type": "Polygon", "coordinates": [[[110.4090909090909, -6.371428571428572], [110.68181818181819, -6.371428571428572], [110.68181818181819, -6.276190476190476], [110.4090909090909, -6.276190476190476], [110.4090909090909, -6.371428571428572]]]}, "properties": {"temp_air_c": 26.6, "temp_air_k": 299.75, "temp_surface_c": 25.2, "temp_surface_k": 298.35, "elevation_m": 120.0, "center_lat": -6.3238, "center_lon": 110.5455, "cycle_utc": "2026-09-17T00:00:00Z"}}, {"type": "Feature", "geometry": {"type": "Polygon", "coordinates": [[[110.68181818181819, -6.371428571428572], [110.95454545454545, -6.371428571428572], [110.95454545454545, -6.276190476190476], [110.68181818181819, -6.276190476190476], [110.68181818181819, -6.371428571428572]]]}, "properties": {"temp_air_c": 26.8, "temp_air_k": 299.95, "temp_surface_c": 25.3, "temp_surface_k": 298.45, "elevation_m": 120.0, "center_lat": -6.3238, "center_lon": 110.8182, "cycle_utc": "2026-09-17T00:00:00Z"}}, {"type": "Feature", "geometry": {"type": "Polygon", "coordinates": [[[110.95454545454545, -6.371428571428572], [111.22727272727272, -6.371428571428572], [111.22727272727272, -6.276190476190476], [110.95454545454545, -6.276190476190476], [110.95454545454545, -6.371428571428572]]]}, "properties": {"temp_air_c": 26.5, "temp_air_k": 299.65, "temp_surface_c": 26.0, "temp_surface_k": 299.15, "elevation_m": 120.0, "center_lat": -6.3238, "center_lon": 111.0909, "cycle_utc": "2026-09-17T00:00:00Z"}}, {"type": "Feature", "geometry": {"type": "Polygon", "coordinates": [[[111.22727272727272, -6.371428571428572], [111.5, -6.371428571428572], [111.5, -6.276190476190476], [111.22727272727272, -6.276190476190476], [111.22727272727272, -6.371428571428572]]]}, "properties": {"temp_air_c": 26.1, "temp_air_k": 299.25, "temp_surface_c": 24.9, "temp_surface_k": 298.05, "elevation_m": 120.0, "center_lat": -6.3238, "center_lon": 111.3636, "cycle_utc": "2026-09-17T00:00:00Z"}}, {"type": "Feature", "geometry": {"type": "Polygon", "coordinates": [[[111.5, -6.371428571428572], [111.77272727272727, -6.371428571428572], [111.77272727272727, -6.276190476190476], [111.5, -6.276190476190476], [111.5, -6.371428571428572]]]}, "properties": {"temp_air_c": 26.3, "temp_air_k": 299.45, "temp_surface_c": 25.7, "temp_surface_k": 298.85, "elevation_m": 120.0, "center_lat": -6.3238, "center_lon": 111.6364, "cycle_utc": "2026-09-17T00:00:00Z"}}, {"type": "Feature", "geometry": {"type": "Polygon", "coordinates": [[[111.77272727272727, -6.371428571428572], [112.04545454545455, -6.371428571428572], [112.04545454545455, -6.276190476190476], [111.77272727272727, -6.276190476190476], [111.77272727272727, -6.371428571428572]]]}, "properties": {"temp_air_c": 26.5, "temp_air_k": 299.65, "temp_surface_c": 25.5, "temp_surface_k": 298.65, "elevation_m": 120.0, "center_lat": -6.3238, "center_lon": 111.9091, "cycle_utc": "2026-09-17T00:00:00Z"}}, {"type": "Feature", "geometry": {"type": "Polygon", "coordinates": [[[112.04545454545455, -6.371428571428572], [112.31818181818181, -6.371428571428572], [112.31818181818181, -6.276190476190476], [112.04545454545455, -6.276190476190476], [112.04545454545455, -6.371428571428572]]]}, "properties": {"temp_air_c": 26.2, "temp_air_k": 299.35, "temp_surface_c": 26.0, "temp_surface_k": 299.15, "elevation_m": 120.0, "center_lat": -6.3238, "center_lon": 112.1818, "cycle_utc": "2026-09-17T00:00:00Z"}}, {"type": "Feature", "geometry": {"type": "Polygon", "coordinates": [[[112.31818181818181, -6.371428571428572], [112.5909090909091, -6.371428571428572], [112.5909090909091, -6.276190476190476], [112.31818181818181, -6.276190476190476], [112.31818181818181, -6.371428571428572]]]}, "properties": {"temp_air_c": 26.4, "temp_air_k": 299.55, "temp_surface_c": 25.0, "temp_surface_k": 298.15, "elevation_m": 120.0, "center_lat": -6.3238, "center_lon": 112.4545, "cycle_utc": "2026-09-17T00:00:00Z"}}, {"type": "Feature", "geometry": {"type": "Polygon", "coordinates": [[[112.5909090909091, -6.371428571428572], [112.86363636363636, -6.371428571428572], [112.86363636363636, -6.276190476190476], [112.5909090909091, -6.276190476190476], [112.5909090909091, -6.371428571428572]]]}, "properties": {"temp_air_c": 26.3, "temp_air_k": 299.45, "temp_surface_c": 25.0, "temp_surface_k": 298.15, "elevation_m": 120.0, "center_lat": -6.3238, "center_lon": 112.7273, "cycle_utc": "2026-09-17T00:00:00Z"}}, {"type": "Feature", "geometry": {"type": "Polygon", "coordinates": [[[112.86363636363636, -6.371428571428572], [113.13636363636364, -6.371428571428572], [113.13636363636364, -6.276190476190476], [112.86363636363636, -6.276190476190476], [112.86363636363636, -6.371428571428572]]]}, "properties": {"temp_air_c": 26.4, "temp_air_k": 299.55, "temp_surface_c": 26.1, "temp_surface_k": 299.25, "elevation_m": 120.0, "center_lat": -6.3238, "center_lon": 113.0, "cycle_utc": "2026-09-17T00:00:00Z"}}, {"type": "Feature", "geometry": {"type": "Polygon", "coordinates": [[[113.13636363636364, -6.371428571428572], [113.4090909090909, -6.371428571428572], [113.4090909090909, -6.276190476190476], [113.13636363636364, -6.276190476190476], [113.13636363636364, -6.371428571428572]]]}, "properties": {"temp_air_c": 26.3, "temp_air_k": 299.45, "temp_surface_c": 25.5, "temp_surface_k": 298.65, "elevation_m": 120.0, "center_lat": -6.3238, "center_lon": 113.2727, "cycle_utc": "2026-09-17T00:00:00Z"}}, {"type": "Feature", "geometry": {"type": "Polygon", "coordinates": [[[113.4090909090909, -6.371428571428572], [113.68181818181819, -6.371428571428572], [113.68181818181819, -6.276190476190476], [113.4090909090909, -6.276190476190476], [113.4090909090909, -6.371428571428572]]]}, "properties": {"temp_air_c": 26.1, "temp_air_k": 299.25, "temp_surface_c": 25.8, "temp_surface_k": 298.95, "elevation_m": 120.0, "center_lat": -6.3238, "center_lon": 113.5455, "cycle_utc": "2026-09-17T00:00:00Z"}}, {"type": "Feature", "geometry": {"type": "Polygon", "coordinates": [[[113.68181818181819, -6.371428571428572], [113.95454545454545, -6.371428571428572], [113.95454545454545, -6.276190476190476], [113.68181818181819, -6.276190476190476], [113.68181818181819, -6.371428571428572]]]}, "properties": {"temp_air_c": 26.1, "temp_air_k": 299.25, "temp_surface_c": 25.7, "temp_surface_k": 298.85, "elevation_m": 120.0, "center_lat": -6.3238, "center_lon": 113.8182, "cycle_utc": "2026-09-17T00:00:00Z"}}, {"type": "Feature", "geometry": {"type": "Polygon", "coordinates": [[[113.95454545454545, -6.371428571428572], [114.22727272727272, -6.371428571428572], [114.22727272727272, -6.276190476190476], [113.95454545454545, -6.276190476190476], [113.95454545454545, -6.371428571428572]]]}, "properties": {"temp_air_c": 26.2, "temp_air_k": 299.35, "temp_surface_c": 26.1, "temp_surface_k": 299.25, "elevation_m": 120.0, "center_lat": -6.3238, "center_lon": 114.0909, "cycle_utc": "2026-09-17T00:00:00Z"}}, {"type": "Feature", "geometry": {"type": "Polygon", "coordinates": [[[114.22727272727272, -6.371428571428572], [114.5, -6.371428571428572], [114.5, -6.276190476190476], [114.22727272727272, -6.276190476190476], [114.22727272727272, -6.371428571428572]]]}, "properties": {"temp_air_c": 27.0, "temp_air_k": 300.15, "temp_surface_c": 25.9, "temp_surface_k": 299.05, "elevation_m": 120.0, "center_lat": -6.3238, "center_lon": 114.3636, "cycle_utc": "2026-09-17T00:00:00Z"}}, {"type": "Feature", "geometry": {"type": "Polygon", "coordinates": [[[105.5, -6.276190476190476], [105.77272727272727, -6.276190476190476], [105.77272727272727, -6.18095238095238], [105.5, -6.18095238095238], [105.5, -6.276190476190476]]]}, "properties": {"temp_air_c": 26.4, "temp_air_k": 299.55, "temp_surface_c": 26.0, "temp_surface_k": 299.15, "elevation_m": 120.0, "center_lat": -6.2286, "center_lon": 105.6364, "cycle_utc": "2026-09-17T00:00:00Z"}}, {"type": "Feature", "geometry": {"type": "Polygon", "coordinates": [[[105.77272727272727, -6.276190476190476], [106.04545454545455, -6.276190476190476], [106.04545454545455, -6.18095238095238], [105.77272727272727, -6.18095238095238], [105.77272727272727, -6.276190476190476]]]}, "properties": {"temp_air_c": 26.7, "temp_air_k": 299.85, "temp_surface_c": 25.7, "temp_surface_k": 298.85, "elevation_m": 120.0, "center_lat": -6.2286, "center_lon": 105.9091, "cycle_utc": "2026-09-17T00:00:00Z"}}, {"type": "Feature", "geometry": {"type": "Polygon", "coordinates": [[[106.04545454545455, -6.276190476190476], [106.31818181818181, -6.276190476190476], [106.31818181818181, -6.18095238095238], [106.04545454545455, -6.18095238095238], [106.04545454545455, -6.276190476190476]]]}, "properties": {"temp_air_c": 27.0, "temp_air_k": 300.15, "temp_surface_c": 26.5, "temp_surface_k": 299.65, "elevation_m": 120.0, "center_lat": -6.2286, "center_lon": 106.1818, "cycle_utc": "2026-09-17T00:00:00Z"}}, {"type": "Feature", "geometry": {"type": "Polygon", "coordinates": [[[106.31818181818181, -6.276190476190476], [106.5909090909091, -6.276190476190476], [106.5909090909091, -6.18095238095238], [106.31818181818181, -6.18095238095238], [106.31818181818181, -6.276190476190476]]]}, "properties": {"temp_air_c": 26.8, "temp_air_k": 299.95, "temp_surface_c": 25.6, "temp_surface_k": 298.75, "elevation_m": 120.0, "center_lat": -6.2286, "center_lon": 106.4545, "cycle_utc": "2026-09-17T00:00:00Z"}}, {"type": "Feature", "geometry": {"type": "Polygon", "coordinates": [[[106.5909090909091, -6.276190476190476], [106.86363636363636, -6.276190476190476], [106.86363636363636, -6.18095238095238], [106.5909090909091, -6.18095238095238], [106.5909090909091, -6.276190476190476]]]}, "properties": {"temp_air_c": 29.5, "temp_air_k": 302.65, "temp_surface_c": 29.8, "temp_surface_k": 302.95, "elevation_m": 15.0, "center_lat": -6.2286, "center_lon": 106.7273, "cycle_utc": "2026-09-17T00:00:00Z"}}, {"type": "Feature", "geometry": {"type": "Polygon", "coordinates": [[[106.86363636363636, -6.276190476190476], [107.13636363636364, -6.276190476190476], [107.13636363636364, -6.18095238095238], [106.86363636363636, -6.18095238095238], [106.86363636363636, -6.276190476190476]]]}, "properties": {"temp_air_c": 29.8, "temp_air_k": 302.95, "temp_surface_c": 29.8, "temp_surface_k": 302.95, "elevation_m": 15.0, "center_lat": -6.2286, "center_lon": 107.0, "cycle_utc": "2026-09-17T00:00:00Z"}}, {"type": "Feature", "geometry": {"type": "Polygon", "coordinates": [[[107.13636363636364, -6.276190476190476], [107.4090909090909, -6.276190476190476], [107.4090909090909, -6.18095238095238], [107.13636363636364, -6.18095238095238], [107.13636363636364, -6.276190476190476]]]}, "properties": {"temp_air_c": 26.4, "temp_air_k": 299.55, "temp_surface_c": 25.8, "temp_surface_k": 298.95, "elevation_m": 120.0, "center_lat": -6.2286, "center_lon": 107.2727, "cycle_utc": "2026-09-17T00:00:00Z"}}, {"type": "Feature", "geometry": {"type": "Polygon", "coordinates": [[[107.4090909090909, -6.276190476190476], [107.68181818181819, -6.276190476190476], [107.68181818181819, -6.18095238095238], [107.4090909090909, -6.18095238095238], [107.4090909090909, -6.276190476190476]]]}, "properties": {"temp_air_c": 27.0, "temp_air_k": 300.15, "temp_surface_c": 25.5, "temp_surface_k": 298.65, "elevation_m": 120.0, "center_lat": -6.2286, "center_lon": 107.5455, "cycle_utc": "2026-09-17T00:00:00Z"}}, {"type": "Feature", "geometry": {"type": "Polygon", "coordinates": [[[107.68181818181819, -6.276190476190476], [107.95454545454545, -6.276190476190476], [107.95454545454545, -6.18095238095238], [107.68181818181819, -6.18095238095238], [107.68181818181819, -6.276190476190476]]]}, "properties": {"temp_air_c": 26.5, "temp_air_k": 299.65, "temp_surface_c": 25.8, "temp_surface_k": 298.95, "elevation_m": 120.0, "center_lat": -6.2286, "center_lon": 107.8182, "cycle_utc": "2026-09-17T00:00:00Z"}}, {"type": "Feature", "geometry": {"type": "Polygon", "coordinates": [[[107.95454545454545, -6.276190476190476], [108.22727272727273, -6.276190476190476], [108.22727272727273, -6.18095238095238], [107.95454545454545, -6.18095238095238], [107.95454545454545, -6.276190476190476]]]}, "properties": {"temp_air_c": 26.8, "temp_air_k": 299.95, "temp_surface_c": 25.1, "temp_surface_k": 298.25, "elevation_m": 120.0, "center_lat": -6.2286, "center_lon": 108.0909, "cycle_utc": "2026-09-17T00:00:00Z"}}, {"type": "Feature", "geometry": {"type": "Polygon", "coordinates": [[[108.22727272727273, -6.276190476190476], [108.5, -6.276190476190476], [108.5, -6.18095238095238], [108.22727272727273, -6.18095238095238], [108.22727272727273, -6.276190476190476]]]}, "properties": {"temp_air_c": 26.0, "temp_air_k": 299.15, "temp_surface_c": 25.7, "temp_surface_k": 298.85, "elevation_m": 120.0, "center_lat": -6.2286, "center_lon": 108.3636, "cycle_utc": "2026-09-17T00:00:00Z"}}, {"type": "Feature", "geometry": {"type": "Polygon", "coordinates": [[[108.5, -6.276190476190476], [108.77272727272727, -6.276190476190476], [108.77272727272727, -6.18095238095238], [108.5, -6.18095238095238], [108.5, -6.276190476190476]]]}, "properties": {"temp_air_c": 26.7, "temp_air_k": 299.85, "temp_surface_c": 25.7, "temp_surface_k": 298.85, "elevation_m": 120.0, "center_lat": -6.2286, "center_lon": 108.6364, "cycle_utc": "2026-09-17T00:00:00Z"}}, {"type": "Feature", "geometry": {"type": "Polygon", "coordinates": [[[108.77272727272727, -6.276190476190476], [109.04545454545455, -6.276190476190476], [109.04545454545455, -6.18095238095238], [108.77272727272727, -6.18095238095238], [108.77272727272727, -6.276190476190476]]]}, "properties": {"temp_air_c": 26.6, "temp_air_k": 299.75, "temp_surface_c": 25.4, "temp_surface_k": 298.55, "elevation_m": 120.0, "center_lat": -6.2286, "center_lon": 108.9091, "cycle_utc": "2026-09-17T00:00:00Z"}}, {"type": "Feature", "geometry": {"type": "Polygon", "coordinates": [[[109.04545454545455, -6.276190476190476], [109.31818181818181, -6.276190476190476], [109.31818181818181, -6.18095238095238], [109.04545454545455, -6.18095238095238], [109.04545454545455, -6.276190476190476]]]}, "properties": {"temp_air_c": 26.8, "temp_air_k": 299.95, "temp_surface_c": 25.7, "temp_surface_k": 298.85, "elevation_m": 120.0, "center_lat": -6.2286, "center_lon": 109.1818, "cycle_utc": "2026-09-17T00:00:00Z"}}, {"type": "Feature", "geometry": {"type": "Polygon", "coordinates": [[[109.31818181818181, -6.276190476190476], [109.5909090909091, -6.276190476190476], [109.5909090909091, -6.18095238095238], [109.31818181818181, -6.18095238095238], [109.31818181818181, -6.276190476190476]]]}, "properties": {"temp_air_c": 26.5, "temp_air_k": 299.65, "temp_surface_c": 25.7, "temp_surface_k": 298.85, "elevation_m": 120.0, "center_lat": -6.2286, "center_lon": 109.4545, "cycle_utc": "2026-09-17T00:00:00Z"}}, {"type": "Feature", "geometry": {"type": "Polygon", "coordinates": [[[109.5909090909091, -6.276190476190476], [109.86363636363636, -6.276190476190476], [109.86363636363636, -6.18095238095238], [109.5909090909091, -6.18095238095238], [109.5909090909091, -6.276190476190476]]]}, "properties": {"temp_air_c": 26.6, "temp_air_k": 299.75, "temp_surface_c": 25.9, "temp_surface_k": 299.05, "elevation_m": 120.0, "center_lat": -6.2286, "center_lon": 109.7273, "cycle_utc": "2026-09-17T00:00:00Z"}}, {"type": "Feature", "geometry": {"type": "Polygon", "coordinates": [[[109.86363636363636, -6.276190476190476], [110.13636363636364, -6.276190476190476], [110.13636363636364, -6.18095238095238], [109.86363636363636, -6.18095238095238], [109.86363636363636, -6.276190476190476]]]}, "properties": {"temp_air_c": 26.7, "temp_air_k": 299.85, "temp_surface_c": 25.7, "temp_surface_k": 298.85, "elevation_m": 120.0, "center_lat": -6.2286, "center_lon": 110.0, "cycle_utc": "2026-09-17T00:00:00Z"}}, {"type": "Feature", "geometry": {"type": "Polygon", "coordinates": [[[110.13636363636364, -6.276190476190476], [110.4090909090909, -6.276190476190476], [110.4090909090909, -6.18095238095238], [110.13636363636364, -6.18095238095238], [110.13636363636364, -6.276190476190476]]]}, "properties": {"temp_air_c": 26.5, "temp_air_k": 299.65, "temp_surface_c": 26.0, "temp_surface_k": 299.15, "elevation_m": 120.0, "center_lat": -6.2286, "center_lon": 110.2727, "cycle_utc": "2026-09-17T00:00:00Z"}}, {"type": "Feature", "geometry": {"type": "Polygon", "coordinates": [[[110.4090909090909, -6.276190476190476], [110.68181818181819, -6.276190476190476], [110.68181818181819, -6.18095238095238], [110.4090909090909, -6.18095238095238], [110.4090909090909, -6.276190476190476]]]}, "properties": {"temp_air_c": 26.4, "temp_air_k": 299.55, "temp_surface_c": 25.2, "temp_surface_k": 298.35, "elevation_m": 120.0, "center_lat": -6.2286, "center_lon": 110.5455, "cycle_utc": "2026-09-17T00:00:00Z"}}, {"type": "Feature", "geometry": {"type": "Polygon", "coordinates": [[[110.68181818181819, -6.276190476190476], [110.95454545454545, -6.276190476190476], [110.95454545454545, -6.18095238095238], [110.68181818181819, -6.18095238095238], [110.68181818181819, -6.276190476190476]]]}, "properties": {"temp_air_c": 26.9, "temp_air_k": 300.05, "temp_surface_c": 25.8, "temp_surface_k": 298.95, "elevation_m": 120.0, "center_lat": -6.2286, "center_lon": 110.8182, "cycle_utc": "2026-09-17T00:00:00Z"}}, {"type": "Feature", "geometry": {"type": "Polygon", "coordinates": [[[110.95454545454545, -6.276190476190476], [111.22727272727272, -6.276190476190476], [111.22727272727272, -6.18095238095238], [110.95454545454545, -6.18095238095238], [110.95454545454545, -6.276190476190476]]]}, "properties": {"temp_air_c": 26.5, "temp_air_k": 299.65, "temp_surface_c": 25.8, "temp_surface_k": 298.95, "elevation_m": 120.0, "center_lat": -6.2286, "center_lon": 111.0909, "cycle_utc": "2026-09-17T00:00:00Z"}}, {"type": "Feature", "geometry": {"type": "Polygon", "coordinates": [[[111.22727272727272, -6.276190476190476], [111.5, -6.276190476190476], [111.5, -6.18095238095238], [111.22727272727272, -6.18095238095238], [111.22727272727272, -6.276190476190476]]]}, "properties": {"temp_air_c": 26.6, "temp_air_k": 299.75, "temp_surface_c": 25.6, "temp_surface_k": 298.75, "elevation_m": 120.0, "center_lat": -6.2286, "center_lon": 111.3636, "cycle_utc": "2026-09-17T00:00:00Z"}}, {"type": "Feature", "geometry": {"type": "Polygon", "coordinates": [[[111.5, -6.276190476190476], [111.77272727272727, -6.276190476190476], [111.77272727272727, -6.18095238095238], [111.5, -6.18095238095238], [111.5, -6.276190476190476]]]}, "properties": {"temp_air_c": 26.1, "temp_air_k": 299.25, "temp_surface_c": 26.0, "temp_surface_k": 299.15, "elevation_m": 120.0, "center_lat": -6.2286, "center_lon": 111.6364, "cycle_utc": "2026-09-17T00:00:00Z"}}, {"type": "Feature", "geometry": {"type": "Polygon", "coordinates": [[[111.77272727272727, -6.276190476190476], [112.04545454545455, -6.276190476190476], [112.04545454545455, -6.18095238095238], [111.77272727272727, -6.18095238095238], [111.77272727272727, -6.276190476190476]]]}, "properties": {"temp_air_c": 26.5, "temp_air_k": 299.65, "temp_surface_c": 25.8, "temp_surface_k": 298.95, "elevation_m": 120.0, "center_lat": -6.2286, "center_lon": 111.9091, "cycle_utc": "2026-09-17T00:00:00Z"}}, {"type": "Feature", "geometry": {"type": "Polygon", "coordinates": [[[112.04545454545455, -6.276190476190476], [112.31818181818181, -6.276190476190476], [112.31818181818181, -6.18095238095238], [112.04545454545455, -6.18095238095238], [112.04545454545455, -6.276190476190476]]]}, "properties": {"temp_air_c": 25.8, "temp_air_k": 298.95, "temp_surface_c": 25.5, "temp_surface_k": 298.65, "elevation_m": 120.0, "center_lat": -6.2286, "center_lon": 112.1818, "cycle_utc": "2026-09-17T00:00:00Z"}}, {"type": "Feature", "geometry": {"type": "Polygon", "coordinates": [[[112.31818181818181, -6.276190476190476], [112.5909090909091, -6.276190476190476], [112.5909090909091, -6.18095238095238], [112.31818181818181, -6.18095238095238], [112.31818181818181, -6.276190476190476]]]}, "properties": {"temp_air_c": 26.7, "temp_air_k": 299.85, "temp_surface_c": 25.5, "temp_surface_k": 298.65, "elevation_m": 120.0, "center_lat": -6.2286, "center_lon": 112.4545, "cycle_utc": "2026-09-17T00:00:00Z"}}, {"type": "Feature", "geometry": {"type": "Polygon", "coordinates": [[[112.5909090909091, -6.276190476190476], [112.86363636363636, -6.276190476190476], [112.86363636363636, -6.18095238095238], [112.5909090909091, -6.18095238095238], [112.5909090909091, -6.276190476190476]]]}, "properties": {"temp_air_c": 26.6, "temp_air_k": 299.75, "temp_surface_c": 25.3, "temp_surface_k": 298.45, "elevation_m": 120.0, "center_lat": -6.2286, "center_lon": 112.7273, "cycle_utc": "2026-09-17T00:00:00Z"}}, {"type": "Feature", "geometry": {"type": "Polygon", "coordinates": [[[112.86363636363636, -6.276190476190476], [113.13636363636364, -6.276190476190476], [113.13636363636364, -6.18095238095238], [112.86363636363636, -6.18095238095238], [112.86363636363636, -6.276190476190476]]]}, "properties": {"temp_air_c": 26.7, "temp_air_k": 299.85, "temp_surface_c": 25.2, "temp_surface_k": 298.35, "elevation_m": 120.0, "center_lat": -6.2286, "center_lon": 113.0, "cycle_utc": "2026-09-17T00:00:00Z"}}, {"type": "Feature", "geometry": {"type": "Polygon", "coordinates": [[[113.13636363636364, -6.276190476190476], [113.4090909090909, -6.276190476190476], [113.4090909090909, -6.18095238095238], [113.13636363636364, -6.18095238095238], [113.13636363636364, -6.276190476190476]]]}, "properties": {"temp_air_c": 26.7, "temp_air_k": 299.85, "temp_surface_c": 25.8, "temp_surface_k": 298.95, "elevation_m": 120.0, "center_lat": -6.2286, "center_lon": 113.2727, "cycle_utc": "2026-09-17T00:00:00Z"}}, {"type": "Feature", "geometry": {"type": "Polygon", "coordinates": [[[113.4090909090909, -6.276190476190476], [113.68181818181819, -6.276190476190476], [113.68181818181819, -6.18095238095238], [113.4090909090909, -6.18095238095238], [113.4090909090909, -6.276190476190476]]]}, "properties": {"temp_air_c": 26.5, "temp_air_k": 299.65, "temp_surface_c": 26.1, "temp_surface_k": 299.25, "elevation_m": 120.0, "center_lat": -6.2286, "center_lon": 113.5455, "cycle_utc": "2026-09-17T00:00:00Z"}}, {"type": "Feature", "geometry": {"type": "Polygon", "coordinates": [[[113.68181818181819, -6.276190476190476], [113.95454545454545, -6.276190476190476], [113.95454545454545, -6.18095238095238], [113.68181818181819, -6.18095238095238], [113.68181818181819, -6.276190476190476]]]}, "properties": {"temp_air_c": 26.5, "temp_air_k": 299.65, "temp_surface_c": 25.9, "temp_surface_k": 299.05, "elevation_m": 120.0, "center_lat": -6.2286, "center_lon": 113.8182, "cycle_utc": "2026-09-17T00:00:00Z"}}, {"type": "Feature", "geometry": {"type": "Polygon", "coordinates": [[[113.95454545454545, -6.276190476190476], [114.22727272727272, -6.276190476190476], [114.22727272727272, -6.18095238095238], [113.95454545454545, -6.18095238095238], [113.95454545454545, -6.276190476190476]]]}, "properties": {"temp_air_c": 26.5, "temp_air_k": 299.65, "temp_surface_c": 25.8, "temp_surface_k": 298.95, "elevation_m": 120.0, "center_lat": -6.2286, "center_lon": 114.0909, "cycle_utc": "2026-09-17T00:00:00Z"}}, {"type": "Feature", "geometry": {"type": "Polygon", "coordinates": [[[114.22727272727272, -6.276190476190476], [114.5, -6.276190476190476], [114.5, -6.18095238095238], [114.22727272727272, -6.18095238095238], [114.22727272727272, -6.276190476190476]]]}, "properties": {"temp_air_c": 26.7, "temp_air_k": 299.85, "temp_surface_c": 26.0, "temp_surface_k": 299.15, "elevation_m": 120.0, "center_lat": -6.2286, "center_lon": 114.3636, "cycle_utc": "2026-09-17T00:00:00Z"}}, {"type": "Feature", "geometry": {"type": "Polygon", "coordinates": [[[105.5, -6.18095238095238], [105.77272727272727, -6.18095238095238], [105.77272727272727, -6.085714285714285], [105.5, -6.085714285714285], [105.5, -6.18095238095238]]]}, "properties": {"temp_air_c": 25.5, "temp_air_k": 298.65, "temp_surface_c": 25.1, "temp_surface_k": 298.25, "elevation_m": 120.0, "center_lat": -6.1333, "center_lon": 105.6364, "cycle_utc": "2026-09-17T00:00:00Z"}}, {"type": "Feature", "geometry": {"type": "Polygon", "coordinates": [[[105.77272727272727, -6.18095238095238], [106.04545454545455, -6.18095238095238], [106.04545454545455, -6.085714285714285], [105.77272727272727, -6.085714285714285], [105.77272727272727, -6.18095238095238]]]}, "properties": {"temp_air_c": 26.3, "temp_air_k": 299.45, "temp_surface_c": 25.9, "temp_surface_k": 299.05, "elevation_m": 120.0, "center_lat": -6.1333, "center_lon": 105.9091, "cycle_utc": "2026-09-17T00:00:00Z"}}, {"type": "Feature", "geometry": {"type": "Polygon", "coordinates": [[[106.04545454545455, -6.18095238095238], [106.31818181818181, -6.18095238095238], [106.31818181818181, -6.085714285714285], [106.04545454545455, -6.085714285714285], [106.04545454545455, -6.18095238095238]]]}, "properties": {"temp_air_c": 26.5, "temp_air_k": 299.65, "temp_surface_c": 25.4, "temp_surface_k": 298.55, "elevation_m": 120.0, "center_lat": -6.1333, "center_lon": 106.1818, "cycle_utc": "2026-09-17T00:00:00Z"}}, {"type": "Feature", "geometry": {"type": "Polygon", "coordinates": [[[106.31818181818181, -6.18095238095238], [106.5909090909091, -6.18095238095238], [106.5909090909091, -6.085714285714285], [106.31818181818181, -6.085714285714285], [106.31818181818181, -6.18095238095238]]]}, "properties": {"temp_air_c": 26.3, "temp_air_k": 299.45, "temp_surface_c": 25.4, "temp_surface_k": 298.55, "elevation_m": 120.0, "center_lat": -6.1333, "center_lon": 106.4545, "cycle_utc": "2026-09-17T00:00:00Z"}}, {"type": "Feature", "geometry": {"type": "Polygon", "coordinates": [[[106.5909090909091, -6.18095238095238], [106.86363636363636, -6.18095238095238], [106.86363636363636, -6.085714285714285], [106.5909090909091, -6.085714285714285], [106.5909090909091, -6.18095238095238]]]}, "properties": {"temp_air_c": 29.1, "temp_air_k": 302.25, "temp_surface_c": 30.5, "temp_surface_k": 303.65, "elevation_m": 15.0, "center_lat": -6.1333, "center_lon": 106.7273, "cycle_utc": "2026-09-17T00:00:00Z"}}, {"type": "Feature", "geometry": {"type": "Polygon", "coordinates": [[[106.86363636363636, -6.18095238095238], [107.13636363636364, -6.18095238095238], [107.13636363636364, -6.085714285714285], [106.86363636363636, -6.085714285714285], [106.86363636363636, -6.18095238095238]]]}, "properties": {"temp_air_c": 30.0, "temp_air_k": 303.15, "temp_surface_c": 30.0, "temp_surface_k": 303.15, "elevation_m": 15.0, "center_lat": -6.1333, "center_lon": 107.0, "cycle_utc": "2026-09-17T00:00:00Z"}}, {"type": "Feature", "geometry": {"type": "Polygon", "coordinates": [[[107.13636363636364, -6.18095238095238], [107.4090909090909, -6.18095238095238], [107.4090909090909, -6.085714285714285], [107.13636363636364, -6.085714285714285], [107.13636363636364, -6.18095238095238]]]}, "properties": {"temp_air_c": 26.3, "temp_air_k": 299.45, "temp_surface_c": 25.3, "temp_surface_k": 298.45, "elevation_m": 120.0, "center_lat": -6.1333, "center_lon": 107.2727, "cycle_utc": "2026-09-17T00:00:00Z"}}, {"type": "Feature", "geometry": {"type": "Polygon", "coordinates": [[[107.4090909090909, -6.18095238095238], [107.68181818181819, -6.18095238095238], [107.68181818181819, -6.085714285714285], [107.4090909090909, -6.085714285714285], [107.4090909090909, -6.18095238095238]]]}, "properties": {"temp_air_c": 26.6, "temp_air_k": 299.75, "temp_surface_c": 26.1, "temp_surface_k": 299.25, "elevation_m": 120.0, "center_lat": -6.1333, "center_lon": 107.5455, "cycle_utc": "2026-09-17T00:00:00Z"}}, {"type": "Feature", "geometry": {"type": "Polygon", "coordinates": [[[107.68181818181819, -6.18095238095238], [107.95454545454545, -6.18095238095238], [107.95454545454545, -6.085714285714285], [107.68181818181819, -6.085714285714285], [107.68181818181819, -6.18095238095238]]]}, "properties": {"temp_air_c": 26.4, "temp_air_k": 299.55, "temp_surface_c": 25.8, "temp_surface_k": 298.95, "elevation_m": 120.0, "center_lat": -6.1333, "center_lon": 107.8182, "cycle_utc": "2026-09-17T00:00:00Z"}}, {"type": "Feature", "geometry": {"type": "Polygon", "coordinates": [[[107.95454545454545, -6.18095238095238], [108.22727272727273, -6.18095238095238], [108.22727272727273, -6.085714285714285], [107.95454545454545, -6.085714285714285], [107.95454545454545, -6.18095238095238]]]}, "properties": {"temp_air_c": 26.5, "temp_air_k": 299.65, "temp_surface_c": 25.6, "temp_surface_k": 298.75, "elevation_m": 120.0, "center_lat": -6.1333, "center_lon": 108.0909, "cycle_utc": "2026-09-17T00:00:00Z"}}, {"type": "Feature", "geometry": {"type": "Polygon", "coordinates": [[[108.22727272727273, -6.18095238095238], [108.5, -6.18095238095238], [108.5, -6.085714285714285], [108.22727272727273, -6.085714285714285], [108.22727272727273, -6.18095238095238]]]}, "properties": {"temp_air_c": 26.8, "temp_air_k": 299.95, "temp_surface_c": 25.7, "temp_surface_k": 298.85, "elevation_m": 120.0, "center_lat": -6.1333, "center_lon": 108.3636, "cycle_utc": "2026-09-17T00:00:00Z"}}, {"type": "Feature", "geometry": {"type": "Polygon", "coordinates": [[[108.5, -6.18095238095238], [108.77272727272727, -6.18095238095238], [108.77272727272727, -6.085714285714285], [108.5, -6.085714285714285], [108.5, -6.18095238095238]]]}, "properties": {"temp_air_c": 26.4, "temp_air_k": 299.55, "temp_surface_c": 25.1, "temp_surface_k": 298.25, "elevation_m": 120.0, "center_lat": -6.1333, "center_lon": 108.6364, "cycle_utc": "2026-09-17T00:00:00Z"}}, {"type": "Feature", "geometry": {"type": "Polygon", "coordinates": [[[108.77272727272727, -6.18095238095238], [109.04545454545455, -6.18095238095238], [109.04545454545455, -6.085714285714285], [108.77272727272727, -6.085714285714285], [108.77272727272727, -6.18095238095238]]]}, "properties": {"temp_air_c": 26.8, "temp_air_k": 299.95, "temp_surface_c": 25.9, "temp_surface_k": 299.05, "elevation_m": 120.0, "center_lat": -6.1333, "center_lon": 108.9091, "cycle_utc": "2026-09-17T00:00:00Z"}}, {"type": "Feature", "geometry": {"type": "Polygon", "coordinates": [[[109.04545454545455, -6.18095238095238], [109.31818181818181, -6.18095238095238], [109.31818181818181, -6.085714285714285], [109.04545454545455, -6.085714285714285], [109.04545454545455, -6.18095238095238]]]}, "properties": {"temp_air_c": 26.5, "temp_air_k": 299.65, "temp_surface_c": 25.9, "temp_surface_k": 299.05, "elevation_m": 120.0, "center_lat": -6.1333, "center_lon": 109.1818, "cycle_utc": "2026-09-17T00:00:00Z"}}, {"type": "Feature", "geometry": {"type": "Polygon", "coordinates": [[[109.31818181818181, -6.18095238095238], [109.5909090909091, -6.18095238095238], [109.5909090909091, -6.085714285714285], [109.31818181818181, -6.085714285714285], [109.31818181818181, -6.18095238095238]]]}, "properties": {"temp_air_c": 26.5, "temp_air_k": 299.65, "temp_surface_c": 25.9, "temp_surface_k": 299.05, "elevation_m": 120.0, "center_lat": -6.1333, "center_lon": 109.4545, "cycle_utc": "2026-09-17T00:00:00Z"}}, {"type": "Feature", "geometry": {"type": "Polygon", "coordinates": [[[109.5909090909091, -6.18095238095238], [109.86363636363636, -6.18095238095238], [109.86363636363636, -6.085714285714285], [109.5909090909091, -6.085714285714285], [109.5909090909091, -6.18095238095238]]]}, "properties": {"temp_air_c": 26.1, "temp_air_k": 299.25, "temp_surface_c": 25.6, "temp_surface_k": 298.75, "elevation_m": 120.0, "center_lat": -6.1333, "center_lon": 109.7273, "cycle_utc": "2026-09-17T00:00:00Z"}}, {"type": "Feature", "geometry": {"type": "Polygon", "coordinates": [[[109.86363636363636, -6.18095238095238], [110.13636363636364, -6.18095238095238], [110.13636363636364, -6.085714285714285], [109.86363636363636, -6.085714285714285], [109.86363636363636, -6.18095238095238]]]}, "properties": {"temp_air_c": 26.6, "temp_air_k": 299.75, "temp_surface_c": 25.6, "temp_surface_k": 298.75, "elevation_m": 120.0, "center_lat": -6.1333, "center_lon": 110.0, "cycle_utc": "2026-09-17T00:00:00Z"}}, {"type": "Feature", "geometry": {"type": "Polygon", "coordinates": [[[110.13636363636364, -6.18095238095238], [110.4090909090909, -6.18095238095238], [110.4090909090909, -6.085714285714285], [110.13636363636364, -6.085714285714285], [110.13636363636364, -6.18095238095238]]]}, "properties": {"temp_air_c": 26.2, "temp_air_k": 299.35, "temp_surface_c": 24.9, "temp_surface_k": 298.05, "elevation_m": 120.0, "center_lat": -6.1333, "center_lon": 110.2727, "cycle_utc": "2026-09-17T00:00:00Z"}}, {"type": "Feature", "geometry": {"type": "Polygon", "coordinates": [[[110.4090909090909, -6.18095238095238], [110.68181818181819, -6.18095238095238], [110.68181818181819, -6.085714285714285], [110.4090909090909, -6.085714285714285], [110.4090909090909, -6.18095238095238]]]}, "properties": {"temp_air_c": 26.0, "temp_air_k": 299.15, "temp_surface_c": 25.9, "temp_surface_k": 299.05, "elevation_m": 120.0, "center_lat": -6.1333, "center_lon": 110.5455, "cycle_utc": "2026-09-17T00:00:00Z"}}, {"type": "Feature", "geometry": {"type": "Polygon", "coordinates": [[[110.68181818181819, -6.18095238095238], [110.95454545454545, -6.18095238095238], [110.95454545454545, -6.085714285714285], [110.68181818181819, -6.085714285714285], [110.68181818181819, -6.18095238095238]]]}, "properties": {"temp_air_c": 26.4, "temp_air_k": 299.55, "temp_surface_c": 25.6, "temp_surface_k": 298.75, "elevation_m": 120.0, "center_lat": -6.1333, "center_lon": 110.8182, "cycle_utc": "2026-09-17T00:00:00Z"}}, {"type": "Feature", "geometry": {"type": "Polygon", "coordinates": [[[110.95454545454545, -6.18095238095238], [111.22727272727272, -6.18095238095238], [111.22727272727272, -6.085714285714285], [110.95454545454545, -6.085714285714285], [110.95454545454545, -6.18095238095238]]]}, "properties": {"temp_air_c": 26.5, "temp_air_k": 299.65, "temp_surface_c": 24.9, "temp_surface_k": 298.05, "elevation_m": 120.0, "center_lat": -6.1333, "center_lon": 111.0909, "cycle_utc": "2026-09-17T00:00:00Z"}}, {"type": "Feature", "geometry": {"type": "Polygon", "coordinates": [[[111.22727272727272, -6.18095238095238], [111.5, -6.18095238095238], [111.5, -6.085714285714285], [111.22727272727272, -6.085714285714285], [111.22727272727272, -6.18095238095238]]]}, "properties": {"temp_air_c": 26.2, "temp_air_k": 299.35, "temp_surface_c": 26.4, "temp_surface_k": 299.55, "elevation_m": 120.0, "center_lat": -6.1333, "center_lon": 111.3636, "cycle_utc": "2026-09-17T00:00:00Z"}}, {"type": "Feature", "geometry": {"type": "Polygon", "coordinates": [[[111.5, -6.18095238095238], [111.77272727272727, -6.18095238095238], [111.77272727272727, -6.085714285714285], [111.5, -6.085714285714285], [111.5, -6.18095238095238]]]}, "properties": {"temp_air_c": 26.7, "temp_air_k": 299.85, "temp_surface_c": 25.8, "temp_surface_k": 298.95, "elevation_m": 120.0, "center_lat": -6.1333, "center_lon": 111.6364, "cycle_utc": "2026-09-17T00:00:00Z"}}, {"type": "Feature", "geometry": {"type": "Polygon", "coordinates": [[[111.77272727272727, -6.18095238095238], [112.04545454545455, -6.18095238095238], [112.04545454545455, -6.085714285714285], [111.77272727272727, -6.085714285714285], [111.77272727272727, -6.18095238095238]]]}, "properties": {"temp_air_c": 26.4, "temp_air_k": 299.55, "temp_surface_c": 25.6, "temp_surface_k": 298.75, "elevation_m": 120.0, "center_lat": -6.1333, "center_lon": 111.9091, "cycle_utc": "2026-09-17T00:00:00Z"}}, {"type": "Feature", "geometry": {"type": "Polygon", "coordinates": [[[112.04545454545455, -6.18095238095238], [112.31818181818181, -6.18095238095238], [112.31818181818181, -6.085714285714285], [112.04545454545455, -6.085714285714285], [112.04545454545455, -6.18095238095238]]]}, "properties": {"temp_air_c": 26.5, "temp_air_k": 299.65, "temp_surface_c": 25.7, "temp_surface_k": 298.85, "elevation_m": 120.0, "center_lat": -6.1333, "center_lon": 112.1818, "cycle_utc": "2026-09-17T00:00:00Z"}}, {"type": "Feature", "geometry": {"type": "Polygon", "coordinates": [[[112.31818181818181, -6.18095238095238], [112.5909090909091, -6.18095238095238], [112.5909090909091, -6.085714285714285], [112.31818181818181, -6.085714285714285], [112.31818181818181, -6.18095238095238]]]}, "properties": {"temp_air_c": 26.6, "temp_air_k": 299.75, "temp_surface_c": 25.9, "temp_surface_k": 299.05, "elevation_m": 120.0, "center_lat": -6.1333, "center_lon": 112.4545, "cycle_utc": "2026-09-17T00:00:00Z"}}, {"type": "Feature", "geometry": {"type": "Polygon", "coordinates": [[[112.5909090909091, -6.18095238095238], [112.86363636363636, -6.18095238095238], [112.86363636363636, -6.085714285714285], [112.5909090909091, -6.085714285714285], [112.5909090909091, -6.18095238095238]]]}, "properties": {"temp_air_c": 26.8, "temp_air_k": 299.95, "temp_surface_c": 25.8, "temp_surface_k": 298.95, "elevation_m": 120.0, "center_lat": -6.1333, "center_lon": 112.7273, "cycle_utc": "2026-09-17T00:00:00Z"}}, {"type": "Feature", "geometry": {"type": "Polygon", "coordinates": [[[112.86363636363636, -6.18095238095238], [113.13636363636364, -6.18095238095238], [113.13636363636364, -6.085714285714285], [112.86363636363636, -6.085714285714285], [112.86363636363636, -6.18095238095238]]]}, "properties": {"temp_air_c": 26.5, "temp_air_k": 299.65, "temp_surface_c": 25.8, "temp_surface_k": 298.95, "elevation_m": 120.0, "center_lat": -6.1333, "center_lon": 113.0, "cycle_utc": "2026-09-17T00:00:00Z"}}, {"type": "Feature", "geometry": {"type": "Polygon", "coordinates": [[[113.13636363636364, -6.18095238095238], [113.4090909090909, -6.18095238095238], [113.4090909090909, -6.085714285714285], [113.13636363636364, -6.085714285714285], [113.13636363636364, -6.18095238095238]]]}, "properties": {"temp_air_c": 26.6, "temp_air_k": 299.75, "temp_surface_c": 25.4, "temp_surface_k": 298.55, "elevation_m": 120.0, "center_lat": -6.1333, "center_lon": 113.2727, "cycle_utc": "2026-09-17T00:00:00Z"}}, {"type": "Feature", "geometry": {"type": "Polygon", "coordinates": [[[113.4090909090909, -6.18095238095238], [113.68181818181819, -6.18095238095238], [113.68181818181819, -6.085714285714285], [113.4090909090909, -6.085714285714285], [113.4090909090909, -6.18095238095238]]]}, "properties": {"temp_air_c": 26.4, "temp_air_k": 299.55, "temp_surface_c": 25.4, "temp_surface_k": 298.55, "elevation_m": 120.0, "center_lat": -6.1333, "center_lon": 113.5455, "cycle_utc": "2026-09-17T00:00:00Z"}}, {"type": "Feature", "geometry": {"type": "Polygon", "coordinates": [[[113.68181818181819, -6.18095238095238], [113.95454545454545, -6.18095238095238], [113.95454545454545, -6.085714285714285], [113.68181818181819, -6.085714285714285], [113.68181818181819, -6.18095238095238]]]}, "properties": {"temp_air_c": 26.7, "temp_air_k": 299.85, "temp_surface_c": 26.4, "temp_surface_k": 299.55, "elevation_m": 120.0, "center_lat": -6.1333, "center_lon": 113.8182, "cycle_utc": "2026-09-17T00:00:00Z"}}, {"type": "Feature", "geometry": {"type": "Polygon", "coordinates": [[[113.95454545454545, -6.18095238095238], [114.22727272727272, -6.18095238095238], [114.22727272727272, -6.085714285714285], [113.95454545454545, -6.085714285714285], [113.95454545454545, -6.18095238095238]]]}, "properties": {"temp_air_c": 26.4, "temp_air_k": 299.55, "temp_surface_c": 25.9, "temp_surface_k": 299.05, "elevation_m": 120.0, "center_lat": -6.1333, "center_lon": 114.0909, "cycle_utc": "2026-09-17T00:00:00Z"}}, {"type": "Feature", "geometry": {"type": "Polygon", "coordinates": [[[114.22727272727272, -6.18095238095238], [114.5, -6.18095238095238], [114.5, -6.085714285714285], [114.22727272727272, -6.085714285714285], [114.22727272727272, -6.18095238095238]]]}, "properties": {"temp_air_c": 26.3, "temp_air_k": 299.45, "temp_surface_c": 25.2, "temp_surface_k": 298.35, "elevation_m": 120.0, "center_lat": -6.1333, "center_lon": 114.3636, "cycle_utc": "2026-09-17T00:00:00Z"}}, {"type": "Feature", "geometry": {"type": "Polygon", "coordinates": [[[105.5, -6.085714285714285], [105.77272727272727, -6.085714285714285], [105.77272727272727, -5.9904761904761905], [105.5, -5.9904761904761905], [105.5, -6.085714285714285]]]}, "properties": {"temp_air_c": 26.0, "temp_air_k": 299.15, "temp_surface_c": 25.5, "temp_surface_k": 298.65, "elevation_m": 120.0, "center_lat": -6.0381, "center_lon": 105.6364, "cycle_utc": "2026-09-17T00:00:00Z"}}, {"type": "Feature", "geometry": {"type": "Polygon", "coordinates": [[[105.77272727272727, -6.085714285714285], [106.04545454545455, -6.085714285714285], [106.04545454545455, -5.9904761904761905], [105.77272727272727, -5.9904761904761905], [105.77272727272727, -6.085714285714285]]]}, "properties": {"temp_air_c": 26.6, "temp_air_k": 299.75, "temp_surface_c": 25.2, "temp_surface_k": 298.35, "elevation_m": 120.0, "center_lat": -6.0381, "center_lon": 105.9091, "cycle_utc": "2026-09-17T00:00:00Z"}}, {"type": "Feature", "geometry": {"type": "Polygon", "coordinates": [[[106.04545454545455, -6.085714285714285], [106.31818181818181, -6.085714285714285], [106.31818181818181, -5.9904761904761905], [106.04545454545455, -5.9904761904761905], [106.04545454545455, -6.085714285714285]]]}, "properties": {"temp_air_c": 26.9, "temp_air_k": 300.05, "temp_surface_c": 25.4, "temp_surface_k": 298.55, "elevation_m": 120.0, "center_lat": -6.0381, "center_lon": 106.1818, "cycle_utc": "2026-09-17T00:00:00Z"}}, {"type": "Feature", "geometry": {"type": "Polygon", "coordinates": [[[106.31818181818181, -6.085714285714285], [106.5909090909091, -6.085714285714285], [106.5909090909091, -5.9904761904761905], [106.31818181818181, -5.9904761904761905], [106.31818181818181, -6.085714285714285]]]}, "properties": {"temp_air_c": 26.5, "temp_air_k": 299.65, "temp_surface_c": 25.3, "temp_surface_k": 298.45, "elevation_m": 120.0, "center_lat": -6.0381, "center_lon": 106.4545, "cycle_utc": "2026-09-17T00:00:00Z"}}, {"type": "Feature", "geometry": {"type": "Polygon", "coordinates": [[[106.5909090909091, -6.085714285714285], [106.86363636363636, -6.085714285714285], [106.86363636363636, -5.9904761904761905], [106.5909090909091, -5.9904761904761905], [106.5909090909091, -6.085714285714285]]]}, "properties": {"temp_air_c": 28.8, "temp_air_k": 301.95, "temp_surface_c": 29.5, "temp_surface_k": 302.65, "elevation_m": 15.0, "center_lat": -6.0381, "center_lon": 106.7273, "cycle_utc": "2026-09-17T00:00:00Z"}}, {"type": "Feature", "geometry": {"type": "Polygon", "coordinates": [[[106.86363636363636, -6.085714285714285], [107.13636363636364, -6.085714285714285], [107.13636363636364, -5.9904761904761905], [106.86363636363636, -5.9904761904761905], [106.86363636363636, -6.085714285714285]]]}, "properties": {"temp_air_c": 29.5, "temp_air_k": 302.65, "temp_surface_c": 30.5, "temp_surface_k": 303.65, "elevation_m": 15.0, "center_lat": -6.0381, "center_lon": 107.0, "cycle_utc": "2026-09-17T00:00:00Z"}}, {"type": "Feature", "geometry": {"type": "Polygon", "coordinates": [[[107.13636363636364, -6.085714285714285], [107.4090909090909, -6.085714285714285], [107.4090909090909, -5.9904761904761905], [107.13636363636364, -5.9904761904761905], [107.13636363636364, -6.085714285714285]]]}, "properties": {"temp_air_c": 26.0, "temp_air_k": 299.15, "temp_surface_c": 25.6, "temp_surface_k": 298.75, "elevation_m": 120.0, "center_lat": -6.0381, "center_lon": 107.2727, "cycle_utc": "2026-09-17T00:00:00Z"}}, {"type": "Feature", "geometry": {"type": "Polygon", "coordinates": [[[107.4090909090909, -6.085714285714285], [107.68181818181819, -6.085714285714285], [107.68181818181819, -5.9904761904761905], [107.4090909090909, -5.9904761904761905], [107.4090909090909, -6.085714285714285]]]}, "properties": {"temp_air_c": 25.9, "temp_air_k": 299.05, "temp_surface_c": 26.5, "temp_surface_k": 299.65, "elevation_m": 120.0, "center_lat": -6.0381, "center_lon": 107.5455, "cycle_utc": "2026-09-17T00:00:00Z"}}, {"type": "Feature", "geometry": {"type": "Polygon", "coordinates": [[[107.68181818181819, -6.085714285714285], [107.95454545454545, -6.085714285714285], [107.95454545454545, -5.9904761904761905], [107.68181818181819, -5.9904761904761905], [107.68181818181819, -6.085714285714285]]]}, "properties": {"temp_air_c": 26.4, "temp_air_k": 299.55, "temp_surface_c": 25.7, "temp_surface_k": 298.85, "elevation_m": 120.0, "center_lat": -6.0381, "center_lon": 107.8182, "cycle_utc": "2026-09-17T00:00:00Z"}}, {"type": "Feature", "geometry": {"type": "Polygon", "coordinates": [[[107.95454545454545, -6.085714285714285], [108.22727272727273, -6.085714285714285], [108.22727272727273, -5.9904761904761905], [107.95454545454545, -5.9904761904761905], [107.95454545454545, -6.085714285714285]]]}, "properties": {"temp_air_c": 26.5, "temp_air_k": 299.65, "temp_surface_c": 25.6, "temp_surface_k": 298.75, "elevation_m": 120.0, "center_lat": -6.0381, "center_lon": 108.0909, "cycle_utc": "2026-09-17T00:00:00Z"}}, {"type": "Feature", "geometry": {"type": "Polygon", "coordinates": [[[108.22727272727273, -6.085714285714285], [108.5, -6.085714285714285], [108.5, -5.9904761904761905], [108.22727272727273, -5.9904761904761905], [108.22727272727273, -6.085714285714285]]]}, "properties": {"temp_air_c": 26.5, "temp_air_k": 299.65, "temp_surface_c": 25.8, "temp_surface_k": 298.95, "elevation_m": 120.0, "center_lat": -6.0381, "center_lon": 108.3636, "cycle_utc": "2026-09-17T00:00:00Z"}}, {"type": "Feature", "geometry": {"type": "Polygon", "coordinates": [[[108.5, -6.085714285714285], [108.77272727272727, -6.085714285714285], [108.77272727272727, -5.9904761904761905], [108.5, -5.9904761904761905], [108.5, -6.085714285714285]]]}, "properties": {"temp_air_c": 26.9, "temp_air_k": 300.05, "temp_surface_c": 24.9, "temp_surface_k": 298.05, "elevation_m": 120.0, "center_lat": -6.0381, "center_lon": 108.6364, "cycle_utc": "2026-09-17T00:00:00Z"}}, {"type": "Feature", "geometry": {"type": "Polygon", "coordinates": [[[108.77272727272727, -6.085714285714285], [109.04545454545455, -6.085714285714285], [109.04545454545455, -5.9904761904761905], [108.77272727272727, -5.9904761904761905], [108.77272727272727, -6.085714285714285]]]}, "properties": {"temp_air_c": 26.2, "temp_air_k": 299.35, "temp_surface_c": 26.1, "temp_surface_k": 299.25, "elevation_m": 120.0, "center_lat": -6.0381, "center_lon": 108.9091, "cycle_utc": "2026-09-17T00:00:00Z"}}, {"type": "Feature", "geometry": {"type": "Polygon", "coordinates": [[[109.04545454545455, -6.085714285714285], [109.31818181818181, -6.085714285714285], [109.31818181818181, -5.9904761904761905], [109.04545454545455, -5.9904761904761905], [109.04545454545455, -6.085714285714285]]]}, "properties": {"temp_air_c": 26.9, "temp_air_k": 300.05, "temp_surface_c": 25.3, "temp_surface_k": 298.45, "elevation_m": 120.0, "center_lat": -6.0381, "center_lon": 109.1818, "cycle_utc": "2026-09-17T00:00:00Z"}}, {"type": "Feature", "geometry": {"type": "Polygon", "coordinates": [[[109.31818181818181, -6.085714285714285], [109.5909090909091, -6.085714285714285], [109.5909090909091, -5.9904761904761905], [109.31818181818181, -5.9904761904761905], [109.31818181818181, -6.085714285714285]]]}, "properties": {"temp_air_c": 26.2, "temp_air_k": 299.35, "temp_surface_c": 25.5, "temp_surface_k": 298.65, "elevation_m": 120.0, "center_lat": -6.0381, "center_lon": 109.4545, "cycle_utc": "2026-09-17T00:00:00Z"}}, {"type": "Feature", "geometry": {"type": "Polygon", "coordinates": [[[109.5909090909091, -6.085714285714285], [109.86363636363636, -6.085714285714285], [109.86363636363636, -5.9904761904761905], [109.5909090909091, -5.9904761904761905], [109.5909090909091, -6.085714285714285]]]}, "properties": {"temp_air_c": 26.0, "temp_air_k": 299.15, "temp_surface_c": 25.5, "temp_surface_k": 298.65, "elevation_m": 120.0, "center_lat": -6.0381, "center_lon": 109.7273, "cycle_utc": "2026-09-17T00:00:00Z"}}, {"type": "Feature", "geometry": {"type": "Polygon", "coordinates": [[[109.86363636363636, -6.085714285714285], [110.13636363636364, -6.085714285714285], [110.13636363636364, -5.9904761904761905], [109.86363636363636, -5.9904761904761905], [109.86363636363636, -6.085714285714285]]]}, "properties": {"temp_air_c": 26.5, "temp_air_k": 299.65, "temp_surface_c": 25.8, "temp_surface_k": 298.95, "elevation_m": 120.0, "center_lat": -6.0381, "center_lon": 110.0, "cycle_utc": "2026-09-17T00:00:00Z"}}, {"type": "Feature", "geometry": {"type": "Polygon", "coordinates": [[[110.13636363636364, -6.085714285714285], [110.4090909090909, -6.085714285714285], [110.4090909090909, -5.9904761904761905], [110.13636363636364, -5.9904761904761905], [110.13636363636364, -6.085714285714285]]]}, "properties": {"temp_air_c": 26.9, "temp_air_k": 300.05, "temp_surface_c": 25.6, "temp_surface_k": 298.75, "elevation_m": 120.0, "center_lat": -6.0381, "center_lon": 110.2727, "cycle_utc": "2026-09-17T00:00:00Z"}}, {"type": "Feature", "geometry": {"type": "Polygon", "coordinates": [[[110.4090909090909, -6.085714285714285], [110.68181818181819, -6.085714285714285], [110.68181818181819, -5.9904761904761905], [110.4090909090909, -5.9904761904761905], [110.4090909090909, -6.085714285714285]]]}, "properties": {"temp_air_c": 26.5, "temp_air_k": 299.65, "temp_surface_c": 25.4, "temp_surface_k": 298.55, "elevation_m": 120.0, "center_lat": -6.0381, "center_lon": 110.5455, "cycle_utc": "2026-09-17T00:00:00Z"}}, {"type": "Feature", "geometry": {"type": "Polygon", "coordinates": [[[110.68181818181819, -6.085714285714285], [110.95454545454545, -6.085714285714285], [110.95454545454545, -5.9904761904761905], [110.68181818181819, -5.9904761904761905], [110.68181818181819, -6.085714285714285]]]}, "properties": {"temp_air_c": 26.2, "temp_air_k": 299.35, "temp_surface_c": 25.2, "temp_surface_k": 298.35, "elevation_m": 120.0, "center_lat": -6.0381, "center_lon": 110.8182, "cycle_utc": "2026-09-17T00:00:00Z"}}, {"type": "Feature", "geometry": {"type": "Polygon", "coordinates": [[[110.95454545454545, -6.085714285714285], [111.22727272727272, -6.085714285714285], [111.22727272727272, -5.9904761904761905], [110.95454545454545, -5.9904761904761905], [110.95454545454545, -6.085714285714285]]]}, "properties": {"temp_air_c": 26.5, "temp_air_k": 299.65, "temp_surface_c": 25.5, "temp_surface_k": 298.65, "elevation_m": 120.0, "center_lat": -6.0381, "center_lon": 111.0909, "cycle_utc": "2026-09-17T00:00:00Z"}}, {"type": "Feature", "geometry": {"type": "Polygon", "coordinates": [[[111.22727272727272, -6.085714285714285], [111.5, -6.085714285714285], [111.5, -5.9904761904761905], [111.22727272727272, -5.9904761904761905], [111.22727272727272, -6.085714285714285]]]}, "properties": {"temp_air_c": 26.1, "temp_air_k": 299.25, "temp_surface_c": 25.7, "temp_surface_k": 298.85, "elevation_m": 120.0, "center_lat": -6.0381, "center_lon": 111.3636, "cycle_utc": "2026-09-17T00:00:00Z"}}, {"type": "Feature", "geometry": {"type": "Polygon", "coordinates": [[[111.5, -6.085714285714285], [111.77272727272727, -6.085714285714285], [111.77272727272727, -5.9904761904761905], [111.5, -5.9904761904761905], [111.5, -6.085714285714285]]]}, "properties": {"temp_air_c": 26.6, "temp_air_k": 299.75, "temp_surface_c": 25.2, "temp_surface_k": 298.35, "elevation_m": 120.0, "center_lat": -6.0381, "center_lon": 111.6364, "cycle_utc": "2026-09-17T00:00:00Z"}}, {"type": "Feature", "geometry": {"type": "Polygon", "coordinates": [[[111.77272727272727, -6.085714285714285], [112.04545454545455, -6.085714285714285], [112.04545454545455, -5.9904761904761905], [111.77272727272727, -5.9904761904761905], [111.77272727272727, -6.085714285714285]]]}, "properties": {"temp_air_c": 26.4, "temp_air_k": 299.55, "temp_surface_c": 25.6, "temp_surface_k": 298.75, "elevation_m": 120.0, "center_lat": -6.0381, "center_lon": 111.9091, "cycle_utc": "2026-09-17T00:00:00Z"}}, {"type": "Feature", "geometry": {"type": "Polygon", "coordinates": [[[112.04545454545455, -6.085714285714285], [112.31818181818181, -6.085714285714285], [112.31818181818181, -5.9904761904761905], [112.04545454545455, -5.9904761904761905], [112.04545454545455, -6.085714285714285]]]}, "properties": {"temp_air_c": 26.2, "temp_air_k": 299.35, "temp_surface_c": 26.3, "temp_surface_k": 299.45, "elevation_m": 120.0, "center_lat": -6.0381, "center_lon": 112.1818, "cycle_utc": "2026-09-17T00:00:00Z"}}, {"type": "Feature", "geometry": {"type": "Polygon", "coordinates": [[[112.31818181818181, -6.085714285714285], [112.5909090909091, -6.085714285714285], [112.5909090909091, -5.9904761904761905], [112.31818181818181, -5.9904761904761905], [112.31818181818181, -6.085714285714285]]]}, "properties": {"temp_air_c": 26.3, "temp_air_k": 299.45, "temp_surface_c": 25.8, "temp_surface_k": 298.95, "elevation_m": 120.0, "center_lat": -6.0381, "center_lon": 112.4545, "cycle_utc": "2026-09-17T00:00:00Z"}}, {"type": "Feature", "geometry": {"type": "Polygon", "coordinates": [[[112.5909090909091, -6.085714285714285], [112.86363636363636, -6.085714285714285], [112.86363636363636, -5.9904761904761905], [112.5909090909091, -5.9904761904761905], [112.5909090909091, -6.085714285714285]]]}, "properties": {"temp_air_c": 26.3, "temp_air_k": 299.45, "temp_surface_c": 25.3, "temp_surface_k": 298.45, "elevation_m": 120.0, "center_lat": -6.0381, "center_lon": 112.7273, "cycle_utc": "2026-09-17T00:00:00Z"}}, {"type": "Feature", "geometry": {"type": "Polygon", "coordinates": [[[112.86363636363636, -6.085714285714285], [113.13636363636364, -6.085714285714285], [113.13636363636364, -5.9904761904761905], [112.86363636363636, -5.9904761904761905], [112.86363636363636, -6.085714285714285]]]}, "properties": {"temp_air_c": 26.4, "temp_air_k": 299.55, "temp_surface_c": 25.2, "temp_surface_k": 298.35, "elevation_m": 120.0, "center_lat": -6.0381, "center_lon": 113.0, "cycle_utc": "2026-09-17T00:00:00Z"}}, {"type": "Feature", "geometry": {"type": "Polygon", "coordinates": [[[113.13636363636364, -6.085714285714285], [113.4090909090909, -6.085714285714285], [113.4090909090909, -5.9904761904761905], [113.13636363636364, -5.9904761904761905], [113.13636363636364, -6.085714285714285]]]}, "properties": {"temp_air_c": 26.1, "temp_air_k": 299.25, "temp_surface_c": 25.2, "temp_surface_k": 298.35, "elevation_m": 120.0, "center_lat": -6.0381, "center_lon": 113.2727, "cycle_utc": "2026-09-17T00:00:00Z"}}, {"type": "Feature", "geometry": {"type": "Polygon", "coordinates": [[[113.4090909090909, -6.085714285714285], [113.68181818181819, -6.085714285714285], [113.68181818181819, -5.9904761904761905], [113.4090909090909, -5.9904761904761905], [113.4090909090909, -6.085714285714285]]]}, "properties": {"temp_air_c": 26.2, "temp_air_k": 299.35, "temp_surface_c": 26.5, "temp_surface_k": 299.65, "elevation_m": 120.0, "center_lat": -6.0381, "center_lon": 113.5455, "cycle_utc": "2026-09-17T00:00:00Z"}}, {"type": "Feature", "geometry": {"type": "Polygon", "coordinates": [[[113.68181818181819, -6.085714285714285], [113.95454545454545, -6.085714285714285], [113.95454545454545, -5.9904761904761905], [113.68181818181819, -5.9904761904761905], [113.68181818181819, -6.085714285714285]]]}, "properties": {"temp_air_c": 26.4, "temp_air_k": 299.55, "temp_surface_c": 25.4, "temp_surface_k": 298.55, "elevation_m": 120.0, "center_lat": -6.0381, "center_lon": 113.8182, "cycle_utc": "2026-09-17T00:00:00Z"}}, {"type": "Feature", "geometry": {"type": "Polygon", "coordinates": [[[113.95454545454545, -6.085714285714285], [114.22727272727272, -6.085714285714285], [114.22727272727272, -5.9904761904761905], [113.95454545454545, -5.9904761904761905], [113.95454545454545, -6.085714285714285]]]}, "properties": {"temp_air_c": 26.9, "temp_air_k": 300.05, "temp_surface_c": 25.2, "temp_surface_k": 298.35, "elevation_m": 120.0, "center_lat": -6.0381, "center_lon": 114.0909, "cycle_utc": "2026-09-17T00:00:00Z"}}, {"type": "Feature", "geometry": {"type": "Polygon", "coordinates": [[[114.22727272727272, -6.085714285714285], [114.5, -6.085714285714285], [114.5, -5.9904761904761905], [114.22727272727272, -5.9904761904761905], [114.22727272727272, -6.085714285714285]]]}, "properties": {"temp_air_c": 26.9, "temp_air_k": 300.05, "temp_surface_c": 25.9, "temp_surface_k": 299.05, "elevation_m": 120.0, "center_lat": -6.0381, "center_lon": 114.3636, "cycle_utc": "2026-09-17T00:00:00Z"}}, {"type": "Feature", "geometry": {"type": "Polygon", "coordinates": [[[105.5, -5.9904761904761905], [105.77272727272727, -5.9904761904761905], [105.77272727272727, -5.895238095238096], [105.5, -5.895238095238096], [105.5, -5.9904761904761905]]]}, "properties": {"temp_air_c": 26.4, "temp_air_k": 299.55, "temp_surface_c": 25.6, "temp_surface_k": 298.75, "elevation_m": 120.0, "center_lat": -5.9429, "center_lon": 105.6364, "cycle_utc": "2026-09-17T00:00:00Z"}}, {"type": "Feature", "geometry": {"type": "Polygon", "coordinates": [[[105.77272727272727, -5.9904761904761905], [106.04545454545455, -5.9904761904761905], [106.04545454545455, -5.895238095238096], [105.77272727272727, -5.895238095238096], [105.77272727272727, -5.9904761904761905]]]}, "properties": {"temp_air_c": 26.5, "temp_air_k": 299.65, "temp_surface_c": 25.9, "temp_surface_k": 299.05, "elevation_m": 120.0, "center_lat": -5.9429, "center_lon": 105.9091, "cycle_utc": "2026-09-17T00:00:00Z"}}, {"type": "Feature", "geometry": {"type": "Polygon", "coordinates": [[[106.04545454545455, -5.9904761904761905], [106.31818181818181, -5.9904761904761905], [106.31818181818181, -5.895238095238096], [106.04545454545455, -5.895238095238096], [106.04545454545455, -5.9904761904761905]]]}, "properties": {"temp_air_c": 26.8, "temp_air_k": 299.95, "temp_surface_c": 26.3, "temp_surface_k": 299.45, "elevation_m": 120.0, "center_lat": -5.9429, "center_lon": 106.1818, "cycle_utc": "2026-09-17T00:00:00Z"}}, {"type": "Feature", "geometry": {"type": "Polygon", "coordinates": [[[106.31818181818181, -5.9904761904761905], [106.5909090909091, -5.9904761904761905], [106.5909090909091, -5.895238095238096], [106.31818181818181, -5.895238095238096], [106.31818181818181, -5.9904761904761905]]]}, "properties": {"temp_air_c": 25.7, "temp_air_k": 298.85, "temp_surface_c": 25.8, "temp_surface_k": 298.95, "elevation_m": 120.0, "center_lat": -5.9429, "center_lon": 106.4545, "cycle_utc": "2026-09-17T00:00:00Z"}}, {"type": "Feature", "geometry": {"type": "Polygon", "coordinates": [[[106.5909090909091, -5.9904761904761905], [106.86363636363636, -5.9904761904761905], [106.86363636363636, -5.895238095238096], [106.5909090909091, -5.895238095238096], [106.5909090909091, -5.9904761904761905]]]}, "properties": {"temp_air_c": 27.4, "temp_air_k": 300.55, "temp_surface_c": 26.2, "temp_surface_k": 299.35, "elevation_m": 15.0, "center_lat": -5.9429, "center_lon": 106.7273, "cycle_utc": "2026-09-17T00:00:00Z"}}, {"type": "Feature", "geometry": {"type": "Polygon", "coordinates": [[[106.86363636363636, -5.9904761904761905], [107.13636363636364, -5.9904761904761905], [107.13636363636364, -5.895238095238096], [106.86363636363636, -5.895238095238096], [106.86363636363636, -5.9904761904761905]]]}, "properties": {"temp_air_c": 27.4, "temp_air_k": 300.55, "temp_surface_c": 26.6, "temp_surface_k": 299.75, "elevation_m": 15.0, "center_lat": -5.9429, "center_lon": 107.0, "cycle_utc": "2026-09-17T00:00:00Z"}}, {"type": "Feature", "geometry": {"type": "Polygon", "coordinates": [[[107.13636363636364, -5.9904761904761905], [107.4090909090909, -5.9904761904761905], [107.4090909090909, -5.895238095238096], [107.13636363636364, -5.895238095238096], [107.13636363636364, -5.9904761904761905]]]}, "properties": {"temp_air_c": 26.7, "temp_air_k": 299.85, "temp_surface_c": 25.3, "temp_surface_k": 298.45, "elevation_m": 120.0, "center_lat": -5.9429, "center_lon": 107.2727, "cycle_utc": "2026-09-17T00:00:00Z"}}, {"type": "Feature", "geometry": {"type": "Polygon", "coordinates": [[[107.4090909090909, -5.9904761904761905], [107.68181818181819, -5.9904761904761905], [107.68181818181819, -5.895238095238096], [107.4090909090909, -5.895238095238096], [107.4090909090909, -5.9904761904761905]]]}, "properties": {"temp_air_c": 26.2, "temp_air_k": 299.35, "temp_surface_c": 26.3, "temp_surface_k": 299.45, "elevation_m": 120.0, "center_lat": -5.9429, "center_lon": 107.5455, "cycle_utc": "2026-09-17T00:00:00Z"}}, {"type": "Feature", "geometry": {"type": "Polygon", "coordinates": [[[107.68181818181819, -5.9904761904761905], [107.95454545454545, -5.9904761904761905], [107.95454545454545, -5.895238095238096], [107.68181818181819, -5.895238095238096], [107.68181818181819, -5.9904761904761905]]]}, "properties": {"temp_air_c": 26.4, "temp_air_k": 299.55, "temp_surface_c": 25.9, "temp_surface_k": 299.05, "elevation_m": 120.0, "center_lat": -5.9429, "center_lon": 107.8182, "cycle_utc": "2026-09-17T00:00:00Z"}}, {"type": "Feature", "geometry": {"type": "Polygon", "coordinates": [[[107.95454545454545, -5.9904761904761905], [108.22727272727273, -5.9904761904761905], [108.22727272727273, -5.895238095238096], [107.95454545454545, -5.895238095238096], [107.95454545454545, -5.9904761904761905]]]}, "properties": {"temp_air_c": 26.4, "temp_air_k": 299.55, "temp_surface_c": 25.9, "temp_surface_k": 299.05, "elevation_m": 120.0, "center_lat": -5.9429, "center_lon": 108.0909, "cycle_utc": "2026-09-17T00:00:00Z"}}, {"type": "Feature", "geometry": {"type": "Polygon", "coordinates": [[[108.22727272727273, -5.9904761904761905], [108.5, -5.9904761904761905], [108.5, -5.895238095238096], [108.22727272727273, -5.895238095238096], [108.22727272727273, -5.9904761904761905]]]}, "properties": {"temp_air_c": 26.7, "temp_air_k": 299.85, "temp_surface_c": 27.0, "temp_surface_k": 300.15, "elevation_m": 120.0, "center_lat": -5.9429, "center_lon": 108.3636, "cycle_utc": "2026-09-17T00:00:00Z"}}, {"type": "Feature", "geometry": {"type": "Polygon", "coordinates": [[[108.5, -5.9904761904761905], [108.77272727272727, -5.9904761904761905], [108.77272727272727, -5.895238095238096], [108.5, -5.895238095238096], [108.5, -5.9904761904761905]]]}, "properties": {"temp_air_c": 26.7, "temp_air_k": 299.85, "temp_surface_c": 25.9, "temp_surface_k": 299.05, "elevation_m": 120.0, "center_lat": -5.9429, "center_lon": 108.6364, "cycle_utc": "2026-09-17T00:00:00Z"}}, {"type": "Feature", "geometry": {"type": "Polygon", "coordinates": [[[108.77272727272727, -5.9904761904761905], [109.04545454545455, -5.9904761904761905], [109.04545454545455, -5.895238095238096], [108.77272727272727, -5.895238095238096], [108.77272727272727, -5.9904761904761905]]]}, "properties": {"temp_air_c": 26.0, "temp_air_k": 299.15, "temp_surface_c": 26.2, "temp_surface_k": 299.35, "elevation_m": 120.0, "center_lat": -5.9429, "center_lon": 108.9091, "cycle_utc": "2026-09-17T00:00:00Z"}}, {"type": "Feature", "geometry": {"type": "Polygon", "coordinates": [[[109.04545454545455, -5.9904761904761905], [109.31818181818181, -5.9904761904761905], [109.31818181818181, -5.895238095238096], [109.04545454545455, -5.895238095238096], [109.04545454545455, -5.9904761904761905]]]}, "properties": {"temp_air_c": 26.1, "temp_air_k": 299.25, "temp_surface_c": 26.2, "temp_surface_k": 299.35, "elevation_m": 120.0, "center_lat": -5.9429, "center_lon": 109.1818, "cycle_utc": "2026-09-17T00:00:00Z"}}, {"type": "Feature", "geometry": {"type": "Polygon", "coordinates": [[[109.31818181818181, -5.9904761904761905], [109.5909090909091, -5.9904761904761905], [109.5909090909091, -5.895238095238096], [109.31818181818181, -5.895238095238096], [109.31818181818181, -5.9904761904761905]]]}, "properties": {"temp_air_c": 26.4, "temp_air_k": 299.55, "temp_surface_c": 26.3, "temp_surface_k": 299.45, "elevation_m": 120.0, "center_lat": -5.9429, "center_lon": 109.4545, "cycle_utc": "2026-09-17T00:00:00Z"}}, {"type": "Feature", "geometry": {"type": "Polygon", "coordinates": [[[109.5909090909091, -5.9904761904761905], [109.86363636363636, -5.9904761904761905], [109.86363636363636, -5.895238095238096], [109.5909090909091, -5.895238095238096], [109.5909090909091, -5.9904761904761905]]]}, "properties": {"temp_air_c": 26.5, "temp_air_k": 299.65, "temp_surface_c": 25.7, "temp_surface_k": 298.85, "elevation_m": 120.0, "center_lat": -5.9429, "center_lon": 109.7273, "cycle_utc": "2026-09-17T00:00:00Z"}}, {"type": "Feature", "geometry": {"type": "Polygon", "coordinates": [[[109.86363636363636, -5.9904761904761905], [110.13636363636364, -5.9904761904761905], [110.13636363636364, -5.895238095238096], [109.86363636363636, -5.895238095238096], [109.86363636363636, -5.9904761904761905]]]}, "properties": {"temp_air_c": 26.6, "temp_air_k": 299.75, "temp_surface_c": 26.2, "temp_surface_k": 299.35, "elevation_m": 120.0, "center_lat": -5.9429, "center_lon": 110.0, "cycle_utc": "2026-09-17T00:00:00Z"}}, {"type": "Feature", "geometry": {"type": "Polygon", "coordinates": [[[110.13636363636364, -5.9904761904761905], [110.4090909090909, -5.9904761904761905], [110.4090909090909, -5.895238095238096], [110.13636363636364, -5.895238095238096], [110.13636363636364, -5.9904761904761905]]]}, "properties": {"temp_air_c": 26.4, "temp_air_k": 299.55, "temp_surface_c": 25.1, "temp_surface_k": 298.25, "elevation_m": 120.0, "center_lat": -5.9429, "center_lon": 110.2727, "cycle_utc": "2026-09-17T00:00:00Z"}}, {"type": "Feature", "geometry": {"type": "Polygon", "coordinates": [[[110.4090909090909, -5.9904761904761905], [110.68181818181819, -5.9904761904761905], [110.68181818181819, -5.895238095238096], [110.4090909090909, -5.895238095238096], [110.4090909090909, -5.9904761904761905]]]}, "properties": {"temp_air_c": 26.8, "temp_air_k": 299.95, "temp_surface_c": 25.8, "temp_surface_k": 298.95, "elevation_m": 120.0, "center_lat": -5.9429, "center_lon": 110.5455, "cycle_utc": "2026-09-17T00:00:00Z"}}, {"type": "Feature", "geometry": {"type": "Polygon", "coordinates": [[[110.68181818181819, -5.9904761904761905], [110.95454545454545, -5.9904761904761905], [110.95454545454545, -5.895238095238096], [110.68181818181819, -5.895238095238096], [110.68181818181819, -5.9904761904761905]]]}, "properties": {"temp_air_c": 26.6, "temp_air_k": 299.75, "temp_surface_c": 26.2, "temp_surface_k": 299.35, "elevation_m": 120.0, "center_lat": -5.9429, "center_lon": 110.8182, "cycle_utc": "2026-09-17T00:00:00Z"}}, {"type": "Feature", "geometry": {"type": "Polygon", "coordinates": [[[110.95454545454545, -5.9904761904761905], [111.22727272727272, -5.9904761904761905], [111.22727272727272, -5.895238095238096], [110.95454545454545, -5.895238095238096], [110.95454545454545, -5.9904761904761905]]]}, "properties": {"temp_air_c": 26.8, "temp_air_k": 299.95, "temp_surface_c": 25.6, "temp_surface_k": 298.75, "elevation_m": 120.0, "center_lat": -5.9429, "center_lon": 111.0909, "cycle_utc": "2026-09-17T00:00:00Z"}}, {"type": "Feature", "geometry": {"type": "Polygon", "coordinates": [[[111.22727272727272, -5.9904761904761905], [111.5, -5.9904761904761905], [111.5, -5.895238095238096], [111.22727272727272, -5.895238095238096], [111.22727272727272, -5.9904761904761905]]]}, "properties": {"temp_air_c": 26.8, "temp_air_k": 299.95, "temp_surface_c": 26.1, "temp_surface_k": 299.25, "elevation_m": 120.0, "center_lat": -5.9429, "center_lon": 111.3636, "cycle_utc": "2026-09-17T00:00:00Z"}}, {"type": "Feature", "geometry": {"type": "Polygon", "coordinates": [[[111.5, -5.9904761904761905], [111.77272727272727, -5.9904761904761905], [111.77272727272727, -5.895238095238096], [111.5, -5.895238095238096], [111.5, -5.9904761904761905]]]}, "properties": {"temp_air_c": 26.7, "temp_air_k": 299.85, "temp_surface_c": 26.2, "temp_surface_k": 299.35, "elevation_m": 120.0, "center_lat": -5.9429, "center_lon": 111.6364, "cycle_utc": "2026-09-17T00:00:00Z"}}, {"type": "Feature", "geometry": {"type": "Polygon", "coordinates": [[[111.77272727272727, -5.9904761904761905], [112.04545454545455, -5.9904761904761905], [112.04545454545455, -5.895238095238096], [111.77272727272727, -5.895238095238096], [111.77272727272727, -5.9904761904761905]]]}, "properties": {"temp_air_c": 26.4, "temp_air_k": 299.55, "temp_surface_c": 26.1, "temp_surface_k": 299.25, "elevation_m": 120.0, "center_lat": -5.9429, "center_lon": 111.9091, "cycle_utc": "2026-09-17T00:00:00Z"}}, {"type": "Feature", "geometry": {"type": "Polygon", "coordinates": [[[112.04545454545455, -5.9904761904761905], [112.31818181818181, -5.9904761904761905], [112.31818181818181, -5.895238095238096], [112.04545454545455, -5.895238095238096], [112.04545454545455, -5.9904761904761905]]]}, "properties": {"temp_air_c": 25.9, "temp_air_k": 299.05, "temp_surface_c": 25.6, "temp_surface_k": 298.75, "elevation_m": 120.0, "center_lat": -5.9429, "center_lon": 112.1818, "cycle_utc": "2026-09-17T00:00:00Z"}}, {"type": "Feature", "geometry": {"type": "Polygon", "coordinates": [[[112.31818181818181, -5.9904761904761905], [112.5909090909091, -5.9904761904761905], [112.5909090909091, -5.895238095238096], [112.31818181818181, -5.895238095238096], [112.31818181818181, -5.9904761904761905]]]}, "properties": {"temp_air_c": 26.3, "temp_air_k": 299.45, "temp_surface_c": 26.2, "temp_surface_k": 299.35, "elevation_m": 120.0, "center_lat": -5.9429, "center_lon": 112.4545, "cycle_utc": "2026-09-17T00:00:00Z"}}, {"type": "Feature", "geometry": {"type": "Polygon", "coordinates": [[[112.5909090909091, -5.9904761904761905], [112.86363636363636, -5.9904761904761905], [112.86363636363636, -5.895238095238096], [112.5909090909091, -5.895238095238096], [112.5909090909091, -5.9904761904761905]]]}, "properties": {"temp_air_c": 26.7, "temp_air_k": 299.85, "temp_surface_c": 25.0, "temp_surface_k": 298.15, "elevation_m": 120.0, "center_lat": -5.9429, "center_lon": 112.7273, "cycle_utc": "2026-09-17T00:00:00Z"}}, {"type": "Feature", "geometry": {"type": "Polygon", "coordinates": [[[112.86363636363636, -5.9904761904761905], [113.13636363636364, -5.9904761904761905], [113.13636363636364, -5.895238095238096], [112.86363636363636, -5.895238095238096], [112.86363636363636, -5.9904761904761905]]]}, "properties": {"temp_air_c": 26.5, "temp_air_k": 299.65, "temp_surface_c": 26.0, "temp_surface_k": 299.15, "elevation_m": 120.0, "center_lat": -5.9429, "center_lon": 113.0, "cycle_utc": "2026-09-17T00:00:00Z"}}, {"type": "Feature", "geometry": {"type": "Polygon", "coordinates": [[[113.13636363636364, -5.9904761904761905], [113.4090909090909, -5.9904761904761905], [113.4090909090909, -5.895238095238096], [113.13636363636364, -5.895238095238096], [113.13636363636364, -5.9904761904761905]]]}, "properties": {"temp_air_c": 26.6, "temp_air_k": 299.75, "temp_surface_c": 25.9, "temp_surface_k": 299.05, "elevation_m": 120.0, "center_lat": -5.9429, "center_lon": 113.2727, "cycle_utc": "2026-09-17T00:00:00Z"}}, {"type": "Feature", "geometry": {"type": "Polygon", "coordinates": [[[113.4090909090909, -5.9904761904761905], [113.68181818181819, -5.9904761904761905], [113.68181818181819, -5.895238095238096], [113.4090909090909, -5.895238095238096], [113.4090909090909, -5.9904761904761905]]]}, "properties": {"temp_air_c": 26.6, "temp_air_k": 299.75, "temp_surface_c": 25.2, "temp_surface_k": 298.35, "elevation_m": 120.0, "center_lat": -5.9429, "center_lon": 113.5455, "cycle_utc": "2026-09-17T00:00:00Z"}}, {"type": "Feature", "geometry": {"type": "Polygon", "coordinates": [[[113.68181818181819, -5.9904761904761905], [113.95454545454545, -5.9904761904761905], [113.95454545454545, -5.895238095238096], [113.68181818181819, -5.895238095238096], [113.68181818181819, -5.9904761904761905]]]}, "properties": {"temp_air_c": 26.6, "temp_air_k": 299.75, "temp_surface_c": 25.5, "temp_surface_k": 298.65, "elevation_m": 120.0, "center_lat": -5.9429, "center_lon": 113.8182, "cycle_utc": "2026-09-17T00:00:00Z"}}, {"type": "Feature", "geometry": {"type": "Polygon", "coordinates": [[[113.95454545454545, -5.9904761904761905], [114.22727272727272, -5.9904761904761905], [114.22727272727272, -5.895238095238096], [113.95454545454545, -5.895238095238096], [113.95454545454545, -5.9904761904761905]]]}, "properties": {"temp_air_c": 26.5, "temp_air_k": 299.65, "temp_surface_c": 25.6, "temp_surface_k": 298.75, "elevation_m": 120.0, "center_lat": -5.9429, "center_lon": 114.0909, "cycle_utc": "2026-09-17T00:00:00Z"}}, {"type": "Feature", "geometry": {"type": "Polygon", "coordinates": [[[114.22727272727272, -5.9904761904761905], [114.5, -5.9904761904761905], [114.5, -5.895238095238096], [114.22727272727272, -5.895238095238096], [114.22727272727272, -5.9904761904761905]]]}, "properties": {"temp_air_c": 26.5, "temp_air_k": 299.65, "temp_surface_c": 25.6, "temp_surface_k": 298.75, "elevation_m": 120.0, "center_lat": -5.9429, "center_lon": 114.3636, "cycle_utc": "2026-09-17T00:00:00Z"}}, {"type": "Feature", "geometry": {"type": "Polygon", "coordinates": [[[105.5, -5.895238095238096], [105.77272727272727, -5.895238095238096], [105.77272727272727, -5.8], [105.5, -5.8], [105.5, -5.895238095238096]]]}, "properties": {"temp_air_c": 26.6, "temp_air_k": 299.75, "temp_surface_c": 25.8, "temp_surface_k": 298.95, "elevation_m": 120.0, "center_lat": -5.8476, "center_lon": 105.6364, "cycle_utc": "2026-09-17T00:00:00Z"}}, {"type": "Feature", "geometry": {"type": "Polygon", "coordinates": [[[105.77272727272727, -5.895238095238096], [106.04545454545455, -5.895238095238096], [106.04545454545455, -5.8], [105.77272727272727, -5.8], [105.77272727272727, -5.895238095238096]]]}, "properties": {"temp_air_c": 26.3, "temp_air_k": 299.45, "temp_surface_c": 25.1, "temp_surface_k": 298.25, "elevation_m": 120.0, "center_lat": -5.8476, "center_lon": 105.9091, "cycle_utc": "2026-09-17T00:00:00Z"}}, {"type": "Feature", "geometry": {"type": "Polygon", "coordinates": [[[106.04545454545455, -5.895238095238096], [106.31818181818181, -5.895238095238096], [106.31818181818181, -5.8], [106.04545454545455, -5.8], [106.04545454545455, -5.895238095238096]]]}, "properties": {"temp_air_c": 26.2, "temp_air_k": 299.35, "temp_surface_c": 25.6, "temp_surface_k": 298.75, "elevation_m": 120.0, "center_lat": -5.8476, "center_lon": 106.1818, "cycle_utc": "2026-09-17T00:00:00Z"}}, {"type": "Feature", "geometry": {"type": "Polygon", "coordinates": [[[106.31818181818181, -5.895238095238096], [106.5909090909091, -5.895238095238096], [106.5909090909091, -5.8], [106.31818181818181, -5.8], [106.31818181818181, -5.895238095238096]]]}, "properties": {"temp_air_c": 26.2, "temp_air_k": 299.35, "temp_surface_c": 25.3, "temp_surface_k": 298.45, "elevation_m": 120.0, "center_lat": -5.8476, "center_lon": 106.4545, "cycle_utc": "2026-09-17T00:00:00Z"}}, {"type": "Feature", "geometry": {"type": "Polygon", "coordinates": [[[106.5909090909091, -5.895238095238096], [106.86363636363636, -5.895238095238096], [106.86363636363636, -5.8], [106.5909090909091, -5.8], [106.5909090909091, -5.895238095238096]]]}, "properties": {"temp_air_c": 26.4, "temp_air_k": 299.55, "temp_surface_c": 25.8, "temp_surface_k": 298.95, "elevation_m": 120.0, "center_lat": -5.8476, "center_lon": 106.7273, "cycle_utc": "2026-09-17T00:00:00Z"}}, {"type": "Feature", "geometry": {"type": "Polygon", "coordinates": [[[106.86363636363636, -5.895238095238096], [107.13636363636364, -5.895238095238096], [107.13636363636364, -5.8], [106.86363636363636, -5.8], [106.86363636363636, -5.895238095238096]]]}, "properties": {"temp_air_c": 26.4, "temp_air_k": 299.55, "temp_surface_c": 25.7, "temp_surface_k": 298.85, "elevation_m": 120.0, "center_lat": -5.8476, "center_lon": 107.0, "cycle_utc": "2026-09-17T00:00:00Z"}}, {"type": "Feature", "geometry": {"type": "Polygon", "coordinates": [[[107.13636363636364, -5.895238095238096], [107.4090909090909, -5.895238095238096], [107.4090909090909, -5.8], [107.13636363636364, -5.8], [107.13636363636364, -5.895238095238096]]]}, "properties": {"temp_air_c": 27.0, "temp_air_k": 300.15, "temp_surface_c": 25.3, "temp_surface_k": 298.45, "elevation_m": 120.0, "center_lat": -5.8476, "center_lon": 107.2727, "cycle_utc": "2026-09-17T00:00:00Z"}}, {"type": "Feature", "geometry": {"type": "Polygon", "coordinates": [[[107.4090909090909, -5.895238095238096], [107.68181818181819, -5.895238095238096], [107.68181818181819, -5.8], [107.4090909090909, -5.8], [107.4090909090909, -5.895238095238096]]]}, "properties": {"temp_air_c": 26.0, "temp_air_k": 299.15, "temp_surface_c": 25.5, "temp_surface_k": 298.65, "elevation_m": 120.0, "center_lat": -5.8476, "center_lon": 107.5455, "cycle_utc": "2026-09-17T00:00:00Z"}}, {"type": "Feature", "geometry": {"type": "Polygon", "coordinates": [[[107.68181818181819, -5.895238095238096], [107.95454545454545, -5.895238095238096], [107.95454545454545, -5.8], [107.68181818181819, -5.8], [107.68181818181819, -5.895238095238096]]]}, "properties": {"temp_air_c": 26.3, "temp_air_k": 299.45, "temp_surface_c": 26.1, "temp_surface_k": 299.25, "elevation_m": 120.0, "center_lat": -5.8476, "center_lon": 107.8182, "cycle_utc": "2026-09-17T00:00:00Z"}}, {"type": "Feature", "geometry": {"type": "Polygon", "coordinates": [[[107.95454545454545, -5.895238095238096], [108.22727272727273, -5.895238095238096], [108.22727272727273, -5.8], [107.95454545454545, -5.8], [107.95454545454545, -5.895238095238096]]]}, "properties": {"temp_air_c": 26.2, "temp_air_k": 299.35, "temp_surface_c": 25.6, "temp_surface_k": 298.75, "elevation_m": 120.0, "center_lat": -5.8476, "center_lon": 108.0909, "cycle_utc": "2026-09-17T00:00:00Z"}}, {"type": "Feature", "geometry": {"type": "Polygon", "coordinates": [[[108.22727272727273, -5.895238095238096], [108.5, -5.895238095238096], [108.5, -5.8], [108.22727272727273, -5.8], [108.22727272727273, -5.895238095238096]]]}, "properties": {"temp_air_c": 26.8, "temp_air_k": 299.95, "temp_surface_c": 26.0, "temp_surface_k": 299.15, "elevation_m": 120.0, "center_lat": -5.8476, "center_lon": 108.3636, "cycle_utc": "2026-09-17T00:00:00Z"}}, {"type": "Feature", "geometry": {"type": "Polygon", "coordinates": [[[108.5, -5.895238095238096], [108.77272727272727, -5.895238095238096], [108.77272727272727, -5.8], [108.5, -5.8], [108.5, -5.895238095238096]]]}, "properties": {"temp_air_c": 26.8, "temp_air_k": 299.95, "temp_surface_c": 26.0, "temp_surface_k": 299.15, "elevation_m": 120.0, "center_lat": -5.8476, "center_lon": 108.6364, "cycle_utc": "2026-09-17T00:00:00Z"}}, {"type": "Feature", "geometry": {"type": "Polygon", "coordinates": [[[108.77272727272727, -5.895238095238096], [109.04545454545455, -5.895238095238096], [109.04545454545455, -5.8], [108.77272727272727, -5.8], [108.77272727272727, -5.895238095238096]]]}, "properties": {"temp_air_c": 26.5, "temp_air_k": 299.65, "temp_surface_c": 25.6, "temp_surface_k": 298.75, "elevation_m": 120.0, "center_lat": -5.8476, "center_lon": 108.9091, "cycle_utc": "2026-09-17T00:00:00Z"}}, {"type": "Feature", "geometry": {"type": "Polygon", "coordinates": [[[109.04545454545455, -5.895238095238096], [109.31818181818181, -5.895238095238096], [109.31818181818181, -5.8], [109.04545454545455, -5.8], [109.04545454545455, -5.895238095238096]]]}, "properties": {"temp_air_c": 26.4, "temp_air_k": 299.55, "temp_surface_c": 25.8, "temp_surface_k": 298.95, "elevation_m": 120.0, "center_lat": -5.8476, "center_lon": 109.1818, "cycle_utc": "2026-09-17T00:00:00Z"}}, {"type": "Feature", "geometry": {"type": "Polygon", "coordinates": [[[109.31818181818181, -5.895238095238096], [109.5909090909091, -5.895238095238096], [109.5909090909091, -5.8], [109.31818181818181, -5.8], [109.31818181818181, -5.895238095238096]]]}, "properties": {"temp_air_c": 26.5, "temp_air_k": 299.65, "temp_surface_c": 24.8, "temp_surface_k": 297.95, "elevation_m": 120.0, "center_lat": -5.8476, "center_lon": 109.4545, "cycle_utc": "2026-09-17T00:00:00Z"}}, {"type": "Feature", "geometry": {"type": "Polygon", "coordinates": [[[109.5909090909091, -5.895238095238096], [109.86363636363636, -5.895238095238096], [109.86363636363636, -5.8], [109.5909090909091, -5.8], [109.5909090909091, -5.895238095238096]]]}, "properties": {"temp_air_c": 26.8, "temp_air_k": 299.95, "temp_surface_c": 25.8, "temp_surface_k": 298.95, "elevation_m": 120.0, "center_lat": -5.8476, "center_lon": 109.7273, "cycle_utc": "2026-09-17T00:00:00Z"}}, {"type": "Feature", "geometry": {"type": "Polygon", "coordinates": [[[109.86363636363636, -5.895238095238096], [110.13636363636364, -5.895238095238096], [110.13636363636364, -5.8], [109.86363636363636, -5.8], [109.86363636363636, -5.895238095238096]]]}, "properties": {"temp_air_c": 26.4, "temp_air_k": 299.55, "temp_surface_c": 26.5, "temp_surface_k": 299.65, "elevation_m": 120.0, "center_lat": -5.8476, "center_lon": 110.0, "cycle_utc": "2026-09-17T00:00:00Z"}}, {"type": "Feature", "geometry": {"type": "Polygon", "coordinates": [[[110.13636363636364, -5.895238095238096], [110.4090909090909, -5.895238095238096], [110.4090909090909, -5.8], [110.13636363636364, -5.8], [110.13636363636364, -5.895238095238096]]]}, "properties": {"temp_air_c": 26.8, "temp_air_k": 299.95, "temp_surface_c": 25.4, "temp_surface_k": 298.55, "elevation_m": 120.0, "center_lat": -5.8476, "center_lon": 110.2727, "cycle_utc": "2026-09-17T00:00:00Z"}}, {"type": "Feature", "geometry": {"type": "Polygon", "coordinates": [[[110.4090909090909, -5.895238095238096], [110.68181818181819, -5.895238095238096], [110.68181818181819, -5.8], [110.4090909090909, -5.8], [110.4090909090909, -5.895238095238096]]]}, "properties": {"temp_air_c": 26.3, "temp_air_k": 299.45, "temp_surface_c": 25.1, "temp_surface_k": 298.25, "elevation_m": 120.0, "center_lat": -5.8476, "center_lon": 110.5455, "cycle_utc": "2026-09-17T00:00:00Z"}}, {"type": "Feature", "geometry": {"type": "Polygon", "coordinates": [[[110.68181818181819, -5.895238095238096], [110.95454545454545, -5.895238095238096], [110.95454545454545, -5.8], [110.68181818181819, -5.8], [110.68181818181819, -5.895238095238096]]]}, "properties": {"temp_air_c": 26.6, "temp_air_k": 299.75, "temp_surface_c": 26.3, "temp_surface_k": 299.45, "elevation_m": 120.0, "center_lat": -5.8476, "center_lon": 110.8182, "cycle_utc": "2026-09-17T00:00:00Z"}}, {"type": "Feature", "geometry": {"type": "Polygon", "coordinates": [[[110.95454545454545, -5.895238095238096], [111.22727272727272, -5.895238095238096], [111.22727272727272, -5.8], [110.95454545454545, -5.8], [110.95454545454545, -5.895238095238096]]]}, "properties": {"temp_air_c": 26.5, "temp_air_k": 299.65, "temp_surface_c": 26.6, "temp_surface_k": 299.75, "elevation_m": 120.0, "center_lat": -5.8476, "center_lon": 111.0909, "cycle_utc": "2026-09-17T00:00:00Z"}}, {"type": "Feature", "geometry": {"type": "Polygon", "coordinates": [[[111.22727272727272, -5.895238095238096], [111.5, -5.895238095238096], [111.5, -5.8], [111.22727272727272, -5.8], [111.22727272727272, -5.895238095238096]]]}, "properties": {"temp_air_c": 26.0, "temp_air_k": 299.15, "temp_surface_c": 26.3, "temp_surface_k": 299.45, "elevation_m": 120.0, "center_lat": -5.8476, "center_lon": 111.3636, "cycle_utc": "2026-09-17T00:00:00Z"}}, {"type": "Feature", "geometry": {"type": "Polygon", "coordinates": [[[111.5, -5.895238095238096], [111.77272727272727, -5.895238095238096], [111.77272727272727, -5.8], [111.5, -5.8], [111.5, -5.895238095238096]]]}, "properties": {"temp_air_c": 26.4, "temp_air_k": 299.55, "temp_surface_c": 25.6, "temp_surface_k": 298.75, "elevation_m": 120.0, "center_lat": -5.8476, "center_lon": 111.6364, "cycle_utc": "2026-09-17T00:00:00Z"}}, {"type": "Feature", "geometry": {"type": "Polygon", "coordinates": [[[111.77272727272727, -5.895238095238096], [112.04545454545455, -5.895238095238096], [112.04545454545455, -5.8], [111.77272727272727, -5.8], [111.77272727272727, -5.895238095238096]]]}, "properties": {"temp_air_c": 25.7, "temp_air_k": 298.85, "temp_surface_c": 25.4, "temp_surface_k": 298.55, "elevation_m": 120.0, "center_lat": -5.8476, "center_lon": 111.9091, "cycle_utc": "2026-09-17T00:00:00Z"}}, {"type": "Feature", "geometry": {"type": "Polygon", "coordinates": [[[112.04545454545455, -5.895238095238096], [112.31818181818181, -5.895238095238096], [112.31818181818181, -5.8], [112.04545454545455, -5.8], [112.04545454545455, -5.895238095238096]]]}, "properties": {"temp_air_c": 26.2, "temp_air_k": 299.35, "temp_surface_c": 24.8, "temp_surface_k": 297.95, "elevation_m": 120.0, "center_lat": -5.8476, "center_lon": 112.1818, "cycle_utc": "2026-09-17T00:00:00Z"}}, {"type": "Feature", "geometry": {"type": "Polygon", "coordinates": [[[112.31818181818181, -5.895238095238096], [112.5909090909091, -5.895238095238096], [112.5909090909091, -5.8], [112.31818181818181, -5.8], [112.31818181818181, -5.895238095238096]]]}, "properties": {"temp_air_c": 26.5, "temp_air_k": 299.65, "temp_surface_c": 25.0, "temp_surface_k": 298.15, "elevation_m": 120.0, "center_lat": -5.8476, "center_lon": 112.4545, "cycle_utc": "2026-09-17T00:00:00Z"}}, {"type": "Feature", "geometry": {"type": "Polygon", "coordinates": [[[112.5909090909091, -5.895238095238096], [112.86363636363636, -5.895238095238096], [112.86363636363636, -5.8], [112.5909090909091, -5.8], [112.5909090909091, -5.895238095238096]]]}, "properties": {"temp_air_c": 26.5, "temp_air_k": 299.65, "temp_surface_c": 25.7, "temp_surface_k": 298.85, "elevation_m": 120.0, "center_lat": -5.8476, "center_lon": 112.7273, "cycle_utc": "2026-09-17T00:00:00Z"}}, {"type": "Feature", "geometry": {"type": "Polygon", "coordinates": [[[112.86363636363636, -5.895238095238096], [113.13636363636364, -5.895238095238096], [113.13636363636364, -5.8], [112.86363636363636, -5.8], [112.86363636363636, -5.895238095238096]]]}, "properties": {"temp_air_c": 26.0, "temp_air_k": 299.15, "temp_surface_c": 25.8, "temp_surface_k": 298.95, "elevation_m": 120.0, "center_lat": -5.8476, "center_lon": 113.0, "cycle_utc": "2026-09-17T00:00:00Z"}}, {"type": "Feature", "geometry": {"type": "Polygon", "coordinates": [[[113.13636363636364, -5.895238095238096], [113.4090909090909, -5.895238095238096], [113.4090909090909, -5.8], [113.13636363636364, -5.8], [113.13636363636364, -5.895238095238096]]]}, "properties": {"temp_air_c": 26.8, "temp_air_k": 299.95, "temp_surface_c": 25.8, "temp_surface_k": 298.95, "elevation_m": 120.0, "center_lat": -5.8476, "center_lon": 113.2727, "cycle_utc": "2026-09-17T00:00:00Z"}}, {"type": "Feature", "geometry": {"type": "Polygon", "coordinates": [[[113.4090909090909, -5.895238095238096], [113.68181818181819, -5.895238095238096], [113.68181818181819, -5.8], [113.4090909090909, -5.8], [113.4090909090909, -5.895238095238096]]]}, "properties": {"temp_air_c": 26.3, "temp_air_k": 299.45, "temp_surface_c": 25.7, "temp_surface_k": 298.85, "elevation_m": 120.0, "center_lat": -5.8476, "center_lon": 113.5455, "cycle_utc": "2026-09-17T00:00:00Z"}}, {"type": "Feature", "geometry": {"type": "Polygon", "coordinates": [[[113.68181818181819, -5.895238095238096], [113.95454545454545, -5.895238095238096], [113.95454545454545, -5.8], [113.68181818181819, -5.8], [113.68181818181819, -5.895238095238096]]]}, "properties": {"temp_air_c": 27.0, "temp_air_k": 300.15, "temp_surface_c": 25.7, "temp_surface_k": 298.85, "elevation_m": 120.0, "center_lat": -5.8476, "center_lon": 113.8182, "cycle_utc": "2026-09-17T00:00:00Z"}}, {"type": "Feature", "geometry": {"type": "Polygon", "coordinates": [[[113.95454545454545, -5.895238095238096], [114.22727272727272, -5.895238095238096], [114.22727272727272, -5.8], [113.95454545454545, -5.8], [113.95454545454545, -5.895238095238096]]]}, "properties": {"temp_air_c": 27.5, "temp_air_k": 300.65, "temp_surface_c": 25.3, "temp_surface_k": 298.45, "elevation_m": 120.0, "center_lat": -5.8476, "center_lon": 114.0909, "cycle_utc": "2026-09-17T00:00:00Z"}}, {"type": "Feature", "geometry": {"type": "Polygon", "coordinates": [[[114.22727272727272, -5.895238095238096], [114.5, -5.895238095238096], [114.5, -5.8], [114.22727272727272, -5.8], [114.22727272727272, -5.895238095238096]]]}, "properties": {"temp_air_c": 26.3, "temp_air_k": 299.45, "temp_surface_c": 26.3, "temp_surface_k": 299.45, "elevation_m": 120.0, "center_lat": -5.8476, "center_lon": 114.3636, "cycle_utc": "2026-09-17T00:00:00Z"}}]}