{"type": "FeatureCollection", "features": [{"type": "Feature", "geometry": {"type": "Polygon", "coordinates": [[[106.5, -6.55], [106.5421052631579, -6.55], [106.5421052631579, -6.517647058823529], [106.5, -6.517647058823529], [106.5, -6.55]]]}, "properties": {"elevation_m": 329.4}}, {"type": "Feature", "geometry": {"type": "Polygon", "coordinates": [[[106.5421052631579, -6.55], [106.58421052631579, -6.55], [106.58421052631579, -6.517647058823529], [106.5421052631579, -6.517647058823529], [106.5421052631579, -6.55]]]}, "properties": {"elevation_m": 338.1}}, {"type": "Feature", "geometry": {"type": "Polygon", "coordinates": [[[106.58421052631579, -6.55], [106.62631578947368, -6.55], [106.62631578947368, -6.517647058823529], [106.58421052631579, -6.517647058823529], [106.58421052631579, -6.55]]]}, "properties": {"elevation_m": 343.5}}, {"type": "Feature", "geometry": {"type": "Polygon", "coordinates": [[[106.62631578947368, -6.55], [106.66842105263157, -6.55], [106.66842105263157, -6.517647058823529], [106.62631578947368, -6.517647058823529], [106.62631578947368, -6.55]]]}, "properties": {"elevation_m": 355.3}}, {"type": "Feature", "geometry": {"type": "Polygon", "coordinates": [[[106.66842105263157, -6.55], [106.71052631578948, -6.55], [106.71052631578948, -6.517647058823529], [106.66842105263157, -6.517647058823529], [106.66842105263157, -6.55]]]}, "properties": {"elevation_m": 380.9}}, {"type": "Feature", "geometry": {"type": "Polygon", "coordinates": [[[106.71052631578948, -6.55], [106.75263157894737, -6.55], [106.75263157894737, -6.517647058823529], [106.71052631578948, -6.517647058823529], [106.71052631578948, -6.55]]]}, "properties": {"elevation_m": 399.5}}, {"type": "Feature", "geometry": {"type": "Polygon", "coordinates": [[[106.75263157894737, -6.55], [106.79473684210527, -6.55], [106.79473684210527, -6.517647058823529], [106.75263157894737, -6.517647058823529], [106.75263157894737, -6.55]]]}, "properties": {"elevation_m": 411.8}}, {"type": "Feature", "geometry": {"type": "Polygon", "coordinates": [[[106.79473684210527, -6.55], [106.83684210526316, -6.55], [106.83684210526316, -6.517647058823529], [106.79473684210527, -6.517647058823529], [106.79473684210527, -6.55]]]}, "properties": {"elevation_m": 433.4}}, {"type": "Feature", "geometry": {"type": "Polygon", "coordinates": [[[106.83684210526316, -6.55], [106.87894736842105, -6.55], [106.87894736842105, -6.517647058823529], [106.83684210526316, -6.517647058823529], [106.83684210526316, -6.55]]]}, "properties": {"elevation_m": 452.8}}, {"type": "Feature", "geometry": {"type": "Polygon", "coordinates": [[[106.87894736842105, -6.55], [106.92105263157895, -6.55], [106.92105263157895, -6.517647058823529], [106.87894736842105, -6.517647058823529], [106.87894736842105, -6.55]]]}, "properties": {"elevation_m": 512.4}}, {"type": "Feature", "geometry": {"type": "Polygon", "coordinates": [[[106.92105263157895, -6.55], [106.96315789473684, -6.55], [106.96315789473684, -6.517647058823529], [106.92105263157895, -6.517647058823529], [106.92105263157895, -6.55]]]}, "properties": {"elevation_m": 569.6}}, {"type": "Feature", "geometry": {"type": "Polygon", "coordinates": [[[106.96315789473684, -6.55], [107.00526315789473, -6.55], [107.00526315789473, -6.517647058823529], [106.96315789473684, -6.517647058823529], [106.96315789473684, -6.55]]]}, "properties": {"elevation_m": 592.7}}, {"type": "Feature", "geometry": {"type": "Polygon", "coordinates": [[[107.00526315789473, -6.55], [107.04736842105262, -6.55], [107.04736842105262, -6.517647058823529], [107.00526315789473, -6.517647058823529], [107.00526315789473, -6.55]]]}, "properties": {"elevation_m": 585.2}}, {"type": "Feature", "geometry": {"type": "Polygon", "coordinates": [[[107.04736842105262, -6.55], [107.08947368421052, -6.55], [107.08947368421052, -6.517647058823529], [107.04736842105262, -6.517647058823529], [107.04736842105262, -6.55]]]}, "properties": {"elevation_m": 581.9}}, {"type": "Feature", "geometry": {"type": "Polygon", "coordinates": [[[107.08947368421052, -6.55], [107.13157894736842, -6.55], [107.13157894736842, -6.517647058823529], [107.08947368421052, -6.517647058823529], [107.08947368421052, -6.55]]]}, "properties": {"elevation_m": 536.9}}, {"type": "Feature", "geometry": {"type": "Polygon", "coordinates": [[[107.13157894736842, -6.55], [107.17368421052632, -6.55], [107.17368421052632, -6.517647058823529], [107.13157894736842, -6.517647058823529], [107.13157894736842, -6.55]]]}, "properties": {"elevation_m": 525.9}}, {"type": "Feature", "geometry": {"type": "Polygon", "coordinates": [[[107.17368421052632, -6.55], [107.21578947368421, -6.55], [107.21578947368421, -6.517647058823529], [107.17368421052632, -6.517647058823529], [107.17368421052632, -6.55]]]}, "properties": {"elevation_m": 506.8}}, {"type": "Feature", "geometry": {"type": "Polygon", "coordinates": [[[107.21578947368421, -6.55], [107.2578947368421, -6.55], [107.2578947368421, -6.517647058823529], [107.21578947368421, -6.517647058823529], [107.21578947368421, -6.55]]]}, "properties": {"elevation_m": 470.1}}, {"type": "Feature", "geometry": {"type": "Polygon", "coordinates": [[[107.2578947368421, -6.55], [107.3, -6.55], [107.3, -6.517647058823529], [107.2578947368421, -6.517647058823529], [107.2578947368421, -6.55]]]}, "properties": {"elevation_m": 465.9}}, {"type": "Feature", "geometry": {"type": "Polygon", "coordinates": [[[106.5, -6.517647058823529], [106.5421052631579, -6.517647058823529], [106.5421052631579, -6.485294117647059], [106.5, -6.485294117647059], [106.5, -6.517647058823529]]]}, "properties": {"elevation_m": 318.6}}, {"type": "Feature", "geometry": {"type": "Polygon", "coordinates": [[[106.5421052631579, -6.517647058823529], [106.58421052631579, -6.517647058823529], [106.58421052631579, -6.485294117647059], [106.5421052631579, -6.485294117647059], [106.5421052631579, -6.517647058823529]]]}, "properties": {"elevation_m": 322.1}}, {"type": "Feature", "geometry": {"type": "Polygon", "coordinates": [[[106.58421052631579, -6.517647058823529], [106.62631578947368, -6.517647058823529], [106.62631578947368, -6.485294117647059], [106.58421052631579, -6.485294117647059], [106.58421052631579, -6.517647058823529]]]}, "properties": {"elevation_m": 339.0}}, {"type": "Feature", "geometry": {"type": "Polygon", "coordinates": [[[106.62631578947368, -6.517647058823529], [106.66842105263157, -6.517647058823529], [106.66842105263157, -6.485294117647059], [106.62631578947368, -6.485294117647059], [106.62631578947368, -6.517647058823529]]]}, "properties": {"elevation_m": 333.2}}, {"type": "Feature", "geometry": {"type": "Polygon", "coordinates": [[[106.66842105263157, -6.517647058823529], [106.71052631578948, -6.517647058823529], [106.71052631578948, -6.485294117647059], [106.66842105263157, -6.485294117647059], [106.66842105263157, -6.517647058823529]]]}, "properties": {"elevation_m": 355.8}}, {"type": "Feature", "geometry": {"type": "Polygon", "coordinates": [[[106.71052631578948, -6.517647058823529], [106.75263157894737, -6.517647058823529], [106.75263157894737, -6.485294117647059], [106.71052631578948, -6.485294117647059], [106.71052631578948, -6.517647058823529]]]}, "properties": {"elevation_m": 372.4}}, {"type": "Feature", "geometry": {"type": "Polygon", "coordinates": [[[106.75263157894737, -6.517647058823529], [106.79473684210527, -6.517647058823529], [106.79473684210527, -6.485294117647059], [106.75263157894737, -6.485294117647059], [106.75263157894737, -6.517647058823529]]]}, "properties": {"elevation_m": 396.2}}, {"type": "Feature", "geometry": {"type": "Polygon", "coordinates": [[[106.79473684210527, -6.517647058823529], [106.83684210526316, -6.517647058823529], [106.83684210526316, -6.485294117647059], [106.79473684210527, -6.485294117647059], [106.79473684210527, -6.517647058823529]]]}, "properties": {"elevation_m": 402.6}}, {"type": "Feature", "geometry": {"type": "Polygon", "coordinates": [[[106.83684210526316, -6.517647058823529], [106.87894736842105, -6.517647058823529], [106.87894736842105, -6.485294117647059], [106.83684210526316, -6.485294117647059], [106.83684210526316, -6.517647058823529]]]}, "properties": {"elevation_m": 454.2}}, {"type": "Feature", "geometry": {"type": "Polygon", "coordinates": [[[106.87894736842105, -6.517647058823529], [106.92105263157895, -6.517647058823529], [106.92105263157895, -6.485294117647059], [106.87894736842105, -6.485294117647059], [106.87894736842105, -6.517647058823529]]]}, "properties": {"elevation_m": 453.6}}, {"type": "Feature", "geometry": {"type": "Polygon", "coordinates": [[[106.92105263157895, -6.517647058823529], [106.96315789473684, -6.517647058823529], [106.96315789473684, -6.485294117647059], [106.92105263157895, -6.485294117647059], [106.92105263157895, -6.517647058823529]]]}, "properties": {"elevation_m": 514.4}}, {"type": "Feature", "geometry": {"type": "Polygon", "coordinates": [[[106.96315789473684, -6.517647058823529], [107.00526315789473, -6.517647058823529], [107.00526315789473, -6.485294117647059], [106.96315789473684, -6.485294117647059], [106.96315789473684, -6.517647058823529]]]}, "properties": {"elevation_m": 554.7}}, {"type": "Feature", "geometry": {"type": "Polygon", "coordinates": [[[107.00526315789473, -6.517647058823529], [107.04736842105262, -6.517647058823529], [107.04736842105262, -6.485294117647059], [107.00526315789473, -6.485294117647059], [107.00526315789473, -6.517647058823529]]]}, "properties": {"elevation_m": 554.1}}, {"type": "Feature", "geometry": {"type": "Polygon", "coordinates": [[[107.04736842105262, -6.517647058823529], [107.08947368421052, -6.517647058823529], [107.08947368421052, -6.485294117647059], [107.04736842105262, -6.485294117647059], [107.04736842105262, -6.517647058823529]]]}, "properties": {"elevation_m": 537.2}}, {"type": "Feature", "geometry": {"type": "Polygon", "coordinates": [[[107.08947368421052, -6.517647058823529], [107.13157894736842, -6.517647058823529], [107.13157894736842, -6.485294117647059], [107.08947368421052, -6.485294117647059], [107.08947368421052, -6.517647058823529]]]}, "properties": {"elevation_m": 516.5}}, {"type": "Feature", "geometry": {"type": "Polygon", "coordinates": [[[107.13157894736842, -6.517647058823529], [107.17368421052632, -6.517647058823529], [107.17368421052632, -6.485294117647059], [107.13157894736842, -6.485294117647059], [107.13157894736842, -6.517647058823529]]]}, "properties": {"elevation_m": 482.1}}, {"type": "Feature", "geometry": {"type": "Polygon", "coordinates": [[[107.17368421052632, -6.517647058823529], [107.21578947368421, -6.517647058823529], [107.21578947368421, -6.485294117647059], [107.17368421052632, -6.485294117647059], [107.17368421052632, -6.517647058823529]]]}, "properties": {"elevation_m": 494.5}}, {"type": "Feature", "geometry": {"type": "Polygon", "coordinates": [[[107.21578947368421, -6.517647058823529], [107.2578947368421, -6.517647058823529], [107.2578947368421, -6.485294117647059], [107.21578947368421, -6.485294117647059], [107.21578947368421, -6.517647058823529]]]}, "properties": {"elevation_m": 459.8}}, {"type": "Feature", "geometry": {"type": "Polygon", "coordinates": [[[107.2578947368421, -6.517647058823529], [107.3, -6.517647058823529], [107.3, -6.485294117647059], [107.2578947368421, -6.485294117647059], [107.2578947368421, -6.517647058823529]]]}, "properties": {"elevation_m": 455.0}}, {"type": "Feature", "geometry": {"type": "Polygon", "coordinates": [[[106.5, -6.485294117647059], [106.5421052631579, -6.485294117647059], [106.5421052631579, -6.452941176470588], [106.5, -6.452941176470588], [106.5, -6.485294117647059]]]}, "properties": {"elevation_m": 311.2}}, {"type": "Feature", "geometry": {"type": "Polygon", "coordinates": [[[106.5421052631579, -6.485294117647059], [106.58421052631579, -6.485294117647059], [106.58421052631579, -6.452941176470588], [106.5421052631579, -6.452941176470588], [106.5421052631579, -6.485294117647059]]]}, "properties": {"elevation_m": 313.8}}, {"type": "Feature", "geometry": {"type": "Polygon", "coordinates": [[[106.58421052631579, -6.485294117647059], [106.62631578947368, -6.485294117647059], [106.62631578947368, -6.452941176470588], [106.58421052631579, -6.452941176470588], [106.58421052631579, -6.485294117647059]]]}, "properties": {"elevation_m": 318.5}}, {"type": "Feature", "geometry": {"type": "Polygon", "coordinates": [[[106.62631578947368, -6.485294117647059], [106.66842105263157, -6.485294117647059], [106.66842105263157, -6.452941176470588], [106.62631578947368, -6.452941176470588], [106.62631578947368, -6.485294117647059]]]}, "properties": {"elevation_m": 316.8}}, {"type": "Feature", "geometry": {"type": "Polygon", "coordinates": [[[106.66842105263157, -6.485294117647059], [106.71052631578948, -6.485294117647059], [106.71052631578948, -6.452941176470588], [106.66842105263157, -6.452941176470588], [106.66842105263157, -6.485294117647059]]]}, "properties": {"elevation_m": 331.7}}, {"type": "Feature", "geometry": {"type": "Polygon", "coordinates": [[[106.71052631578948, -6.485294117647059], [106.75263157894737, -6.485294117647059], [106.75263157894737, -6.452941176470588], [106.71052631578948, -6.452941176470588], [106.71052631578948, -6.485294117647059]]]}, "properties": {"elevation_m": 345.1}}, {"type": "Feature", "geometry": {"type": "Polygon", "coordinates": [[[106.75263157894737, -6.485294117647059], [106.79473684210527, -6.485294117647059], [106.79473684210527, -6.452941176470588], [106.75263157894737, -6.452941176470588], [106.75263157894737, -6.485294117647059]]]}, "properties": {"elevation_m": 359.2}}, {"type": "Feature", "geometry": {"type": "Polygon", "coordinates": [[[106.79473684210527, -6.485294117647059], [106.83684210526316, -6.485294117647059], [106.83684210526316, -6.452941176470588], [106.79473684210527, -6.452941176470588], [106.79473684210527, -6.485294117647059]]]}, "properties": {"elevation_m": 371.5}}, {"type": "Feature", "geometry": {"type": "Polygon", "coordinates": [[[106.83684210526316, -6.485294117647059], [106.87894736842105, -6.485294117647059], [106.87894736842105, -6.452941176470588], [106.83684210526316, -6.452941176470588], [106.83684210526316, -6.485294117647059]]]}, "properties": {"elevation_m": 403.0}}, {"type": "Feature", "geometry": {"type": "Polygon", "coordinates": [[[106.87894736842105, -6.485294117647059], [106.92105263157895, -6.485294117647059], [106.92105263157895, -6.452941176470588], [106.87894736842105, -6.452941176470588], [106.87894736842105, -6.485294117647059]]]}, "properties": {"elevation_m": 437.2}}, {"type": "Feature", "geometry": {"type": "Polygon", "coordinates": [[[106.92105263157895, -6.485294117647059], [106.96315789473684, -6.485294117647059], [106.96315789473684, -6.452941176470588], [106.92105263157895, -6.452941176470588], [106.92105263157895, -6.485294117647059]]]}, "properties": {"elevation_m": 474.1}}, {"type": "Feature", "geometry": {"type": "Polygon", "coordinates": [[[106.96315789473684, -6.485294117647059], [107.00526315789473, -6.485294117647059], [107.00526315789473, -6.452941176470588], [106.96315789473684, -6.452941176470588], [106.96315789473684, -6.485294117647059]]]}, "properties": {"elevation_m": 499.5}}, {"type": "Feature", "geometry": {"type": "Polygon", "coordinates": [[[107.00526315789473, -6.485294117647059], [107.04736842105262, -6.485294117647059], [107.04736842105262, -6.452941176470588], [107.00526315789473, -6.452941176470588], [107.00526315789473, -6.485294117647059]]]}, "properties": {"elevation_m": 513.4}}, {"type": "Feature", "geometry": {"type": "Polygon", "coordinates": [[[107.04736842105262, -6.485294117647059], [107.08947368421052, -6.485294117647059], [107.08947368421052, -6.452941176470588], [107.04736842105262, -6.452941176470588], [107.04736842105262, -6.485294117647059]]]}, "properties": {"elevation_m": 506.7}}, {"type": "Feature", "geometry": {"type": "Polygon", "coordinates": [[[107.08947368421052, -6.485294117647059], [107.13157894736842, -6.485294117647059], [107.13157894736842, -6.452941176470588], [107.08947368421052, -6.452941176470588], [107.08947368421052, -6.485294117647059]]]}, "properties": {"elevation_m": 510.7}}, {"type": "Feature", "geometry": {"type": "Polygon", "coordinates": [[[107.13157894736842, -6.485294117647059], [107.17368421052632, -6.485294117647059], [107.17368421052632, -6.452941176470588], [107.13157894736842, -6.452941176470588], [107.13157894736842, -6.485294117647059]]]}, "properties": {"elevation_m": 490.0}}, {"type": "Feature", "geometry": {"type": "Polygon", "coordinates": [[[107.17368421052632, -6.485294117647059], [107.21578947368421, -6.485294117647059], [107.21578947368421, -6.452941176470588], [107.17368421052632, -6.452941176470588], [107.17368421052632, -6.485294117647059]]]}, "properties": {"elevation_m": 476.0}}, {"type": "Feature", "geometry": {"type": "Polygon", "coordinates": [[[107.21578947368421, -6.485294117647059], [107.2578947368421, -6.485294117647059], [107.2578947368421, -6.452941176470588], [107.21578947368421, -6.452941176470588], [107.21578947368421, -6.485294117647059]]]}, "properties": {"elevation_m": 458.0}}, {"type": "Feature", "geometry": {"type": "Polygon", "coordinates": [[[107.2578947368421, -6.485294117647059], [107.3, -6.485294117647059], [107.3, -6.452941176470588], [107.2578947368421, -6.452941176470588], [107.2578947368421, -6.485294117647059]]]}, "properties": {"elevation_m": 447.8}}, {"type": "Feature", "geometry": {"type": "Polygon", "coordinates": [[[106.5, -6.452941176470588], [106.5421052631579, -6.452941176470588], [106.5421052631579, -6.420588235294118], [106.5, -6.420588235294118], [106.5, -6.452941176470588]]]}, "properties": {"elevation_m": 289.6}}, {"type": "Feature", "geometry": {"type": "Polygon", "coordinates": [[[106.5421052631579, -6.452941176470588], [106.58421052631579, -6.452941176470588], [106.58421052631579, -6.420588235294118], [106.5421052631579, -6.420588235294118], [106.5421052631579, -6.452941176470588]]]}, "properties": {"elevation_m": 299.1}}, {"type": "Feature", "geometry": {"type": "Polygon", "coordinates": [[[106.58421052631579, -6.452941176470588], [106.62631578947368, -6.452941176470588], [106.62631578947368, -6.420588235294118], [106.58421052631579, -6.420588235294118], [106.58421052631579, -6.452941176470588]]]}, "properties": {"elevation_m": 302.5}}, {"type": "Feature", "geometry": {"type": "Polygon", "coordinates": [[[106.62631578947368, -6.452941176470588], [106.66842105263157, -6.452941176470588], [106.66842105263157, -6.420588235294118], [106.62631578947368, -6.420588235294118], [106.62631578947368, -6.452941176470588]]]}, "properties": {"elevation_m": 312.9}}, {"type": "Feature", "geometry": {"type": "Polygon", "coordinates": [[[106.66842105263157, -6.452941176470588], [106.71052631578948, -6.452941176470588], [106.71052631578948, -6.420588235294118], [106.66842105263157, -6.420588235294118], [106.66842105263157, -6.452941176470588]]]}, "properties": {"elevation_m": 313.6}}, {"type": "Feature", "geometry": {"type": "Polygon", "coordinates": [[[106.71052631578948, -6.452941176470588], [106.75263157894737, -6.452941176470588], [106.75263157894737, -6.420588235294118], [106.71052631578948, -6.420588235294118], [106.71052631578948, -6.452941176470588]]]}, "properties": {"elevation_m": 323.7}}, {"type": "Feature", "geometry": {"type": "Polygon", "coordinates": [[[106.75263157894737, -6.452941176470588], [106.79473684210527, -6.452941176470588], [106.79473684210527, -6.420588235294118], [106.75263157894737, -6.420588235294118], [106.75263157894737, -6.452941176470588]]]}, "properties": {"elevation_m": 323.6}}, {"type": "Feature", "geometry": {"type": "Polygon", "coordinates": [[[106.79473684210527, -6.452941176470588], [106.83684210526316, -6.452941176470588], [106.83684210526316, -6.420588235294118], [106.79473684210527, -6.420588235294118], [106.79473684210527, -6.452941176470588]]]}, "properties": {"elevation_m": 358.6}}, {"type": "Feature", "geometry": {"type": "Polygon", "coordinates": [[[106.83684210526316, -6.452941176470588], [106.87894736842105, -6.452941176470588], [106.87894736842105, -6.420588235294118], [106.83684210526316, -6.420588235294118], [106.83684210526316, -6.452941176470588]]]}, "properties": {"elevation_m": 380.4}}, {"type": "Feature", "geometry": {"type": "Polygon", "coordinates": [[[106.87894736842105, -6.452941176470588], [106.92105263157895, -6.452941176470588], [106.92105263157895, -6.420588235294118], [106.87894736842105, -6.420588235294118], [106.87894736842105, -6.452941176470588]]]}, "properties": {"elevation_m": 402.6}}, {"type": "Feature", "geometry": {"type": "Polygon", "coordinates": [[[106.92105263157895, -6.452941176470588], [106.96315789473684, -6.452941176470588], [106.96315789473684, -6.420588235294118], [106.92105263157895, -6.420588235294118], [106.92105263157895, -6.452941176470588]]]}, "properties": {"elevation_m": 399.3}}, {"type": "Feature", "geometry": {"type": "Polygon", "coordinates": [[[106.96315789473684, -6.452941176470588], [107.00526315789473, -6.452941176470588], [107.00526315789473, -6.420588235294118], [106.96315789473684, -6.420588235294118], [106.96315789473684, -6.452941176470588]]]}, "properties": {"elevation_m": 436.2}}, {"type": "Feature", "geometry": {"type": "Polygon", "coordinates": [[[107.00526315789473, -6.452941176470588], [107.04736842105262, -6.452941176470588], [107.04736842105262, -6.420588235294118], [107.00526315789473, -6.420588235294118], [107.00526315789473, -6.452941176470588]]]}, "properties": {"elevation_m": 468.8}}, {"type": "Feature", "geometry": {"type": "Polygon", "coordinates": [[[107.04736842105262, -6.452941176470588], [107.08947368421052, -6.452941176470588], [107.08947368421052, -6.420588235294118], [107.04736842105262, -6.420588235294118], [107.04736842105262, -6.452941176470588]]]}, "properties": {"elevation_m": 461.4}}, {"type": "Feature", "geometry": {"type": "Polygon", "coordinates": [[[107.08947368421052, -6.452941176470588], [107.13157894736842, -6.452941176470588], [107.13157894736842, -6.420588235294118], [107.08947368421052, -6.420588235294118], [107.08947368421052, -6.452941176470588]]]}, "properties": {"elevation_m": 463.2}}, {"type": "Feature", "geometry": {"type": "Polygon", "coordinates": [[[107.13157894736842, -6.452941176470588], [107.17368421052632, -6.452941176470588], [107.17368421052632, -6.420588235294118], [107.13157894736842, -6.420588235294118], [107.13157894736842, -6.452941176470588]]]}, "properties": {"elevation_m": 445.2}}, {"type": "Feature", "geometry": {"type": "Polygon", "coordinates": [[[107.17368421052632, -6.452941176470588], [107.21578947368421, -6.452941176470588], [107.21578947368421, -6.420588235294118], [107.17368421052632, -6.420588235294118], [107.17368421052632, -6.452941176470588]]]}, "properties": {"elevation_m": 460.0}}, {"type": "Feature", "geometry": {"type": "Polygon", "coordinates": [[[107.21578947368421, -6.452941176470588], [107.2578947368421, -6.452941176470588], [107.2578947368421, -6.420588235294118], [107.21578947368421, -6.420588235294118], [107.21578947368421, -6.452941176470588]]]}, "properties": {"elevation_m": 448.6}}, {"type": "Feature", "geometry": {"type": "Polygon", "coordinates": [[[107.2578947368421, -6.452941176470588], [107.3, -6.452941176470588], [107.3, -6.420588235294118], [107.2578947368421, -6.420588235294118], [107.2578947368421, -6.452941176470588]]]}, "properties": {"elevation_m": 426.1}}, {"type": "Feature", "geometry": {"type": "Polygon", "coordinates": [[[106.5, -6.420588235294118], [106.5421052631579, -6.420588235294118], [106.5421052631579, -6.388235294117647], [106.5, -6.388235294117647], [106.5, -6.420588235294118]]]}, "properties": {"elevation_m": 278.8}}, {"type": "Feature", "geometry": {"type": "Polygon", "coordinates": [[[106.5421052631579, -6.420588235294118], [106.58421052631579, -6.420588235294118], [106.58421052631579, -6.388235294117647], [106.5421052631579, -6.388235294117647], [106.5421052631579, -6.420588235294118]]]}, "properties": {"elevation_m": 286.1}}, {"type": "Feature", "geometry": {"type": "Polygon", "coordinates": [[[106.58421052631579, -6.420588235294118], [106.62631578947368, -6.420588235294118], [106.62631578947368, -6.388235294117647], [106.58421052631579, -6.388235294117647], [106.58421052631579, -6.420588235294118]]]}, "properties": {"elevation_m": 287.8}}, {"type": "Feature", "geometry": {"type": "Polygon", "coordinates": [[[106.62631578947368, -6.420588235294118], [106.66842105263157, -6.420588235294118], [106.66842105263157, -6.388235294117647], [106.62631578947368, -6.388235294117647], [106.62631578947368, -6.420588235294118]]]}, "properties": {"elevation_m": 275.3}}, {"type": "Feature", "geometry": {"type": "Polygon", "coordinates": [[[106.66842105263157, -6.420588235294118], [106.71052631578948, -6.420588235294118], [106.71052631578948, -6.388235294117647], [106.66842105263157, -6.388235294117647], [106.66842105263157, -6.420588235294118]]]}, "properties": {"elevation_m": 277.9}}, {"type": "Feature", "geometry": {"type": "Polygon", "coordinates": [[[106.71052631578948, -6.420588235294118], [106.75263157894737, -6.420588235294118], [106.75263157894737, -6.388235294117647], [106.71052631578948, -6.388235294117647], [106.71052631578948, -6.420588235294118]]]}, "properties": {"elevation_m": 299.1}}, {"type": "Feature", "geometry": {"type": "Polygon", "coordinates": [[[106.75263157894737, -6.420588235294118], [106.79473684210527, -6.420588235294118], [106.79473684210527, -6.388235294117647], [106.75263157894737, -6.388235294117647], [106.75263157894737, -6.420588235294118]]]}, "properties": {"elevation_m": 285.4}}, {"type": "Feature", "geometry": {"type": "Polygon", "coordinates": [[[106.79473684210527, -6.420588235294118], [106.83684210526316, -6.420588235294118], [106.83684210526316, -6.388235294117647], [106.79473684210527, -6.388235294117647], [106.79473684210527, -6.420588235294118]]]}, "properties": {"elevation_m": 319.6}}, {"type": "Feature", "geometry": {"type": "Polygon", "coordinates": [[[106.83684210526316, -6.420588235294118], [106.87894736842105, -6.420588235294118], [106.87894736842105, -6.388235294117647], [106.83684210526316, -6.388235294117647], [106.83684210526316, -6.420588235294118]]]}, "properties": {"elevation_m": 328.3}}, {"type": "Feature", "geometry": {"type": "Polygon", "coordinates": [[[106.87894736842105, -6.420588235294118], [106.92105263157895, -6.420588235294118], [106.92105263157895, -6.388235294117647], [106.87894736842105, -6.388235294117647], [106.87894736842105, -6.420588235294118]]]}, "properties": {"elevation_m": 361.5}}, {"type": "Feature", "geometry": {"type": "Polygon", "coordinates": [[[106.92105263157895, -6.420588235294118], [106.96315789473684, -6.420588235294118], [106.96315789473684, -6.388235294117647], [106.92105263157895, -6.388235294117647], [106.92105263157895, -6.420588235294118]]]}, "properties": {"elevation_m": 376.9}}, {"type": "Feature", "geometry": {"type": "Polygon", "coordinates": [[[106.96315789473684, -6.420588235294118], [107.00526315789473, -6.420588235294118], [107.00526315789473, -6.388235294117647], [106.96315789473684, -6.388235294117647], [106.96315789473684, -6.420588235294118]]]}, "properties": {"elevation_m": 401.0}}, {"type": "Feature", "geometry": {"type": "Polygon", "coordinates": [[[107.00526315789473, -6.420588235294118], [107.04736842105262, -6.420588235294118], [107.04736842105262, -6.388235294117647], [107.00526315789473, -6.388235294117647], [107.00526315789473, -6.420588235294118]]]}, "properties": {"elevation_m": 431.5}}, {"type": "Feature", "geometry": {"type": "Polygon", "coordinates": [[[107.04736842105262, -6.420588235294118], [107.08947368421052, -6.420588235294118], [107.08947368421052, -6.388235294117647], [107.04736842105262, -6.388235294117647], [107.04736842105262, -6.420588235294118]]]}, "properties": {"elevation_m": 437.5}}, {"type": "Feature", "geometry": {"type": "Polygon", "coordinates": [[[107.08947368421052, -6.420588235294118], [107.13157894736842, -6.420588235294118], [107.13157894736842, -6.388235294117647], [107.08947368421052, -6.388235294117647], [107.08947368421052, -6.420588235294118]]]}, "properties": {"elevation_m": 431.2}}, {"type": "Feature", "geometry": {"type": "Polygon", "coordinates": [[[107.13157894736842, -6.420588235294118], [107.17368421052632, -6.420588235294118], [107.17368421052632, -6.388235294117647], [107.13157894736842, -6.388235294117647], [107.13157894736842, -6.420588235294118]]]}, "properties": {"elevation_m": 439.1}}, {"type": "Feature", "geometry": {"type": "Polygon", "coordinates": [[[107.17368421052632, -6.420588235294118], [107.21578947368421, -6.420588235294118], [107.21578947368421, -6.388235294117647], [107.17368421052632, -6.388235294117647], [107.17368421052632, -6.420588235294118]]]}, "properties": {"elevation_m": 422.1}}, {"type": "Feature", "geometry": {"type": "Polygon", "coordinates": [[[107.21578947368421, -6.420588235294118], [107.2578947368421, -6.420588235294118], [107.2578947368421, -6.388235294117647], [107.21578947368421, -6.388235294117647], [107.21578947368421, -6.420588235294118]]]}, "properties": {"elevation_m": 429.3}}, {"type": "Feature", "geometry": {"type": "Polygon", "coordinates": [[[107.2578947368421, -6.420588235294118], [107.3, -6.420588235294118], [107.3, -6.388235294117647], [107.2578947368421, -6.388235294117647], [107.2578947368421, -6.420588235294118]]]}, "properties": {"elevation_m": 426.3}}, {"type": "Feature", "geometry": {"type": "Polygon", "coordinates": [[[106.5, -6.388235294117647], [106.5421052631579, -6.388235294117647], [106.5421052631579, -6.355882352941176], [106.5, -6.355882352941176], [106.5, -6.388235294117647]]]}, "properties": {"elevation_m": 286.3}}, {"type": "Feature", "geometry": {"type": "Polygon", "coordinates": [[[106.5421052631579, -6.388235294117647], [106.58421052631579, -6.388235294117647], [106.58421052631579, -6.355882352941176], [106.5421052631579, -6.355882352941176], [106.5421052631579, -6.388235294117647]]]}, "properties": {"elevation_m": 274.1}}, {"type": "Feature", "geometry": {"type": "Polygon", "coordinates": [[[106.58421052631579, -6.388235294117647], [106.62631578947368, -6.388235294117647], [106.62631578947368, -6.355882352941176], [106.58421052631579, -6.355882352941176], [106.58421052631579, -6.388235294117647]]]}, "properties": {"elevation_m": 271.2}}, {"type": "Feature", "geometry": {"type": "Polygon", "coordinates": [[[106.62631578947368, -6.388235294117647], [106.66842105263157, -6.388235294117647], [106.66842105263157, -6.355882352941176], [106.62631578947368, -6.355882352941176], [106.62631578947368, -6.388235294117647]]]}, "properties": {"elevation_m": 266.1}}, {"type": "Feature", "geometry": {"type": "Polygon", "coordinates": [[[106.66842105263157, -6.388235294117647], [106.71052631578948, -6.388235294117647], [106.71052631578948, -6.355882352941176], [106.66842105263157, -6.355882352941176], [106.66842105263157, -6.388235294117647]]]}, "properties": {"elevation_m": 269.2}}, {"type": "Feature", "geometry": {"type": "Polygon", "coordinates": [[[106.71052631578948, -6.388235294117647], [106.75263157894737, -6.388235294117647], [106.75263157894737, -6.355882352941176], [106.71052631578948, -6.355882352941176], [106.71052631578948, -6.388235294117647]]]}, "properties": {"elevation_m": 266.1}}, {"type": "Feature", "geometry": {"type": "Polygon", "coordinates": [[[106.75263157894737, -6.388235294117647], [106.79473684210527, -6.388235294117647], [106.79473684210527, -6.355882352941176], [106.75263157894737, -6.355882352941176], [106.75263157894737, -6.388235294117647]]]}, "properties": {"elevation_m": 262.5}}, {"type": "Feature", "geometry": {"type": "Polygon", "coordinates": [[[106.79473684210527, -6.388235294117647], [106.83684210526316, -6.388235294117647], [106.83684210526316, -6.355882352941176], [106.79473684210527, -6.355882352941176], [106.79473684210527, -6.388235294117647]]]}, "properties": {"elevation_m": 280.9}}, {"type": "Feature", "geometry": {"type": "Polygon", "coordinates": [[[106.83684210526316, -6.388235294117647], [106.87894736842105, -6.388235294117647], [106.87894736842105, -6.355882352941176], [106.83684210526316, -6.355882352941176], [106.83684210526316, -6.388235294117647]]]}, "properties": {"elevation_m": 305.2}}, {"type": "Feature", "geometry": {"type": "Polygon", "coordinates": [[[106.87894736842105, -6.388235294117647], [106.92105263157895, -6.388235294117647], [106.92105263157895, -6.355882352941176], [106.87894736842105, -6.355882352941176], [106.87894736842105, -6.388235294117647]]]}, "properties": {"elevation_m": 323.1}}, {"type": "Feature", "geometry": {"type": "Polygon", "coordinates": [[[106.92105263157895, -6.388235294117647], [106.96315789473684, -6.388235294117647], [106.96315789473684, -6.355882352941176], [106.92105263157895, -6.355882352941176], [106.92105263157895, -6.388235294117647]]]}, "properties": {"elevation_m": 345.6}}, {"type": "Feature", "geometry": {"type": "Polygon", "coordinates": [[[106.96315789473684, -6.388235294117647], [107.00526315789473, -6.388235294117647], [107.00526315789473, -6.355882352941176], [106.96315789473684, -6.355882352941176], [106.96315789473684, -6.388235294117647]]]}, "properties": {"elevation_m": 347.5}}, {"type": "Feature", "geometry": {"type": "Polygon", "coordinates": [[[107.00526315789473, -6.388235294117647], [107.04736842105262, -6.388235294117647], [107.04736842105262, -6.355882352941176], [107.00526315789473, -6.355882352941176], [107.00526315789473, -6.388235294117647]]]}, "properties": {"elevation_m": 358.7}}, {"type": "Feature", "geometry": {"type": "Polygon", "coordinates": [[[107.04736842105262, -6.388235294117647], [107.08947368421052, -6.388235294117647], [107.08947368421052, -6.355882352941176], [107.04736842105262, -6.355882352941176], [107.04736842105262, -6.388235294117647]]]}, "properties": {"elevation_m": 387.3}}, {"type": "Feature", "geometry": {"type": "Polygon", "coordinates": [[[107.08947368421052, -6.388235294117647], [107.13157894736842, -6.388235294117647], [107.13157894736842, -6.355882352941176], [107.08947368421052, -6.355882352941176], [107.08947368421052, -6.388235294117647]]]}, "properties": {"elevation_m": 417.8}}, {"type": "Feature", "geometry": {"type": "Polygon", "coordinates": [[[107.13157894736842, -6.388235294117647], [107.17368421052632, -6.388235294117647], [107.17368421052632, -6.355882352941176], [107.13157894736842, -6.355882352941176], [107.13157894736842, -6.388235294117647]]]}, "properties": {"elevation_m": 409.2}}, {"type": "Feature", "geometry": {"type": "Polygon", "coordinates": [[[107.17368421052632, -6.388235294117647], [107.21578947368421, -6.388235294117647], [107.21578947368421, -6.355882352941176], [107.17368421052632, -6.355882352941176], [107.17368421052632, -6.388235294117647]]]}, "properties": {"elevation_m": 428.2}}, {"type": "Feature", "geometry": {"type": "Polygon", "coordinates": [[[107.21578947368421, -6.388235294117647], [107.2578947368421, -6.388235294117647], [107.2578947368421, -6.355882352941176], [107.21578947368421, -6.355882352941176], [107.21578947368421, -6.388235294117647]]]}, "properties": {"elevation_m": 403.1}}, {"type": "Feature", "geometry": {"type": "Polygon", "coordinates": [[[107.2578947368421, -6.388235294117647], [107.3, -6.388235294117647], [107.3, -6.355882352941176], [107.2578947368421, -6.355882352941176], [107.2578947368421, -6.388235294117647]]]}, "properties": {"elevation_m": 407.2}}, {"type": "Feature", "geometry": {"type": "Polygon", "coordinates": [[[106.5, -6.355882352941176], [106.5421052631579, -6.355882352941176], [106.5421052631579, -6.323529411764706], [106.5, -6.323529411764706], [106.5, -6.355882352941176]]]}, "properties": {"elevation_m": 271.4}}, {"type": "Feature", "geometry": {"type": "Polygon", "coordinates": [[[106.5421052631579, -6.355882352941176], [106.58421052631579, -6.355882352941176], [106.58421052631579, -6.323529411764706], [106.5421052631579, -6.323529411764706], [106.5421052631579, -6.355882352941176]]]}, "properties": {"elevation_m": 276.2}}, {"type": "Feature", "geometry": {"type": "Polygon", "coordinates": [[[106.58421052631579, -6.355882352941176], [106.62631578947368, -6.355882352941176], [106.62631578947368, -6.323529411764706], [106.58421052631579, -6.323529411764706], [106.58421052631579, -6.355882352941176]]]}, "properties": {"elevation_m": 266.8}}, {"type": "Feature", "geometry": {"type": "Polygon", "coordinates": [[[106.62631578947368, -6.355882352941176], [106.66842105263157, -6.355882352941176], [106.66842105263157, -6.323529411764706], [106.62631578947368, -6.323529411764706], [106.62631578947368, -6.355882352941176]]]}, "properties": {"elevation_m": 246.6}}, {"type": "Feature", "geometry": {"type": "Polygon", "coordinates": [[[106.66842105263157, -6.355882352941176], [106.71052631578948, -6.355882352941176], [106.71052631578948, -6.323529411764706], [106.66842105263157, -6.323529411764706], [106.66842105263157, -6.355882352941176]]]}, "properties": {"elevation_m": 231.4}}, {"type": "Feature", "geometry": {"type": "Polygon", "coordinates": [[[106.71052631578948, -6.355882352941176], [106.75263157894737, -6.355882352941176], [106.75263157894737, -6.323529411764706], [106.71052631578948, -6.323529411764706], [106.71052631578948, -6.355882352941176]]]}, "properties": {"elevation_m": 256.0}}, {"type": "Feature", "geometry": {"type": "Polygon", "coordinates": [[[106.75263157894737, -6.355882352941176], [106.79473684210527, -6.355882352941176], [106.79473684210527, -6.323529411764706], [106.75263157894737, -6.323529411764706], [106.75263157894737, -6.355882352941176]]]}, "properties": {"elevation_m": 225.9}}, {"type": "Feature", "geometry": {"type": "Polygon", "coordinates": [[[106.79473684210527, -6.355882352941176], [106.83684210526316, -6.355882352941176], [106.83684210526316, -6.323529411764706], [106.79473684210527, -6.323529411764706], [106.79473684210527, -6.355882352941176]]]}, "properties": {"elevation_m": 236.4}}, {"type": "Feature", "geometry": {"type": "Polygon", "coordinates": [[[106.83684210526316, -6.355882352941176], [106.87894736842105, -6.355882352941176], [106.87894736842105, -6.323529411764706], [106.83684210526316, -6.323529411764706], [106.83684210526316, -6.355882352941176]]]}, "properties": {"elevation_m": 240.8}}, {"type": "Feature", "geometry": {"type": "Polygon", "coordinates": [[[106.87894736842105, -6.355882352941176], [106.92105263157895, -6.355882352941176], [106.92105263157895, -6.323529411764706], [106.87894736842105, -6.323529411764706], [106.87894736842105, -6.355882352941176]]]}, "properties": {"elevation_m": 285.0}}, {"type": "Feature", "geometry": {"type": "Polygon", "coordinates": [[[106.92105263157895, -6.355882352941176], [106.96315789473684, -6.355882352941176], [106.96315789473684, -6.323529411764706], [106.92105263157895, -6.323529411764706], [106.92105263157895, -6.355882352941176]]]}, "properties": {"elevation_m": 312.5}}, {"type": "Feature", "geometry": {"type": "Polygon", "coordinates": [[[106.96315789473684, -6.355882352941176], [107.00526315789473, -6.355882352941176], [107.00526315789473, -6.323529411764706], [106.96315789473684, -6.323529411764706], [106.96315789473684, -6.355882352941176]]]}, "properties": {"elevation_m": 315.3}}, {"type": "Feature", "geometry": {"type": "Polygon", "coordinates": [[[107.00526315789473, -6.355882352941176], [107.04736842105262, -6.355882352941176], [107.04736842105262, -6.323529411764706], [107.00526315789473, -6.323529411764706], [107.00526315789473, -6.355882352941176]]]}, "properties": {"elevation_m": 359.9}}, {"type": "Feature", "geometry": {"type": "Polygon", "coordinates": [[[107.04736842105262, -6.355882352941176], [107.08947368421052, -6.355882352941176], [107.08947368421052, -6.323529411764706], [107.04736842105262, -6.323529411764706], [107.04736842105262, -6.355882352941176]]]}, "properties": {"elevation_m": 356.5}}, {"type": "Feature", "geometry": {"type": "Polygon", "coordinates": [[[107.08947368421052, -6.355882352941176], [107.13157894736842, -6.355882352941176], [107.13157894736842, -6.323529411764706], [107.08947368421052, -6.323529411764706], [107.08947368421052, -6.355882352941176]]]}, "properties": {"elevation_m": 379.3}}, {"type": "Feature", "geometry": {"type": "Polygon", "coordinates": [[[107.13157894736842, -6.355882352941176], [107.17368421052632, -6.355882352941176], [107.17368421052632, -6.323529411764706], [107.13157894736842, -6.323529411764706], [107.13157894736842, -6.355882352941176]]]}, "properties": {"elevation_m": 384.0}}, {"type": "Feature", "geometry": {"type": "Polygon", "coordinates": [[[107.17368421052632, -6.355882352941176], [107.21578947368421, -6.355882352941176], [107.21578947368421, -6.323529411764706], [107.17368421052632, -6.323529411764706], [107.17368421052632, -6.355882352941176]]]}, "properties": {"elevation_m": 375.4}}, {"type": "Feature", "geometry": {"type": "Polygon", "coordinates": [[[107.21578947368421, -6.355882352941176], [107.2578947368421, -6.355882352941176], [107.2578947368421, -6.323529411764706], [107.21578947368421, -6.323529411764706], [107.21578947368421, -6.355882352941176]]]}, "properties": {"elevation_m": 392.7}}, {"type": "Feature", "geometry": {"type": "Polygon", "coordinates": [[[107.2578947368421, -6.355882352941176], [107.3, -6.355882352941176], [107.3, -6.323529411764706], [107.2578947368421, -6.323529411764706], [107.2578947368421, -6.355882352941176]]]}, "properties": {"elevation_m": 383.3}}, {"type": "Feature", "geometry": {"type": "Polygon", "coordinates": [[[106.5, -6.323529411764706], [106.5421052631579, -6.323529411764706], [106.5421052631579, -6.291176470588235], [106.5, -6.291176470588235], [106.5, -6.323529411764706]]]}, "properties": {"elevation_m": 254.4}}, {"type": "Feature", "geometry": {"type": "Polygon", "coordinates": [[[106.5421052631579, -6.323529411764706], [106.58421052631579, -6.323529411764706], [106.58421052631579, -6.291176470588235], [106.5421052631579, -6.291176470588235], [106.5421052631579, -6.323529411764706]]]}, "properties": {"elevation_m": 253.8}}, {"type": "Feature", "geometry": {"type": "Polygon", "coordinates": [[[106.58421052631579, -6.323529411764706], [106.62631578947368, -6.323529411764706], [106.62631578947368, -6.291176470588235], [106.58421052631579, -6.291176470588235], [106.58421052631579, -6.323529411764706]]]}, "properties": {"elevation_m": 227.1}}, {"type": "Feature", "geometry": {"type": "Polygon", "coordinates": [[[106.62631578947368, -6.323529411764706], [106.66842105263157, -6.323529411764706], [106.66842105263157, -6.291176470588235], [106.62631578947368, -6.291176470588235], [106.62631578947368, -6.323529411764706]]]}, "properties": {"elevation_m": 230.1}}, {"type": "Feature", "geometry": {"type": "Polygon", "coordinates": [[[106.66842105263157, -6.323529411764706], [106.71052631578948, -6.323529411764706], [106.71052631578948, -6.291176470588235], [106.66842105263157, -6.291176470588235], [106.66842105263157, -6.323529411764706]]]}, "properties": {"elevation_m": 189.8}}, {"type": "Feature", "geometry": {"type": "Polygon", "coordinates": [[[106.71052631578948, -6.323529411764706], [106.75263157894737, -6.323529411764706], [106.75263157894737, -6.291176470588235], [106.71052631578948, -6.291176470588235], [106.71052631578948, -6.323529411764706]]]}, "properties": {"elevation_m": 211.6}}, {"type": "Feature", "geometry": {"type": "Polygon", "coordinates": [[[106.75263157894737, -6.323529411764706], [106.79473684210527, -6.323529411764706], [106.79473684210527, -6.291176470588235], [106.75263157894737, -6.291176470588235], [106.75263157894737, -6.323529411764706]]]}, "properties": {"elevation_m": 209.6}}, {"type": "Feature", "geometry": {"type": "Polygon", "coordinates": [[[106.79473684210527, -6.323529411764706], [106.83684210526316, -6.323529411764706], [106.83684210526316, -6.291176470588235], [106.79473684210527, -6.291176470588235], [106.79473684210527, -6.323529411764706]]]}, "properties": {"elevation_m": 190.6}}, {"type": "Feature", "geometry": {"type": "Polygon", "coordinates": [[[106.83684210526316, -6.323529411764706], [106.87894736842105, -6.323529411764706], [106.87894736842105, -6.291176470588235], [106.83684210526316, -6.291176470588235], [106.83684210526316, -6.323529411764706]]]}, "properties": {"elevation_m": 196.2}}, {"type": "Feature", "geometry": {"type": "Polygon", "coordinates": [[[106.87894736842105, -6.323529411764706], [106.92105263157895, -6.323529411764706], [106.92105263157895, -6.291176470588235], [106.87894736842105, -6.291176470588235], [106.87894736842105, -6.323529411764706]]]}, "properties": {"elevation_m": 241.8}}, {"type": "Feature", "geometry": {"type": "Polygon", "coordinates": [[[106.92105263157895, -6.323529411764706], [106.96315789473684, -6.323529411764706], [106.96315789473684, -6.291176470588235], [106.92105263157895, -6.291176470588235], [106.92105263157895, -6.323529411764706]]]}, "properties": {"elevation_m": 262.9}}, {"type": "Feature", "geometry": {"type": "Polygon", "coordinates": [[[106.96315789473684, -6.323529411764706], [107.00526315789473, -6.323529411764706], [107.00526315789473, -6.291176470588235], [106.96315789473684, -6.291176470588235], [106.96315789473684, -6.323529411764706]]]}, "properties": {"elevation_m": 287.0}}, {"type": "Feature", "geometry": {"type": "Polygon", "coordinates": [[[107.00526315789473, -6.323529411764706], [107.04736842105262, -6.323529411764706], [107.04736842105262, -6.291176470588235], [107.00526315789473, -6.291176470588235], [107.00526315789473, -6.323529411764706]]]}, "properties": {"elevation_m": 306.2}}, {"type": "Feature", "geometry": {"type": "Polygon", "coordinates": [[[107.04736842105262, -6.323529411764706], [107.08947368421052, -6.323529411764706], [107.08947368421052, -6.291176470588235], [107.04736842105262, -6.291176470588235], [107.04736842105262, -6.323529411764706]]]}, "properties": {"elevation_m": 341.9}}, {"type": "Feature", "geometry": {"type": "Polygon", "coordinates": [[[107.08947368421052, -6.323529411764706], [107.13157894736842, -6.323529411764706], [107.13157894736842, -6.291176470588235], [107.08947368421052, -6.291176470588235], [107.08947368421052, -6.323529411764706]]]}, "properties": {"elevation_m": 348.1}}, {"type": "Feature", "geometry": {"type": "Polygon", "coordinates": [[[107.13157894736842, -6.323529411764706], [107.17368421052632, -6.323529411764706], [107.17368421052632, -6.291176470588235], [107.13157894736842, -6.291176470588235], [107.13157894736842, -6.323529411764706]]]}, "properties": {"elevation_m": 363.5}}, {"type": "Feature", "geometry": {"type": "Polygon", "coordinates": [[[107.17368421052632, -6.323529411764706], [107.21578947368421, -6.323529411764706], [107.21578947368421, -6.291176470588235], [107.17368421052632, -6.291176470588235], [107.17368421052632, -6.323529411764706]]]}, "properties": {"elevation_m": 373.5}}, {"type": "Feature", "geometry": {"type": "Polygon", "coordinates": [[[107.21578947368421, -6.323529411764706], [107.2578947368421, -6.323529411764706], [107.2578947368421, -6.291176470588235], [107.21578947368421, -6.291176470588235], [107.21578947368421, -6.323529411764706]]]}, "properties": {"elevation_m": 387.9}}, {"type": "Feature", "geometry": {"type": "Polygon", "coordinates": [[[107.2578947368421, -6.323529411764706], [107.3, -6.323529411764706], [107.3, -6.291176470588235], [107.2578947368421, -6.291176470588235], [107.2578947368421, -6.323529411764706]]]}, "properties": {"elevation_m": 383.6}}, {"type": "Feature", "geometry": {"type": "Polygon", "coordinates": [[[106.5, -6.291176470588235], [106.5421052631579, -6.291176470588235], [106.5421052631579, -6.258823529411765], [106.5, -6.258823529411765], [106.5, -6.291176470588235]]]}, "properties": {"elevation_m": 241.3}}, {"type": "Feature", "geometry": {"type": "Polygon", "coordinates": [[[106.5421052631579, -6.291176470588235], [106.58421052631579, -6.291176470588235], [106.58421052631579, -6.258823529411765], [106.5421052631579, -6.258823529411765], [106.5421052631579, -6.291176470588235]]]}, "properties": {"elevation_m": 234.6}}, {"type": "Feature", "geometry": {"type": "Polygon", "coordinates": [[[106.58421052631579, -6.291176470588235], [106.62631578947368, -6.291176470588235], [106.62631578947368, -6.258823529411765], [106.58421052631579, -6.258823529411765], [106.58421052631579, -6.291176470588235]]]}, "properties": {"elevation_m": 226.5}}, {"type": "Feature", "geometry": {"type": "Polygon", "coordinates": [[[106.62631578947368, -6.291176470588235], [106.66842105263157, -6.291176470588235], [106.66842105263157, -6.258823529411765], [106.62631578947368, -6.258823529411765], [106.62631578947368, -6.291176470588235]]]}, "properties": {"elevation_m": 217.5}}, {"type": "Feature", "geometry": {"type": "Polygon", "coordinates": [[[106.66842105263157, -6.291176470588235], [106.71052631578948, -6.291176470588235], [106.71052631578948, -6.258823529411765], [106.66842105263157, -6.258823529411765], [106.66842105263157, -6.291176470588235]]]}, "properties": {"elevation_m": 204.4}}, {"type": "Feature", "geometry": {"type": "Polygon", "coordinates": [[[106.71052631578948, -6.291176470588235], [106.75263157894737, -6.291176470588235], [106.75263157894737, -6.258823529411765], [106.71052631578948, -6.258823529411765], [106.71052631578948, -6.291176470588235]]]}, "properties": {"elevation_m": 164.4}}, {"type": "Feature", "geometry": {"type": "Polygon", "coordinates": [[[106.75263157894737, -6.291176470588235], [106.79473684210527, -6.291176470588235], [106.79473684210527, -6.258823529411765], [106.75263157894737, -6.258823529411765], [106.75263157894737, -6.291176470588235]]]}, "properties": {"elevation_m": 153.0}}, {"type": "Feature", "geometry": {"type": "Polygon", "coordinates": [[[106.79473684210527, -6.291176470588235], [106.83684210526316, -6.291176470588235], [106.83684210526316, -6.258823529411765], [106.79473684210527, -6.258823529411765], [106.79473684210527, -6.291176470588235]]]}, "properties": {"elevation_m": 163.5}}, {"type": "Feature", "geometry": {"type": "Polygon", "coordinates": [[[106.83684210526316, -6.291176470588235], [106.87894736842105, -6.291176470588235], [106.87894736842105, -6.258823529411765], [106.83684210526316, -6.258823529411765], [106.83684210526316, -6.291176470588235]]]}, "properties": {"elevation_m": 167.3}}, {"type": "Feature", "geometry": {"type": "Polygon", "coordinates": [[[106.87894736842105, -6.291176470588235], [106.92105263157895, -6.291176470588235], [106.92105263157895, -6.258823529411765], [106.87894736842105, -6.258823529411765], [106.87894736842105, -6.291176470588235]]]}, "properties": {"elevation_m": 197.8}}, {"type": "Feature", "geometry": {"type": "Polygon", "coordinates": [[[106.92105263157895, -6.291176470588235], [106.96315789473684, -6.291176470588235], [106.96315789473684, -6.258823529411765], [106.92105263157895, -6.258823529411765], [106.92105263157895, -6.291176470588235]]]}, "properties": {"elevation_m": 233.6}}, {"type": "Feature", "geometry": {"type": "Polygon", "coordinates": [[[106.96315789473684, -6.291176470588235], [107.00526315789473, -6.291176470588235], [107.00526315789473, -6.258823529411765], [106.96315789473684, -6.258823529411765], [106.96315789473684, -6.291176470588235]]]}, "properties": {"elevation_m": 257.7}}, {"type": "Feature", "geometry": {"type": "Polygon", "coordinates": [[[107.00526315789473, -6.291176470588235], [107.04736842105262, -6.291176470588235], [107.04736842105262, -6.258823529411765], [107.00526315789473, -6.258823529411765], [107.00526315789473, -6.291176470588235]]]}, "properties": {"elevation_m": 279.4}}, {"type": "Feature", "geometry": {"type": "Polygon", "coordinates": [[[107.04736842105262, -6.291176470588235], [107.08947368421052, -6.291176470588235], [107.08947368421052, -6.258823529411765], [107.04736842105262, -6.258823529411765], [107.04736842105262, -6.291176470588235]]]}, "properties": {"elevation_m": 305.6}}, {"type": "Feature", "geometry": {"type": "Polygon", "coordinates": [[[107.08947368421052, -6.291176470588235], [107.13157894736842, -6.291176470588235], [107.13157894736842, -6.258823529411765], [107.08947368421052, -6.258823529411765], [107.08947368421052, -6.291176470588235]]]}, "properties": {"elevation_m": 329.2}}, {"type": "Feature", "geometry": {"type": "Polygon", "coordinates": [[[107.13157894736842, -6.291176470588235], [107.17368421052632, -6.291176470588235], [107.17368421052632, -6.258823529411765], [107.13157894736842, -6.258823529411765], [107.13157894736842, -6.291176470588235]]]}, "properties": {"elevation_m": 351.6}}, {"type": "Feature", "geometry": {"type": "Polygon", "coordinates": [[[107.17368421052632, -6.291176470588235], [107.21578947368421, -6.291176470588235], [107.21578947368421, -6.258823529411765], [107.17368421052632, -6.258823529411765], [107.17368421052632, -6.291176470588235]]]}, "properties": {"elevation_m": 369.1}}, {"type": "Feature", "geometry": {"type": "Polygon", "coordinates": [[[107.21578947368421, -6.291176470588235], [107.2578947368421, -6.291176470588235], [107.2578947368421, -6.258823529411765], [107.21578947368421, -6.258823529411765], [107.21578947368421, -6.291176470588235]]]}, "properties": {"elevation_m": 369.1}}, {"type": "Feature", "geometry": {"type": "Polygon", "coordinates": [[[107.2578947368421, -6.291176470588235], [107.3, -6.291176470588235], [107.3, -6.258823529411765], [107.2578947368421, -6.258823529411765], [107.2578947368421, -6.291176470588235]]]}, "properties": {"elevation_m": 361.6}}, {"type": "Feature", "geometry": {"type": "Polygon", "coordinates": [[[106.5, -6.258823529411765], [106.5421052631579, -6.258823529411765], [106.5421052631579, -6.226470588235294], [106.5, -6.226470588235294], [106.5, -6.258823529411765]]]}, "properties": {"elevation_m": 245.1}}, {"type": "Feature", "geometry": {"type": "Polygon", "coordinates": [[[106.5421052631579, -6.258823529411765], [106.58421052631579, -6.258823529411765], [106.58421052631579, -6.226470588235294], [106.5421052631579, -6.226470588235294], [106.5421052631579, -6.258823529411765]]]}, "properties": {"elevation_m": 242.3}}, {"type": "Feature", "geometry": {"type": "Polygon", "coordinates": [[[106.58421052631579, -6.258823529411765], [106.62631578947368, -6.258823529411765], [106.62631578947368, -6.226470588235294], [106.58421052631579, -6.226470588235294], [106.58421052631579, -6.258823529411765]]]}, "properties": {"elevation_m": 192.2}}, {"type": "Feature", "geometry": {"type": "Polygon", "coordinates": [[[106.62631578947368, -6.258823529411765], [106.66842105263157, -6.258823529411765], [106.66842105263157, -6.226470588235294], [106.62631578947368, -6.226470588235294], [106.62631578947368, -6.258823529411765]]]}, "properties": {"elevation_m": 201.1}}, {"type": "Feature", "geometry": {"type": "Polygon", "coordinates": [[[106.66842105263157, -6.258823529411765], [106.71052631578948, -6.258823529411765], [106.71052631578948, -6.226470588235294], [106.66842105263157, -6.226470588235294], [106.66842105263157, -6.258823529411765]]]}, "properties": {"elevation_m": 183.6}}, {"type": "Feature", "geometry": {"type": "Polygon", "coordinates": [[[106.71052631578948, -6.258823529411765], [106.75263157894737, -6.258823529411765], [106.75263157894737, -6.226470588235294], [106.71052631578948, -6.226470588235294], [106.71052631578948, -6.258823529411765]]]}, "properties": {"elevation_m": 153.7}}, {"type": "Feature", "geometry": {"type": "Polygon", "coordinates": [[[106.75263157894737, -6.258823529411765], [106.79473684210527, -6.258823529411765], [106.79473684210527, -6.226470588235294], [106.75263157894737, -6.226470588235294], [106.75263157894737, -6.258823529411765]]]}, "properties": {"elevation_m": 123.3}}, {"type": "Feature", "geometry": {"type": "Polygon", "coordinates": [[[106.79473684210527, -6.258823529411765], [106.83684210526316, -6.258823529411765], [106.83684210526316, -6.226470588235294], [106.79473684210527, -6.226470588235294], [106.79473684210527, -6.258823529411765]]]}, "properties": {"elevation_m": 94.9}}, {"type": "Feature", "geometry": {"type": "Polygon", "coordinates": [[[106.83684210526316, -6.258823529411765], [106.87894736842105, -6.258823529411765], [106.87894736842105, -6.226470588235294], [106.83684210526316, -6.226470588235294], [106.83684210526316, -6.258823529411765]]]}, "properties": {"elevation_m": 116.2}}, {"type": "Feature", "geometry": {"type": "Polygon", "coordinates": [[[106.87894736842105, -6.258823529411765], [106.92105263157895, -6.258823529411765], [106.92105263157895, -6.226470588235294], [106.87894736842105, -6.226470588235294], [106.87894736842105, -6.258823529411765]]]}, "properties": {"elevation_m": 168.5}}, {"type": "Feature", "geometry": {"type": "Polygon", "coordinates": [[[106.92105263157895, -6.258823529411765], [106.96315789473684, -6.258823529411765], [106.96315789473684, -6.226470588235294], [106.92105263157895, -6.226470588235294], [106.92105263157895, -6.258823529411765]]]}, "properties": {"elevation_m": 207.2}}, {"type": "Feature", "geometry": {"type": "Polygon", "coordinates": [[[106.96315789473684, -6.258823529411765], [107.00526315789473, -6.258823529411765], [107.00526315789473, -6.226470588235294], [106.96315789473684, -6.226470588235294], [106.96315789473684, -6.258823529411765]]]}, "properties": {"elevation_m": 237.7}}, {"type": "Feature", "geometry": {"type": "Polygon", "coordinates": [[[107.00526315789473, -6.258823529411765], [107.04736842105262, -6.258823529411765], [107.04736842105262, -6.226470588235294], [107.00526315789473, -6.226470588235294], [107.00526315789473, -6.258823529411765]]]}, "properties": {"elevation_m": 262.5}}, {"type": "Feature", "geometry": {"type": "Polygon", "coordinates": [[[107.04736842105262, -6.258823529411765], [107.08947368421052, -6.258823529411765], [107.08947368421052, -6.226470588235294], [107.04736842105262, -6.226470588235294], [107.04736842105262, -6.258823529411765]]]}, "properties": {"elevation_m": 279.9}}, {"type": "Feature", "geometry": {"type": "Polygon", "coordinates": [[[107.08947368421052, -6.258823529411765], [107.13157894736842, -6.258823529411765], [107.13157894736842, -6.226470588235294], [107.08947368421052, -6.226470588235294], [107.08947368421052, -6.258823529411765]]]}, "properties": {"elevation_m": 304.4}}, {"type": "Feature", "geometry": {"type": "Polygon", "coordinates": [[[107.13157894736842, -6.258823529411765], [107.17368421052632, -6.258823529411765], [107.17368421052632, -6.226470588235294], [107.13157894736842, -6.226470588235294], [107.13157894736842, -6.258823529411765]]]}, "properties": {"elevation_m": 312.8}}, {"type": "Feature", "geometry": {"type": "Polygon", "coordinates": [[[107.17368421052632, -6.258823529411765], [107.21578947368421, -6.258823529411765], [107.21578947368421, -6.226470588235294], [107.17368421052632, -6.226470588235294], [107.17368421052632, -6.258823529411765]]]}, "properties": {"elevation_m": 326.1}}, {"type": "Feature", "geometry": {"type": "Polygon", "coordinates": [[[107.21578947368421, -6.258823529411765], [107.2578947368421, -6.258823529411765], [107.2578947368421, -6.226470588235294], [107.21578947368421, -6.226470588235294], [107.21578947368421, -6.258823529411765]]]}, "properties": {"elevation_m": 333.1}}, {"type": "Feature", "geometry": {"type": "Polygon", "coordinates": [[[107.2578947368421, -6.258823529411765], [107.3, -6.258823529411765], [107.3, -6.226470588235294], [107.2578947368421, -6.226470588235294], [107.2578947368421, -6.258823529411765]]]}, "properties": {"elevation_m": 339.2}}, {"type": "Feature", "geometry": {"type": "Polygon", "coordinates": [[[106.5, -6.226470588235294], [106.5421052631579, -6.226470588235294], [106.5421052631579, -6.194117647058824], [106.5, -6.194117647058824], [106.5, -6.226470588235294]]]}, "properties": {"elevation_m": 230.9}}, {"type": "Feature", "geometry": {"type": "Polygon", "coordinates": [[[106.5421052631579, -6.226470588235294], [106.58421052631579, -6.226470588235294], [106.58421052631579, -6.194117647058824], [106.5421052631579, -6.194117647058824], [106.5421052631579, -6.226470588235294]]]}, "properties": {"elevation_m": 216.5}}, {"type": "Feature", "geometry": {"type": "Polygon", "coordinates": [[[106.58421052631579, -6.226470588235294], [106.62631578947368, -6.226470588235294], [106.62631578947368, -6.194117647058824], [106.58421052631579, -6.194117647058824], [106.58421052631579, -6.226470588235294]]]}, "properties": {"elevation_m": 189.3}}, {"type": "Feature", "geometry": {"type": "Polygon", "coordinates": [[[106.62631578947368, -6.226470588235294], [106.66842105263157, -6.226470588235294], [106.66842105263157, -6.194117647058824], [106.62631578947368, -6.194117647058824], [106.62631578947368, -6.226470588235294]]]}, "properties": {"elevation_m": 177.1}}, {"type": "Feature", "geometry": {"type": "Polygon", "coordinates": [[[106.66842105263157, -6.226470588235294], [106.71052631578948, -6.226470588235294], [106.71052631578948, -6.194117647058824], [106.66842105263157, -6.194117647058824], [106.66842105263157, -6.226470588235294]]]}, "properties": {"elevation_m": 148.0}}, {"type": "Feature", "geometry": {"type": "Polygon", "coordinates": [[[106.71052631578948, -6.226470588235294], [106.75263157894737, -6.226470588235294], [106.75263157894737, -6.194117647058824], [106.71052631578948, -6.194117647058824], [106.71052631578948, -6.226470588235294]]]}, "properties": {"elevation_m": 127.8}}, {"type": "Feature", "geometry": {"type": "Polygon", "coordinates": [[[106.75263157894737, -6.226470588235294], [106.79473684210527, -6.226470588235294], [106.79473684210527, -6.194117647058824], [106.75263157894737, -6.194117647058824], [106.75263157894737, -6.226470588235294]]]}, "properties": {"elevation_m": 113.8}}, {"type": "Feature", "geometry": {"type": "Polygon", "coordinates": [[[106.79473684210527, -6.226470588235294], [106.83684210526316, -6.226470588235294], [106.83684210526316, -6.194117647058824], [106.79473684210527, -6.194117647058824], [106.79473684210527, -6.226470588235294]]]}, "properties": {"elevation_m": 45.6}}, {"type": "Feature", "geometry": {"type": "Polygon", "coordinates": [[[106.83684210526316, -6.226470588235294], [106.87894736842105, -6.226470588235294], [106.87894736842105, -6.194117647058824], [106.83684210526316, -6.194117647058824], [106.83684210526316, -6.226470588235294]]]}, "properties": {"elevation_m": 69.9}}, {"type": "Feature", "geometry": {"type": "Polygon", "coordinates": [[[106.87894736842105, -6.226470588235294], [106.92105263157895, -6.226470588235294], [106.92105263157895, -6.194117647058824], [106.87894736842105, -6.194117647058824], [106.87894736842105, -6.226470588235294]]]}, "properties": {"elevation_m": 129.8}}, {"type": "Feature", "geometry": {"type": "Polygon", "coordinates": [[[106.92105263157895, -6.226470588235294], [106.96315789473684, -6.226470588235294], [106.96315789473684, -6.194117647058824], [106.92105263157895, -6.194117647058824], [106.92105263157895, -6.226470588235294]]]}, "properties": {"elevation_m": 165.7}}, {"type": "Feature", "geometry": {"type": "Polygon", "coordinates": [[[106.96315789473684, -6.226470588235294], [107.00526315789473, -6.226470588235294], [107.00526315789473, -6.194117647058824], [106.96315789473684, -6.194117647058824], [106.96315789473684, -6.226470588235294]]]}, "properties": {"elevation_m": 211.5}}, {"type": "Feature", "geometry": {"type": "Polygon", "coordinates": [[[107.00526315789473, -6.226470588235294], [107.04736842105262, -6.226470588235294], [107.04736842105262, -6.194117647058824], [107.00526315789473, -6.194117647058824], [107.00526315789473, -6.226470588235294]]]}, "properties": {"elevation_m": 249.7}}, {"type": "Feature", "geometry": {"type": "Polygon", "coordinates": [[[107.04736842105262, -6.226470588235294], [107.08947368421052, -6.226470588235294], [107.08947368421052, -6.194117647058824], [107.04736842105262, -6.194117647058824], [107.04736842105262, -6.226470588235294]]]}, "properties": {"elevation_m": 283.0}}, {"type": "Feature", "geometry": {"type": "Polygon", "coordinates": [[[107.08947368421052, -6.226470588235294], [107.13157894736842, -6.226470588235294], [107.13157894736842, -6.194117647058824], [107.08947368421052, -6.194117647058824], [107.08947368421052, -6.226470588235294]]]}, "properties": {"elevation_m": 294.7}}, {"type": "Feature", "geometry": {"type": "Polygon", "coordinates": [[[107.13157894736842, -6.226470588235294], [107.17368421052632, -6.226470588235294], [107.17368421052632, -6.194117647058824], [107.13157894736842, -6.194117647058824], [107.13157894736842, -6.226470588235294]]]}, "properties": {"elevation_m": 311.2}}, {"type": "Feature", "geometry": {"type": "Polygon", "coordinates": [[[107.17368421052632, -6.226470588235294], [107.21578947368421, -6.226470588235294], [107.21578947368421, -6.194117647058824], [107.17368421052632, -6.194117647058824], [107.17368421052632, -6.226470588235294]]]}, "properties": {"elevation_m": 322.2}}, {"type": "Feature", "geometry": {"type": "Polygon", "coordinates": [[[107.21578947368421, -6.226470588235294], [107.2578947368421, -6.226470588235294], [107.2578947368421, -6.194117647058824], [107.21578947368421, -6.194117647058824], [107.21578947368421, -6.226470588235294]]]}, "properties": {"elevation_m": 334.0}}, {"type": "Feature", "geometry": {"type": "Polygon", "coordinates": [[[107.2578947368421, -6.226470588235294], [107.3, -6.226470588235294], [107.3, -6.194117647058824], [107.2578947368421, -6.194117647058824], [107.2578947368421, -6.226470588235294]]]}, "properties": {"elevation_m": 348.5}}, {"type": "Feature", "geometry": {"type": "Polygon", "coordinates": [[[106.5, -6.194117647058824], [106.5421052631579, -6.194117647058824], [106.5421052631579, -6.161764705882353], [106.5, -6.161764705882353], [106.5, -6.194117647058824]]]}, "properties": {"elevation_m": 228.5}}, {"type": "Feature", "geometry": {"type": "Polygon", "coordinates": [[[106.5421052631579, -6.194117647058824], [106.58421052631579, -6.194117647058824], [106.58421052631579, -6.161764705882353], [106.5421052631579, -6.161764705882353], [106.5421052631579, -6.194117647058824]]]}, "properties": {"elevation_m": 216.8}}, {"type": "Feature", "geometry": {"type": "Polygon", "coordinates": [[[106.58421052631579, -6.194117647058824], [106.62631578947368, -6.194117647058824], [106.62631578947368, -6.161764705882353], [106.58421052631579, -6.161764705882353], [106.58421052631579, -6.194117647058824]]]}, "properties": {"elevation_m": 187.9}}, {"type": "Feature", "geometry": {"type": "Polygon", "coordinates": [[[106.62631578947368, -6.194117647058824], [106.66842105263157, -6.194117647058824], [106.66842105263157, -6.161764705882353], [106.62631578947368, -6.161764705882353], [106.62631578947368, -6.194117647058824]]]}, "properties": {"elevation_m": 192.6}}, {"type": "Feature", "geometry": {"type": "Polygon", "coordinates": [[[106.66842105263157, -6.194117647058824], [106.71052631578948, -6.194117647058824], [106.71052631578948, -6.161764705882353], [106.66842105263157, -6.161764705882353], [106.66842105263157, -6.194117647058824]]]}, "properties": {"elevation_m": 148.1}}, {"type": "Feature", "geometry": {"type": "Polygon", "coordinates": [[[106.71052631578948, -6.194117647058824], [106.75263157894737, -6.194117647058824], [106.75263157894737, -6.161764705882353], [106.71052631578948, -6.161764705882353], [106.71052631578948, -6.194117647058824]]]}, "properties": {"elevation_m": 112.9}}, {"type": "Feature", "geometry": {"type": "Polygon", "coordinates": [[[106.75263157894737, -6.194117647058824], [106.79473684210527, -6.194117647058824], [106.79473684210527, -6.161764705882353], [106.75263157894737, -6.161764705882353], [106.75263157894737, -6.194117647058824]]]}, "properties": {"elevation_m": 79.5}}, {"type": "Feature", "geometry": {"type": "Polygon", "coordinates": [[[106.79473684210527, -6.194117647058824], [106.83684210526316, -6.194117647058824], [106.83684210526316, -6.161764705882353], [106.79473684210527, -6.161764705882353], [106.79473684210527, -6.194117647058824]]]}, "properties": {"elevation_m": 17.9}}, {"type": "Feature", "geometry": {"type": "Polygon", "coordinates": [[[106.83684210526316, -6.194117647058824], [106.87894736842105, -6.194117647058824], [106.87894736842105, -6.161764705882353], [106.83684210526316, -6.161764705882353], [106.83684210526316, -6.194117647058824]]]}, "properties": {"elevation_m": 59.5}}, {"type": "Feature", "geometry": {"type": "Polygon", "coordinates": [[[106.87894736842105, -6.194117647058824], [106.92105263157895, -6.194117647058824], [106.92105263157895, -6.161764705882353], [106.87894736842105, -6.161764705882353], [106.87894736842105, -6.194117647058824]]]}, "properties": {"elevation_m": 112.6}}, {"type": "Feature", "geometry": {"type": "Polygon", "coordinates": [[[106.92105263157895, -6.194117647058824], [106.96315789473684, -6.194117647058824], [106.96315789473684, -6.161764705882353], [106.92105263157895, -6.161764705882353], [106.92105263157895, -6.194117647058824]]]}, "properties": {"elevation_m": 165.3}}, {"type": "Feature", "geometry": {"type": "Polygon", "coordinates": [[[106.96315789473684, -6.194117647058824], [107.00526315789473, -6.194117647058824], [107.00526315789473, -6.161764705882353], [106.96315789473684, -6.161764705882353], [106.96315789473684, -6.194117647058824]]]}, "properties": {"elevation_m": 179.8}}, {"type": "Feature", "geometry": {"type": "Polygon", "coordinates": [[[107.00526315789473, -6.194117647058824], [107.04736842105262, -6.194117647058824], [107.04736842105262, -6.161764705882353], [107.00526315789473, -6.161764705882353], [107.00526315789473, -6.194117647058824]]]}, "properties": {"elevation_m": 235.7}}, {"type": "Feature", "geometry": {"type": "Polygon", "coordinates": [[[107.04736842105262, -6.194117647058824], [107.08947368421052, -6.194117647058824], [107.08947368421052, -6.161764705882353], [107.04736842105262, -6.161764705882353], [107.04736842105262, -6.194117647058824]]]}, "properties": {"elevation_m": 253.8}}, {"type": "Feature", "geometry": {"type": "Polygon", "coordinates": [[[107.08947368421052, -6.194117647058824], [107.13157894736842, -6.194117647058824], [107.13157894736842, -6.161764705882353], [107.08947368421052, -6.161764705882353], [107.08947368421052, -6.194117647058824]]]}, "properties": {"elevation_m": 264.5}}, {"type": "Feature", "geometry": {"type": "Polygon", "coordinates": [[[107.13157894736842, -6.194117647058824], [107.17368421052632, -6.194117647058824], [107.17368421052632, -6.161764705882353], [107.13157894736842, -6.161764705882353], [107.13157894736842, -6.194117647058824]]]}, "properties": {"elevation_m": 301.4}}, {"type": "Feature", "geometry": {"type": "Polygon", "coordinates": [[[107.17368421052632, -6.194117647058824], [107.21578947368421, -6.194117647058824], [107.21578947368421, -6.161764705882353], [107.17368421052632, -6.161764705882353], [107.17368421052632, -6.194117647058824]]]}, "properties": {"elevation_m": 295.1}}, {"type": "Feature", "geometry": {"type": "Polygon", "coordinates": [[[107.21578947368421, -6.194117647058824], [107.2578947368421, -6.194117647058824], [107.2578947368421, -6.161764705882353], [107.21578947368421, -6.161764705882353], [107.21578947368421, -6.194117647058824]]]}, "properties": {"elevation_m": 325.6}}, {"type": "Feature", "geometry": {"type": "Polygon", "coordinates": [[[107.2578947368421, -6.194117647058824], [107.3, -6.194117647058824], [107.3, -6.161764705882353], [107.2578947368421, -6.161764705882353], [107.2578947368421, -6.194117647058824]]]}, "properties": {"elevation_m": 334.9}}, {"type": "Feature", "geometry": {"type": "Polygon", "coordinates": [[[106.5, -6.161764705882353], [106.5421052631579, -6.161764705882353], [106.5421052631579, -6.129411764705882], [106.5, -6.129411764705882], [106.5, -6.161764705882353]]]}, "properties": {"elevation_m": 210.9}}, {"type": "Feature", "geometry": {"type": "Polygon", "coordinates": [[[106.5421052631579, -6.161764705882353], [106.58421052631579, -6.161764705882353], [106.58421052631579, -6.129411764705882], [106.5421052631579, -6.129411764705882], [106.5421052631579, -6.161764705882353]]]}, "properties": {"elevation_m": 213.4}}, {"type": "Feature", "geometry": {"type": "Polygon", "coordinates": [[[106.58421052631579, -6.161764705882353], [106.62631578947368, -6.161764705882353], [106.62631578947368, -6.129411764705882], [106.58421052631579, -6.129411764705882], [106.58421052631579, -6.161764705882353]]]}, "properties": {"elevation_m": 173.7}}, {"type": "Feature", "geometry": {"type": "Polygon", "coordinates": [[[106.62631578947368, -6.161764705882353], [106.66842105263157, -6.161764705882353], [106.66842105263157, -6.129411764705882], [106.62631578947368, -6.129411764705882], [106.62631578947368, -6.161764705882353]]]}, "properties": {"elevation_m": 192.2}}, {"type": "Feature", "geometry": {"type": "Polygon", "coordinates": [[[106.66842105263157, -6.161764705882353], [106.71052631578948, -6.161764705882353], [106.71052631578948, -6.129411764705882], [106.66842105263157, -6.129411764705882], [106.66842105263157, -6.161764705882353]]]}, "properties": {"elevation_m": 152.4}}, {"type": "Feature", "geometry": {"type": "Polygon", "coordinates": [[[106.71052631578948, -6.161764705882353], [106.75263157894737, -6.161764705882353], [106.75263157894737, -6.129411764705882], [106.71052631578948, -6.129411764705882], [106.71052631578948, -6.161764705882353]]]}, "properties": {"elevation_m": 121.9}}, {"type": "Feature", "geometry": {"type": "Polygon", "coordinates": [[[106.75263157894737, -6.161764705882353], [106.79473684210527, -6.161764705882353], [106.79473684210527, -6.129411764705882], [106.75263157894737, -6.129411764705882], [106.75263157894737, -6.161764705882353]]]}, "properties": {"elevation_m": 73.3}}, {"type": "Feature", "geometry": {"type": "Polygon", "coordinates": [[[106.79473684210527, -6.161764705882353], [106.83684210526316, -6.161764705882353], [106.83684210526316, -6.129411764705882], [106.79473684210527, -6.129411764705882], [106.79473684210527, -6.161764705882353]]]}, "properties": {"elevation_m": 47.5}}, {"type": "Feature", "geometry": {"type": "Polygon", "coordinates": [[[106.83684210526316, -6.161764705882353], [106.87894736842105, -6.161764705882353], [106.87894736842105, -6.129411764705882], [106.83684210526316, -6.129411764705882], [106.83684210526316, -6.161764705882353]]]}, "properties": {"elevation_m": 67.2}}, {"type": "Feature", "geometry": {"type": "Polygon", "coordinates": [[[106.87894736842105, -6.161764705882353], [106.92105263157895, -6.161764705882353], [106.92105263157895, -6.129411764705882], [106.87894736842105, -6.129411764705882], [106.87894736842105, -6.161764705882353]]]}, "properties": {"elevation_m": 110.7}}, {"type": "Feature", "geometry": {"type": "Polygon", "coordinates": [[[106.92105263157895, -6.161764705882353], [106.96315789473684, -6.161764705882353], [106.96315789473684, -6.129411764705882], [106.92105263157895, -6.129411764705882], [106.92105263157895, -6.161764705882353]]]}, "properties": {"elevation_m": 151.0}}, {"type": "Feature", "geometry": {"type": "Polygon", "coordinates": [[[106.96315789473684, -6.161764705882353], [107.00526315789473, -6.161764705882353], [107.00526315789473, -6.129411764705882], [106.96315789473684, -6.129411764705882], [106.96315789473684, -6.161764705882353]]]}, "properties": {"elevation_m": 174.4}}, {"type": "Feature", "geometry": {"type": "Polygon", "coordinates": [[[107.00526315789473, -6.161764705882353], [107.04736842105262, -6.161764705882353], [107.04736842105262, -6.129411764705882], [107.00526315789473, -6.129411764705882], [107.00526315789473, -6.161764705882353]]]}, "properties": {"elevation_m": 217.3}}, {"type": "Feature", "geometry": {"type": "Polygon", "coordinates": [[[107.04736842105262, -6.161764705882353], [107.08947368421052, -6.161764705882353], [107.08947368421052, -6.129411764705882], [107.04736842105262, -6.129411764705882], [107.04736842105262, -6.161764705882353]]]}, "properties": {"elevation_m": 241.6}}, {"type": "Feature", "geometry": {"type": "Polygon", "coordinates": [[[107.08947368421052, -6.161764705882353], [107.13157894736842, -6.161764705882353], [107.13157894736842, -6.129411764705882], [107.08947368421052, -6.129411764705882], [107.08947368421052, -6.161764705882353]]]}, "properties": {"elevation_m": 243.6}}, {"type": "Feature", "geometry": {"type": "Polygon", "coordinates": [[[107.13157894736842, -6.161764705882353], [107.17368421052632, -6.161764705882353], [107.17368421052632, -6.129411764705882], [107.13157894736842, -6.129411764705882], [107.13157894736842, -6.161764705882353]]]}, "properties": {"elevation_m": 291.3}}, {"type": "Feature", "geometry": {"type": "Polygon", "coordinates": [[[107.17368421052632, -6.161764705882353], [107.21578947368421, -6.161764705882353], [107.21578947368421, -6.129411764705882], [107.17368421052632, -6.129411764705882], [107.17368421052632, -6.161764705882353]]]}, "properties": {"elevation_m": 310.6}}, {"type": "Feature", "geometry": {"type": "Polygon", "coordinates": [[[107.21578947368421, -6.161764705882353], [107.2578947368421, -6.161764705882353], [107.2578947368421, -6.129411764705882], [107.21578947368421, -6.129411764705882], [107.21578947368421, -6.161764705882353]]]}, "properties": {"elevation_m": 310.2}}, {"type": "Feature", "geometry": {"type": "Polygon", "coordinates": [[[107.2578947368421, -6.161764705882353], [107.3, -6.161764705882353], [107.3, -6.129411764705882], [107.2578947368421, -6.129411764705882], [107.2578947368421, -6.161764705882353]]]}, "properties": {"elevation_m": 313.2}}, {"type": "Feature", "geometry": {"type": "Polygon", "coordinates": [[[106.5, -6.129411764705882], [106.5421052631579, -6.129411764705882], [106.5421052631579, -6.097058823529411], [106.5, -6.097058823529411], [106.5, -6.129411764705882]]]}, "properties": {"elevation_m": 222.5}}, {"type": "Feature", "geometry": {"type": "Polygon", "coordinates": [[[106.5421052631579, -6.129411764705882], [106.58421052631579, -6.129411764705882], [106.58421052631579, -6.097058823529411], [106.5421052631579, -6.097058823529411], [106.5421052631579, -6.129411764705882]]]}, "properties": {"elevation_m": 194.3}}, {"type": "Feature", "geometry": {"type": "Polygon", "coordinates": [[[106.58421052631579, -6.129411764705882], [106.62631578947368, -6.129411764705882], [106.62631578947368, -6.097058823529411], [106.58421052631579, -6.097058823529411], [106.58421052631579, -6.129411764705882]]]}, "properties": {"elevation_m": 185.6}}, {"type": "Feature", "geometry": {"type": "Polygon", "coordinates": [[[106.62631578947368, -6.129411764705882], [106.66842105263157, -6.129411764705882], [106.66842105263157, -6.097058823529411], [106.62631578947368, -6.097058823529411], [106.62631578947368, -6.129411764705882]]]}, "properties": {"elevation_m": 171.8}}, {"type": "Feature", "geometry": {"type": "Polygon", "coordinates": [[[106.66842105263157, -6.129411764705882], [106.71052631578948, -6.129411764705882], [106.71052631578948, -6.097058823529411], [106.66842105263157, -6.097058823529411], [106.66842105263157, -6.129411764705882]]]}, "properties": {"elevation_m": 144.7}}, {"type": "Feature", "geometry": {"type": "Polygon", "coordinates": [[[106.71052631578948, -6.129411764705882], [106.75263157894737, -6.129411764705882], [106.75263157894737, -6.097058823529411], [106.71052631578948, -6.097058823529411], [106.71052631578948, -6.129411764705882]]]}, "properties": {"elevation_m": 110.5}}, {"type": "Feature", "geometry": {"type": "Polygon", "coordinates": [[[106.75263157894737, -6.129411764705882], [106.79473684210527, -6.129411764705882], [106.79473684210527, -6.097058823529411], [106.75263157894737, -6.097058823529411], [106.75263157894737, -6.129411764705882]]]}, "properties": {"elevation_m": 103.1}}, {"type": "Feature", "geometry": {"type": "Polygon", "coordinates": [[[106.79473684210527, -6.129411764705882], [106.83684210526316, -6.129411764705882], [106.83684210526316, -6.097058823529411], [106.79473684210527, -6.097058823529411], [106.79473684210527, -6.129411764705882]]]}, "properties": {"elevation_m": 78.7}}, {"type": "Feature", "geometry": {"type": "Polygon", "coordinates": [[[106.83684210526316, -6.129411764705882], [106.87894736842105, -6.129411764705882], [106.87894736842105, -6.097058823529411], [106.83684210526316, -6.097058823529411], [106.83684210526316, -6.129411764705882]]]}, "properties": {"elevation_m": 94.8}}, {"type": "Feature", "geometry": {"type": "Polygon", "coordinates": [[[106.87894736842105, -6.129411764705882], [106.92105263157895, -6.129411764705882], [106.92105263157895, -6.097058823529411], [106.87894736842105, -6.097058823529411], [106.87894736842105, -6.129411764705882]]]}, "properties": {"elevation_m": 100.9}}, {"type": "Feature", "geometry": {"type": "Polygon", "coordinates": [[[106.92105263157895, -6.129411764705882], [106.96315789473684, -6.129411764705882], [106.96315789473684, -6.097058823529411], [106.92105263157895, -6.097058823529411], [106.92105263157895, -6.129411764705882]]]}, "properties": {"elevation_m": 160.8}}, {"type": "Feature", "geometry": {"type": "Polygon", "coordinates": [[[106.96315789473684, -6.129411764705882], [107.00526315789473, -6.129411764705882], [107.00526315789473, -6.097058823529411], [106.96315789473684, -6.097058823529411], [106.96315789473684, -6.129411764705882]]]}, "properties": {"elevation_m": 196.1}}, {"type": "Feature", "geometry": {"type": "Polygon", "coordinates": [[[107.00526315789473, -6.129411764705882], [107.04736842105262, -6.129411764705882], [107.04736842105262, -6.097058823529411], [107.00526315789473, -6.097058823529411], [107.00526315789473, -6.129411764705882]]]}, "properties": {"elevation_m": 217.5}}, {"type": "Feature", "geometry": {"type": "Polygon", "coordinates": [[[107.04736842105262, -6.129411764705882], [107.08947368421052, -6.129411764705882], [107.08947368421052, -6.097058823529411], [107.04736842105262, -6.097058823529411], [107.04736842105262, -6.129411764705882]]]}, "properties": {"elevation_m": 224.2}}, {"type": "Feature", "geometry": {"type": "Polygon", "coordinates": [[[107.08947368421052, -6.129411764705882], [107.13157894736842, -6.129411764705882], [107.13157894736842, -6.097058823529411], [107.08947368421052, -6.097058823529411], [107.08947368421052, -6.129411764705882]]]}, "properties": {"elevation_m": 259.2}}, {"type": "Feature", "geometry": {"type": "Polygon", "coordinates": [[[107.13157894736842, -6.129411764705882], [107.17368421052632, -6.129411764705882], [107.17368421052632, -6.097058823529411], [107.13157894736842, -6.097058823529411], [107.13157894736842, -6.129411764705882]]]}, "properties": {"elevation_m": 297.6}}, {"type": "Feature", "geometry": {"type": "Polygon", "coordinates": [[[107.17368421052632, -6.129411764705882], [107.21578947368421, -6.129411764705882], [107.21578947368421, -6.097058823529411], [107.17368421052632, -6.097058823529411], [107.17368421052632, -6.129411764705882]]]}, "properties": {"elevation_m": 293.0}}, {"type": "Feature", "geometry": {"type": "Polygon", "coordinates": [[[107.21578947368421, -6.129411764705882], [107.2578947368421, -6.129411764705882], [107.2578947368421, -6.097058823529411], [107.21578947368421, -6.097058823529411], [107.21578947368421, -6.129411764705882]]]}, "properties": {"elevation_m": 314.9}}, {"type": "Feature", "geometry": {"type": "Polygon", "coordinates": [[[107.2578947368421, -6.129411764705882], [107.3, -6.129411764705882], [107.3, -6.097058823529411], [107.2578947368421, -6.097058823529411], [107.2578947368421, -6.129411764705882]]]}, "properties": {"elevation_m": 321.3}}, {"type": "Feature", "geometry": {"type": "Polygon", "coordinates": [[[106.5, -6.097058823529411], [106.5421052631579, -6.097058823529411], [106.5421052631579, -6.064705882352941], [106.5, -6.064705882352941], [106.5, -6.097058823529411]]]}, "properties": {"elevation_m": 226.4}}, {"type": "Feature", "geometry": {"type": "Polygon", "coordinates": [[[106.5421052631579, -6.097058823529411], [106.58421052631579, -6.097058823529411], [106.58421052631579, -6.064705882352941], [106.5421052631579, -6.064705882352941], [106.5421052631579, -6.097058823529411]]]}, "properties": {"elevation_m": 226.9}}, {"type": "Feature", "geometry": {"type": "Polygon", "coordinates": [[[106.58421052631579, -6.097058823529411], [106.62631578947368, -6.097058823529411], [106.62631578947368, -6.064705882352941], [106.58421052631579, -6.064705882352941], [106.58421052631579, -6.097058823529411]]]}, "properties": {"elevation_m": 195.4}}, {"type": "Feature", "geometry": {"type": "Polygon", "coordinates": [[[106.62631578947368, -6.097058823529411], [106.66842105263157, -6.097058823529411], [106.66842105263157, -6.064705882352941], [106.62631578947368, -6.064705882352941], [106.62631578947368, -6.097058823529411]]]}, "properties": {"elevation_m": 171.1}}, {"type": "Feature", "geometry": {"type": "Polygon", "coordinates": [[[106.66842105263157, -6.097058823529411], [106.71052631578948, -6.097058823529411], [106.71052631578948, -6.064705882352941], [106.66842105263157, -6.064705882352941], [106.66842105263157, -6.097058823529411]]]}, "properties": {"elevation_m": 150.8}}, {"type": "Feature", "geometry": {"type": "Polygon", "coordinates": [[[106.71052631578948, -6.097058823529411], [106.75263157894737, -6.097058823529411], [106.75263157894737, -6.064705882352941], [106.71052631578948, -6.064705882352941], [106.71052631578948, -6.097058823529411]]]}, "properties": {"elevation_m": 136.3}}, {"type": "Feature", "geometry": {"type": "Polygon", "coordinates": [[[106.75263157894737, -6.097058823529411], [106.79473684210527, -6.097058823529411], [106.79473684210527, -6.064705882352941], [106.75263157894737, -6.064705882352941], [106.75263157894737, -6.097058823529411]]]}, "properties": {"elevation_m": 128.9}}, {"type": "Feature", "geometry": {"type": "Polygon", "coordinates": [[[106.79473684210527, -6.097058823529411], [106.83684210526316, -6.097058823529411], [106.83684210526316, -6.064705882352941], [106.79473684210527, -6.064705882352941], [106.79473684210527, -6.097058823529411]]]}, "properties": {"elevation_m": 99.6}}, {"type": "Feature", "geometry": {"type": "Polygon", "coordinates": [[[106.83684210526316, -6.097058823529411], [106.87894736842105, -6.097058823529411], [106.87894736842105, -6.064705882352941], [106.83684210526316, -6.064705882352941], [106.83684210526316, -6.097058823529411]]]}, "properties": {"elevation_m": 124.6}}, {"type": "Feature", "geometry": {"type": "Polygon", "coordinates": [[[106.87894736842105, -6.097058823529411], [106.92105263157895, -6.097058823529411], [106.92105263157895, -6.064705882352941], [106.87894736842105, -6.064705882352941], [106.87894736842105, -6.097058823529411]]]}, "properties": {"elevation_m": 133.4}}, {"type": "Feature", "geometry": {"type": "Polygon", "coordinates": [[[106.92105263157895, -6.097058823529411], [106.96315789473684, -6.097058823529411], [106.96315789473684, -6.064705882352941], [106.92105263157895, -6.064705882352941], [106.92105263157895, -6.097058823529411]]]}, "properties": {"elevation_m": 153.0}}, {"type": "Feature", "geometry": {"type": "Polygon", "coordinates": [[[106.96315789473684, -6.097058823529411], [107.00526315789473, -6.097058823529411], [107.00526315789473, -6.064705882352941], [106.96315789473684, -6.064705882352941], [106.96315789473684, -6.097058823529411]]]}, "properties": {"elevation_m": 189.7}}, {"type": "Feature", "geometry": {"type": "Polygon", "coordinates": [[[107.00526315789473, -6.097058823529411], [107.04736842105262, -6.097058823529411], [107.04736842105262, -6.064705882352941], [107.00526315789473, -6.064705882352941], [107.00526315789473, -6.097058823529411]]]}, "properties": {"elevation_m": 224.5}}, {"type": "Feature", "geometry": {"type": "Polygon", "coordinates": [[[107.04736842105262, -6.097058823529411], [107.08947368421052, -6.097058823529411], [107.08947368421052, -6.064705882352941], [107.04736842105262, -6.064705882352941], [107.04736842105262, -6.097058823529411]]]}, "properties": {"elevation_m": 236.6}}, {"type": "Feature", "geometry": {"type": "Polygon", "coordinates": [[[107.08947368421052, -6.097058823529411], [107.13157894736842, -6.097058823529411], [107.13157894736842, -6.064705882352941], [107.08947368421052, -6.064705882352941], [107.08947368421052, -6.097058823529411]]]}, "properties": {"elevation_m": 270.8}}, {"type": "Feature", "geometry": {"type": "Polygon", "coordinates": [[[107.13157894736842, -6.097058823529411], [107.17368421052632, -6.097058823529411], [107.17368421052632, -6.064705882352941], [107.13157894736842, -6.064705882352941], [107.13157894736842, -6.097058823529411]]]}, "properties": {"elevation_m": 276.1}}, {"type": "Feature", "geometry": {"type": "Polygon", "coordinates": [[[107.17368421052632, -6.097058823529411], [107.21578947368421, -6.097058823529411], [107.21578947368421, -6.064705882352941], [107.17368421052632, -6.064705882352941], [107.17368421052632, -6.097058823529411]]]}, "properties": {"elevation_m": 305.5}}, {"type": "Feature", "geometry": {"type": "Polygon", "coordinates": [[[107.21578947368421, -6.097058823529411], [107.2578947368421, -6.097058823529411], [107.2578947368421, -6.064705882352941], [107.21578947368421, -6.064705882352941], [107.21578947368421, -6.097058823529411]]]}, "properties": {"elevation_m": 316.9}}, {"type": "Feature", "geometry": {"type": "Polygon", "coordinates": [[[107.2578947368421, -6.097058823529411], [107.3, -6.097058823529411], [107.3, -6.064705882352941], [107.2578947368421, -6.064705882352941], [107.2578947368421, -6.097058823529411]]]}, "properties": {"elevation_m": 325.2}}, {"type": "Feature", "geometry": {"type": "Polygon", "coordinates": [[[106.5, -6.064705882352941], [106.5421052631579, -6.064705882352941], [106.5421052631579, -6.0323529411764705], [106.5, -6.0323529411764705], [106.5, -6.064705882352941]]]}, "properties": {"elevation_m": 209.8}}, {"type": "Feature", "geometry": {"type": "Polygon", "coordinates": [[[106.5421052631579, -6.064705882352941], [106.58421052631579, -6.064705882352941], [106.58421052631579, -6.0323529411764705], [106.5421052631579, -6.0323529411764705], [106.5421052631579, -6.064705882352941]]]}, "properties": {"elevation_m": 196.2}}, {"type": "Feature", "geometry": {"type": "Polygon", "coordinates": [[[106.58421052631579, -6.064705882352941], [106.62631578947368, -6.064705882352941], [106.62631578947368, -6.0323529411764705], [106.58421052631579, -6.0323529411764705], [106.58421052631579, -6.064705882352941]]]}, "properties": {"elevation_m": 208.4}}, {"type": "Feature", "geometry": {"type": "Polygon", "coordinates": [[[106.62631578947368, -6.064705882352941], [106.66842105263157, -6.064705882352941], [106.66842105263157, -6.0323529411764705], [106.62631578947368, -6.0323529411764705], [106.62631578947368, -6.064705882352941]]]}, "properties": {"elevation_m": 177.0}}, {"type": "Feature", "geometry": {"type": "Polygon", "coordinates": [[[106.66842105263157, -6.064705882352941], [106.71052631578948, -6.064705882352941], [106.71052631578948, -6.0323529411764705], [106.66842105263157, -6.0323529411764705], [106.66842105263157, -6.064705882352941]]]}, "properties": {"elevation_m": 147.1}}, {"type": "Feature", "geometry": {"type": "Polygon", "coordinates": [[[106.71052631578948, -6.064705882352941], [106.75263157894737, -6.064705882352941], [106.75263157894737, -6.0323529411764705], [106.71052631578948, -6.0323529411764705], [106.71052631578948, -6.064705882352941]]]}, "properties": {"elevation_m": 143.9}}, {"type": "Feature", "geometry": {"type": "Polygon", "coordinates": [[[106.75263157894737, -6.064705882352941], [106.79473684210527, -6.064705882352941], [106.79473684210527, -6.0323529411764705], [106.75263157894737, -6.0323529411764705], [106.75263157894737, -6.064705882352941]]]}, "properties": {"elevation_m": 146.7}}, {"type": "Feature", "geometry": {"type": "Polygon", "coordinates": [[[106.79473684210527, -6.064705882352941], [106.83684210526316, -6.064705882352941], [106.83684210526316, -6.0323529411764705], [106.79473684210527, -6.0323529411764705], [106.79473684210527, -6.064705882352941]]]}, "properties": {"elevation_m": 145.7}}, {"type": "Feature", "geometry": {"type": "Polygon", "coordinates": [[[106.83684210526316, -6.064705882352941], [106.87894736842105, -6.064705882352941], [106.87894736842105, -6.0323529411764705], [106.83684210526316, -6.0323529411764705], [106.83684210526316, -6.064705882352941]]]}, "properties": {"elevation_m": 155.6}}, {"type": "Feature", "geometry": {"type": "Polygon", "coordinates": [[[106.87894736842105, -6.064705882352941], [106.92105263157895, -6.064705882352941], [106.92105263157895, -6.0323529411764705], [106.87894736842105, -6.0323529411764705], [106.87894736842105, -6.064705882352941]]]}, "properties": {"elevation_m": 143.6}}, {"type": "Feature", "geometry": {"type": "Polygon", "coordinates": [[[106.92105263157895, -6.064705882352941], [106.96315789473684, -6.064705882352941], [106.96315789473684, -6.0323529411764705], [106.92105263157895, -6.0323529411764705], [106.92105263157895, -6.064705882352941]]]}, "properties": {"elevation_m": 185.3}}, {"type": "Feature", "geometry": {"type": "Polygon", "coordinates": [[[106.96315789473684, -6.064705882352941], [107.00526315789473, -6.064705882352941], [107.00526315789473, -6.0323529411764705], [106.96315789473684, -6.0323529411764705], [106.96315789473684, -6.064705882352941]]]}, "properties": {"elevation_m": 192.1}}, {"type": "Feature", "geometry": {"type": "Polygon", "coordinates": [[[107.00526315789473, -6.064705882352941], [107.04736842105262, -6.064705882352941], [107.04736842105262, -6.0323529411764705], [107.00526315789473, -6.0323529411764705], [107.00526315789473, -6.064705882352941]]]}, "properties": {"elevation_m": 218.5}}, {"type": "Feature", "geometry": {"type": "Polygon", "coordinates": [[[107.04736842105262, -6.064705882352941], [107.08947368421052, -6.064705882352941], [107.08947368421052, -6.0323529411764705], [107.04736842105262, -6.0323529411764705], [107.04736842105262, -6.064705882352941]]]}, "properties": {"elevation_m": 235.2}}, {"type": "Feature", "geometry": {"type": "Polygon", "coordinates": [[[107.08947368421052, -6.064705882352941], [107.13157894736842, -6.064705882352941], [107.13157894736842, -6.0323529411764705], [107.08947368421052, -6.0323529411764705], [107.08947368421052, -6.064705882352941]]]}, "properties": {"elevation_m": 258.0}}, {"type": "Feature", "geometry": {"type": "Polygon", "coordinates": [[[107.13157894736842, -6.064705882352941], [107.17368421052632, -6.064705882352941], [107.17368421052632, -6.0323529411764705], [107.13157894736842, -6.0323529411764705], [107.13157894736842, -6.064705882352941]]]}, "properties": {"elevation_m": 275.0}}, {"type": "Feature", "geometry": {"type": "Polygon", "coordinates": [[[107.17368421052632, -6.064705882352941], [107.21578947368421, -6.064705882352941], [107.21578947368421, -6.0323529411764705], [107.17368421052632, -6.0323529411764705], [107.17368421052632, -6.064705882352941]]]}, "properties": {"elevation_m": 272.4}}, {"type": "Feature", "geometry": {"type": "Polygon", "coordinates": [[[107.21578947368421, -6.064705882352941], [107.2578947368421, -6.064705882352941], [107.2578947368421, -6.0323529411764705], [107.21578947368421, -6.0323529411764705], [107.21578947368421, -6.064705882352941]]]}, "properties": {"elevation_m": 291.8}}, {"type": "Feature", "geometry": {"type": "Polygon", "coordinates": [[[107.2578947368421, -6.064705882352941], [107.3, -6.064705882352941], [107.3, -6.0323529411764705], [107.2578947368421, -6.0323529411764705], [107.2578947368421, -6.064705882352941]]]}, "properties": {"elevation_m": 308.6}}, {"type": "Feature", "geometry": {"type": "Polygon", "coordinates": [[[106.5, -6.0323529411764705], [106.5421052631579, -6.0323529411764705], [106.5421052631579, -6.0], [106.5, -6.0], [106.5, -6.0323529411764705]]]}, "properties": {"elevation_m": 211.1}}, {"type": "Feature", "geometry": {"type": "Polygon", "coordinates": [[[106.5421052631579, -6.0323529411764705], [106.58421052631579, -6.0323529411764705], [106.58421052631579, -6.0], [106.5421052631579, -6.0], [106.5421052631579, -6.0323529411764705]]]}, "properties": {"elevation_m": 209.5}}, {"type": "Feature", "geometry": {"type": "Polygon", "coordinates": [[[106.58421052631579, -6.0323529411764705], [106.62631578947368, -6.0323529411764705], [106.62631578947368, -6.0], [106.58421052631579, -6.0], [106.58421052631579, -6.0323529411764705]]]}, "properties": {"elevation_m": 211.5}}, {"type": "Feature", "geometry": {"type": "Polygon", "coordinates": [[[106.62631578947368, -6.0323529411764705], [106.66842105263157, -6.0323529411764705], [106.66842105263157, -6.0], [106.62631578947368, -6.0], [106.62631578947368, -6.0323529411764705]]]}, "properties": {"elevation_m": 188.1}}, {"type": "Feature", "geometry": {"type": "Polygon", "coordinates": [[[106.66842105263157, -6.0323529411764705], [106.71052631578948, -6.0323529411764705], [106.71052631578948, -6.0], [106.66842105263157, -6.0], [106.66842105263157, -6.0323529411764705]]]}, "properties": {"elevation_m": 170.3}}, {"type": "Feature", "geometry": {"type": "Polygon", "coordinates": [[[106.71052631578948, -6.0323529411764705], [106.75263157894737, -6.0323529411764705], [106.75263157894737, -6.0], [106.71052631578948, -6.0], [106.71052631578948, -6.0323529411764705]]]}, "properties": {"elevation_m": 154.5}}, {"type": "Feature", "geometry": {"type": "Polygon", "coordinates": [[[106.75263157894737, -6.0323529411764705], [106.79473684210527, -6.0323529411764705], [106.79473684210527, -6.0], [106.75263157894737, -6.0], [106.75263157894737, -6.0323529411764705]]]}, "properties": {"elevation_m": 153.5}}, {"type": "Feature", "geometry": {"type": "Polygon", "coordinates": [[[106.79473684210527, -6.0323529411764705], [106.83684210526316, -6.0323529411764705], [106.83684210526316, -6.0], [106.79473684210527, -6.0], [106.79473684210527, -6.0323529411764705]]]}, "properties": {"elevation_m": 133.9}}, {"type": "Feature", "geometry": {"type": "Polygon", "coordinates": [[[106.83684210526316, -6.0323529411764705], [106.87894736842105, -6.0323529411764705], [106.87894736842105, -6.0], [106.83684210526316, -6.0], [106.83684210526316, -6.0323529411764705]]]}, "properties": {"elevation_m": 165.4}}, {"type": "Feature", "geometry": {"type": "Polygon", "coordinates": [[[106.87894736842105, -6.0323529411764705], [106.92105263157895, -6.0323529411764705], [106.92105263157895, -6.0], [106.87894736842105, -6.0], [106.87894736842105, -6.0323529411764705]]]}, "properties": {"elevation_m": 181.6}}, {"type": "Feature", "geometry": {"type": "Polygon", "coordinates": [[[106.92105263157895, -6.0323529411764705], [106.96315789473684, -6.0323529411764705], [106.96315789473684, -6.0], [106.92105263157895, -6.0], [106.92105263157895, -6.0323529411764705]]]}, "properties": {"elevation_m": 176.0}}, {"type": "Feature", "geometry": {"type": "Polygon", "coordinates": [[[106.96315789473684, -6.0323529411764705], [107.00526315789473, -6.0323529411764705], [107.00526315789473, -6.0], [106.96315789473684, -6.0], [106.96315789473684, -6.0323529411764705]]]}, "properties": {"elevation_m": 197.8}}, {"type": "Feature", "geometry": {"type": "Polygon", "coordinates": [[[107.00526315789473, -6.0323529411764705], [107.04736842105262, -6.0323529411764705], [107.04736842105262, -6.0], [107.00526315789473, -6.0], [107.00526315789473, -6.0323529411764705]]]}, "properties": {"elevation_m": 221.7}}, {"type": "Feature", "geometry": {"type": "Polygon", "coordinates": [[[107.04736842105262, -6.0323529411764705], [107.08947368421052, -6.0323529411764705], [107.08947368421052, -6.0], [107.04736842105262, -6.0], [107.04736842105262, -6.0323529411764705]]]}, "properties": {"elevation_m": 209.4}}, {"type": "Feature", "geometry": {"type": "Polygon", "coordinates": [[[107.08947368421052, -6.0323529411764705], [107.13157894736842, -6.0323529411764705], [107.13157894736842, -6.0], [107.08947368421052, -6.0], [107.08947368421052, -6.0323529411764705]]]}, "properties": {"elevation_m": 241.3}}, {"type": "Feature", "geometry": {"type": "Polygon", "coordinates": [[[107.13157894736842, -6.0323529411764705], [107.17368421052632, -6.0323529411764705], [107.17368421052632, -6.0], [107.13157894736842, -6.0], [107.13157894736842, -6.0323529411764705]]]}, "properties": {"elevation_m": 265.7}}, {"type": "Feature", "geometry": {"type": "Polygon", "coordinates": [[[107.17368421052632, -6.0323529411764705], [107.21578947368421, -6.0323529411764705], [107.21578947368421, -6.0], [107.17368421052632, -6.0], [107.17368421052632, -6.0323529411764705]]]}, "properties": {"elevation_m": 276.4}}, {"type": "Feature", "geometry": {"type": "Polygon", "coordinates": [[[107.21578947368421, -6.0323529411764705], [107.2578947368421, -6.0323529411764705], [107.2578947368421, -6.0], [107.21578947368421, -6.0], [107.21578947368421, -6.0323529411764705]]]}, "properties": {"elevation_m": 299.6}}, {"type": "Feature", "geometry": {"type": "Polygon", "coordinates": [[[107.2578947368421, -6.0323529411764705], [107.3, -6.0323529411764705], [107.3, -6.0], [107.2578947368421, -6.0], [107.2578947368421, -6.0323529411764705]]]}, "properties": {"elevation_m": 316.0}}]}