{"type": "FeatureCollection", "features": [{"type": "Feature", "geometry": {"type": "Polygon", "coordinates": [[[106.5, -6.55], [106.51388888888889, -6.55], [106.51388888888889, -6.5375], [106.5, -6.5375], [106.5, -6.55]]]}, "properties": {"lst_celsius": 18.02}}, {"type": "Feature", "geometry": {"type": "Polygon", "coordinates": [[[106.51388888888889, -6.55], [106.52777777777777, -6.55], [106.52777777777777, -6.5375], [106.51388888888889, -6.5375], [106.51388888888889, -6.55]]]}, "properties": {"lst_celsius": 18.02}}, {"type": "Feature", "geometry": {"type": "Polygon", "coordinates": [[[106.52777777777777, -6.55], [106.54166666666667, -6.55], [106.54166666666667, -6.5375], [106.52777777777777, -6.5375], [106.52777777777777, -6.55]]]}, "properties": {"lst_celsius": 18.02}}, {"type": "Feature", "geometry": {"type": "Polygon", "coordinates": [[[106.54166666666667, -6.55], [106.55555555555556, -6.55], [106.55555555555556, -6.5375], [106.54166666666667, -6.5375], [106.54166666666667, -6.55]]]}, "properties": {"lst_celsius": 18.02}}, {"type": "Feature", "geometry": {"type": "Polygon", "coordinates": [[[106.55555555555556, -6.55], [106.56944444444444, -6.55], [106.56944444444444, -6.5375], [106.55555555555556, -6.5375], [106.55555555555556, -6.55]]]}, "properties": {"lst_celsius": 18.02}}, {"type": "Feature", "geometry": {"type": "Polygon", "coordinates": [[[106.56944444444444, -6.55], [106.58333333333333, -6.55], [106.58333333333333, -6.5375], [106.56944444444444, -6.5375], [106.56944444444444, -6.55]]]}, "properties": {"lst_celsius": 18.02}}, {"type": "Feature", "geometry": {"type": "Polygon", "coordinates": [[[106.58333333333333, -6.55], [106.59722222222223, -6.55], [106.59722222222223, -6.5375], [106.58333333333333, -6.5375], [106.58333333333333, -6.55]]]}, "properties": {"lst_celsius": 18.02}}, {"type": "Feature", "geometry": {"type": "Polygon", "coordinates": [[[106.59722222222223, -6.55], [106.61111111111111, -6.55], [106.61111111111111, -6.5375], [106.59722222222223, -6.5375], [106.59722222222223, -6.55]]]}, "properties": {"lst_celsius": 18.02}}, {"type": "Feature", "geometry": {"type": "Polygon", "coordinates": [[[106.61111111111111, -6.55], [106.625, -6.55], [106.625, -6.5375], [106.61111111111111, -6.5375], [106.61111111111111, -6.55]]]}, "properties": {"lst_celsius": 18.02}}, {"type": "Feature", "geometry": {"type": "Polygon", "coordinates": [[[106.625, -6.55], [106.63888888888889, -6.55], [106.63888888888889, -6.5375], [106.625, -6.5375], [106.625, -6.55]]]}, "properties": {"lst_celsius": 18.02}}, {"type": "Feature", "geometry": {"type": "Polygon", "coordinates": [[[106.63888888888889, -6.55], [106.65277777777777, -6.55], [106.65277777777777, -6.5375], [106.63888888888889, -6.5375], [106.63888888888889, -6.55]]]}, "properties": {"lst_celsius": 18.02}}, {"type": "Feature", "geometry": {"type": "Polygon", "coordinates": [[[106.65277777777777, -6.55], [106.66666666666667, -6.55], [106.66666666666667, -6.5375], [106.65277777777777, -6.5375], [106.65277777777777, -6.55]]]}, "properties": {"lst_celsius": 18.02}}, {"type": "Feature", "geometry": {"type": "Polygon", "coordinates": [[[106.66666666666667, -6.55], [106.68055555555556, -6.55], [106.68055555555556, -6.5375], [106.66666666666667, -6.5375], [106.66666666666667, -6.55]]]}, "properties": {"lst_celsius": 18.02}}, {"type": "Feature", "geometry": {"type": "Polygon", "coordinates": [[[106.68055555555556, -6.55], [106.69444444444444, -6.55], [106.69444444444444, -6.5375], [106.68055555555556, -6.5375], [106.68055555555556, -6.55]]]}, "properties": {"lst_celsius": 18.02}}, {"type": "Feature", "geometry": {"type": "Polygon", "coordinates": [[[106.69444444444444, -6.55], [106.70833333333333, -6.55], [106.70833333333333, -6.5375], [106.69444444444444, -6.5375], [106.69444444444444, -6.55]]]}, "properties": {"lst_celsius": 18.02}}, {"type": "Feature", "geometry": {"type": "Polygon", "coordinates": [[[106.70833333333333, -6.55], [106.72222222222223, -6.55], [106.72222222222223, -6.5375], [106.70833333333333, -6.5375], [106.70833333333333, -6.55]]]}, "properties": {"lst_celsius": 18.02}}, {"type": "Feature", "geometry": {"type": "Polygon", "coordinates": [[[106.72222222222223, -6.55], [106.73611111111111, -6.55], [106.73611111111111, -6.5375], [106.72222222222223, -6.5375], [106.72222222222223, -6.55]]]}, "properties": {"lst_celsius": 18.02}}, {"type": "Feature", "geometry": {"type": "Polygon", "coordinates": [[[106.73611111111111, -6.55], [106.75, -6.55], [106.75, -6.5375], [106.73611111111111, -6.5375], [106.73611111111111, -6.55]]]}, "properties": {"lst_celsius": 18.02}}, {"type": "Feature", "geometry": {"type": "Polygon", "coordinates": [[[106.75, -6.55], [106.76388888888889, -6.55], [106.76388888888889, -6.5375], [106.75, -6.5375], [106.75, -6.55]]]}, "properties": {"lst_celsius": 18.02}}, {"type": "Feature", "geometry": {"type": "Polygon", "coordinates": [[[106.76388888888889, -6.55], [106.77777777777777, -6.55], [106.77777777777777, -6.5375], [106.76388888888889, -6.5375], [106.76388888888889, -6.55]]]}, "properties": {"lst_celsius": 18.02}}, {"type": "Feature", "geometry": {"type": "Polygon", "coordinates": [[[106.77777777777777, -6.55], [106.79166666666667, -6.55], [106.79166666666667, -6.5375], [106.77777777777777, -6.5375], [106.77777777777777, -6.55]]]}, "properties": {"lst_celsius": 18.02}}, {"type": "Feature", "geometry": {"type": "Polygon", "coordinates": [[[106.79166666666667, -6.55], [106.80555555555556, -6.55], [106.80555555555556, -6.5375], [106.79166666666667, -6.5375], [106.79166666666667, -6.55]]]}, "properties": {"lst_celsius": 18.02}}, {"type": "Feature", "geometry": {"type": "Polygon", "coordinates": [[[106.80555555555556, -6.55], [106.81944444444444, -6.55], [106.81944444444444, -6.5375], [106.80555555555556, -6.5375], [106.80555555555556, -6.55]]]}, "properties": {"lst_celsius": 18.02}}, {"type": "Feature", "geometry": {"type": "Polygon", "coordinates": [[[106.81944444444444, -6.55], [106.83333333333333, -6.55], [106.83333333333333, -6.5375], [106.81944444444444, -6.5375], [106.81944444444444, -6.55]]]}, "properties": {"lst_celsius": 18.02}}, {"type": "Feature", "geometry": {"type": "Polygon", "coordinates": [[[106.83333333333333, -6.55], [106.84722222222223, -6.55], [106.84722222222223, -6.5375], [106.83333333333333, -6.5375], [106.83333333333333, -6.55]]]}, "properties": {"lst_celsius": 18.02}}, {"type": "Feature", "geometry": {"type": "Polygon", "coordinates": [[[106.84722222222223, -6.55], [106.86111111111111, -6.55], [106.86111111111111, -6.5375], [106.84722222222223, -6.5375], [106.84722222222223, -6.55]]]}, "properties": {"lst_celsius": 18.02}}, {"type": "Feature", "geometry": {"type": "Polygon", "coordinates": [[[106.86111111111111, -6.55], [106.875, -6.55], [106.875, -6.5375], [106.86111111111111, -6.5375], [106.86111111111111, -6.55]]]}, "properties": {"lst_celsius": 18.02}}, {"type": "Feature", "geometry": {"type": "Polygon", "coordinates": [[[106.875, -6.55], [106.88888888888889, -6.55], [106.88888888888889, -6.5375], [106.875, -6.5375], [106.875, -6.55]]]}, "properties": {"lst_celsius": 18.02}}, {"type": "Feature", "geometry": {"type": "Polygon", "coordinates": [[[106.88888888888889, -6.55], [106.90277777777777, -6.55], [106.90277777777777, -6.5375], [106.88888888888889, -6.5375], [106.88888888888889, -6.55]]]}, "properties": {"lst_celsius": 18.02}}, {"type": "Feature", "geometry": {"type": "Polygon", "coordinates": [[[106.90277777777777, -6.55], [106.91666666666667, -6.55], [106.91666666666667, -6.5375], [106.90277777777777, -6.5375], [106.90277777777777, -6.55]]]}, "properties": {"lst_celsius": 18.02}}, {"type": "Feature", "geometry": {"type": "Polygon", "coordinates": [[[106.91666666666667, -6.55], [106.93055555555556, -6.55], [106.93055555555556, -6.5375], [106.91666666666667, -6.5375], [106.91666666666667, -6.55]]]}, "properties": {"lst_celsius": 18.02}}, {"type": "Feature", "geometry": {"type": "Polygon", "coordinates": [[[106.93055555555556, -6.55], [106.94444444444444, -6.55], [106.94444444444444, -6.5375], [106.93055555555556, -6.5375], [106.93055555555556, -6.55]]]}, "properties": {"lst_celsius": 18.02}}, {"type": "Feature", "geometry": {"type": "Polygon", "coordinates": [[[106.94444444444444, -6.55], [106.95833333333333, -6.55], [106.95833333333333, -6.5375], [106.94444444444444, -6.5375], [106.94444444444444, -6.55]]]}, "properties": {"lst_celsius": 18.02}}, {"type": "Feature", "geometry": {"type": "Polygon", "coordinates": [[[106.95833333333333, -6.55], [106.97222222222223, -6.55], [106.97222222222223, -6.5375], [106.95833333333333, -6.5375], [106.95833333333333, -6.55]]]}, "properties": {"lst_celsius": 18.02}}, {"type": "Feature", "geometry": {"type": "Polygon", "coordinates": [[[106.97222222222223, -6.55], [106.98611111111111, -6.55], [106.98611111111111, -6.5375], [106.97222222222223, -6.5375], [106.97222222222223, -6.55]]]}, "properties": {"lst_celsius": 18.02}}, {"type": "Feature", "geometry": {"type": "Polygon", "coordinates": [[[106.98611111111111, -6.55], [107.0, -6.55], [107.0, -6.5375], [106.98611111111111, -6.5375], [106.98611111111111, -6.55]]]}, "properties": {"lst_celsius": 18.02}}, {"type": "Feature", "geometry": {"type": "Polygon", "coordinates": [[[107.0, -6.55], [107.01388888888889, -6.55], [107.01388888888889, -6.5375], [107.0, -6.5375], [107.0, -6.55]]]}, "properties": {"lst_celsius": 18.02}}, {"type": "Feature", "geometry": {"type": "Polygon", "coordinates": [[[107.01388888888889, -6.55], [107.02777777777777, -6.55], [107.02777777777777, -6.5375], [107.01388888888889, -6.5375], [107.01388888888889, -6.55]]]}, "properties": {"lst_celsius": 18.02}}, {"type": "Feature", "geometry": {"type": "Polygon", "coordinates": [[[107.02777777777777, -6.55], [107.04166666666667, -6.55], [107.04166666666667, -6.5375], [107.02777777777777, -6.5375], [107.02777777777777, -6.55]]]}, "properties": {"lst_celsius": 18.02}}, {"type": "Feature", "geometry": {"type": "Polygon", "coordinates": [[[107.04166666666667, -6.55], [107.05555555555556, -6.55], [107.05555555555556, -6.5375], [107.04166666666667, -6.5375], [107.04166666666667, -6.55]]]}, "properties": {"lst_celsius": 18.02}}, {"type": "Feature", "geometry": {"type": "Polygon", "coordinates": [[[107.05555555555556, -6.55], [107.06944444444444, -6.55], [107.06944444444444, -6.5375], [107.05555555555556, -6.5375], [107.05555555555556, -6.55]]]}, "properties": {"lst_celsius": 18.02}}, {"type": "Feature", "geometry": {"type": "Polygon", "coordinates": [[[107.06944444444444, -6.55], [107.08333333333333, -6.55], [107.08333333333333, -6.5375], [107.06944444444444, -6.5375], [107.06944444444444, -6.55]]]}, "properties": {"lst_celsius": 18.02}}, {"type": "Feature", "geometry": {"type": "Polygon", "coordinates": [[[107.08333333333333, -6.55], [107.09722222222223, -6.55], [107.09722222222223, -6.5375], [107.08333333333333, -6.5375], [107.08333333333333, -6.55]]]}, "properties": {"lst_celsius": 18.02}}, {"type": "Feature", "geometry": {"type": "Polygon", "coordinates": [[[107.09722222222223, -6.55], [107.11111111111111, -6.55], [107.11111111111111, -6.5375], [107.09722222222223, -6.5375], [107.09722222222223, -6.55]]]}, "properties": {"lst_celsius": 18.02}}, {"type": "Feature", "geometry": {"type": "Polygon", "coordinates": [[[107.11111111111111, -6.55], [107.125, -6.55], [107.125, -6.5375], [107.11111111111111, -6.5375], [107.11111111111111, -6.55]]]}, "properties": {"lst_celsius": 18.02}}, {"type": "Feature", "geometry": {"type": "Polygon", "coordinates": [[[107.125, -6.55], [107.13888888888889, -6.55], [107.13888888888889, -6.5375], [107.125, -6.5375], [107.125, -6.55]]]}, "properties": {"lst_celsius": 18.02}}, {"type": "Feature", "geometry": {"type": "Polygon", "coordinates": [[[107.13888888888889, -6.55], [107.15277777777777, -6.55], [107.15277777777777, -6.5375], [107.13888888888889, -6.5375], [107.13888888888889, -6.55]]]}, "properties": {"lst_celsius": 18.02}}, {"type": "Feature", "geometry": {"type": "Polygon", "coordinates": [[[107.15277777777777, -6.55], [107.16666666666667, -6.55], [107.16666666666667, -6.5375], [107.15277777777777, -6.5375], [107.15277777777777, -6.55]]]}, "properties": {"lst_celsius": 18.02}}, {"type": "Feature", "geometry": {"type": "Polygon", "coordinates": [[[107.16666666666667, -6.55], [107.18055555555556, -6.55], [107.18055555555556, -6.5375], [107.16666666666667, -6.5375], [107.16666666666667, -6.55]]]}, "properties": {"lst_celsius": 18.02}}, {"type": "Feature", "geometry": {"type": "Polygon", "coordinates": [[[107.18055555555556, -6.55], [107.19444444444444, -6.55], [107.19444444444444, -6.5375], [107.18055555555556, -6.5375], [107.18055555555556, -6.55]]]}, "properties": {"lst_celsius": 18.02}}, {"type": "Feature", "geometry": {"type": "Polygon", "coordinates": [[[107.19444444444444, -6.55], [107.20833333333333, -6.55], [107.20833333333333, -6.5375], [107.19444444444444, -6.5375], [107.19444444444444, -6.55]]]}, "properties": {"lst_celsius": 18.02}}, {"type": "Feature", "geometry": {"type": "Polygon", "coordinates": [[[107.20833333333333, -6.55], [107.22222222222223, -6.55], [107.22222222222223, -6.5375], [107.20833333333333, -6.5375], [107.20833333333333, -6.55]]]}, "properties": {"lst_celsius": 18.02}}, {"type": "Feature", "geometry": {"type": "Polygon", "coordinates": [[[107.22222222222223, -6.55], [107.23611111111111, -6.55], [107.23611111111111, -6.5375], [107.22222222222223, -6.5375], [107.22222222222223, -6.55]]]}, "properties": {"lst_celsius": 18.02}}, {"type": "Feature", "geometry": {"type": "Polygon", "coordinates": [[[107.23611111111111, -6.55], [107.25, -6.55], [107.25, -6.5375], [107.23611111111111, -6.5375], [107.23611111111111, -6.55]]]}, "properties": {"lst_celsius": 18.02}}, {"type": "Feature", "geometry": {"type": "Polygon", "coordinates": [[[106.5, -6.5375], [106.51388888888889, -6.5375], [106.51388888888889, -6.5249999999999995], [106.5, -6.5249999999999995], [106.5, -6.5375]]]}, "properties": {"lst_celsius": 18.2}}, {"type": "Feature", "geometry": {"type": "Polygon", "coordinates": [[[106.51388888888889, -6.5375], [106.52777777777777, -6.5375], [106.52777777777777, -6.5249999999999995], [106.51388888888889, -6.5249999999999995], [106.51388888888889, -6.5375]]]}, "properties": {"lst_celsius": 18.2}}, {"type": "Feature", "geometry": {"type": "Polygon", "coordinates": [[[106.52777777777777, -6.5375], [106.54166666666667, -6.5375], [106.54166666666667, -6.5249999999999995], [106.52777777777777, -6.5249999999999995], [106.52777777777777, -6.5375]]]}, "properties": {"lst_celsius": 18.2}}, {"type": "Feature", "geometry": {"type": "Polygon", "coordinates": [[[106.54166666666667, -6.5375], [106.55555555555556, -6.5375], [106.55555555555556, -6.5249999999999995], [106.54166666666667, -6.5249999999999995], [106.54166666666667, -6.5375]]]}, "properties": {"lst_celsius": 18.2}}, {"type": "Feature", "geometry": {"type": "Polygon", "coordinates": [[[106.55555555555556, -6.5375], [106.56944444444444, -6.5375], [106.56944444444444, -6.5249999999999995], [106.55555555555556, -6.5249999999999995], [106.55555555555556, -6.5375]]]}, "properties": {"lst_celsius": 18.2}}, {"type": "Feature", "geometry": {"type": "Polygon", "coordinates": [[[106.56944444444444, -6.5375], [106.58333333333333, -6.5375], [106.58333333333333, -6.5249999999999995], [106.56944444444444, -6.5249999999999995], [106.56944444444444, -6.5375]]]}, "properties": {"lst_celsius": 18.2}}, {"type": "Feature", "geometry": {"type": "Polygon", "coordinates": [[[106.58333333333333, -6.5375], [106.59722222222223, -6.5375], [106.59722222222223, -6.5249999999999995], [106.58333333333333, -6.5249999999999995], [106.58333333333333, -6.5375]]]}, "properties": {"lst_celsius": 18.2}}, {"type": "Feature", "geometry": {"type": "Polygon", "coordinates": [[[106.59722222222223, -6.5375], [106.61111111111111, -6.5375], [106.61111111111111, -6.5249999999999995], [106.59722222222223, -6.5249999999999995], [106.59722222222223, -6.5375]]]}, "properties": {"lst_celsius": 18.2}}, {"type": "Feature", "geometry": {"type": "Polygon", "coordinates": [[[106.61111111111111, -6.5375], [106.625, -6.5375], [106.625, -6.5249999999999995], [106.61111111111111, -6.5249999999999995], [106.61111111111111, -6.5375]]]}, "properties": {"lst_celsius": 18.2}}, {"type": "Feature", "geometry": {"type": "Polygon", "coordinates": [[[106.625, -6.5375], [106.63888888888889, -6.5375], [106.63888888888889, -6.5249999999999995], [106.625, -6.5249999999999995], [106.625, -6.5375]]]}, "properties": {"lst_celsius": 18.2}}, {"type": "Feature", "geometry": {"type": "Polygon", "coordinates": [[[106.63888888888889, -6.5375], [106.65277777777777, -6.5375], [106.65277777777777, -6.5249999999999995], [106.63888888888889, -6.5249999999999995], [106.63888888888889, -6.5375]]]}, "properties": {"lst_celsius": 18.2}}, {"type": "Feature", "geometry": {"type": "Polygon", "coordinates": [[[106.65277777777777, -6.5375], [106.66666666666667, -6.5375], [106.66666666666667, -6.5249999999999995], [106.65277777777777, -6.5249999999999995], [106.65277777777777, -6.5375]]]}, "properties": {"lst_celsius": 18.2}}, {"type": "Feature", "geometry": {"type": "Polygon", "coordinates": [[[106.66666666666667, -6.5375], [106.68055555555556, -6.5375], [106.68055555555556, -6.5249999999999995], [106.66666666666667, -6.5249999999999995], [106.66666666666667, -6.5375]]]}, "properties": {"lst_celsius": 18.2}}, {"type": "Feature", "geometry": {"type": "Polygon", "coordinates": [[[106.68055555555556, -6.5375], [106.69444444444444, -6.5375], [106.69444444444444, -6.5249999999999995], [106.68055555555556, -6.5249999999999995], [106.68055555555556, -6.5375]]]}, "properties": {"lst_celsius": 18.2}}, {"type": "Feature", "geometry": {"type": "Polygon", "coordinates": [[[106.69444444444444, -6.5375], [106.70833333333333, -6.5375], [106.70833333333333, -6.5249999999999995], [106.69444444444444, -6.5249999999999995], [106.69444444444444, -6.5375]]]}, "properties": {"lst_celsius": 18.2}}, {"type": "Feature", "geometry": {"type": "Polygon", "coordinates": [[[106.70833333333333, -6.5375], [106.72222222222223, -6.5375], [106.72222222222223, -6.5249999999999995], [106.70833333333333, -6.5249999999999995], [106.70833333333333, -6.5375]]]}, "properties": {"lst_celsius": 18.2}}, {"type": "Feature", "geometry": {"type": "Polygon", "coordinates": [[[106.72222222222223, -6.5375], [106.73611111111111, -6.5375], [106.73611111111111, -6.5249999999999995], [106.72222222222223, -6.5249999999999995], [106.72222222222223, -6.5375]]]}, "properties": {"lst_celsius": 18.2}}, {"type": "Feature", "geometry": {"type": "Polygon", "coordinates": [[[106.73611111111111, -6.5375], [106.75, -6.5375], [106.75, -6.5249999999999995], [106.73611111111111, -6.5249999999999995], [106.73611111111111, -6.5375]]]}, "properties": {"lst_celsius": 18.2}}, {"type": "Feature", "geometry": {"type": "Polygon", "coordinates": [[[106.75, -6.5375], [106.76388888888889, -6.5375], [106.76388888888889, -6.5249999999999995], [106.75, -6.5249999999999995], [106.75, -6.5375]]]}, "properties": {"lst_celsius": 18.2}}, {"type": "Feature", "geometry": {"type": "Polygon", "coordinates": [[[106.76388888888889, -6.5375], [106.77777777777777, -6.5375], [106.77777777777777, -6.5249999999999995], [106.76388888888889, -6.5249999999999995], [106.76388888888889, -6.5375]]]}, "properties": {"lst_celsius": 18.2}}, {"type": "Feature", "geometry": {"type": "Polygon", "coordinates": [[[106.77777777777777, -6.5375], [106.79166666666667, -6.5375], [106.79166666666667, -6.5249999999999995], [106.77777777777777, -6.5249999999999995], [106.77777777777777, -6.5375]]]}, "properties": {"lst_celsius": 18.2}}, {"type": "Feature", "geometry": {"type": "Polygon", "coordinates": [[[106.79166666666667, -6.5375], [106.80555555555556, -6.5375], [106.80555555555556, -6.5249999999999995], [106.79166666666667, -6.5249999999999995], [106.79166666666667, -6.5375]]]}, "properties": {"lst_celsius": 18.2}}, {"type": "Feature", "geometry": {"type": "Polygon", "coordinates": [[[106.80555555555556, -6.5375], [106.81944444444444, -6.5375], [106.81944444444444, -6.5249999999999995], [106.80555555555556, -6.5249999999999995], [106.80555555555556, -6.5375]]]}, "properties": {"lst_celsius": 18.2}}, {"type": "Feature", "geometry": {"type": "Polygon", "coordinates": [[[106.81944444444444, -6.5375], [106.83333333333333, -6.5375], [106.83333333333333, -6.5249999999999995], [106.81944444444444, -6.5249999999999995], [106.81944444444444, -6.5375]]]}, "properties": {"lst_celsius": 18.2}}, {"type": "Feature", "geometry": {"type": "Polygon", "coordinates": [[[106.83333333333333, -6.5375], [106.84722222222223, -6.5375], [106.84722222222223, -6.5249999999999995], [106.83333333333333, -6.5249999999999995], [106.83333333333333, -6.5375]]]}, "properties": {"lst_celsius": 18.2}}, {"type": "Feature", "geometry": {"type": "Polygon", "coordinates": [[[106.84722222222223, -6.5375], [106.86111111111111, -6.5375], [106.86111111111111, -6.5249999999999995], [106.84722222222223, -6.5249999999999995], [106.84722222222223, -6.5375]]]}, "properties": {"lst_celsius": 18.2}}, {"type": "Feature", "geometry": {"type": "Polygon", "coordinates": [[[106.86111111111111, -6.5375], [106.875, -6.5375], [106.875, -6.5249999999999995], [106.86111111111111, -6.5249999999999995], [106.86111111111111, -6.5375]]]}, "properties": {"lst_celsius": 18.2}}, {"type": "Feature", "geometry": {"type": "Polygon", "coordinates": [[[106.875, -6.5375], [106.88888888888889, -6.5375], [106.88888888888889, -6.5249999999999995], [106.875, -6.5249999999999995], [106.875, -6.5375]]]}, "properties": {"lst_celsius": 18.2}}, {"type": "Feature", "geometry": {"type": "Polygon", "coordinates": [[[106.88888888888889, -6.5375], [106.90277777777777, -6.5375], [106.90277777777777, -6.5249999999999995], [106.88888888888889, -6.5249999999999995], [106.88888888888889, -6.5375]]]}, "properties": {"lst_celsius": 18.2}}, {"type": "Feature", "geometry": {"type": "Polygon", "coordinates": [[[106.90277777777777, -6.5375], [106.91666666666667, -6.5375], [106.91666666666667, -6.5249999999999995], [106.90277777777777, -6.5249999999999995], [106.90277777777777, -6.5375]]]}, "properties": {"lst_celsius": 18.2}}, {"type": "Feature", "geometry": {"type": "Polygon", "coordinates": [[[106.91666666666667, -6.5375], [106.93055555555556, -6.5375], [106.93055555555556, -6.5249999999999995], [106.91666666666667, -6.5249999999999995], [106.91666666666667, -6.5375]]]}, "properties": {"lst_celsius": 18.2}}, {"type": "Feature", "geometry": {"type": "Polygon", "coordinates": [[[106.93055555555556, -6.5375], [106.94444444444444, -6.5375], [106.94444444444444, -6.5249999999999995], [106.93055555555556, -6.5249999999999995], [106.93055555555556, -6.5375]]]}, "properties": {"lst_celsius": 18.2}}, {"type": "Feature", "geometry": {"type": "Polygon", "coordinates": [[[106.94444444444444, -6.5375], [106.95833333333333, -6.5375], [106.95833333333333, -6.5249999999999995], [106.94444444444444, -6.5249999999999995], [106.94444444444444, -6.5375]]]}, "properties": {"lst_celsius": 18.2}}, {"type": "Feature", "geometry": {"type": "Polygon", "coordinates": [[[106.95833333333333, -6.5375], [106.97222222222223, -6.5375], [106.97222222222223, -6.5249999999999995], [106.95833333333333, -6.5249999999999995], [106.95833333333333, -6.5375]]]}, "properties": {"lst_celsius": 18.2}}, {"type": "Feature", "geometry": {"type": "Polygon", "coordinates": [[[106.97222222222223, -6.5375], [106.98611111111111, -6.5375], [106.98611111111111, -6.5249999999999995], [106.97222222222223, -6.5249999999999995], [106.97222222222223, -6.5375]]]}, "properties": {"lst_celsius": 18.2}}, {"type": "Feature", "geometry": {"type": "Polygon", "coordinates": [[[106.98611111111111, -6.5375], [107.0, -6.5375], [107.0, -6.5249999999999995], [106.98611111111111, -6.5249999999999995], [106.98611111111111, -6.5375]]]}, "properties": {"lst_celsius": 18.2}}, {"type": "Feature", "geometry": {"type": "Polygon", "coordinates": [[[107.0, -6.5375], [107.01388888888889, -6.5375], [107.01388888888889, -6.5249999999999995], [107.0, -6.5249999999999995], [107.0, -6.5375]]]}, "properties": {"lst_celsius": 18.2}}, {"type": "Feature", "geometry": {"type": "Polygon", "coordinates": [[[107.01388888888889, -6.5375], [107.02777777777777, -6.5375], [107.02777777777777, -6.5249999999999995], [107.01388888888889, -6.5249999999999995], [107.01388888888889, -6.5375]]]}, "properties": {"lst_celsius": 18.2}}, {"type": "Feature", "geometry": {"type": "Polygon", "coordinates": [[[107.02777777777777, -6.5375], [107.04166666666667, -6.5375], [107.04166666666667, -6.5249999999999995], [107.02777777777777, -6.5249999999999995], [107.02777777777777, -6.5375]]]}, "properties": {"lst_celsius": 18.2}}, {"type": "Feature", "geometry": {"type": "Polygon", "coordinates": [[[107.04166666666667, -6.5375], [107.05555555555556, -6.5375], [107.05555555555556, -6.5249999999999995], [107.04166666666667, -6.5249999999999995], [107.04166666666667, -6.5375]]]}, "properties": {"lst_celsius": 18.2}}, {"type": "Feature", "geometry": {"type": "Polygon", "coordinates": [[[107.05555555555556, -6.5375], [107.06944444444444, -6.5375], [107.06944444444444, -6.5249999999999995], [107.05555555555556, -6.5249999999999995], [107.05555555555556, -6.5375]]]}, "properties": {"lst_celsius": 18.2}}, {"type": "Feature", "geometry": {"type": "Polygon", "coordinates": [[[107.06944444444444, -6.5375], [107.08333333333333, -6.5375], [107.08333333333333, -6.5249999999999995], [107.06944444444444, -6.5249999999999995], [107.06944444444444, -6.5375]]]}, "properties": {"lst_celsius": 18.2}}, {"type": "Feature", "geometry": {"type": "Polygon", "coordinates": [[[107.08333333333333, -6.5375], [107.09722222222223, -6.5375], [107.09722222222223, -6.5249999999999995], [107.08333333333333, -6.5249999999999995], [107.08333333333333, -6.5375]]]}, "properties": {"lst_celsius": 18.2}}, {"type": "Feature", "geometry": {"type": "Polygon", "coordinates": [[[107.09722222222223, -6.5375], [107.11111111111111, -6.5375], [107.11111111111111, -6.5249999999999995], [107.09722222222223, -6.5249999999999995], [107.09722222222223, -6.5375]]]}, "properties": {"lst_celsius": 18.2}}, {"type": "Feature", "geometry": {"type": "Polygon", "coordinates": [[[107.11111111111111, -6.5375], [107.125, -6.5375], [107.125, -6.5249999999999995], [107.11111111111111, -6.5249999999999995], [107.11111111111111, -6.5375]]]}, "properties": {"lst_celsius": 18.2}}, {"type": "Feature", "geometry": {"type": "Polygon", "coordinates": [[[107.125, -6.5375], [107.13888888888889, -6.5375], [107.13888888888889, -6.5249999999999995], [107.125, -6.5249999999999995], [107.125, -6.5375]]]}, "properties": {"lst_celsius": 18.2}}, {"type": "Feature", "geometry": {"type": "Polygon", "coordinates": [[[107.13888888888889, -6.5375], [107.15277777777777, -6.5375], [107.15277777777777, -6.5249999999999995], [107.13888888888889, -6.5249999999999995], [107.13888888888889, -6.5375]]]}, "properties": {"lst_celsius": 18.2}}, {"type": "Feature", "geometry": {"type": "Polygon", "coordinates": [[[107.15277777777777, -6.5375], [107.16666666666667, -6.5375], [107.16666666666667, -6.5249999999999995], [107.15277777777777, -6.5249999999999995], [107.15277777777777, -6.5375]]]}, "properties": {"lst_celsius": 18.2}}, {"type": "Feature", "geometry": {"type": "Polygon", "coordinates": [[[107.16666666666667, -6.5375], [107.18055555555556, -6.5375], [107.18055555555556, -6.5249999999999995], [107.16666666666667, -6.5249999999999995], [107.16666666666667, -6.5375]]]}, "properties": {"lst_celsius": 18.2}}, {"type": "Feature", "geometry": {"type": "Polygon", "coordinates": [[[107.18055555555556, -6.5375], [107.19444444444444, -6.5375], [107.19444444444444, -6.5249999999999995], [107.18055555555556, -6.5249999999999995], [107.18055555555556, -6.5375]]]}, "properties": {"lst_celsius": 18.2}}, {"type": "Feature", "geometry": {"type": "Polygon", "coordinates": [[[107.19444444444444, -6.5375], [107.20833333333333, -6.5375], [107.20833333333333, -6.5249999999999995], [107.19444444444444, -6.5249999999999995], [107.19444444444444, -6.5375]]]}, "properties": {"lst_celsius": 18.2}}, {"type": "Feature", "geometry": {"type": "Polygon", "coordinates": [[[107.20833333333333, -6.5375], [107.22222222222223, -6.5375], [107.22222222222223, -6.5249999999999995], [107.20833333333333, -6.5249999999999995], [107.20833333333333, -6.5375]]]}, "properties": {"lst_celsius": 18.2}}, {"type": "Feature", "geometry": {"type": "Polygon", "coordinates": [[[107.22222222222223, -6.5375], [107.23611111111111, -6.5375], [107.23611111111111, -6.5249999999999995], [107.22222222222223, -6.5249999999999995], [107.22222222222223, -6.5375]]]}, "properties": {"lst_celsius": 18.2}}, {"type": "Feature", "geometry": {"type": "Polygon", "coordinates": [[[107.23611111111111, -6.5375], [107.25, -6.5375], [107.25, -6.5249999999999995], [107.23611111111111, -6.5249999999999995], [107.23611111111111, -6.5375]]]}, "properties": {"lst_celsius": 18.2}}, {"type": "Feature", "geometry": {"type": "Polygon", "coordinates": [[[106.5, -6.5249999999999995], [106.51388888888889, -6.5249999999999995], [106.51388888888889, -6.5125], [106.5, -6.5125], [106.5, -6.5249999999999995]]]}, "properties": {"lst_celsius": 18.38}}, {"type": "Feature", "geometry": {"type": "Polygon", "coordinates": [[[106.51388888888889, -6.5249999999999995], [106.52777777777777, -6.5249999999999995], [106.52777777777777, -6.5125], [106.51388888888889, -6.5125], [106.51388888888889, -6.5249999999999995]]]}, "properties": {"lst_celsius": 18.38}}, {"type": "Feature", "geometry": {"type": "Polygon", "coordinates": [[[106.52777777777777, -6.5249999999999995], [106.54166666666667, -6.5249999999999995], [106.54166666666667, -6.5125], [106.52777777777777, -6.5125], [106.52777777777777, -6.5249999999999995]]]}, "properties": {"lst_celsius": 18.38}}, {"type": "Feature", "geometry": {"type": "Polygon", "coordinates": [[[106.54166666666667, -6.5249999999999995], [106.55555555555556, -6.5249999999999995], [106.55555555555556, -6.5125], [106.54166666666667, -6.5125], [106.54166666666667, -6.5249999999999995]]]}, "properties": {"lst_celsius": 18.38}}, {"type": "Feature", "geometry": {"type": "Polygon", "coordinates": [[[106.55555555555556, -6.5249999999999995], [106.56944444444444, -6.5249999999999995], [106.56944444444444, -6.5125], [106.55555555555556, -6.5125], [106.55555555555556, -6.5249999999999995]]]}, "properties": {"lst_celsius": 18.38}}, {"type": "Feature", "geometry": {"type": "Polygon", "coordinates": [[[106.56944444444444, -6.5249999999999995], [106.58333333333333, -6.5249999999999995], [106.58333333333333, -6.5125], [106.56944444444444, -6.5125], [106.56944444444444, -6.5249999999999995]]]}, "properties": {"lst_celsius": 18.38}}, {"type": "Feature", "geometry": {"type": "Polygon", "coordinates": [[[106.58333333333333, -6.5249999999999995], [106.59722222222223, -6.5249999999999995], [106.59722222222223, -6.5125], [106.58333333333333, -6.5125], [106.58333333333333, -6.5249999999999995]]]}, "properties": {"lst_celsius": 18.38}}, {"type": "Feature", "geometry": {"type": "Polygon", "coordinates": [[[106.59722222222223, -6.5249999999999995], [106.61111111111111, -6.5249999999999995], [106.61111111111111, -6.5125], [106.59722222222223, -6.5125], [106.59722222222223, -6.5249999999999995]]]}, "properties": {"lst_celsius": 18.38}}, {"type": "Feature", "geometry": {"type": "Polygon", "coordinates": [[[106.61111111111111, -6.5249999999999995], [106.625, -6.5249999999999995], [106.625, -6.5125], [106.61111111111111, -6.5125], [106.61111111111111, -6.5249999999999995]]]}, "properties": {"lst_celsius": 18.38}}, {"type": "Feature", "geometry": {"type": "Polygon", "coordinates": [[[106.625, -6.5249999999999995], [106.63888888888889, -6.5249999999999995], [106.63888888888889, -6.5125], [106.625, -6.5125], [106.625, -6.5249999999999995]]]}, "properties": {"lst_celsius": 18.38}}, {"type": "Feature", "geometry": {"type": "Polygon", "coordinates": [[[106.63888888888889, -6.5249999999999995], [106.65277777777777, -6.5249999999999995], [106.65277777777777, -6.5125], [106.63888888888889, -6.5125], [106.63888888888889, -6.5249999999999995]]]}, "properties": {"lst_celsius": 18.38}}, {"type": "Feature", "geometry": {"type": "Polygon", "coordinates": [[[106.65277777777777, -6.5249999999999995], [106.66666666666667, -6.5249999999999995], [106.66666666666667, -6.5125], [106.65277777777777, -6.5125], [106.65277777777777, -6.5249999999999995]]]}, "properties": {"lst_celsius": 18.38}}, {"type": "Feature", "geometry": {"type": "Polygon", "coordinates": [[[106.66666666666667, -6.5249999999999995], [106.68055555555556, -6.5249999999999995], [106.68055555555556, -6.5125], [106.66666666666667, -6.5125], [106.66666666666667, -6.5249999999999995]]]}, "properties": {"lst_celsius": 18.38}}, {"type": "Feature", "geometry": {"type": "Polygon", "coordinates": [[[106.68055555555556, -6.5249999999999995], [106.69444444444444, -6.5249999999999995], [106.69444444444444, -6.5125], [106.68055555555556, -6.5125], [106.68055555555556, -6.5249999999999995]]]}, "properties": {"lst_celsius": 18.38}}, {"type": "Feature", "geometry": {"type": "Polygon", "coordinates": [[[106.69444444444444, -6.5249999999999995], [106.70833333333333, -6.5249999999999995], [106.70833333333333, -6.5125], [106.69444444444444, -6.5125], [106.69444444444444, -6.5249999999999995]]]}, "properties": {"lst_celsius": 18.38}}, {"type": "Feature", "geometry": {"type": "Polygon", "coordinates": [[[106.70833333333333, -6.5249999999999995], [106.72222222222223, -6.5249999999999995], [106.72222222222223, -6.5125], [106.70833333333333, -6.5125], [106.70833333333333, -6.5249999999999995]]]}, "properties": {"lst_celsius": 18.38}}, {"type": "Feature", "geometry": {"type": "Polygon", "coordinates": [[[106.72222222222223, -6.5249999999999995], [106.73611111111111, -6.5249999999999995], [106.73611111111111, -6.5125], [106.72222222222223, -6.5125], [106.72222222222223, -6.5249999999999995]]]}, "properties": {"lst_celsius": 18.38}}, {"type": "Feature", "geometry": {"type": "Polygon", "coordinates": [[[106.73611111111111, -6.5249999999999995], [106.75, -6.5249999999999995], [106.75, -6.5125], [106.73611111111111, -6.5125], [106.73611111111111, -6.5249999999999995]]]}, "properties": {"lst_celsius": 18.38}}, {"type": "Feature", "geometry": {"type": "Polygon", "coordinates": [[[106.75, -6.5249999999999995], [106.76388888888889, -6.5249999999999995], [106.76388888888889, -6.5125], [106.75, -6.5125], [106.75, -6.5249999999999995]]]}, "properties": {"lst_celsius": 18.38}}, {"type": "Feature", "geometry": {"type": "Polygon", "coordinates": [[[106.76388888888889, -6.5249999999999995], [106.77777777777777, -6.5249999999999995], [106.77777777777777, -6.5125], [106.76388888888889, -6.5125], [106.76388888888889, -6.5249999999999995]]]}, "properties": {"lst_celsius": 18.38}}, {"type": "Feature", "geometry": {"type": "Polygon", "coordinates": [[[106.77777777777777, -6.5249999999999995], [106.79166666666667, -6.5249999999999995], [106.79166666666667, -6.5125], [106.77777777777777, -6.5125], [106.77777777777777, -6.5249999999999995]]]}, "properties": {"lst_celsius": 18.38}}, {"type": "Feature", "geometry": {"type": "Polygon", "coordinates": [[[106.79166666666667, -6.5249999999999995], [106.80555555555556, -6.5249999999999995], [106.80555555555556, -6.5125], [106.79166666666667, -6.5125], [106.79166666666667, -6.5249999999999995]]]}, "properties": {"lst_celsius": 18.38}}, {"type": "Feature", "geometry": {"type": "Polygon", "coordinates": [[[106.80555555555556, -6.5249999999999995], [106.81944444444444, -6.5249999999999995], [106.81944444444444, -6.5125], [106.80555555555556, -6.5125], [106.80555555555556, -6.5249999999999995]]]}, "properties": {"lst_celsius": 18.38}}, {"type": "Feature", "geometry": {"type": "Polygon", "coordinates": [[[106.81944444444444, -6.5249999999999995], [106.83333333333333, -6.5249999999999995], [106.83333333333333, -6.5125], [106.81944444444444, -6.5125], [106.81944444444444, -6.5249999999999995]]]}, "properties": {"lst_celsius": 18.38}}, {"type": "Feature", "geometry": {"type": "Polygon", "coordinates": [[[106.83333333333333, -6.5249999999999995], [106.84722222222223, -6.5249999999999995], [106.84722222222223, -6.5125], [106.83333333333333, -6.5125], [106.83333333333333, -6.5249999999999995]]]}, "properties": {"lst_celsius": 18.38}}, {"type": "Feature", "geometry": {"type": "Polygon", "coordinates": [[[106.84722222222223, -6.5249999999999995], [106.86111111111111, -6.5249999999999995], [106.86111111111111, -6.5125], [106.84722222222223, -6.5125], [106.84722222222223, -6.5249999999999995]]]}, "properties": {"lst_celsius": 18.38}}, {"type": "Feature", "geometry": {"type": "Polygon", "coordinates": [[[106.86111111111111, -6.5249999999999995], [106.875, -6.5249999999999995], [106.875, -6.5125], [106.86111111111111, -6.5125], [106.86111111111111, -6.5249999999999995]]]}, "properties": {"lst_celsius": 18.38}}, {"type": "Feature", "geometry": {"type": "Polygon", "coordinates": [[[106.875, -6.5249999999999995], [106.88888888888889, -6.5249999999999995], [106.88888888888889, -6.5125], [106.875, -6.5125], [106.875, -6.5249999999999995]]]}, "properties": {"lst_celsius": 18.38}}, {"type": "Feature", "geometry": {"type": "Polygon", "coordinates": [[[106.88888888888889, -6.5249999999999995], [106.90277777777777, -6.5249999999999995], [106.90277777777777, -6.5125], [106.88888888888889, -6.5125], [106.88888888888889, -6.5249999999999995]]]}, "properties": {"lst_celsius": 18.38}}, {"type": "Feature", "geometry": {"type": "Polygon", "coordinates": [[[106.90277777777777, -6.5249999999999995], [106.91666666666667, -6.5249999999999995], [106.91666666666667, -6.5125], [106.90277777777777, -6.5125], [106.90277777777777, -6.5249999999999995]]]}, "properties": {"lst_celsius": 18.38}}, {"type": "Feature", "geometry": {"type": "Polygon", "coordinates": [[[106.91666666666667, -6.5249999999999995], [106.93055555555556, -6.5249999999999995], [106.93055555555556, -6.5125], [106.91666666666667, -6.5125], [106.91666666666667, -6.5249999999999995]]]}, "properties": {"lst_celsius": 18.38}}, {"type": "Feature", "geometry": {"type": "Polygon", "coordinates": [[[106.93055555555556, -6.5249999999999995], [106.94444444444444, -6.5249999999999995], [106.94444444444444, -6.5125], [106.93055555555556, -6.5125], [106.93055555555556, -6.5249999999999995]]]}, "properties": {"lst_celsius": 18.38}}, {"type": "Feature", "geometry": {"type": "Polygon", "coordinates": [[[106.94444444444444, -6.5249999999999995], [106.95833333333333, -6.5249999999999995], [106.95833333333333, -6.5125], [106.94444444444444, -6.5125], [106.94444444444444, -6.5249999999999995]]]}, "properties": {"lst_celsius": 18.38}}, {"type": "Feature", "geometry": {"type": "Polygon", "coordinates": [[[106.95833333333333, -6.5249999999999995], [106.97222222222223, -6.5249999999999995], [106.97222222222223, -6.5125], [106.95833333333333, -6.5125], [106.95833333333333, -6.5249999999999995]]]}, "properties": {"lst_celsius": 18.38}}, {"type": "Feature", "geometry": {"type": "Polygon", "coordinates": [[[106.97222222222223, -6.5249999999999995], [106.98611111111111, -6.5249999999999995], [106.98611111111111, -6.5125], [106.97222222222223, -6.5125], [106.97222222222223, -6.5249999999999995]]]}, "properties": {"lst_celsius": 18.38}}, {"type": "Feature", "geometry": {"type": "Polygon", "coordinates": [[[106.98611111111111, -6.5249999999999995], [107.0, -6.5249999999999995], [107.0, -6.5125], [106.98611111111111, -6.5125], [106.98611111111111, -6.5249999999999995]]]}, "properties": {"lst_celsius": 18.38}}, {"type": "Feature", "geometry": {"type": "Polygon", "coordinates": [[[107.0, -6.5249999999999995], [107.01388888888889, -6.5249999999999995], [107.01388888888889, -6.5125], [107.0, -6.5125], [107.0, -6.5249999999999995]]]}, "properties": {"lst_celsius": 18.38}}, {"type": "Feature", "geometry": {"type": "Polygon", "coordinates": [[[107.01388888888889, -6.5249999999999995], [107.02777777777777, -6.5249999999999995], [107.02777777777777, -6.5125], [107.01388888888889, -6.5125], [107.01388888888889, -6.5249999999999995]]]}, "properties": {"lst_celsius": 18.38}}, {"type": "Feature", "geometry": {"type": "Polygon", "coordinates": [[[107.02777777777777, -6.5249999999999995], [107.04166666666667, -6.5249999999999995], [107.04166666666667, -6.5125], [107.02777777777777, -6.5125], [107.02777777777777, -6.5249999999999995]]]}, "properties": {"lst_celsius": 18.38}}, {"type": "Feature", "geometry": {"type": "Polygon", "coordinates": [[[107.04166666666667, -6.5249999999999995], [107.05555555555556, -6.5249999999999995], [107.05555555555556, -6.5125], [107.04166666666667, -6.5125], [107.04166666666667, -6.5249999999999995]]]}, "properties": {"lst_celsius": 18.38}}, {"type": "Feature", "geometry": {"type": "Polygon", "coordinates": [[[107.05555555555556, -6.5249999999999995], [107.06944444444444, -6.5249999999999995], [107.06944444444444, -6.5125], [107.05555555555556, -6.5125], [107.05555555555556, -6.5249999999999995]]]}, "properties": {"lst_celsius": 18.38}}, {"type": "Feature", "geometry": {"type": "Polygon", "coordinates": [[[107.06944444444444, -6.5249999999999995], [107.08333333333333, -6.5249999999999995], [107.08333333333333, -6.5125], [107.06944444444444, -6.5125], [107.06944444444444, -6.5249999999999995]]]}, "properties": {"lst_celsius": 18.38}}, {"type": "Feature", "geometry": {"type": "Polygon", "coordinates": [[[107.08333333333333, -6.5249999999999995], [107.09722222222223, -6.5249999999999995], [107.09722222222223, -6.5125], [107.08333333333333, -6.5125], [107.08333333333333, -6.5249999999999995]]]}, "properties": {"lst_celsius": 18.38}}, {"type": "Feature", "geometry": {"type": "Polygon", "coordinates": [[[107.09722222222223, -6.5249999999999995], [107.11111111111111, -6.5249999999999995], [107.11111111111111, -6.5125], [107.09722222222223, -6.5125], [107.09722222222223, -6.5249999999999995]]]}, "properties": {"lst_celsius": 18.38}}, {"type": "Feature", "geometry": {"type": "Polygon", "coordinates": [[[107.11111111111111, -6.5249999999999995], [107.125, -6.5249999999999995], [107.125, -6.5125], [107.11111111111111, -6.5125], [107.11111111111111, -6.5249999999999995]]]}, "properties": {"lst_celsius": 18.38}}, {"type": "Feature", "geometry": {"type": "Polygon", "coordinates": [[[107.125, -6.5249999999999995], [107.13888888888889, -6.5249999999999995], [107.13888888888889, -6.5125], [107.125, -6.5125], [107.125, -6.5249999999999995]]]}, "properties": {"lst_celsius": 18.38}}, {"type": "Feature", "geometry": {"type": "Polygon", "coordinates": [[[107.13888888888889, -6.5249999999999995], [107.15277777777777, -6.5249999999999995], [107.15277777777777, -6.5125], [107.13888888888889, -6.5125], [107.13888888888889, -6.5249999999999995]]]}, "properties": {"lst_celsius": 18.38}}, {"type": "Feature", "geometry": {"type": "Polygon", "coordinates": [[[107.15277777777777, -6.5249999999999995], [107.16666666666667, -6.5249999999999995], [107.16666666666667, -6.5125], [107.15277777777777, -6.5125], [107.15277777777777, -6.5249999999999995]]]}, "properties": {"lst_celsius": 18.38}}, {"type": "Feature", "geometry": {"type": "Polygon", "coordinates": [[[107.16666666666667, -6.5249999999999995], [107.18055555555556, -6.5249999999999995], [107.18055555555556, -6.5125], [107.16666666666667, -6.5125], [107.16666666666667, -6.5249999999999995]]]}, "properties": {"lst_celsius": 18.38}}, {"type": "Feature", "geometry": {"type": "Polygon", "coordinates": [[[107.18055555555556, -6.5249999999999995], [107.19444444444444, -6.5249999999999995], [107.19444444444444, -6.5125], [107.18055555555556, -6.5125], [107.18055555555556, -6.5249999999999995]]]}, "properties": {"lst_celsius": 18.38}}, {"type": "Feature", "geometry": {"type": "Polygon", "coordinates": [[[107.19444444444444, -6.5249999999999995], [107.20833333333333, -6.5249999999999995], [107.20833333333333, -6.5125], [107.19444444444444, -6.5125], [107.19444444444444, -6.5249999999999995]]]}, "properties": {"lst_celsius": 18.38}}, {"type": "Feature", "geometry": {"type": "Polygon", "coordinates": [[[107.20833333333333, -6.5249999999999995], [107.22222222222223, -6.5249999999999995], [107.22222222222223, -6.5125], [107.20833333333333, -6.5125], [107.20833333333333, -6.5249999999999995]]]}, "properties": {"lst_celsius": 18.38}}, {"type": "Feature", "geometry": {"type": "Polygon", "coordinates": [[[107.22222222222223, -6.5249999999999995], [107.23611111111111, -6.5249999999999995], [107.23611111111111, -6.5125], [107.22222222222223, -6.5125], [107.22222222222223, -6.5249999999999995]]]}, "properties": {"lst_celsius": 18.38}}, {"type": "Feature", "geometry": {"type": "Polygon", "coordinates": [[[107.23611111111111, -6.5249999999999995], [107.25, -6.5249999999999995], [107.25, -6.5125], [107.23611111111111, -6.5125], [107.23611111111111, -6.5249999999999995]]]}, "properties": {"lst_celsius": 18.38}}, {"type": "Feature", "geometry": {"type": "Polygon", "coordinates": [[[106.5, -6.5125], [106.51388888888889, -6.5125], [106.51388888888889, -6.5], [106.5, -6.5], [106.5, -6.5125]]]}, "properties": {"lst_celsius": 18.56}}, {"type": "Feature", "geometry": {"type": "Polygon", "coordinates": [[[106.51388888888889, -6.5125], [106.52777777777777, -6.5125], [106.52777777777777, -6.5], [106.51388888888889, -6.5], [106.51388888888889, -6.5125]]]}, "properties": {"lst_celsius": 18.56}}, {"type": "Feature", "geometry": {"type": "Polygon", "coordinates": [[[106.52777777777777, -6.5125], [106.54166666666667, -6.5125], [106.54166666666667, -6.5], [106.52777777777777, -6.5], [106.52777777777777, -6.5125]]]}, "properties": {"lst_celsius": 18.56}}, {"type": "Feature", "geometry": {"type": "Polygon", "coordinates": [[[106.54166666666667, -6.5125], [106.55555555555556, -6.5125], [106.55555555555556, -6.5], [106.54166666666667, -6.5], [106.54166666666667, -6.5125]]]}, "properties": {"lst_celsius": 18.56}}, {"type": "Feature", "geometry": {"type": "Polygon", "coordinates": [[[106.55555555555556, -6.5125], [106.56944444444444, -6.5125], [106.56944444444444, -6.5], [106.55555555555556, -6.5], [106.55555555555556, -6.5125]]]}, "properties": {"lst_celsius": 18.56}}, {"type": "Feature", "geometry": {"type": "Polygon", "coordinates": [[[106.56944444444444, -6.5125], [106.58333333333333, -6.5125], [106.58333333333333, -6.5], [106.56944444444444, -6.5], [106.56944444444444, -6.5125]]]}, "properties": {"lst_celsius": 18.56}}, {"type": "Feature", "geometry": {"type": "Polygon", "coordinates": [[[106.58333333333333, -6.5125], [106.59722222222223, -6.5125], [106.59722222222223, -6.5], [106.58333333333333, -6.5], [106.58333333333333, -6.5125]]]}, "properties": {"lst_celsius": 18.56}}, {"type": "Feature", "geometry": {"type": "Polygon", "coordinates": [[[106.59722222222223, -6.5125], [106.61111111111111, -6.5125], [106.61111111111111, -6.5], [106.59722222222223, -6.5], [106.59722222222223, -6.5125]]]}, "properties": {"lst_celsius": 18.56}}, {"type": "Feature", "geometry": {"type": "Polygon", "coordinates": [[[106.61111111111111, -6.5125], [106.625, -6.5125], [106.625, -6.5], [106.61111111111111, -6.5], [106.61111111111111, -6.5125]]]}, "properties": {"lst_celsius": 18.56}}, {"type": "Feature", "geometry": {"type": "Polygon", "coordinates": [[[106.625, -6.5125], [106.63888888888889, -6.5125], [106.63888888888889, -6.5], [106.625, -6.5], [106.625, -6.5125]]]}, "properties": {"lst_celsius": 18.56}}, {"type": "Feature", "geometry": {"type": "Polygon", "coordinates": [[[106.63888888888889, -6.5125], [106.65277777777777, -6.5125], [106.65277777777777, -6.5], [106.63888888888889, -6.5], [106.63888888888889, -6.5125]]]}, "properties": {"lst_celsius": 18.56}}, {"type": "Feature", "geometry": {"type": "Polygon", "coordinates": [[[106.65277777777777, -6.5125], [106.66666666666667, -6.5125], [106.66666666666667, -6.5], [106.65277777777777, -6.5], [106.65277777777777, -6.5125]]]}, "properties": {"lst_celsius": 18.56}}, {"type": "Feature", "geometry": {"type": "Polygon", "coordinates": [[[106.66666666666667, -6.5125], [106.68055555555556, -6.5125], [106.68055555555556, -6.5], [106.66666666666667, -6.5], [106.66666666666667, -6.5125]]]}, "properties": {"lst_celsius": 18.56}}, {"type": "Feature", "geometry": {"type": "Polygon", "coordinates": [[[106.68055555555556, -6.5125], [106.69444444444444, -6.5125], [106.69444444444444, -6.5], [106.68055555555556, -6.5], [106.68055555555556, -6.5125]]]}, "properties": {"lst_celsius": 18.56}}, {"type": "Feature", "geometry": {"type": "Polygon", "coordinates": [[[106.69444444444444, -6.5125], [106.70833333333333, -6.5125], [106.70833333333333, -6.5], [106.69444444444444, -6.5], [106.69444444444444, -6.5125]]]}, "properties": {"lst_celsius": 18.56}}, {"type": "Feature", "geometry": {"type": "Polygon", "coordinates": [[[106.70833333333333, -6.5125], [106.72222222222223, -6.5125], [106.72222222222223, -6.5], [106.70833333333333, -6.5], [106.70833333333333, -6.5125]]]}, "properties": {"lst_celsius": 18.56}}, {"type": "Feature", "geometry": {"type": "Polygon", "coordinates": [[[106.72222222222223, -6.5125], [106.73611111111111, -6.5125], [106.73611111111111, -6.5], [106.72222222222223, -6.5], [106.72222222222223, -6.5125]]]}, "properties": {"lst_celsius": 18.56}}, {"type": "Feature", "geometry": {"type": "Polygon", "coordinates": [[[106.73611111111111, -6.5125], [106.75, -6.5125], [106.75, -6.5], [106.73611111111111, -6.5], [106.73611111111111, -6.5125]]]}, "properties": {"lst_celsius": 18.56}}, {"type": "Feature", "geometry": {"type": "Polygon", "coordinates": [[[106.75, -6.5125], [106.76388888888889, -6.5125], [106.76388888888889, -6.5], [106.75, -6.5], [106.75, -6.5125]]]}, "properties": {"lst_celsius": 18.56}}, {"type": "Feature", "geometry": {"type": "Polygon", "coordinates": [[[106.76388888888889, -6.5125], [106.77777777777777, -6.5125], [106.77777777777777, -6.5], [106.76388888888889, -6.5], [106.76388888888889, -6.5125]]]}, "properties": {"lst_celsius": 18.56}}, {"type": "Feature", "geometry": {"type": "Polygon", "coordinates": [[[106.77777777777777, -6.5125], [106.79166666666667, -6.5125], [106.79166666666667, -6.5], [106.77777777777777, -6.5], [106.77777777777777, -6.5125]]]}, "properties": {"lst_celsius": 18.56}}, {"type": "Feature", "geometry": {"type": "Polygon", "coordinates": [[[106.79166666666667, -6.5125], [106.80555555555556, -6.5125], [106.80555555555556, -6.5], [106.79166666666667, -6.5], [106.79166666666667, -6.5125]]]}, "properties": {"lst_celsius": 18.56}}, {"type": "Feature", "geometry": {"type": "Polygon", "coordinates": [[[106.80555555555556, -6.5125], [106.81944444444444, -6.5125], [106.81944444444444, -6.5], [106.80555555555556, -6.5], [106.80555555555556, -6.5125]]]}, "properties": {"lst_celsius": 18.56}}, {"type": "Feature", "geometry": {"type": "Polygon", "coordinates": [[[106.81944444444444, -6.5125], [106.83333333333333, -6.5125], [106.83333333333333, -6.5], [106.81944444444444, -6.5], [106.81944444444444, -6.5125]]]}, "properties": {"lst_celsius": 18.56}}, {"type": "Feature", "geometry": {"type": "Polygon", "coordinates": [[[106.83333333333333, -6.5125], [106.84722222222223, -6.5125], [106.84722222222223, -6.5], [106.83333333333333, -6.5], [106.83333333333333, -6.5125]]]}, "properties": {"lst_celsius": 18.56}}, {"type": "Feature", "geometry": {"type": "Polygon", "coordinates": [[[106.84722222222223, -6.5125], [106.86111111111111, -6.5125], [106.86111111111111, -6.5], [106.84722222222223, -6.5], [106.84722222222223, -6.5125]]]}, "properties": {"lst_celsius": 18.56}}, {"type": "Feature", "geometry": {"type": "Polygon", "coordinates": [[[106.86111111111111, -6.5125], [106.875, -6.5125], [106.875, -6.5], [106.86111111111111, -6.5], [106.86111111111111, -6.5125]]]}, "properties": {"lst_celsius": 18.56}}, {"type": "Feature", "geometry": {"type": "Polygon", "coordinates": [[[106.875, -6.5125], [106.88888888888889, -6.5125], [106.88888888888889, -6.5], [106.875, -6.5], [106.875, -6.5125]]]}, "properties": {"lst_celsius": 18.56}}, {"type": "Feature", "geometry": {"type": "Polygon", "coordinates": [[[106.88888888888889, -6.5125], [106.90277777777777, -6.5125], [106.90277777777777, -6.5], [106.88888888888889, -6.5], [106.88888888888889, -6.5125]]]}, "properties": {"lst_celsius": 18.56}}, {"type": "Feature", "geometry": {"type": "Polygon", "coordinates": [[[106.90277777777777, -6.5125], [106.91666666666667, -6.5125], [106.91666666666667, -6.5], [106.90277777777777, -6.5], [106.90277777777777, -6.5125]]]}, "properties": {"lst_celsius": 18.56}}, {"type": "Feature", "geometry": {"type": "Polygon", "coordinates": [[[106.91666666666667, -6.5125], [106.93055555555556, -6.5125], [106.93055555555556, -6.5], [106.91666666666667, -6.5], [106.91666666666667, -6.5125]]]}, "properties": {"lst_celsius": 18.56}}, {"type": "Feature", "geometry": {"type": "Polygon", "coordinates": [[[106.93055555555556, -6.5125], [106.94444444444444, -6.5125], [106.94444444444444, -6.5], [106.93055555555556, -6.5], [106.93055555555556, -6.5125]]]}, "properties": {"lst_celsius": 18.56}}, {"type": "Feature", "geometry": {"type": "Polygon", "coordinates": [[[106.94444444444444, -6.5125], [106.95833333333333, -6.5125], [106.95833333333333, -6.5], [106.94444444444444, -6.5], [106.94444444444444, -6.5125]]]}, "properties": {"lst_celsius": 18.56}}, {"type": "Feature", "geometry": {"type": "Polygon", "coordinates": [[[106.95833333333333, -6.5125], [106.97222222222223, -6.5125], [106.97222222222223, -6.5], [106.95833333333333, -6.5], [106.95833333333333, -6.5125]]]}, "properties": {"lst_celsius": 18.56}}, {"type": "Feature", "geometry": {"type": "Polygon", "coordinates": [[[106.97222222222223, -6.5125], [106.98611111111111, -6.5125], [106.98611111111111, -6.5], [106.97222222222223, -6.5], [106.97222222222223, -6.5125]]]}, "properties": {"lst_celsius": 18.56}}, {"type": "Feature", "geometry": {"type": "Polygon", "coordinates": [[[106.98611111111111, -6.5125], [107.0, -6.5125], [107.0, -6.5], [106.98611111111111, -6.5], [106.98611111111111, -6.5125]]]}, "properties": {"lst_celsius": 18.56}}, {"type": "Feature", "geometry": {"type": "Polygon", "coordinates": [[[107.0, -6.5125], [107.01388888888889, -6.5125], [107.01388888888889, -6.5], [107.0, -6.5], [107.0, -6.5125]]]}, "properties": {"lst_celsius": 18.56}}, {"type": "Feature", "geometry": {"type": "Polygon", "coordinates": [[[107.01388888888889, -6.5125], [107.02777777777777, -6.5125], [107.02777777777777, -6.5], [107.01388888888889, -6.5], [107.01388888888889, -6.5125]]]}, "properties": {"lst_celsius": 18.56}}, {"type": "Feature", "geometry": {"type": "Polygon", "coordinates": [[[107.02777777777777, -6.5125], [107.04166666666667, -6.5125], [107.04166666666667, -6.5], [107.02777777777777, -6.5], [107.02777777777777, -6.5125]]]}, "properties": {"lst_celsius": 18.56}}, {"type": "Feature", "geometry": {"type": "Polygon", "coordinates": [[[107.04166666666667, -6.5125], [107.05555555555556, -6.5125], [107.05555555555556, -6.5], [107.04166666666667, -6.5], [107.04166666666667, -6.5125]]]}, "properties": {"lst_celsius": 18.56}}, {"type": "Feature", "geometry": {"type": "Polygon", "coordinates": [[[107.05555555555556, -6.5125], [107.06944444444444, -6.5125], [107.06944444444444, -6.5], [107.05555555555556, -6.5], [107.05555555555556, -6.5125]]]}, "properties": {"lst_celsius": 18.56}}, {"type": "Feature", "geometry": {"type": "Polygon", "coordinates": [[[107.06944444444444, -6.5125], [107.08333333333333, -6.5125], [107.08333333333333, -6.5], [107.06944444444444, -6.5], [107.06944444444444, -6.5125]]]}, "properties": {"lst_celsius": 18.56}}, {"type": "Feature", "geometry": {"type": "Polygon", "coordinates": [[[107.08333333333333, -6.5125], [107.09722222222223, -6.5125], [107.09722222222223, -6.5], [107.08333333333333, -6.5], [107.08333333333333, -6.5125]]]}, "properties": {"lst_celsius": 18.56}}, {"type": "Feature", "geometry": {"type": "Polygon", "coordinates": [[[107.09722222222223, -6.5125], [107.11111111111111, -6.5125], [107.11111111111111, -6.5], [107.09722222222223, -6.5], [107.09722222222223, -6.5125]]]}, "properties": {"lst_celsius": 18.56}}, {"type": "Feature", "geometry": {"type": "Polygon", "coordinates": [[[107.11111111111111, -6.5125], [107.125, -6.5125], [107.125, -6.5], [107.11111111111111, -6.5], [107.11111111111111, -6.5125]]]}, "properties": {"lst_celsius": 18.56}}, {"type": "Feature", "geometry": {"type": "Polygon", "coordinates": [[[107.125, -6.5125], [107.13888888888889, -6.5125], [107.13888888888889, -6.5], [107.125, -6.5], [107.125, -6.5125]]]}, "properties": {"lst_celsius": 18.56}}, {"type": "Feature", "geometry": {"type": "Polygon", "coordinates": [[[107.13888888888889, -6.5125], [107.15277777777777, -6.5125], [107.15277777777777, -6.5], [107.13888888888889, -6.5], [107.13888888888889, -6.5125]]]}, "properties": {"lst_celsius": 18.56}}, {"type": "Feature", "geometry": {"type": "Polygon", "coordinates": [[[107.15277777777777, -6.5125], [107.16666666666667, -6.5125], [107.16666666666667, -6.5], [107.15277777777777, -6.5], [107.15277777777777, -6.5125]]]}, "properties": {"lst_celsius": 18.56}}, {"type": "Feature", "geometry": {"type": "Polygon", "coordinates": [[[107.16666666666667, -6.5125], [107.18055555555556, -6.5125], [107.18055555555556, -6.5], [107.16666666666667, -6.5], [107.16666666666667, -6.5125]]]}, "properties": {"lst_celsius": 18.56}}, {"type": "Feature", "geometry": {"type": "Polygon", "coordinates": [[[107.18055555555556, -6.5125], [107.19444444444444, -6.5125], [107.19444444444444, -6.5], [107.18055555555556, -6.5], [107.18055555555556, -6.5125]]]}, "properties": {"lst_celsius": 18.56}}, {"type": "Feature", "geometry": {"type": "Polygon", "coordinates": [[[107.19444444444444, -6.5125], [107.20833333333333, -6.5125], [107.20833333333333, -6.5], [107.19444444444444, -6.5], [107.19444444444444, -6.5125]]]}, "properties": {"lst_celsius": 18.56}}, {"type": "Feature", "geometry": {"type": "Polygon", "coordinates": [[[107.20833333333333, -6.5125], [107.22222222222223, -6.5125], [107.22222222222223, -6.5], [107.20833333333333, -6.5], [107.20833333333333, -6.5125]]]}, "properties": {"lst_celsius": 18.56}}, {"type": "Feature", "geometry": {"type": "Polygon", "coordinates": [[[107.22222222222223, -6.5125], [107.23611111111111, -6.5125], [107.23611111111111, -6.5], [107.22222222222223, -6.5], [107.22222222222223, -6.5125]]]}, "properties": {"lst_celsius": 18.56}}, {"type": "Feature", "geometry": {"type": "Polygon", "coordinates": [[[107.23611111111111, -6.5125], [107.25, -6.5125], [107.25, -6.5], [107.23611111111111, -6.5], [107.23611111111111, -6.5125]]]}, "properties": {"lst_celsius": 18.56}}, {"type": "Feature", "geometry": {"type": "Polygon", "coordinates": [[[106.5, -6.5], [106.51388888888889, -6.5], [106.51388888888889, -6.4875], [106.5, -6.4875], [106.5, -6.5]]]}, "properties": {"lst_celsius": 18.74}}, {"type": "Feature", "geometry": {"type": "Polygon", "coordinates": [[[106.51388888888889, -6.5], [106.52777777777777, -6.5], [106.52777777777777, -6.4875], [106.51388888888889, -6.4875], [106.51388888888889, -6.5]]]}, "properties": {"lst_celsius": 18.74}}, {"type": "Feature", "geometry": {"type": "Polygon", "coordinates": [[[106.52777777777777, -6.5], [106.54166666666667, -6.5], [106.54166666666667, -6.4875], [106.52777777777777, -6.4875], [106.52777777777777, -6.5]]]}, "properties": {"lst_celsius": 18.74}}, {"type": "Feature", "geometry": {"type": "Polygon", "coordinates": [[[106.54166666666667, -6.5], [106.55555555555556, -6.5], [106.55555555555556, -6.4875], [106.54166666666667, -6.4875], [106.54166666666667, -6.5]]]}, "properties": {"lst_celsius": 18.74}}, {"type": "Feature", "geometry": {"type": "Polygon", "coordinates": [[[106.55555555555556, -6.5], [106.56944444444444, -6.5], [106.56944444444444, -6.4875], [106.55555555555556, -6.4875], [106.55555555555556, -6.5]]]}, "properties": {"lst_celsius": 18.74}}, {"type": "Feature", "geometry": {"type": "Polygon", "coordinates": [[[106.56944444444444, -6.5], [106.58333333333333, -6.5], [106.58333333333333, -6.4875], [106.56944444444444, -6.4875], [106.56944444444444, -6.5]]]}, "properties": {"lst_celsius": 18.74}}, {"type": "Feature", "geometry": {"type": "Polygon", "coordinates": [[[106.58333333333333, -6.5], [106.59722222222223, -6.5], [106.59722222222223, -6.4875], [106.58333333333333, -6.4875], [106.58333333333333, -6.5]]]}, "properties": {"lst_celsius": 18.74}}, {"type": "Feature", "geometry": {"type": "Polygon", "coordinates": [[[106.59722222222223, -6.5], [106.61111111111111, -6.5], [106.61111111111111, -6.4875], [106.59722222222223, -6.4875], [106.59722222222223, -6.5]]]}, "properties": {"lst_celsius": 18.74}}, {"type": "Feature", "geometry": {"type": "Polygon", "coordinates": [[[106.61111111111111, -6.5], [106.625, -6.5], [106.625, -6.4875], [106.61111111111111, -6.4875], [106.61111111111111, -6.5]]]}, "properties": {"lst_celsius": 18.74}}, {"type": "Feature", "geometry": {"type": "Polygon", "coordinates": [[[106.625, -6.5], [106.63888888888889, -6.5], [106.63888888888889, -6.4875], [106.625, -6.4875], [106.625, -6.5]]]}, "properties": {"lst_celsius": 18.74}}, {"type": "Feature", "geometry": {"type": "Polygon", "coordinates": [[[106.63888888888889, -6.5], [106.65277777777777, -6.5], [106.65277777777777, -6.4875], [106.63888888888889, -6.4875], [106.63888888888889, -6.5]]]}, "properties": {"lst_celsius": 18.74}}, {"type": "Feature", "geometry": {"type": "Polygon", "coordinates": [[[106.65277777777777, -6.5], [106.66666666666667, -6.5], [106.66666666666667, -6.4875], [106.65277777777777, -6.4875], [106.65277777777777, -6.5]]]}, "properties": {"lst_celsius": 18.74}}, {"type": "Feature", "geometry": {"type": "Polygon", "coordinates": [[[106.66666666666667, -6.5], [106.68055555555556, -6.5], [106.68055555555556, -6.4875], [106.66666666666667, -6.4875], [106.66666666666667, -6.5]]]}, "properties": {"lst_celsius": 18.74}}, {"type": "Feature", "geometry": {"type": "Polygon", "coordinates": [[[106.68055555555556, -6.5], [106.69444444444444, -6.5], [106.69444444444444, -6.4875], [106.68055555555556, -6.4875], [106.68055555555556, -6.5]]]}, "properties": {"lst_celsius": 18.74}}, {"type": "Feature", "geometry": {"type": "Polygon", "coordinates": [[[106.69444444444444, -6.5], [106.70833333333333, -6.5], [106.70833333333333, -6.4875], [106.69444444444444, -6.4875], [106.69444444444444, -6.5]]]}, "properties": {"lst_celsius": 18.74}}, {"type": "Feature", "geometry": {"type": "Polygon", "coordinates": [[[106.70833333333333, -6.5], [106.72222222222223, -6.5], [106.72222222222223, -6.4875], [106.70833333333333, -6.4875], [106.70833333333333, -6.5]]]}, "properties": {"lst_celsius": 18.74}}, {"type": "Feature", "geometry": {"type": "Polygon", "coordinates": [[[106.72222222222223, -6.5], [106.73611111111111, -6.5], [106.73611111111111, -6.4875], [106.72222222222223, -6.4875], [106.72222222222223, -6.5]]]}, "properties": {"lst_celsius": 18.74}}, {"type": "Feature", "geometry": {"type": "Polygon", "coordinates": [[[106.73611111111111, -6.5], [106.75, -6.5], [106.75, -6.4875], [106.73611111111111, -6.4875], [106.73611111111111, -6.5]]]}, "properties": {"lst_celsius": 18.74}}, {"type": "Feature", "geometry": {"type": "Polygon", "coordinates": [[[106.75, -6.5], [106.76388888888889, -6.5], [106.76388888888889, -6.4875], [106.75, -6.4875], [106.75, -6.5]]]}, "properties": {"lst_celsius": 18.74}}, {"type": "Feature", "geometry": {"type": "Polygon", "coordinates": [[[106.76388888888889, -6.5], [106.77777777777777, -6.5], [106.77777777777777, -6.4875], [106.76388888888889, -6.4875], [106.76388888888889, -6.5]]]}, "properties": {"lst_celsius": 18.74}}, {"type": "Feature", "geometry": {"type": "Polygon", "coordinates": [[[106.77777777777777, -6.5], [106.79166666666667, -6.5], [106.79166666666667, -6.4875], [106.77777777777777, -6.4875], [106.77777777777777, -6.5]]]}, "properties": {"lst_celsius": 18.74}}, {"type": "Feature", "geometry": {"type": "Polygon", "coordinates": [[[106.79166666666667, -6.5], [106.80555555555556, -6.5], [106.80555555555556, -6.4875], [106.79166666666667, -6.4875], [106.79166666666667, -6.5]]]}, "properties": {"lst_celsius": 18.74}}, {"type": "Feature", "geometry": {"type": "Polygon", "coordinates": [[[106.80555555555556, -6.5], [106.81944444444444, -6.5], [106.81944444444444, -6.4875], [106.80555555555556, -6.4875], [106.80555555555556, -6.5]]]}, "properties": {"lst_celsius": 18.74}}, {"type": "Feature", "geometry": {"type": "Polygon", "coordinates": [[[106.81944444444444, -6.5], [106.83333333333333, -6.5], [106.83333333333333, -6.4875], [106.81944444444444, -6.4875], [106.81944444444444, -6.5]]]}, "properties": {"lst_celsius": 18.74}}, {"type": "Feature", "geometry": {"type": "Polygon", "coordinates": [[[106.83333333333333, -6.5], [106.84722222222223, -6.5], [106.84722222222223, -6.4875], [106.83333333333333, -6.4875], [106.83333333333333, -6.5]]]}, "properties": {"lst_celsius": 18.74}}, {"type": "Feature", "geometry": {"type": "Polygon", "coordinates": [[[106.84722222222223, -6.5], [106.86111111111111, -6.5], [106.86111111111111, -6.4875], [106.84722222222223, -6.4875], [106.84722222222223, -6.5]]]}, "properties": {"lst_celsius": 18.74}}, {"type": "Feature", "geometry": {"type": "Polygon", "coordinates": [[[106.86111111111111, -6.5], [106.875, -6.5], [106.875, -6.4875], [106.86111111111111, -6.4875], [106.86111111111111, -6.5]]]}, "properties": {"lst_celsius": 18.74}}, {"type": "Feature", "geometry": {"type": "Polygon", "coordinates": [[[106.875, -6.5], [106.88888888888889, -6.5], [106.88888888888889, -6.4875], [106.875, -6.4875], [106.875, -6.5]]]}, "properties": {"lst_celsius": 18.74}}, {"type": "Feature", "geometry": {"type": "Polygon", "coordinates": [[[106.88888888888889, -6.5], [106.90277777777777, -6.5], [106.90277777777777, -6.4875], [106.88888888888889, -6.4875], [106.88888888888889, -6.5]]]}, "properties": {"lst_celsius": 18.74}}, {"type": "Feature", "geometry": {"type": "Polygon", "coordinates": [[[106.90277777777777, -6.5], [106.91666666666667, -6.5], [106.91666666666667, -6.4875], [106.90277777777777, -6.4875], [106.90277777777777, -6.5]]]}, "properties": {"lst_celsius": 18.74}}, {"type": "Feature", "geometry": {"type": "Polygon", "coordinates": [[[106.91666666666667, -6.5], [106.93055555555556, -6.5], [106.93055555555556, -6.4875], [106.91666666666667, -6.4875], [106.91666666666667, -6.5]]]}, "properties": {"lst_celsius": 18.74}}, {"type": "Feature", "geometry": {"type": "Polygon", "coordinates": [[[106.93055555555556, -6.5], [106.94444444444444, -6.5], [106.94444444444444, -6.4875], [106.93055555555556, -6.4875], [106.93055555555556, -6.5]]]}, "properties": {"lst_celsius": 18.74}}, {"type": "Feature", "geometry": {"type": "Polygon", "coordinates": [[[106.94444444444444, -6.5], [106.95833333333333, -6.5], [106.95833333333333, -6.4875], [106.94444444444444, -6.4875], [106.94444444444444, -6.5]]]}, "properties": {"lst_celsius": 18.74}}, {"type": "Feature", "geometry": {"type": "Polygon", "coordinates": [[[106.95833333333333, -6.5], [106.97222222222223, -6.5], [106.97222222222223, -6.4875], [106.95833333333333, -6.4875], [106.95833333333333, -6.5]]]}, "properties": {"lst_celsius": 18.74}}, {"type": "Feature", "geometry": {"type": "Polygon", "coordinates": [[[106.97222222222223, -6.5], [106.98611111111111, -6.5], [106.98611111111111, -6.4875], [106.97222222222223, -6.4875], [106.97222222222223, -6.5]]]}, "properties": {"lst_celsius": 18.74}}, {"type": "Feature", "geometry": {"type": "Polygon", "coordinates": [[[106.98611111111111, -6.5], [107.0, -6.5], [107.0, -6.4875], [106.98611111111111, -6.4875], [106.98611111111111, -6.5]]]}, "properties": {"lst_celsius": 18.74}}, {"type": "Feature", "geometry": {"type": "Polygon", "coordinates": [[[107.0, -6.5], [107.01388888888889, -6.5], [107.01388888888889, -6.4875], [107.0, -6.4875], [107.0, -6.5]]]}, "properties": {"lst_celsius": 18.74}}, {"type": "Feature", "geometry": {"type": "Polygon", "coordinates": [[[107.01388888888889, -6.5], [107.02777777777777, -6.5], [107.02777777777777, -6.4875], [107.01388888888889, -6.4875], [107.01388888888889, -6.5]]]}, "properties": {"lst_celsius": 18.74}}, {"type": "Feature", "geometry": {"type": "Polygon", "coordinates": [[[107.02777777777777, -6.5], [107.04166666666667, -6.5], [107.04166666666667, -6.4875], [107.02777777777777, -6.4875], [107.02777777777777, -6.5]]]}, "properties": {"lst_celsius": 18.74}}, {"type": "Feature", "geometry": {"type": "Polygon", "coordinates": [[[107.04166666666667, -6.5], [107.05555555555556, -6.5], [107.05555555555556, -6.4875], [107.04166666666667, -6.4875], [107.04166666666667, -6.5]]]}, "properties": {"lst_celsius": 18.74}}, {"type": "Feature", "geometry": {"type": "Polygon", "coordinates": [[[107.05555555555556, -6.5], [107.06944444444444, -6.5], [107.06944444444444, -6.4875], [107.05555555555556, -6.4875], [107.05555555555556, -6.5]]]}, "properties": {"lst_celsius": 18.74}}, {"type": "Feature", "geometry": {"type": "Polygon", "coordinates": [[[107.06944444444444, -6.5], [107.08333333333333, -6.5], [107.08333333333333, -6.4875], [107.06944444444444, -6.4875], [107.06944444444444, -6.5]]]}, "properties": {"lst_celsius": 18.74}}, {"type": "Feature", "geometry": {"type": "Polygon", "coordinates": [[[107.08333333333333, -6.5], [107.09722222222223, -6.5], [107.09722222222223, -6.4875], [107.08333333333333, -6.4875], [107.08333333333333, -6.5]]]}, "properties": {"lst_celsius": 18.74}}, {"type": "Feature", "geometry": {"type": "Polygon", "coordinates": [[[107.09722222222223, -6.5], [107.11111111111111, -6.5], [107.11111111111111, -6.4875], [107.09722222222223, -6.4875], [107.09722222222223, -6.5]]]}, "properties": {"lst_celsius": 18.74}}, {"type": "Feature", "geometry": {"type": "Polygon", "coordinates": [[[107.11111111111111, -6.5], [107.125, -6.5], [107.125, -6.4875], [107.11111111111111, -6.4875], [107.11111111111111, -6.5]]]}, "properties": {"lst_celsius": 18.74}}, {"type": "Feature", "geometry": {"type": "Polygon", "coordinates": [[[107.125, -6.5], [107.13888888888889, -6.5], [107.13888888888889, -6.4875], [107.125, -6.4875], [107.125, -6.5]]]}, "properties": {"lst_celsius": 18.74}}, {"type": "Feature", "geometry": {"type": "Polygon", "coordinates": [[[107.13888888888889, -6.5], [107.15277777777777, -6.5], [107.15277777777777, -6.4875], [107.13888888888889, -6.4875], [107.13888888888889, -6.5]]]}, "properties": {"lst_celsius": 18.74}}, {"type": "Feature", "geometry": {"type": "Polygon", "coordinates": [[[107.15277777777777, -6.5], [107.16666666666667, -6.5], [107.16666666666667, -6.4875], [107.15277777777777, -6.4875], [107.15277777777777, -6.5]]]}, "properties": {"lst_celsius": 18.74}}, {"type": "Feature", "geometry": {"type": "Polygon", "coordinates": [[[107.16666666666667, -6.5], [107.18055555555556, -6.5], [107.18055555555556, -6.4875], [107.16666666666667, -6.4875], [107.16666666666667, -6.5]]]}, "properties": {"lst_celsius": 18.74}}, {"type": "Feature", "geometry": {"type": "Polygon", "coordinates": [[[107.18055555555556, -6.5], [107.19444444444444, -6.5], [107.19444444444444, -6.4875], [107.18055555555556, -6.4875], [107.18055555555556, -6.5]]]}, "properties": {"lst_celsius": 18.74}}, {"type": "Feature", "geometry": {"type": "Polygon", "coordinates": [[[107.19444444444444, -6.5], [107.20833333333333, -6.5], [107.20833333333333, -6.4875], [107.19444444444444, -6.4875], [107.19444444444444, -6.5]]]}, "properties": {"lst_celsius": 18.74}}, {"type": "Feature", "geometry": {"type": "Polygon", "coordinates": [[[107.20833333333333, -6.5], [107.22222222222223, -6.5], [107.22222222222223, -6.4875], [107.20833333333333, -6.4875], [107.20833333333333, -6.5]]]}, "properties": {"lst_celsius": 18.74}}, {"type": "Feature", "geometry": {"type": "Polygon", "coordinates": [[[107.22222222222223, -6.5], [107.23611111111111, -6.5], [107.23611111111111, -6.4875], [107.22222222222223, -6.4875], [107.22222222222223, -6.5]]]}, "properties": {"lst_celsius": 18.74}}, {"type": "Feature", "geometry": {"type": "Polygon", "coordinates": [[[107.23611111111111, -6.5], [107.25, -6.5], [107.25, -6.4875], [107.23611111111111, -6.4875], [107.23611111111111, -6.5]]]}, "properties": {"lst_celsius": 18.74}}, {"type": "Feature", "geometry": {"type": "Polygon", "coordinates": [[[106.5, -6.4875], [106.51388888888889, -6.4875], [106.51388888888889, -6.475], [106.5, -6.475], [106.5, -6.4875]]]}, "properties": {"lst_celsius": 18.92}}, {"type": "Feature", "geometry": {"type": "Polygon", "coordinates": [[[106.51388888888889, -6.4875], [106.52777777777777, -6.4875], [106.52777777777777, -6.475], [106.51388888888889, -6.475], [106.51388888888889, -6.4875]]]}, "properties": {"lst_celsius": 18.92}}, {"type": "Feature", "geometry": {"type": "Polygon", "coordinates": [[[106.52777777777777, -6.4875], [106.54166666666667, -6.4875], [106.54166666666667, -6.475], [106.52777777777777, -6.475], [106.52777777777777, -6.4875]]]}, "properties": {"lst_celsius": 18.92}}, {"type": "Feature", "geometry": {"type": "Polygon", "coordinates": [[[106.54166666666667, -6.4875], [106.55555555555556, -6.4875], [106.55555555555556, -6.475], [106.54166666666667, -6.475], [106.54166666666667, -6.4875]]]}, "properties": {"lst_celsius": 18.92}}, {"type": "Feature", "geometry": {"type": "Polygon", "coordinates": [[[106.55555555555556, -6.4875], [106.56944444444444, -6.4875], [106.56944444444444, -6.475], [106.55555555555556, -6.475], [106.55555555555556, -6.4875]]]}, "properties": {"lst_celsius": 18.92}}, {"type": "Feature", "geometry": {"type": "Polygon", "coordinates": [[[106.56944444444444, -6.4875], [106.58333333333333, -6.4875], [106.58333333333333, -6.475], [106.56944444444444, -6.475], [106.56944444444444, -6.4875]]]}, "properties": {"lst_celsius": 18.92}}, {"type": "Feature", "geometry": {"type": "Polygon", "coordinates": [[[106.58333333333333, -6.4875], [106.59722222222223, -6.4875], [106.59722222222223, -6.475], [106.58333333333333, -6.475], [106.58333333333333, -6.4875]]]}, "properties": {"lst_celsius": 18.92}}, {"type": "Feature", "geometry": {"type": "Polygon", "coordinates": [[[106.59722222222223, -6.4875], [106.61111111111111, -6.4875], [106.61111111111111, -6.475], [106.59722222222223, -6.475], [106.59722222222223, -6.4875]]]}, "properties": {"lst_celsius": 18.92}}, {"type": "Feature", "geometry": {"type": "Polygon", "coordinates": [[[106.61111111111111, -6.4875], [106.625, -6.4875], [106.625, -6.475], [106.61111111111111, -6.475], [106.61111111111111, -6.4875]]]}, "properties": {"lst_celsius": 18.92}}, {"type": "Feature", "geometry": {"type": "Polygon", "coordinates": [[[106.625, -6.4875], [106.63888888888889, -6.4875], [106.63888888888889, -6.475], [106.625, -6.475], [106.625, -6.4875]]]}, "properties": {"lst_celsius": 18.92}}, {"type": "Feature", "geometry": {"type": "Polygon", "coordinates": [[[106.63888888888889, -6.4875], [106.65277777777777, -6.4875], [106.65277777777777, -6.475], [106.63888888888889, -6.475], [106.63888888888889, -6.4875]]]}, "properties": {"lst_celsius": 18.92}}, {"type": "Feature", "geometry": {"type": "Polygon", "coordinates": [[[106.65277777777777, -6.4875], [106.66666666666667, -6.4875], [106.66666666666667, -6.475], [106.65277777777777, -6.475], [106.65277777777777, -6.4875]]]}, "properties": {"lst_celsius": 18.92}}, {"type": "Feature", "geometry": {"type": "Polygon", "coordinates": [[[106.66666666666667, -6.4875], [106.68055555555556, -6.4875], [106.68055555555556, -6.475], [106.66666666666667, -6.475], [106.66666666666667, -6.4875]]]}, "properties": {"lst_celsius": 18.92}}, {"type": "Feature", "geometry": {"type": "Polygon", "coordinates": [[[106.68055555555556, -6.4875], [106.69444444444444, -6.4875], [106.69444444444444, -6.475], [106.68055555555556, -6.475], [106.68055555555556, -6.4875]]]}, "properties": {"lst_celsius": 18.92}}, {"type": "Feature", "geometry": {"type": "Polygon", "coordinates": [[[106.69444444444444, -6.4875], [106.70833333333333, -6.4875], [106.70833333333333, -6.475], [106.69444444444444, -6.475], [106.69444444444444, -6.4875]]]}, "properties": {"lst_celsius": 18.92}}, {"type": "Feature", "geometry": {"type": "Polygon", "coordinates": [[[106.70833333333333, -6.4875], [106.72222222222223, -6.4875], [106.72222222222223, -6.475], [106.70833333333333, -6.475], [106.70833333333333, -6.4875]]]}, "properties": {"lst_celsius": 18.92}}, {"type": "Feature", "geometry": {"type": "Polygon", "coordinates": [[[106.72222222222223, -6.4875], [106.73611111111111, -6.4875], [106.73611111111111, -6.475], [106.72222222222223, -6.475], [106.72222222222223, -6.4875]]]}, "properties": {"lst_celsius": 18.92}}, {"type": "Feature", "geometry": {"type": "Polygon", "coordinates": [[[106.73611111111111, -6.4875], [106.75, -6.4875], [106.75, -6.475], [106.73611111111111, -6.475], [106.73611111111111, -6.4875]]]}, "properties": {"lst_celsius": 18.92}}, {"type": "Feature", "geometry": {"type": "Polygon", "coordinates": [[[106.75, -6.4875], [106.76388888888889, -6.4875], [106.76388888888889, -6.475], [106.75, -6.475], [106.75, -6.4875]]]}, "properties": {"lst_celsius": 18.92}}, {"type": "Feature", "geometry": {"type": "Polygon", "coordinates": [[[106.76388888888889, -6.4875], [106.77777777777777, -6.4875], [106.77777777777777, -6.475], [106.76388888888889, -6.475], [106.76388888888889, -6.4875]]]}, "properties": {"lst_celsius": 18.92}}, {"type": "Feature", "geometry": {"type": "Polygon", "coordinates": [[[106.77777777777777, -6.4875], [106.79166666666667, -6.4875], [106.79166666666667, -6.475], [106.77777777777777, -6.475], [106.77777777777777, -6.4875]]]}, "properties": {"lst_celsius": 18.92}}, {"type": "Feature", "geometry": {"type": "Polygon", "coordinates": [[[106.79166666666667, -6.4875], [106.80555555555556, -6.4875], [106.80555555555556, -6.475], [106.79166666666667, -6.475], [106.79166666666667, -6.4875]]]}, "properties": {"lst_celsius": 18.92}}, {"type": "Feature", "geometry": {"type": "Polygon", "coordinates": [[[106.80555555555556, -6.4875], [106.81944444444444, -6.4875], [106.81944444444444, -6.475], [106.80555555555556, -6.475], [106.80555555555556, -6.4875]]]}, "properties": {"lst_celsius": 18.92}}, {"type": "Feature", "geometry": {"type": "Polygon", "coordinates": [[[106.81944444444444, -6.4875], [106.83333333333333, -6.4875], [106.83333333333333, -6.475], [106.81944444444444, -6.475], [106.81944444444444, -6.4875]]]}, "properties": {"lst_celsius": 18.92}}, {"type": "Feature", "geometry": {"type": "Polygon", "coordinates": [[[106.83333333333333, -6.4875], [106.84722222222223, -6.4875], [106.84722222222223, -6.475], [106.83333333333333, -6.475], [106.83333333333333, -6.4875]]]}, "properties": {"lst_celsius": 18.92}}, {"type": "Feature", "geometry": {"type": "Polygon", "coordinates": [[[106.84722222222223, -6.4875], [106.86111111111111, -6.4875], [106.86111111111111, -6.475], [106.84722222222223, -6.475], [106.84722222222223, -6.4875]]]}, "properties": {"lst_celsius": 18.92}}, {"type": "Feature", "geometry": {"type": "Polygon", "coordinates": [[[106.86111111111111, -6.4875], [106.875, -6.4875], [106.875, -6.475], [106.86111111111111, -6.475], [106.86111111111111, -6.4875]]]}, "properties": {"lst_celsius": 18.92}}, {"type": "Feature", "geometry": {"type": "Polygon", "coordinates": [[[106.875, -6.4875], [106.88888888888889, -6.4875], [106.88888888888889, -6.475], [106.875, -6.475], [106.875, -6.4875]]]}, "properties": {"lst_celsius": 18.92}}, {"type": "Feature", "geometry": {"type": "Polygon", "coordinates": [[[106.88888888888889, -6.4875], [106.90277777777777, -6.4875], [106.90277777777777, -6.475], [106.88888888888889, -6.475], [106.88888888888889, -6.4875]]]}, "properties": {"lst_celsius": 18.92}}, {"type": "Feature", "geometry": {"type": "Polygon", "coordinates": [[[106.90277777777777, -6.4875], [106.91666666666667, -6.4875], [106.91666666666667, -6.475], [106.90277777777777, -6.475], [106.90277777777777, -6.4875]]]}, "properties": {"lst_celsius": 18.92}}, {"type": "Feature", "geometry": {"type": "Polygon", "coordinates": [[[106.91666666666667, -6.4875], [106.93055555555556, -6.4875], [106.93055555555556, -6.475], [106.91666666666667, -6.475], [106.91666666666667, -6.4875]]]}, "properties": {"lst_celsius": 18.92}}, {"type": "Feature", "geometry": {"type": "Polygon", "coordinates": [[[106.93055555555556, -6.4875], [106.94444444444444, -6.4875], [106.94444444444444, -6.475], [106.93055555555556, -6.475], [106.93055555555556, -6.4875]]]}, "properties": {"lst_celsius": 18.92}}, {"type": "Feature", "geometry": {"type": "Polygon", "coordinates": [[[106.94444444444444, -6.4875], [106.95833333333333, -6.4875], [106.95833333333333, -6.475], [106.94444444444444, -6.475], [106.94444444444444, -6.4875]]]}, "properties": {"lst_celsius": 18.92}}, {"type": "Feature", "geometry": {"type": "Polygon", "coordinates": [[[106.95833333333333, -6.4875], [106.97222222222223, -6.4875], [106.97222222222223, -6.475], [106.95833333333333, -6.475], [106.95833333333333, -6.4875]]]}, "properties": {"lst_celsius": 18.92}}, {"type": "Feature", "geometry": {"type": "Polygon", "coordinates": [[[106.97222222222223, -6.4875], [106.98611111111111, -6.4875], [106.98611111111111, -6.475], [106.97222222222223, -6.475], [106.97222222222223, -6.4875]]]}, "properties": {"lst_celsius": 18.92}}, {"type": "Feature", "geometry": {"type": "Polygon", "coordinates": [[[106.98611111111111, -6.4875], [107.0, -6.4875], [107.0, -6.475], [106.98611111111111, -6.475], [106.98611111111111, -6.4875]]]}, "properties": {"lst_celsius": 18.92}}, {"type": "Feature", "geometry": {"type": "Polygon", "coordinates": [[[107.0, -6.4875], [107.01388888888889, -6.4875], [107.01388888888889, -6.475], [107.0, -6.475], [107.0, -6.4875]]]}, "properties": {"lst_celsius": 18.92}}, {"type": "Feature", "geometry": {"type": "Polygon", "coordinates": [[[107.01388888888889, -6.4875], [107.02777777777777, -6.4875], [107.02777777777777, -6.475], [107.01388888888889, -6.475], [107.01388888888889, -6.4875]]]}, "properties": {"lst_celsius": 18.92}}, {"type": "Feature", "geometry": {"type": "Polygon", "coordinates": [[[107.02777777777777, -6.4875], [107.04166666666667, -6.4875], [107.04166666666667, -6.475], [107.02777777777777, -6.475], [107.02777777777777, -6.4875]]]}, "properties": {"lst_celsius": 18.92}}, {"type": "Feature", "geometry": {"type": "Polygon", "coordinates": [[[107.04166666666667, -6.4875], [107.05555555555556, -6.4875], [107.05555555555556, -6.475], [107.04166666666667, -6.475], [107.04166666666667, -6.4875]]]}, "properties": {"lst_celsius": 18.92}}, {"type": "Feature", "geometry": {"type": "Polygon", "coordinates": [[[107.05555555555556, -6.4875], [107.06944444444444, -6.4875], [107.06944444444444, -6.475], [107.05555555555556, -6.475], [107.05555555555556, -6.4875]]]}, "properties": {"lst_celsius": 18.92}}, {"type": "Feature", "geometry": {"type": "Polygon", "coordinates": [[[107.06944444444444, -6.4875], [107.08333333333333, -6.4875], [107.08333333333333, -6.475], [107.06944444444444, -6.475], [107.06944444444444, -6.4875]]]}, "properties": {"lst_celsius": 18.92}}, {"type": "Feature", "geometry": {"type": "Polygon", "coordinates": [[[107.08333333333333, -6.4875], [107.09722222222223, -6.4875], [107.09722222222223, -6.475], [107.08333333333333, -6.475], [107.08333333333333, -6.4875]]]}, "properties": {"lst_celsius": 18.92}}, {"type": "Feature", "geometry": {"type": "Polygon", "coordinates": [[[107.09722222222223, -6.4875], [107.11111111111111, -6.4875], [107.11111111111111, -6.475], [107.09722222222223, -6.475], [107.09722222222223, -6.4875]]]}, "properties": {"lst_celsius": 18.92}}, {"type": "Feature", "geometry": {"type": "Polygon", "coordinates": [[[107.11111111111111, -6.4875], [107.125, -6.4875], [107.125, -6.475], [107.11111111111111, -6.475], [107.11111111111111, -6.4875]]]}, "properties": {"lst_celsius": 18.92}}, {"type": "Feature", "geometry": {"type": "Polygon", "coordinates": [[[107.125, -6.4875], [107.13888888888889, -6.4875], [107.13888888888889, -6.475], [107.125, -6.475], [107.125, -6.4875]]]}, "properties": {"lst_celsius": 18.92}}, {"type": "Feature", "geometry": {"type": "Polygon", "coordinates": [[[107.13888888888889, -6.4875], [107.15277777777777, -6.4875], [107.15277777777777, -6.475], [107.13888888888889, -6.475], [107.13888888888889, -6.4875]]]}, "properties": {"lst_celsius": 18.92}}, {"type": "Feature", "geometry": {"type": "Polygon", "coordinates": [[[107.15277777777777, -6.4875], [107.16666666666667, -6.4875], [107.16666666666667, -6.475], [107.15277777777777, -6.475], [107.15277777777777, -6.4875]]]}, "properties": {"lst_celsius": 18.92}}, {"type": "Feature", "geometry": {"type": "Polygon", "coordinates": [[[107.16666666666667, -6.4875], [107.18055555555556, -6.4875], [107.18055555555556, -6.475], [107.16666666666667, -6.475], [107.16666666666667, -6.4875]]]}, "properties": {"lst_celsius": 18.92}}, {"type": "Feature", "geometry": {"type": "Polygon", "coordinates": [[[107.18055555555556, -6.4875], [107.19444444444444, -6.4875], [107.19444444444444, -6.475], [107.18055555555556, -6.475], [107.18055555555556, -6.4875]]]}, "properties": {"lst_celsius": 18.92}}, {"type": "Feature", "geometry": {"type": "Polygon", "coordinates": [[[107.19444444444444, -6.4875], [107.20833333333333, -6.4875], [107.20833333333333, -6.475], [107.19444444444444, -6.475], [107.19444444444444, -6.4875]]]}, "properties": {"lst_celsius": 18.92}}, {"type": "Feature", "geometry": {"type": "Polygon", "coordinates": [[[107.20833333333333, -6.4875], [107.22222222222223, -6.4875], [107.22222222222223, -6.475], [107.20833333333333, -6.475], [107.20833333333333, -6.4875]]]}, "properties": {"lst_celsius": 18.92}}, {"type": "Feature", "geometry": {"type": "Polygon", "coordinates": [[[107.22222222222223, -6.4875], [107.23611111111111, -6.4875], [107.23611111111111, -6.475], [107.22222222222223, -6.475], [107.22222222222223, -6.4875]]]}, "properties": {"lst_celsius": 18.92}}, {"type": "Feature", "geometry": {"type": "Polygon", "coordinates": [[[107.23611111111111, -6.4875], [107.25, -6.4875], [107.25, -6.475], [107.23611111111111, -6.475], [107.23611111111111, -6.4875]]]}, "properties": {"lst_celsius": 18.92}}, {"type": "Feature", "geometry": {"type": "Polygon", "coordinates": [[[106.5, -6.475], [106.51388888888889, -6.475], [106.51388888888889, -6.4624999999999995], [106.5, -6.4624999999999995], [106.5, -6.475]]]}, "properties": {"lst_celsius": 19.1}}, {"type": "Feature", "geometry": {"type": "Polygon", "coordinates": [[[106.51388888888889, -6.475], [106.52777777777777, -6.475], [106.52777777777777, -6.4624999999999995], [106.51388888888889, -6.4624999999999995], [106.51388888888889, -6.475]]]}, "properties": {"lst_celsius": 19.1}}, {"type": "Feature", "geometry": {"type": "Polygon", "coordinates": [[[106.52777777777777, -6.475], [106.54166666666667, -6.475], [106.54166666666667, -6.4624999999999995], [106.52777777777777, -6.4624999999999995], [106.52777777777777, -6.475]]]}, "properties": {"lst_celsius": 19.1}}, {"type": "Feature", "geometry": {"type": "Polygon", "coordinates": [[[106.54166666666667, -6.475], [106.55555555555556, -6.475], [106.55555555555556, -6.4624999999999995], [106.54166666666667, -6.4624999999999995], [106.54166666666667, -6.475]]]}, "properties": {"lst_celsius": 19.1}}, {"type": "Feature", "geometry": {"type": "Polygon", "coordinates": [[[106.55555555555556, -6.475], [106.56944444444444, -6.475], [106.56944444444444, -6.4624999999999995], [106.55555555555556, -6.4624999999999995], [106.55555555555556, -6.475]]]}, "properties": {"lst_celsius": 19.1}}, {"type": "Feature", "geometry": {"type": "Polygon", "coordinates": [[[106.56944444444444, -6.475], [106.58333333333333, -6.475], [106.58333333333333, -6.4624999999999995], [106.56944444444444, -6.4624999999999995], [106.56944444444444, -6.475]]]}, "properties": {"lst_celsius": 19.1}}, {"type": "Feature", "geometry": {"type": "Polygon", "coordinates": [[[106.58333333333333, -6.475], [106.59722222222223, -6.475], [106.59722222222223, -6.4624999999999995], [106.58333333333333, -6.4624999999999995], [106.58333333333333, -6.475]]]}, "properties": {"lst_celsius": 19.1}}, {"type": "Feature", "geometry": {"type": "Polygon", "coordinates": [[[106.59722222222223, -6.475], [106.61111111111111, -6.475], [106.61111111111111, -6.4624999999999995], [106.59722222222223, -6.4624999999999995], [106.59722222222223, -6.475]]]}, "properties": {"lst_celsius": 19.1}}, {"type": "Feature", "geometry": {"type": "Polygon", "coordinates": [[[106.61111111111111, -6.475], [106.625, -6.475], [106.625, -6.4624999999999995], [106.61111111111111, -6.4624999999999995], [106.61111111111111, -6.475]]]}, "properties": {"lst_celsius": 19.1}}, {"type": "Feature", "geometry": {"type": "Polygon", "coordinates": [[[106.625, -6.475], [106.63888888888889, -6.475], [106.63888888888889, -6.4624999999999995], [106.625, -6.4624999999999995], [106.625, -6.475]]]}, "properties": {"lst_celsius": 19.1}}, {"type": "Feature", "geometry": {"type": "Polygon", "coordinates": [[[106.63888888888889, -6.475], [106.65277777777777, -6.475], [106.65277777777777, -6.4624999999999995], [106.63888888888889, -6.4624999999999995], [106.63888888888889, -6.475]]]}, "properties": {"lst_celsius": 19.1}}, {"type": "Feature", "geometry": {"type": "Polygon", "coordinates": [[[106.65277777777777, -6.475], [106.66666666666667, -6.475], [106.66666666666667, -6.4624999999999995], [106.65277777777777, -6.4624999999999995], [106.65277777777777, -6.475]]]}, "properties": {"lst_celsius": 19.1}}, {"type": "Feature", "geometry": {"type": "Polygon", "coordinates": [[[106.66666666666667, -6.475], [106.68055555555556, -6.475], [106.68055555555556, -6.4624999999999995], [106.66666666666667, -6.4624999999999995], [106.66666666666667, -6.475]]]}, "properties": {"lst_celsius": 19.1}}, {"type": "Feature", "geometry": {"type": "Polygon", "coordinates": [[[106.68055555555556, -6.475], [106.69444444444444, -6.475], [106.69444444444444, -6.4624999999999995], [106.68055555555556, -6.4624999999999995], [106.68055555555556, -6.475]]]}, "properties": {"lst_celsius": 19.1}}, {"type": "Feature", "geometry": {"type": "Polygon", "coordinates": [[[106.69444444444444, -6.475], [106.70833333333333, -6.475], [106.70833333333333, -6.4624999999999995], [106.69444444444444, -6.4624999999999995], [106.69444444444444, -6.475]]]}, "properties": {"lst_celsius": 19.1}}, {"type": "Feature", "geometry": {"type": "Polygon", "coordinates": [[[106.70833333333333, -6.475], [106.72222222222223, -6.475], [106.72222222222223, -6.4624999999999995], [106.70833333333333, -6.4624999999999995], [106.70833333333333, -6.475]]]}, "properties": {"lst_celsius": 19.1}}, {"type": "Feature", "geometry": {"type": "Polygon", "coordinates": [[[106.72222222222223, -6.475], [106.73611111111111, -6.475], [106.73611111111111, -6.4624999999999995], [106.72222222222223, -6.4624999999999995], [106.72222222222223, -6.475]]]}, "properties": {"lst_celsius": 19.1}}, {"type": "Feature", "geometry": {"type": "Polygon", "coordinates": [[[106.73611111111111, -6.475], [106.75, -6.475], [106.75, -6.4624999999999995], [106.73611111111111, -6.4624999999999995], [106.73611111111111, -6.475]]]}, "properties": {"lst_celsius": 19.1}}, {"type": "Feature", "geometry": {"type": "Polygon", "coordinates": [[[106.75, -6.475], [106.76388888888889, -6.475], [106.76388888888889, -6.4624999999999995], [106.75, -6.4624999999999995], [106.75, -6.475]]]}, "properties": {"lst_celsius": 19.1}}, {"type": "Feature", "geometry": {"type": "Polygon", "coordinates": [[[106.76388888888889, -6.475], [106.77777777777777, -6.475], [106.77777777777777, -6.4624999999999995], [106.76388888888889, -6.4624999999999995], [106.76388888888889, -6.475]]]}, "properties": {"lst_celsius": 19.1}}, {"type": "Feature", "geometry": {"type": "Polygon", "coordinates": [[[106.77777777777777, -6.475], [106.79166666666667, -6.475], [106.79166666666667, -6.4624999999999995], [106.77777777777777, -6.4624999999999995], [106.77777777777777, -6.475]]]}, "properties": {"lst_celsius": 19.1}}, {"type": "Feature", "geometry": {"type": "Polygon", "coordinates": [[[106.79166666666667, -6.475], [106.80555555555556, -6.475], [106.80555555555556, -6.4624999999999995], [106.79166666666667, -6.4624999999999995], [106.79166666666667, -6.475]]]}, "properties": {"lst_celsius": 19.1}}, {"type": "Feature", "geometry": {"type": "Polygon", "coordinates": [[[106.80555555555556, -6.475], [106.81944444444444, -6.475], [106.81944444444444, -6.4624999999999995], [106.80555555555556, -6.4624999999999995], [106.80555555555556, -6.475]]]}, "properties": {"lst_celsius": 19.1}}, {"type": "Feature", "geometry": {"type": "Polygon", "coordinates": [[[106.81944444444444, -6.475], [106.83333333333333, -6.475], [106.83333333333333, -6.4624999999999995], [106.81944444444444, -6.4624999999999995], [106.81944444444444, -6.475]]]}, "properties": {"lst_celsius": 19.1}}, {"type": "Feature", "geometry": {"type": "Polygon", "coordinates": [[[106.83333333333333, -6.475], [106.84722222222223, -6.475], [106.84722222222223, -6.4624999999999995], [106.83333333333333, -6.4624999999999995], [106.83333333333333, -6.475]]]}, "properties": {"lst_celsius": 19.1}}, {"type": "Feature", "geometry": {"type": "Polygon", "coordinates": [[[106.84722222222223, -6.475], [106.86111111111111, -6.475], [106.86111111111111, -6.4624999999999995], [106.84722222222223, -6.4624999999999995], [106.84722222222223, -6.475]]]}, "properties": {"lst_celsius": 19.1}}, {"type": "Feature", "geometry": {"type": "Polygon", "coordinates": [[[106.86111111111111, -6.475], [106.875, -6.475], [106.875, -6.4624999999999995], [106.86111111111111, -6.4624999999999995], [106.86111111111111, -6.475]]]}, "properties": {"lst_celsius": 19.1}}, {"type": "Feature", "geometry": {"type": "Polygon", "coordinates": [[[106.875, -6.475], [106.88888888888889, -6.475], [106.88888888888889, -6.4624999999999995], [106.875, -6.4624999999999995], [106.875, -6.475]]]}, "properties": {"lst_celsius": 19.1}}, {"type": "Feature", "geometry": {"type": "Polygon", "coordinates": [[[106.88888888888889, -6.475], [106.90277777777777, -6.475], [106.90277777777777, -6.4624999999999995], [106.88888888888889, -6.4624999999999995], [106.88888888888889, -6.475]]]}, "properties": {"lst_celsius": 19.1}}, {"type": "Feature", "geometry": {"type": "Polygon", "coordinates": [[[106.90277777777777, -6.475], [106.91666666666667, -6.475], [106.91666666666667, -6.4624999999999995], [106.90277777777777, -6.4624999999999995], [106.90277777777777, -6.475]]]}, "properties": {"lst_celsius": 19.1}}, {"type": "Feature", "geometry": {"type": "Polygon", "coordinates": [[[106.91666666666667, -6.475], [106.93055555555556, -6.475], [106.93055555555556, -6.4624999999999995], [106.91666666666667, -6.4624999999999995], [106.91666666666667, -6.475]]]}, "properties": {"lst_celsius": 19.1}}, {"type": "Feature", "geometry": {"type": "Polygon", "coordinates": [[[106.93055555555556, -6.475], [106.94444444444444, -6.475], [106.94444444444444, -6.4624999999999995], [106.93055555555556, -6.4624999999999995], [106.93055555555556, -6.475]]]}, "properties": {"lst_celsius": 19.1}}, {"type": "Feature", "geometry": {"type": "Polygon", "coordinates": [[[106.94444444444444, -6.475], [106.95833333333333, -6.475], [106.95833333333333, -6.4624999999999995], [106.94444444444444, -6.4624999999999995], [106.94444444444444, -6.475]]]}, "properties": {"lst_celsius": 19.1}}, {"type": "Feature", "geometry": {"type": "Polygon", "coordinates": [[[106.95833333333333, -6.475], [106.97222222222223, -6.475], [106.97222222222223, -6.4624999999999995], [106.95833333333333, -6.4624999999999995], [106.95833333333333, -6.475]]]}, "properties": {"lst_celsius": 19.1}}, {"type": "Feature", "geometry": {"type": "Polygon", "coordinates": [[[106.97222222222223, -6.475], [106.98611111111111, -6.475], [106.98611111111111, -6.4624999999999995], [106.97222222222223, -6.4624999999999995], [106.97222222222223, -6.475]]]}, "properties": {"lst_celsius": 19.1}}, {"type": "Feature", "geometry": {"type": "Polygon", "coordinates": [[[106.98611111111111, -6.475], [107.0, -6.475], [107.0, -6.4624999999999995], [106.98611111111111, -6.4624999999999995], [106.98611111111111, -6.475]]]}, "properties": {"lst_celsius": 19.1}}, {"type": "Feature", "geometry": {"type": "Polygon", "coordinates": [[[107.0, -6.475], [107.01388888888889, -6.475], [107.01388888888889, -6.4624999999999995], [107.0, -6.4624999999999995], [107.0, -6.475]]]}, "properties": {"lst_celsius": 19.1}}, {"type": "Feature", "geometry": {"type": "Polygon", "coordinates": [[[107.01388888888889, -6.475], [107.02777777777777, -6.475], [107.02777777777777, -6.4624999999999995], [107.01388888888889, -6.4624999999999995], [107.01388888888889, -6.475]]]}, "properties": {"lst_celsius": 19.1}}, {"type": "Feature", "geometry": {"type": "Polygon", "coordinates": [[[107.02777777777777, -6.475], [107.04166666666667, -6.475], [107.04166666666667, -6.4624999999999995], [107.02777777777777, -6.4624999999999995], [107.02777777777777, -6.475]]]}, "properties": {"lst_celsius": 19.1}}, {"type": "Feature", "geometry": {"type": "Polygon", "coordinates": [[[107.04166666666667, -6.475], [107.05555555555556, -6.475], [107.05555555555556, -6.4624999999999995], [107.04166666666667, -6.4624999999999995], [107.04166666666667, -6.475]]]}, "properties": {"lst_celsius": 19.1}}, {"type": "Feature", "geometry": {"type": "Polygon", "coordinates": [[[107.05555555555556, -6.475], [107.06944444444444, -6.475], [107.06944444444444, -6.4624999999999995], [107.05555555555556, -6.4624999999999995], [107.05555555555556, -6.475]]]}, "properties": {"lst_celsius": 19.1}}, {"type": "Feature", "geometry": {"type": "Polygon", "coordinates": [[[107.06944444444444, -6.475], [107.08333333333333, -6.475], [107.08333333333333, -6.4624999999999995], [107.06944444444444, -6.4624999999999995], [107.06944444444444, -6.475]]]}, "properties": {"lst_celsius": 19.1}}, {"type": "Feature", "geometry": {"type": "Polygon", "coordinates": [[[107.08333333333333, -6.475], [107.09722222222223, -6.475], [107.09722222222223, -6.4624999999999995], [107.08333333333333, -6.4624999999999995], [107.08333333333333, -6.475]]]}, "properties": {"lst_celsius": 19.1}}, {"type": "Feature", "geometry": {"type": "Polygon", "coordinates": [[[107.09722222222223, -6.475], [107.11111111111111, -6.475], [107.11111111111111, -6.4624999999999995], [107.09722222222223, -6.4624999999999995], [107.09722222222223, -6.475]]]}, "properties": {"lst_celsius": 19.1}}, {"type": "Feature", "geometry": {"type": "Polygon", "coordinates": [[[107.11111111111111, -6.475], [107.125, -6.475], [107.125, -6.4624999999999995], [107.11111111111111, -6.4624999999999995], [107.11111111111111, -6.475]]]}, "properties": {"lst_celsius": 19.1}}, {"type": "Feature", "geometry": {"type": "Polygon", "coordinates": [[[107.125, -6.475], [107.13888888888889, -6.475], [107.13888888888889, -6.4624999999999995], [107.125, -6.4624999999999995], [107.125, -6.475]]]}, "properties": {"lst_celsius": 19.1}}, {"type": "Feature", "geometry": {"type": "Polygon", "coordinates": [[[107.13888888888889, -6.475], [107.15277777777777, -6.475], [107.15277777777777, -6.4624999999999995], [107.13888888888889, -6.4624999999999995], [107.13888888888889, -6.475]]]}, "properties": {"lst_celsius": 19.1}}, {"type": "Feature", "geometry": {"type": "Polygon", "coordinates": [[[107.15277777777777, -6.475], [107.16666666666667, -6.475], [107.16666666666667, -6.4624999999999995], [107.15277777777777, -6.4624999999999995], [107.15277777777777, -6.475]]]}, "properties": {"lst_celsius": 19.1}}, {"type": "Feature", "geometry": {"type": "Polygon", "coordinates": [[[107.16666666666667, -6.475], [107.18055555555556, -6.475], [107.18055555555556, -6.4624999999999995], [107.16666666666667, -6.4624999999999995], [107.16666666666667, -6.475]]]}, "properties": {"lst_celsius": 19.1}}, {"type": "Feature", "geometry": {"type": "Polygon", "coordinates": [[[107.18055555555556, -6.475], [107.19444444444444, -6.475], [107.19444444444444, -6.4624999999999995], [107.18055555555556, -6.4624999999999995], [107.18055555555556, -6.475]]]}, "properties": {"lst_celsius": 19.1}}, {"type": "Feature", "geometry": {"type": "Polygon", "coordinates": [[[107.19444444444444, -6.475], [107.20833333333333, -6.475], [107.20833333333333, -6.4624999999999995], [107.19444444444444, -6.4624999999999995], [107.19444444444444, -6.475]]]}, "properties": {"lst_celsius": 19.1}}, {"type": "Feature", "geometry": {"type": "Polygon", "coordinates": [[[107.20833333333333, -6.475], [107.22222222222223, -6.475], [107.22222222222223, -6.4624999999999995], [107.20833333333333, -6.4624999999999995], [107.20833333333333, -6.475]]]}, "properties": {"lst_celsius": 19.1}}, {"type": "Feature", "geometry": {"type": "Polygon", "coordinates": [[[107.22222222222223, -6.475], [107.23611111111111, -6.475], [107.23611111111111, -6.4624999999999995], [107.22222222222223, -6.4624999999999995], [107.22222222222223, -6.475]]]}, "properties": {"lst_celsius": 19.1}}, {"type": "Feature", "geometry": {"type": "Polygon", "coordinates": [[[107.23611111111111, -6.475], [107.25, -6.475], [107.25, -6.4624999999999995], [107.23611111111111, -6.4624999999999995], [107.23611111111111, -6.475]]]}, "properties": {"lst_celsius": 19.1}}, {"type": "Feature", "geometry": {"type": "Polygon", "coordinates": [[[106.5, -6.4624999999999995], [106.51388888888889, -6.4624999999999995], [106.51388888888889, -6.45], [106.5, -6.45], [106.5, -6.4624999999999995]]]}, "properties": {"lst_celsius": 19.28}}, {"type": "Feature", "geometry": {"type": "Polygon", "coordinates": [[[106.51388888888889, -6.4624999999999995], [106.52777777777777, -6.4624999999999995], [106.52777777777777, -6.45], [106.51388888888889, -6.45], [106.51388888888889, -6.4624999999999995]]]}, "properties": {"lst_celsius": 19.28}}, {"type": "Feature", "geometry": {"type": "Polygon", "coordinates": [[[106.52777777777777, -6.4624999999999995], [106.54166666666667, -6.4624999999999995], [106.54166666666667, -6.45], [106.52777777777777, -6.45], [106.52777777777777, -6.4624999999999995]]]}, "properties": {"lst_celsius": 19.28}}, {"type": "Feature", "geometry": {"type": "Polygon", "coordinates": [[[106.54166666666667, -6.4624999999999995], [106.55555555555556, -6.4624999999999995], [106.55555555555556, -6.45], [106.54166666666667, -6.45], [106.54166666666667, -6.4624999999999995]]]}, "properties": {"lst_celsius": 19.28}}, {"type": "Feature", "geometry": {"type": "Polygon", "coordinates": [[[106.55555555555556, -6.4624999999999995], [106.56944444444444, -6.4624999999999995], [106.56944444444444, -6.45], [106.55555555555556, -6.45], [106.55555555555556, -6.4624999999999995]]]}, "properties": {"lst_celsius": 19.28}}, {"type": "Feature", "geometry": {"type": "Polygon", "coordinates": [[[106.56944444444444, -6.4624999999999995], [106.58333333333333, -6.4624999999999995], [106.58333333333333, -6.45], [106.56944444444444, -6.45], [106.56944444444444, -6.4624999999999995]]]}, "properties": {"lst_celsius": 19.28}}, {"type": "Feature", "geometry": {"type": "Polygon", "coordinates": [[[106.58333333333333, -6.4624999999999995], [106.59722222222223, -6.4624999999999995], [106.59722222222223, -6.45], [106.58333333333333, -6.45], [106.58333333333333, -6.4624999999999995]]]}, "properties": {"lst_celsius": 19.28}}, {"type": "Feature", "geometry": {"type": "Polygon", "coordinates": [[[106.59722222222223, -6.4624999999999995], [106.61111111111111, -6.4624999999999995], [106.61111111111111, -6.45], [106.59722222222223, -6.45], [106.59722222222223, -6.4624999999999995]]]}, "properties": {"lst_celsius": 19.28}}, {"type": "Feature", "geometry": {"type": "Polygon", "coordinates": [[[106.61111111111111, -6.4624999999999995], [106.625, -6.4624999999999995], [106.625, -6.45], [106.61111111111111, -6.45], [106.61111111111111, -6.4624999999999995]]]}, "properties": {"lst_celsius": 19.28}}, {"type": "Feature", "geometry": {"type": "Polygon", "coordinates": [[[106.625, -6.4624999999999995], [106.63888888888889, -6.4624999999999995], [106.63888888888889, -6.45], [106.625, -6.45], [106.625, -6.4624999999999995]]]}, "properties": {"lst_celsius": 19.28}}, {"type": "Feature", "geometry": {"type": "Polygon", "coordinates": [[[106.63888888888889, -6.4624999999999995], [106.65277777777777, -6.4624999999999995], [106.65277777777777, -6.45], [106.63888888888889, -6.45], [106.63888888888889, -6.4624999999999995]]]}, "properties": {"lst_celsius": 19.28}}, {"type": "Feature", "geometry": {"type": "Polygon", "coordinates": [[[106.65277777777777, -6.4624999999999995], [106.66666666666667, -6.4624999999999995], [106.66666666666667, -6.45], [106.65277777777777, -6.45], [106.65277777777777, -6.4624999999999995]]]}, "properties": {"lst_celsius": 19.28}}, {"type": "Feature", "geometry": {"type": "Polygon", "coordinates": [[[106.66666666666667, -6.4624999999999995], [106.68055555555556, -6.4624999999999995], [106.68055555555556, -6.45], [106.66666666666667, -6.45], [106.66666666666667, -6.4624999999999995]]]}, "properties": {"lst_celsius": 19.28}}, {"type": "Feature", "geometry": {"type": "Polygon", "coordinates": [[[106.68055555555556, -6.4624999999999995], [106.69444444444444, -6.4624999999999995], [106.69444444444444, -6.45], [106.68055555555556, -6.45], [106.68055555555556, -6.4624999999999995]]]}, "properties": {"lst_celsius": 19.28}}, {"type": "Feature", "geometry": {"type": "Polygon", "coordinates": [[[106.69444444444444, -6.4624999999999995], [106.70833333333333, -6.4624999999999995], [106.70833333333333, -6.45], [106.69444444444444, -6.45], [106.69444444444444, -6.4624999999999995]]]}, "properties": {"lst_celsius": 19.28}}, {"type": "Feature", "geometry": {"type": "Polygon", "coordinates": [[[106.70833333333333, -6.4624999999999995], [106.72222222222223, -6.4624999999999995], [106.72222222222223, -6.45], [106.70833333333333, -6.45], [106.70833333333333, -6.4624999999999995]]]}, "properties": {"lst_celsius": 19.28}}, {"type": "Feature", "geometry": {"type": "Polygon", "coordinates": [[[106.72222222222223, -6.4624999999999995], [106.73611111111111, -6.4624999999999995], [106.73611111111111, -6.45], [106.72222222222223, -6.45], [106.72222222222223, -6.4624999999999995]]]}, "properties": {"lst_celsius": 19.28}}, {"type": "Feature", "geometry": {"type": "Polygon", "coordinates": [[[106.73611111111111, -6.4624999999999995], [106.75, -6.4624999999999995], [106.75, -6.45], [106.73611111111111, -6.45], [106.73611111111111, -6.4624999999999995]]]}, "properties": {"lst_celsius": 19.28}}, {"type": "Feature", "geometry": {"type": "Polygon", "coordinates": [[[106.75, -6.4624999999999995], [106.76388888888889, -6.4624999999999995], [106.76388888888889, -6.45], [106.75, -6.45], [106.75, -6.4624999999999995]]]}, "properties": {"lst_celsius": 19.28}}, {"type": "Feature", "geometry": {"type": "Polygon", "coordinates": [[[106.76388888888889, -6.4624999999999995], [106.77777777777777, -6.4624999999999995], [106.77777777777777, -6.45], [106.76388888888889, -6.45], [106.76388888888889, -6.4624999999999995]]]}, "properties": {"lst_celsius": 19.28}}, {"type": "Feature", "geometry": {"type": "Polygon", "coordinates": [[[106.77777777777777, -6.4624999999999995], [106.79166666666667, -6.4624999999999995], [106.79166666666667, -6.45], [106.77777777777777, -6.45], [106.77777777777777, -6.4624999999999995]]]}, "properties": {"lst_celsius": 19.28}}, {"type": "Feature", "geometry": {"type": "Polygon", "coordinates": [[[106.79166666666667, -6.4624999999999995], [106.80555555555556, -6.4624999999999995], [106.80555555555556, -6.45], [106.79166666666667, -6.45], [106.79166666666667, -6.4624999999999995]]]}, "properties": {"lst_celsius": 19.28}}, {"type": "Feature", "geometry": {"type": "Polygon", "coordinates": [[[106.80555555555556, -6.4624999999999995], [106.81944444444444, -6.4624999999999995], [106.81944444444444, -6.45], [106.80555555555556, -6.45], [106.80555555555556, -6.4624999999999995]]]}, "properties": {"lst_celsius": 19.28}}, {"type": "Feature", "geometry": {"type": "Polygon", "coordinates": [[[106.81944444444444, -6.4624999999999995], [106.83333333333333, -6.4624999999999995], [106.83333333333333, -6.45], [106.81944444444444, -6.45], [106.81944444444444, -6.4624999999999995]]]}, "properties": {"lst_celsius": 19.28}}, {"type": "Feature", "geometry": {"type": "Polygon", "coordinates": [[[106.83333333333333, -6.4624999999999995], [106.84722222222223, -6.4624999999999995], [106.84722222222223, -6.45], [106.83333333333333, -6.45], [106.83333333333333, -6.4624999999999995]]]}, "properties": {"lst_celsius": 19.28}}, {"type": "Feature", "geometry": {"type": "Polygon", "coordinates": [[[106.84722222222223, -6.4624999999999995], [106.86111111111111, -6.4624999999999995], [106.86111111111111, -6.45], [106.84722222222223, -6.45], [106.84722222222223, -6.4624999999999995]]]}, "properties": {"lst_celsius": 19.28}}, {"type": "Feature", "geometry": {"type": "Polygon", "coordinates": [[[106.86111111111111, -6.4624999999999995], [106.875, -6.4624999999999995], [106.875, -6.45], [106.86111111111111, -6.45], [106.86111111111111, -6.4624999999999995]]]}, "properties": {"lst_celsius": 19.28}}, {"type": "Feature", "geometry": {"type": "Polygon", "coordinates": [[[106.875, -6.4624999999999995], [106.88888888888889, -6.4624999999999995], [106.88888888888889, -6.45], [106.875, -6.45], [106.875, -6.4624999999999995]]]}, "properties": {"lst_celsius": 19.28}}, {"type": "Feature", "geometry": {"type": "Polygon", "coordinates": [[[106.88888888888889, -6.4624999999999995], [106.90277777777777, -6.4624999999999995], [106.90277777777777, -6.45], [106.88888888888889, -6.45], [106.88888888888889, -6.4624999999999995]]]}, "properties": {"lst_celsius": 19.28}}, {"type": "Feature", "geometry": {"type": "Polygon", "coordinates": [[[106.90277777777777, -6.4624999999999995], [106.91666666666667, -6.4624999999999995], [106.91666666666667, -6.45], [106.90277777777777, -6.45], [106.90277777777777, -6.4624999999999995]]]}, "properties": {"lst_celsius": 19.28}}, {"type": "Feature", "geometry": {"type": "Polygon", "coordinates": [[[106.91666666666667, -6.4624999999999995], [106.93055555555556, -6.4624999999999995], [106.93055555555556, -6.45], [106.91666666666667, -6.45], [106.91666666666667, -6.4624999999999995]]]}, "properties": {"lst_celsius": 19.28}}, {"type": "Feature", "geometry": {"type": "Polygon", "coordinates": [[[106.93055555555556, -6.4624999999999995], [106.94444444444444, -6.4624999999999995], [106.94444444444444, -6.45], [106.93055555555556, -6.45], [106.93055555555556, -6.4624999999999995]]]}, "properties": {"lst_celsius": 19.28}}, {"type": "Feature", "geometry": {"type": "Polygon", "coordinates": [[[106.94444444444444, -6.4624999999999995], [106.95833333333333, -6.4624999999999995], [106.95833333333333, -6.45], [106.94444444444444, -6.45], [106.94444444444444, -6.4624999999999995]]]}, "properties": {"lst_celsius": 19.28}}, {"type": "Feature", "geometry": {"type": "Polygon", "coordinates": [[[106.95833333333333, -6.4624999999999995], [106.97222222222223, -6.4624999999999995], [106.97222222222223, -6.45], [106.95833333333333, -6.45], [106.95833333333333, -6.4624999999999995]]]}, "properties": {"lst_celsius": 19.28}}, {"type": "Feature", "geometry": {"type": "Polygon", "coordinates": [[[106.97222222222223, -6.4624999999999995], [106.98611111111111, -6.4624999999999995], [106.98611111111111, -6.45], [106.97222222222223, -6.45], [106.97222222222223, -6.4624999999999995]]]}, "properties": {"lst_celsius": 19.28}}, {"type": "Feature", "geometry": {"type": "Polygon", "coordinates": [[[106.98611111111111, -6.4624999999999995], [107.0, -6.4624999999999995], [107.0, -6.45], [106.98611111111111, -6.45], [106.98611111111111, -6.4624999999999995]]]}, "properties": {"lst_celsius": 19.28}}, {"type": "Feature", "geometry": {"type": "Polygon", "coordinates": [[[107.0, -6.4624999999999995], [107.01388888888889, -6.4624999999999995], [107.01388888888889, -6.45], [107.0, -6.45], [107.0, -6.4624999999999995]]]}, "properties": {"lst_celsius": 19.28}}, {"type": "Feature", "geometry": {"type": "Polygon", "coordinates": [[[107.01388888888889, -6.4624999999999995], [107.02777777777777, -6.4624999999999995], [107.02777777777777, -6.45], [107.01388888888889, -6.45], [107.01388888888889, -6.4624999999999995]]]}, "properties": {"lst_celsius": 19.28}}, {"type": "Feature", "geometry": {"type": "Polygon", "coordinates": [[[107.02777777777777, -6.4624999999999995], [107.04166666666667, -6.4624999999999995], [107.04166666666667, -6.45], [107.02777777777777, -6.45], [107.02777777777777, -6.4624999999999995]]]}, "properties": {"lst_celsius": 19.28}}, {"type": "Feature", "geometry": {"type": "Polygon", "coordinates": [[[107.04166666666667, -6.4624999999999995], [107.05555555555556, -6.4624999999999995], [107.05555555555556, -6.45], [107.04166666666667, -6.45], [107.04166666666667, -6.4624999999999995]]]}, "properties": {"lst_celsius": 19.28}}, {"type": "Feature", "geometry": {"type": "Polygon", "coordinates": [[[107.05555555555556, -6.4624999999999995], [107.06944444444444, -6.4624999999999995], [107.06944444444444, -6.45], [107.05555555555556, -6.45], [107.05555555555556, -6.4624999999999995]]]}, "properties": {"lst_celsius": 19.28}}, {"type": "Feature", "geometry": {"type": "Polygon", "coordinates": [[[107.06944444444444, -6.4624999999999995], [107.08333333333333, -6.4624999999999995], [107.08333333333333, -6.45], [107.06944444444444, -6.45], [107.06944444444444, -6.4624999999999995]]]}, "properties": {"lst_celsius": 19.28}}, {"type": "Feature", "geometry": {"type": "Polygon", "coordinates": [[[107.08333333333333, -6.4624999999999995], [107.09722222222223, -6.4624999999999995], [107.09722222222223, -6.45], [107.08333333333333, -6.45], [107.08333333333333, -6.4624999999999995]]]}, "properties": {"lst_celsius": 19.28}}, {"type": "Feature", "geometry": {"type": "Polygon", "coordinates": [[[107.09722222222223, -6.4624999999999995], [107.11111111111111, -6.4624999999999995], [107.11111111111111, -6.45], [107.09722222222223, -6.45], [107.09722222222223, -6.4624999999999995]]]}, "properties": {"lst_celsius": 19.28}}, {"type": "Feature", "geometry": {"type": "Polygon", "coordinates": [[[107.11111111111111, -6.4624999999999995], [107.125, -6.4624999999999995], [107.125, -6.45], [107.11111111111111, -6.45], [107.11111111111111, -6.4624999999999995]]]}, "properties": {"lst_celsius": 19.28}}, {"type": "Feature", "geometry": {"type": "Polygon", "coordinates": [[[107.125, -6.4624999999999995], [107.13888888888889, -6.4624999999999995], [107.13888888888889, -6.45], [107.125, -6.45], [107.125, -6.4624999999999995]]]}, "properties": {"lst_celsius": 19.28}}, {"type": "Feature", "geometry": {"type": "Polygon", "coordinates": [[[107.13888888888889, -6.4624999999999995], [107.15277777777777, -6.4624999999999995], [107.15277777777777, -6.45], [107.13888888888889, -6.45], [107.13888888888889, -6.4624999999999995]]]}, "properties": {"lst_celsius": 19.28}}, {"type": "Feature", "geometry": {"type": "Polygon", "coordinates": [[[107.15277777777777, -6.4624999999999995], [107.16666666666667, -6.4624999999999995], [107.16666666666667, -6.45], [107.15277777777777, -6.45], [107.15277777777777, -6.4624999999999995]]]}, "properties": {"lst_celsius": 19.28}}, {"type": "Feature", "geometry": {"type": "Polygon", "coordinates": [[[107.16666666666667, -6.4624999999999995], [107.18055555555556, -6.4624999999999995], [107.18055555555556, -6.45], [107.16666666666667, -6.45], [107.16666666666667, -6.4624999999999995]]]}, "properties": {"lst_celsius": 19.28}}, {"type": "Feature", "geometry": {"type": "Polygon", "coordinates": [[[107.18055555555556, -6.4624999999999995], [107.19444444444444, -6.4624999999999995], [107.19444444444444, -6.45], [107.18055555555556, -6.45], [107.18055555555556, -6.4624999999999995]]]}, "properties": {"lst_celsius": 19.28}}, {"type": "Feature", "geometry": {"type": "Polygon", "coordinates": [[[107.19444444444444, -6.4624999999999995], [107.20833333333333, -6.4624999999999995], [107.20833333333333, -6.45], [107.19444444444444, -6.45], [107.19444444444444, -6.4624999999999995]]]}, "properties": {"lst_celsius": 19.28}}, {"type": "Feature", "geometry": {"type": "Polygon", "coordinates": [[[107.20833333333333, -6.4624999999999995], [107.22222222222223, -6.4624999999999995], [107.22222222222223, -6.45], [107.20833333333333, -6.45], [107.20833333333333, -6.4624999999999995]]]}, "properties": {"lst_celsius": 19.28}}, {"type": "Feature", "geometry": {"type": "Polygon", "coordinates": [[[107.22222222222223, -6.4624999999999995], [107.23611111111111, -6.4624999999999995], [107.23611111111111, -6.45], [107.22222222222223, -6.45], [107.22222222222223, -6.4624999999999995]]]}, "properties": {"lst_celsius": 19.28}}, {"type": "Feature", "geometry": {"type": "Polygon", "coordinates": [[[107.23611111111111, -6.4624999999999995], [107.25, -6.4624999999999995], [107.25, -6.45], [107.23611111111111, -6.45], [107.23611111111111, -6.4624999999999995]]]}, "properties": {"lst_celsius": 19.28}}, {"type": "Feature", "geometry": {"type": "Polygon", "coordinates": [[[106.5, -6.45], [106.51388888888889, -6.45], [106.51388888888889, -6.4375], [106.5, -6.4375], [106.5, -6.45]]]}, "properties": {"lst_celsius": 19.45}}, {"type": "Feature", "geometry": {"type": "Polygon", "coordinates": [[[106.51388888888889, -6.45], [106.52777777777777, -6.45], [106.52777777777777, -6.4375], [106.51388888888889, -6.4375], [106.51388888888889, -6.45]]]}, "properties": {"lst_celsius": 19.45}}, {"type": "Feature", "geometry": {"type": "Polygon", "coordinates": [[[106.52777777777777, -6.45], [106.54166666666667, -6.45], [106.54166666666667, -6.4375], [106.52777777777777, -6.4375], [106.52777777777777, -6.45]]]}, "properties": {"lst_celsius": 19.45}}, {"type": "Feature", "geometry": {"type": "Polygon", "coordinates": [[[106.54166666666667, -6.45], [106.55555555555556, -6.45], [106.55555555555556, -6.4375], [106.54166666666667, -6.4375], [106.54166666666667, -6.45]]]}, "properties": {"lst_celsius": 19.45}}, {"type": "Feature", "geometry": {"type": "Polygon", "coordinates": [[[106.55555555555556, -6.45], [106.56944444444444, -6.45], [106.56944444444444, -6.4375], [106.55555555555556, -6.4375], [106.55555555555556, -6.45]]]}, "properties": {"lst_celsius": 19.45}}, {"type": "Feature", "geometry": {"type": "Polygon", "coordinates": [[[106.56944444444444, -6.45], [106.58333333333333, -6.45], [106.58333333333333, -6.4375], [106.56944444444444, -6.4375], [106.56944444444444, -6.45]]]}, "properties": {"lst_celsius": 19.45}}, {"type": "Feature", "geometry": {"type": "Polygon", "coordinates": [[[106.58333333333333, -6.45], [106.59722222222223, -6.45], [106.59722222222223, -6.4375], [106.58333333333333, -6.4375], [106.58333333333333, -6.45]]]}, "properties": {"lst_celsius": 19.45}}, {"type": "Feature", "geometry": {"type": "Polygon", "coordinates": [[[106.59722222222223, -6.45], [106.61111111111111, -6.45], [106.61111111111111, -6.4375], [106.59722222222223, -6.4375], [106.59722222222223, -6.45]]]}, "properties": {"lst_celsius": 19.45}}, {"type": "Feature", "geometry": {"type": "Polygon", "coordinates": [[[106.61111111111111, -6.45], [106.625, -6.45], [106.625, -6.4375], [106.61111111111111, -6.4375], [106.61111111111111, -6.45]]]}, "properties": {"lst_celsius": 19.45}}, {"type": "Feature", "geometry": {"type": "Polygon", "coordinates": [[[106.625, -6.45], [106.63888888888889, -6.45], [106.63888888888889, -6.4375], [106.625, -6.4375], [106.625, -6.45]]]}, "properties": {"lst_celsius": 19.45}}, {"type": "Feature", "geometry": {"type": "Polygon", "coordinates": [[[106.63888888888889, -6.45], [106.65277777777777, -6.45], [106.65277777777777, -6.4375], [106.63888888888889, -6.4375], [106.63888888888889, -6.45]]]}, "properties": {"lst_celsius": 19.45}}, {"type": "Feature", "geometry": {"type": "Polygon", "coordinates": [[[106.65277777777777, -6.45], [106.66666666666667, -6.45], [106.66666666666667, -6.4375], [106.65277777777777, -6.4375], [106.65277777777777, -6.45]]]}, "properties": {"lst_celsius": 19.45}}, {"type": "Feature", "geometry": {"type": "Polygon", "coordinates": [[[106.66666666666667, -6.45], [106.68055555555556, -6.45], [106.68055555555556, -6.4375], [106.66666666666667, -6.4375], [106.66666666666667, -6.45]]]}, "properties": {"lst_celsius": 19.45}}, {"type": "Feature", "geometry": {"type": "Polygon", "coordinates": [[[106.68055555555556, -6.45], [106.69444444444444, -6.45], [106.69444444444444, -6.4375], [106.68055555555556, -6.4375], [106.68055555555556, -6.45]]]}, "properties": {"lst_celsius": 19.45}}, {"type": "Feature", "geometry": {"type": "Polygon", "coordinates": [[[106.69444444444444, -6.45], [106.70833333333333, -6.45], [106.70833333333333, -6.4375], [106.69444444444444, -6.4375], [106.69444444444444, -6.45]]]}, "properties": {"lst_celsius": 19.45}}, {"type": "Feature", "geometry": {"type": "Polygon", "coordinates": [[[106.70833333333333, -6.45], [106.72222222222223, -6.45], [106.72222222222223, -6.4375], [106.70833333333333, -6.4375], [106.70833333333333, -6.45]]]}, "properties": {"lst_celsius": 19.45}}, {"type": "Feature", "geometry": {"type": "Polygon", "coordinates": [[[106.72222222222223, -6.45], [106.73611111111111, -6.45], [106.73611111111111, -6.4375], [106.72222222222223, -6.4375], [106.72222222222223, -6.45]]]}, "properties": {"lst_celsius": 19.45}}, {"type": "Feature", "geometry": {"type": "Polygon", "coordinates": [[[106.73611111111111, -6.45], [106.75, -6.45], [106.75, -6.4375], [106.73611111111111, -6.4375], [106.73611111111111, -6.45]]]}, "properties": {"lst_celsius": 19.45}}, {"type": "Feature", "geometry": {"type": "Polygon", "coordinates": [[[106.75, -6.45], [106.76388888888889, -6.45], [106.76388888888889, -6.4375], [106.75, -6.4375], [106.75, -6.45]]]}, "properties": {"lst_celsius": 19.45}}, {"type": "Feature", "geometry": {"type": "Polygon", "coordinates": [[[106.76388888888889, -6.45], [106.77777777777777, -6.45], [106.77777777777777, -6.4375], [106.76388888888889, -6.4375], [106.76388888888889, -6.45]]]}, "properties": {"lst_celsius": 19.45}}, {"type": "Feature", "geometry": {"type": "Polygon", "coordinates": [[[106.77777777777777, -6.45], [106.79166666666667, -6.45], [106.79166666666667, -6.4375], [106.77777777777777, -6.4375], [106.77777777777777, -6.45]]]}, "properties": {"lst_celsius": 19.45}}, {"type": "Feature", "geometry": {"type": "Polygon", "coordinates": [[[106.79166666666667, -6.45], [106.80555555555556, -6.45], [106.80555555555556, -6.4375], [106.79166666666667, -6.4375], [106.79166666666667, -6.45]]]}, "properties": {"lst_celsius": 19.45}}, {"type": "Feature", "geometry": {"type": "Polygon", "coordinates": [[[106.80555555555556, -6.45], [106.81944444444444, -6.45], [106.81944444444444, -6.4375], [106.80555555555556, -6.4375], [106.80555555555556, -6.45]]]}, "properties": {"lst_celsius": 19.45}}, {"type": "Feature", "geometry": {"type": "Polygon", "coordinates": [[[106.81944444444444, -6.45], [106.83333333333333, -6.45], [106.83333333333333, -6.4375], [106.81944444444444, -6.4375], [106.81944444444444, -6.45]]]}, "properties": {"lst_celsius": 19.45}}, {"type": "Feature", "geometry": {"type": "Polygon", "coordinates": [[[106.83333333333333, -6.45], [106.84722222222223, -6.45], [106.84722222222223, -6.4375], [106.83333333333333, -6.4375], [106.83333333333333, -6.45]]]}, "properties": {"lst_celsius": 19.45}}, {"type": "Feature", "geometry": {"type": "Polygon", "coordinates": [[[106.84722222222223, -6.45], [106.86111111111111, -6.45], [106.86111111111111, -6.4375], [106.84722222222223, -6.4375], [106.84722222222223, -6.45]]]}, "properties": {"lst_celsius": 19.45}}, {"type": "Feature", "geometry": {"type": "Polygon", "coordinates": [[[106.86111111111111, -6.45], [106.875, -6.45], [106.875, -6.4375], [106.86111111111111, -6.4375], [106.86111111111111, -6.45]]]}, "properties": {"lst_celsius": 19.45}}, {"type": "Feature", "geometry": {"type": "Polygon", "coordinates": [[[106.875, -6.45], [106.88888888888889, -6.45], [106.88888888888889, -6.4375], [106.875, -6.4375], [106.875, -6.45]]]}, "properties": {"lst_celsius": 19.45}}, {"type": "Feature", "geometry": {"type": "Polygon", "coordinates": [[[106.88888888888889, -6.45], [106.90277777777777, -6.45], [106.90277777777777, -6.4375], [106.88888888888889, -6.4375], [106.88888888888889, -6.45]]]}, "properties": {"lst_celsius": 19.45}}, {"type": "Feature", "geometry": {"type": "Polygon", "coordinates": [[[106.90277777777777, -6.45], [106.91666666666667, -6.45], [106.91666666666667, -6.4375], [106.90277777777777, -6.4375], [106.90277777777777, -6.45]]]}, "properties": {"lst_celsius": 19.45}}, {"type": "Feature", "geometry": {"type": "Polygon", "coordinates": [[[106.91666666666667, -6.45], [106.93055555555556, -6.45], [106.93055555555556, -6.4375], [106.91666666666667, -6.4375], [106.91666666666667, -6.45]]]}, "properties": {"lst_celsius": 19.45}}, {"type": "Feature", "geometry": {"type": "Polygon", "coordinates": [[[106.93055555555556, -6.45], [106.94444444444444, -6.45], [106.94444444444444, -6.4375], [106.93055555555556, -6.4375], [106.93055555555556, -6.45]]]}, "properties": {"lst_celsius": 19.45}}, {"type": "Feature", "geometry": {"type": "Polygon", "coordinates": [[[106.94444444444444, -6.45], [106.95833333333333, -6.45], [106.95833333333333, -6.4375], [106.94444444444444, -6.4375], [106.94444444444444, -6.45]]]}, "properties": {"lst_celsius": 19.45}}, {"type": "Feature", "geometry": {"type": "Polygon", "coordinates": [[[106.95833333333333, -6.45], [106.97222222222223, -6.45], [106.97222222222223, -6.4375], [106.95833333333333, -6.4375], [106.95833333333333, -6.45]]]}, "properties": {"lst_celsius": 19.45}}, {"type": "Feature", "geometry": {"type": "Polygon", "coordinates": [[[106.97222222222223, -6.45], [106.98611111111111, -6.45], [106.98611111111111, -6.4375], [106.97222222222223, -6.4375], [106.97222222222223, -6.45]]]}, "properties": {"lst_celsius": 19.45}}, {"type": "Feature", "geometry": {"type": "Polygon", "coordinates": [[[106.98611111111111, -6.45], [107.0, -6.45], [107.0, -6.4375], [106.98611111111111, -6.4375], [106.98611111111111, -6.45]]]}, "properties": {"lst_celsius": 19.45}}, {"type": "Feature", "geometry": {"type": "Polygon", "coordinates": [[[107.0, -6.45], [107.01388888888889, -6.45], [107.01388888888889, -6.4375], [107.0, -6.4375], [107.0, -6.45]]]}, "properties": {"lst_celsius": 19.45}}, {"type": "Feature", "geometry": {"type": "Polygon", "coordinates": [[[107.01388888888889, -6.45], [107.02777777777777, -6.45], [107.02777777777777, -6.4375], [107.01388888888889, -6.4375], [107.01388888888889, -6.45]]]}, "properties": {"lst_celsius": 19.45}}, {"type": "Feature", "geometry": {"type": "Polygon", "coordinates": [[[107.02777777777777, -6.45], [107.04166666666667, -6.45], [107.04166666666667, -6.4375], [107.02777777777777, -6.4375], [107.02777777777777, -6.45]]]}, "properties": {"lst_celsius": 19.45}}, {"type": "Feature", "geometry": {"type": "Polygon", "coordinates": [[[107.04166666666667, -6.45], [107.05555555555556, -6.45], [107.05555555555556, -6.4375], [107.04166666666667, -6.4375], [107.04166666666667, -6.45]]]}, "properties": {"lst_celsius": 19.45}}, {"type": "Feature", "geometry": {"type": "Polygon", "coordinates": [[[107.05555555555556, -6.45], [107.06944444444444, -6.45], [107.06944444444444, -6.4375], [107.05555555555556, -6.4375], [107.05555555555556, -6.45]]]}, "properties": {"lst_celsius": 19.45}}, {"type": "Feature", "geometry": {"type": "Polygon", "coordinates": [[[107.06944444444444, -6.45], [107.08333333333333, -6.45], [107.08333333333333, -6.4375], [107.06944444444444, -6.4375], [107.06944444444444, -6.45]]]}, "properties": {"lst_celsius": 19.45}}, {"type": "Feature", "geometry": {"type": "Polygon", "coordinates": [[[107.08333333333333, -6.45], [107.09722222222223, -6.45], [107.09722222222223, -6.4375], [107.08333333333333, -6.4375], [107.08333333333333, -6.45]]]}, "properties": {"lst_celsius": 19.45}}, {"type": "Feature", "geometry": {"type": "Polygon", "coordinates": [[[107.09722222222223, -6.45], [107.11111111111111, -6.45], [107.11111111111111, -6.4375], [107.09722222222223, -6.4375], [107.09722222222223, -6.45]]]}, "properties": {"lst_celsius": 19.45}}, {"type": "Feature", "geometry": {"type": "Polygon", "coordinates": [[[107.11111111111111, -6.45], [107.125, -6.45], [107.125, -6.4375], [107.11111111111111, -6.4375], [107.11111111111111, -6.45]]]}, "properties": {"lst_celsius": 19.45}}, {"type": "Feature", "geometry": {"type": "Polygon", "coordinates": [[[107.125, -6.45], [107.13888888888889, -6.45], [107.13888888888889, -6.4375], [107.125, -6.4375], [107.125, -6.45]]]}, "properties": {"lst_celsius": 19.45}}, {"type": "Feature", "geometry": {"type": "Polygon", "coordinates": [[[107.13888888888889, -6.45], [107.15277777777777, -6.45], [107.15277777777777, -6.4375], [107.13888888888889, -6.4375], [107.13888888888889, -6.45]]]}, "properties": {"lst_celsius": 19.45}}, {"type": "Feature", "geometry": {"type": "Polygon", "coordinates": [[[107.15277777777777, -6.45], [107.16666666666667, -6.45], [107.16666666666667, -6.4375], [107.15277777777777, -6.4375], [107.15277777777777, -6.45]]]}, "properties": {"lst_celsius": 19.45}}, {"type": "Feature", "geometry": {"type": "Polygon", "coordinates": [[[107.16666666666667, -6.45], [107.18055555555556, -6.45], [107.18055555555556, -6.4375], [107.16666666666667, -6.4375], [107.16666666666667, -6.45]]]}, "properties": {"lst_celsius": 19.45}}, {"type": "Feature", "geometry": {"type": "Polygon", "coordinates": [[[107.18055555555556, -6.45], [107.19444444444444, -6.45], [107.19444444444444, -6.4375], [107.18055555555556, -6.4375], [107.18055555555556, -6.45]]]}, "properties": {"lst_celsius": 19.45}}, {"type": "Feature", "geometry": {"type": "Polygon", "coordinates": [[[107.19444444444444, -6.45], [107.20833333333333, -6.45], [107.20833333333333, -6.4375], [107.19444444444444, -6.4375], [107.19444444444444, -6.45]]]}, "properties": {"lst_celsius": 19.45}}, {"type": "Feature", "geometry": {"type": "Polygon", "coordinates": [[[107.20833333333333, -6.45], [107.22222222222223, -6.45], [107.22222222222223, -6.4375], [107.20833333333333, -6.4375], [107.20833333333333, -6.45]]]}, "properties": {"lst_celsius": 19.45}}, {"type": "Feature", "geometry": {"type": "Polygon", "coordinates": [[[107.22222222222223, -6.45], [107.23611111111111, -6.45], [107.23611111111111, -6.4375], [107.22222222222223, -6.4375], [107.22222222222223, -6.45]]]}, "properties": {"lst_celsius": 19.45}}, {"type": "Feature", "geometry": {"type": "Polygon", "coordinates": [[[107.23611111111111, -6.45], [107.25, -6.45], [107.25, -6.4375], [107.23611111111111, -6.4375], [107.23611111111111, -6.45]]]}, "properties": {"lst_celsius": 19.45}}, {"type": "Feature", "geometry": {"type": "Polygon", "coordinates": [[[106.5, -6.4375], [106.51388888888889, -6.4375], [106.51388888888889, -6.425], [106.5, -6.425], [106.5, -6.4375]]]}, "properties": {"lst_celsius": 19.63}}, {"type": "Feature", "geometry": {"type": "Polygon", "coordinates": [[[106.51388888888889, -6.4375], [106.52777777777777, -6.4375], [106.52777777777777, -6.425], [106.51388888888889, -6.425], [106.51388888888889, -6.4375]]]}, "properties": {"lst_celsius": 19.63}}, {"type": "Feature", "geometry": {"type": "Polygon", "coordinates": [[[106.52777777777777, -6.4375], [106.54166666666667, -6.4375], [106.54166666666667, -6.425], [106.52777777777777, -6.425], [106.52777777777777, -6.4375]]]}, "properties": {"lst_celsius": 19.63}}, {"type": "Feature", "geometry": {"type": "Polygon", "coordinates": [[[106.54166666666667, -6.4375], [106.55555555555556, -6.4375], [106.55555555555556, -6.425], [106.54166666666667, -6.425], [106.54166666666667, -6.4375]]]}, "properties": {"lst_celsius": 19.63}}, {"type": "Feature", "geometry": {"type": "Polygon", "coordinates": [[[106.55555555555556, -6.4375], [106.56944444444444, -6.4375], [106.56944444444444, -6.425], [106.55555555555556, -6.425], [106.55555555555556, -6.4375]]]}, "properties": {"lst_celsius": 19.63}}, {"type": "Feature", "geometry": {"type": "Polygon", "coordinates": [[[106.56944444444444, -6.4375], [106.58333333333333, -6.4375], [106.58333333333333, -6.425], [106.56944444444444, -6.425], [106.56944444444444, -6.4375]]]}, "properties": {"lst_celsius": 19.63}}, {"type": "Feature", "geometry": {"type": "Polygon", "coordinates": [[[106.58333333333333, -6.4375], [106.59722222222223, -6.4375], [106.59722222222223, -6.425], [106.58333333333333, -6.425], [106.58333333333333, -6.4375]]]}, "properties": {"lst_celsius": 19.63}}, {"type": "Feature", "geometry": {"type": "Polygon", "coordinates": [[[106.59722222222223, -6.4375], [106.61111111111111, -6.4375], [106.61111111111111, -6.425], [106.59722222222223, -6.425], [106.59722222222223, -6.4375]]]}, "properties": {"lst_celsius": 19.63}}, {"type": "Feature", "geometry": {"type": "Polygon", "coordinates": [[[106.61111111111111, -6.4375], [106.625, -6.4375], [106.625, -6.425], [106.61111111111111, -6.425], [106.61111111111111, -6.4375]]]}, "properties": {"lst_celsius": 19.63}}, {"type": "Feature", "geometry": {"type": "Polygon", "coordinates": [[[106.625, -6.4375], [106.63888888888889, -6.4375], [106.63888888888889, -6.425], [106.625, -6.425], [106.625, -6.4375]]]}, "properties": {"lst_celsius": 19.63}}, {"type": "Feature", "geometry": {"type": "Polygon", "coordinates": [[[106.63888888888889, -6.4375], [106.65277777777777, -6.4375], [106.65277777777777, -6.425], [106.63888888888889, -6.425], [106.63888888888889, -6.4375]]]}, "properties": {"lst_celsius": 19.63}}, {"type": "Feature", "geometry": {"type": "Polygon", "coordinates": [[[106.65277777777777, -6.4375], [106.66666666666667, -6.4375], [106.66666666666667, -6.425], [106.65277777777777, -6.425], [106.65277777777777, -6.4375]]]}, "properties": {"lst_celsius": 19.63}}, {"type": "Feature", "geometry": {"type": "Polygon", "coordinates": [[[106.66666666666667, -6.4375], [106.68055555555556, -6.4375], [106.68055555555556, -6.425], [106.66666666666667, -6.425], [106.66666666666667, -6.4375]]]}, "properties": {"lst_celsius": 19.63}}, {"type": "Feature", "geometry": {"type": "Polygon", "coordinates": [[[106.68055555555556, -6.4375], [106.69444444444444, -6.4375], [106.69444444444444, -6.425], [106.68055555555556, -6.425], [106.68055555555556, -6.4375]]]}, "properties": {"lst_celsius": 19.63}}, {"type": "Feature", "geometry": {"type": "Polygon", "coordinates": [[[106.69444444444444, -6.4375], [106.70833333333333, -6.4375], [106.70833333333333, -6.425], [106.69444444444444, -6.425], [106.69444444444444, -6.4375]]]}, "properties": {"lst_celsius": 19.63}}, {"type": "Feature", "geometry": {"type": "Polygon", "coordinates": [[[106.70833333333333, -6.4375], [106.72222222222223, -6.4375], [106.72222222222223, -6.425], [106.70833333333333, -6.425], [106.70833333333333, -6.4375]]]}, "properties": {"lst_celsius": 19.63}}, {"type": "Feature", "geometry": {"type": "Polygon", "coordinates": [[[106.72222222222223, -6.4375], [106.73611111111111, -6.4375], [106.73611111111111, -6.425], [106.72222222222223, -6.425], [106.72222222222223, -6.4375]]]}, "properties": {"lst_celsius": 19.63}}, {"type": "Feature", "geometry": {"type": "Polygon", "coordinates": [[[106.73611111111111, -6.4375], [106.75, -6.4375], [106.75, -6.425], [106.73611111111111, -6.425], [106.73611111111111, -6.4375]]]}, "properties": {"lst_celsius": 19.63}}, {"type": "Feature", "geometry": {"type": "Polygon", "coordinates": [[[106.75, -6.4375], [106.76388888888889, -6.4375], [106.76388888888889, -6.425], [106.75, -6.425], [106.75, -6.4375]]]}, "properties": {"lst_celsius": 19.63}}, {"type": "Feature", "geometry": {"type": "Polygon", "coordinates": [[[106.76388888888889, -6.4375], [106.77777777777777, -6.4375], [106.77777777777777, -6.425], [106.76388888888889, -6.425], [106.76388888888889, -6.4375]]]}, "properties": {"lst_celsius": 19.63}}, {"type": "Feature", "geometry": {"type": "Polygon", "coordinates": [[[106.77777777777777, -6.4375], [106.79166666666667, -6.4375], [106.79166666666667, -6.425], [106.77777777777777, -6.425], [106.77777777777777, -6.4375]]]}, "properties": {"lst_celsius": 19.63}}, {"type": "Feature", "geometry": {"type": "Polygon", "coordinates": [[[106.79166666666667, -6.4375], [106.80555555555556, -6.4375], [106.80555555555556, -6.425], [106.79166666666667, -6.425], [106.79166666666667, -6.4375]]]}, "properties": {"lst_celsius": 19.63}}, {"type": "Feature", "geometry": {"type": "Polygon", "coordinates": [[[106.80555555555556, -6.4375], [106.81944444444444, -6.4375], [106.81944444444444, -6.425], [106.80555555555556, -6.425], [106.80555555555556, -6.4375]]]}, "properties": {"lst_celsius": 19.63}}, {"type": "Feature", "geometry": {"type": "Polygon", "coordinates": [[[106.81944444444444, -6.4375], [106.83333333333333, -6.4375], [106.83333333333333, -6.425], [106.81944444444444, -6.425], [106.81944444444444, -6.4375]]]}, "properties": {"lst_celsius": 19.63}}, {"type": "Feature", "geometry": {"type": "Polygon", "coordinates": [[[106.83333333333333, -6.4375], [106.84722222222223, -6.4375], [106.84722222222223, -6.425], [106.83333333333333, -6.425], [106.83333333333333, -6.4375]]]}, "properties": {"lst_celsius": 19.63}}, {"type": "Feature", "geometry": {"type": "Polygon", "coordinates": [[[106.84722222222223, -6.4375], [106.86111111111111, -6.4375], [106.86111111111111, -6.425], [106.84722222222223, -6.425], [106.84722222222223, -6.4375]]]}, "properties": {"lst_celsius": 19.63}}, {"type": "Feature", "geometry": {"type": "Polygon", "coordinates": [[[106.86111111111111, -6.4375], [106.875, -6.4375], [106.875, -6.425], [106.86111111111111, -6.425], [106.86111111111111, -6.4375]]]}, "properties": {"lst_celsius": 19.63}}, {"type": "Feature", "geometry": {"type": "Polygon", "coordinates": [[[106.875, -6.4375], [106.88888888888889, -6.4375], [106.88888888888889, -6.425], [106.875, -6.425], [106.875, -6.4375]]]}, "properties": {"lst_celsius": 19.63}}, {"type": "Feature", "geometry": {"type": "Polygon", "coordinates": [[[106.88888888888889, -6.4375], [106.90277777777777, -6.4375], [106.90277777777777, -6.425], [106.88888888888889, -6.425], [106.88888888888889, -6.4375]]]}, "properties": {"lst_celsius": 19.63}}, {"type": "Feature", "geometry": {"type": "Polygon", "coordinates": [[[106.90277777777777, -6.4375], [106.91666666666667, -6.4375], [106.91666666666667, -6.425], [106.90277777777777, -6.425], [106.90277777777777, -6.4375]]]}, "properties": {"lst_celsius": 19.63}}, {"type": "Feature", "geometry": {"type": "Polygon", "coordinates": [[[106.91666666666667, -6.4375], [106.93055555555556, -6.4375], [106.93055555555556, -6.425], [106.91666666666667, -6.425], [106.91666666666667, -6.4375]]]}, "properties": {"lst_celsius": 19.63}}, {"type": "Feature", "geometry": {"type": "Polygon", "coordinates": [[[106.93055555555556, -6.4375], [106.94444444444444, -6.4375], [106.94444444444444, -6.425], [106.93055555555556, -6.425], [106.93055555555556, -6.4375]]]}, "properties": {"lst_celsius": 19.63}}, {"type": "Feature", "geometry": {"type": "Polygon", "coordinates": [[[106.94444444444444, -6.4375], [106.95833333333333, -6.4375], [106.95833333333333, -6.425], [106.94444444444444, -6.425], [106.94444444444444, -6.4375]]]}, "properties": {"lst_celsius": 19.63}}, {"type": "Feature", "geometry": {"type": "Polygon", "coordinates": [[[106.95833333333333, -6.4375], [106.97222222222223, -6.4375], [106.97222222222223, -6.425], [106.95833333333333, -6.425], [106.95833333333333, -6.4375]]]}, "properties": {"lst_celsius": 19.63}}, {"type": "Feature", "geometry": {"type": "Polygon", "coordinates": [[[106.97222222222223, -6.4375], [106.98611111111111, -6.4375], [106.98611111111111, -6.425], [106.97222222222223, -6.425], [106.97222222222223, -6.4375]]]}, "properties": {"lst_celsius": 19.63}}, {"type": "Feature", "geometry": {"type": "Polygon", "coordinates": [[[106.98611111111111, -6.4375], [107.0, -6.4375], [107.0, -6.425], [106.98611111111111, -6.425], [106.98611111111111, -6.4375]]]}, "properties": {"lst_celsius": 19.63}}, {"type": "Feature", "geometry": {"type": "Polygon", "coordinates": [[[107.0, -6.4375], [107.01388888888889, -6.4375], [107.01388888888889, -6.425], [107.0, -6.425], [107.0, -6.4375]]]}, "properties": {"lst_celsius": 19.63}}, {"type": "Feature", "geometry": {"type": "Polygon", "coordinates": [[[107.01388888888889, -6.4375], [107.02777777777777, -6.4375], [107.02777777777777, -6.425], [107.01388888888889, -6.425], [107.01388888888889, -6.4375]]]}, "properties": {"lst_celsius": 19.63}}, {"type": "Feature", "geometry": {"type": "Polygon", "coordinates": [[[107.02777777777777, -6.4375], [107.04166666666667, -6.4375], [107.04166666666667, -6.425], [107.02777777777777, -6.425], [107.02777777777777, -6.4375]]]}, "properties": {"lst_celsius": 19.63}}, {"type": "Feature", "geometry": {"type": "Polygon", "coordinates": [[[107.04166666666667, -6.4375], [107.05555555555556, -6.4375], [107.05555555555556, -6.425], [107.04166666666667, -6.425], [107.04166666666667, -6.4375]]]}, "properties": {"lst_celsius": 19.63}}, {"type": "Feature", "geometry": {"type": "Polygon", "coordinates": [[[107.05555555555556, -6.4375], [107.06944444444444, -6.4375], [107.06944444444444, -6.425], [107.05555555555556, -6.425], [107.05555555555556, -6.4375]]]}, "properties": {"lst_celsius": 19.63}}, {"type": "Feature", "geometry": {"type": "Polygon", "coordinates": [[[107.06944444444444, -6.4375], [107.08333333333333, -6.4375], [107.08333333333333, -6.425], [107.06944444444444, -6.425], [107.06944444444444, -6.4375]]]}, "properties": {"lst_celsius": 19.63}}, {"type": "Feature", "geometry": {"type": "Polygon", "coordinates": [[[107.08333333333333, -6.4375], [107.09722222222223, -6.4375], [107.09722222222223, -6.425], [107.08333333333333, -6.425], [107.08333333333333, -6.4375]]]}, "properties": {"lst_celsius": 19.63}}, {"type": "Feature", "geometry": {"type": "Polygon", "coordinates": [[[107.09722222222223, -6.4375], [107.11111111111111, -6.4375], [107.11111111111111, -6.425], [107.09722222222223, -6.425], [107.09722222222223, -6.4375]]]}, "properties": {"lst_celsius": 19.63}}, {"type": "Feature", "geometry": {"type": "Polygon", "coordinates": [[[107.11111111111111, -6.4375], [107.125, -6.4375], [107.125, -6.425], [107.11111111111111, -6.425], [107.11111111111111, -6.4375]]]}, "properties": {"lst_celsius": 19.63}}, {"type": "Feature", "geometry": {"type": "Polygon", "coordinates": [[[107.125, -6.4375], [107.13888888888889, -6.4375], [107.13888888888889, -6.425], [107.125, -6.425], [107.125, -6.4375]]]}, "properties": {"lst_celsius": 19.63}}, {"type": "Feature", "geometry": {"type": "Polygon", "coordinates": [[[107.13888888888889, -6.4375], [107.15277777777777, -6.4375], [107.15277777777777, -6.425], [107.13888888888889, -6.425], [107.13888888888889, -6.4375]]]}, "properties": {"lst_celsius": 19.63}}, {"type": "Feature", "geometry": {"type": "Polygon", "coordinates": [[[107.15277777777777, -6.4375], [107.16666666666667, -6.4375], [107.16666666666667, -6.425], [107.15277777777777, -6.425], [107.15277777777777, -6.4375]]]}, "properties": {"lst_celsius": 19.63}}, {"type": "Feature", "geometry": {"type": "Polygon", "coordinates": [[[107.16666666666667, -6.4375], [107.18055555555556, -6.4375], [107.18055555555556, -6.425], [107.16666666666667, -6.425], [107.16666666666667, -6.4375]]]}, "properties": {"lst_celsius": 19.63}}, {"type": "Feature", "geometry": {"type": "Polygon", "coordinates": [[[107.18055555555556, -6.4375], [107.19444444444444, -6.4375], [107.19444444444444, -6.425], [107.18055555555556, -6.425], [107.18055555555556, -6.4375]]]}, "properties": {"lst_celsius": 19.63}}, {"type": "Feature", "geometry": {"type": "Polygon", "coordinates": [[[107.19444444444444, -6.4375], [107.20833333333333, -6.4375], [107.20833333333333, -6.425], [107.19444444444444, -6.425], [107.19444444444444, -6.4375]]]}, "properties": {"lst_celsius": 19.63}}, {"type": "Feature", "geometry": {"type": "Polygon", "coordinates": [[[107.20833333333333, -6.4375], [107.22222222222223, -6.4375], [107.22222222222223, -6.425], [107.20833333333333, -6.425], [107.20833333333333, -6.4375]]]}, "properties": {"lst_celsius": 19.63}}, {"type": "Feature", "geometry": {"type": "Polygon", "coordinates": [[[107.22222222222223, -6.4375], [107.23611111111111, -6.4375], [107.23611111111111, -6.425], [107.22222222222223, -6.425], [107.22222222222223, -6.4375]]]}, "properties": {"lst_celsius": 19.63}}, {"type": "Feature", "geometry": {"type": "Polygon", "coordinates": [[[107.23611111111111, -6.4375], [107.25, -6.4375], [107.25, -6.425], [107.23611111111111, -6.425], [107.23611111111111, -6.4375]]]}, "properties": {"lst_celsius": 19.63}}, {"type": "Feature", "geometry": {"type": "Polygon", "coordinates": [[[106.5, -6.425], [106.51388888888889, -6.425], [106.51388888888889, -6.4125], [106.5, -6.4125], [106.5, -6.425]]]}, "properties": {"lst_celsius": 19.81}}, {"type": "Feature", "geometry": {"type": "Polygon", "coordinates": [[[106.51388888888889, -6.425], [106.52777777777777, -6.425], [106.52777777777777, -6.4125], [106.51388888888889, -6.4125], [106.51388888888889, -6.425]]]}, "properties": {"lst_celsius": 19.81}}, {"type": "Feature", "geometry": {"type": "Polygon", "coordinates": [[[106.52777777777777, -6.425], [106.54166666666667, -6.425], [106.54166666666667, -6.4125], [106.52777777777777, -6.4125], [106.52777777777777, -6.425]]]}, "properties": {"lst_celsius": 19.81}}, {"type": "Feature", "geometry": {"type": "Polygon", "coordinates": [[[106.54166666666667, -6.425], [106.55555555555556, -6.425], [106.55555555555556, -6.4125], [106.54166666666667, -6.4125], [106.54166666666667, -6.425]]]}, "properties": {"lst_celsius": 19.81}}, {"type": "Feature", "geometry": {"type": "Polygon", "coordinates": [[[106.55555555555556, -6.425], [106.56944444444444, -6.425], [106.56944444444444, -6.4125], [106.55555555555556, -6.4125], [106.55555555555556, -6.425]]]}, "properties": {"lst_celsius": 19.81}}, {"type": "Feature", "geometry": {"type": "Polygon", "coordinates": [[[106.56944444444444, -6.425], [106.58333333333333, -6.425], [106.58333333333333, -6.4125], [106.56944444444444, -6.4125], [106.56944444444444, -6.425]]]}, "properties": {"lst_celsius": 19.81}}, {"type": "Feature", "geometry": {"type": "Polygon", "coordinates": [[[106.58333333333333, -6.425], [106.59722222222223, -6.425], [106.59722222222223, -6.4125], [106.58333333333333, -6.4125], [106.58333333333333, -6.425]]]}, "properties": {"lst_celsius": 19.81}}, {"type": "Feature", "geometry": {"type": "Polygon", "coordinates": [[[106.59722222222223, -6.425], [106.61111111111111, -6.425], [106.61111111111111, -6.4125], [106.59722222222223, -6.4125], [106.59722222222223, -6.425]]]}, "properties": {"lst_celsius": 19.81}}, {"type": "Feature", "geometry": {"type": "Polygon", "coordinates": [[[106.61111111111111, -6.425], [106.625, -6.425], [106.625, -6.4125], [106.61111111111111, -6.4125], [106.61111111111111, -6.425]]]}, "properties": {"lst_celsius": 19.81}}, {"type": "Feature", "geometry": {"type": "Polygon", "coordinates": [[[106.625, -6.425], [106.63888888888889, -6.425], [106.63888888888889, -6.4125], [106.625, -6.4125], [106.625, -6.425]]]}, "properties": {"lst_celsius": 19.81}}, {"type": "Feature", "geometry": {"type": "Polygon", "coordinates": [[[106.63888888888889, -6.425], [106.65277777777777, -6.425], [106.65277777777777, -6.4125], [106.63888888888889, -6.4125], [106.63888888888889, -6.425]]]}, "properties": {"lst_celsius": 19.81}}, {"type": "Feature", "geometry": {"type": "Polygon", "coordinates": [[[106.65277777777777, -6.425], [106.66666666666667, -6.425], [106.66666666666667, -6.4125], [106.65277777777777, -6.4125], [106.65277777777777, -6.425]]]}, "properties": {"lst_celsius": 19.81}}, {"type": "Feature", "geometry": {"type": "Polygon", "coordinates": [[[106.66666666666667, -6.425], [106.68055555555556, -6.425], [106.68055555555556, -6.4125], [106.66666666666667, -6.4125], [106.66666666666667, -6.425]]]}, "properties": {"lst_celsius": 19.81}}, {"type": "Feature", "geometry": {"type": "Polygon", "coordinates": [[[106.68055555555556, -6.425], [106.69444444444444, -6.425], [106.69444444444444, -6.4125], [106.68055555555556, -6.4125], [106.68055555555556, -6.425]]]}, "properties": {"lst_celsius": 19.81}}, {"type": "Feature", "geometry": {"type": "Polygon", "coordinates": [[[106.69444444444444, -6.425], [106.70833333333333, -6.425], [106.70833333333333, -6.4125], [106.69444444444444, -6.4125], [106.69444444444444, -6.425]]]}, "properties": {"lst_celsius": 19.81}}, {"type": "Feature", "geometry": {"type": "Polygon", "coordinates": [[[106.70833333333333, -6.425], [106.72222222222223, -6.425], [106.72222222222223, -6.4125], [106.70833333333333, -6.4125], [106.70833333333333, -6.425]]]}, "properties": {"lst_celsius": 19.81}}, {"type": "Feature", "geometry": {"type": "Polygon", "coordinates": [[[106.72222222222223, -6.425], [106.73611111111111, -6.425], [106.73611111111111, -6.4125], [106.72222222222223, -6.4125], [106.72222222222223, -6.425]]]}, "properties": {"lst_celsius": 19.81}}, {"type": "Feature", "geometry": {"type": "Polygon", "coordinates": [[[106.73611111111111, -6.425], [106.75, -6.425], [106.75, -6.4125], [106.73611111111111, -6.4125], [106.73611111111111, -6.425]]]}, "properties": {"lst_celsius": 19.81}}, {"type": "Feature", "geometry": {"type": "Polygon", "coordinates": [[[106.75, -6.425], [106.76388888888889, -6.425], [106.76388888888889, -6.4125], [106.75, -6.4125], [106.75, -6.425]]]}, "properties": {"lst_celsius": 19.81}}, {"type": "Feature", "geometry": {"type": "Polygon", "coordinates": [[[106.76388888888889, -6.425], [106.77777777777777, -6.425], [106.77777777777777, -6.4125], [106.76388888888889, -6.4125], [106.76388888888889, -6.425]]]}, "properties": {"lst_celsius": 19.81}}, {"type": "Feature", "geometry": {"type": "Polygon", "coordinates": [[[106.77777777777777, -6.425], [106.79166666666667, -6.425], [106.79166666666667, -6.4125], [106.77777777777777, -6.4125], [106.77777777777777, -6.425]]]}, "properties": {"lst_celsius": 19.81}}, {"type": "Feature", "geometry": {"type": "Polygon", "coordinates": [[[106.79166666666667, -6.425], [106.80555555555556, -6.425], [106.80555555555556, -6.4125], [106.79166666666667, -6.4125], [106.79166666666667, -6.425]]]}, "properties": {"lst_celsius": 19.81}}, {"type": "Feature", "geometry": {"type": "Polygon", "coordinates": [[[106.80555555555556, -6.425], [106.81944444444444, -6.425], [106.81944444444444, -6.4125], [106.80555555555556, -6.4125], [106.80555555555556, -6.425]]]}, "properties": {"lst_celsius": 19.81}}, {"type": "Feature", "geometry": {"type": "Polygon", "coordinates": [[[106.81944444444444, -6.425], [106.83333333333333, -6.425], [106.83333333333333, -6.4125], [106.81944444444444, -6.4125], [106.81944444444444, -6.425]]]}, "properties": {"lst_celsius": 19.81}}, {"type": "Feature", "geometry": {"type": "Polygon", "coordinates": [[[106.83333333333333, -6.425], [106.84722222222223, -6.425], [106.84722222222223, -6.4125], [106.83333333333333, -6.4125], [106.83333333333333, -6.425]]]}, "properties": {"lst_celsius": 19.81}}, {"type": "Feature", "geometry": {"type": "Polygon", "coordinates": [[[106.84722222222223, -6.425], [106.86111111111111, -6.425], [106.86111111111111, -6.4125], [106.84722222222223, -6.4125], [106.84722222222223, -6.425]]]}, "properties": {"lst_celsius": 19.81}}, {"type": "Feature", "geometry": {"type": "Polygon", "coordinates": [[[106.86111111111111, -6.425], [106.875, -6.425], [106.875, -6.4125], [106.86111111111111, -6.4125], [106.86111111111111, -6.425]]]}, "properties": {"lst_celsius": 19.81}}, {"type": "Feature", "geometry": {"type": "Polygon", "coordinates": [[[106.875, -6.425], [106.88888888888889, -6.425], [106.88888888888889, -6.4125], [106.875, -6.4125], [106.875, -6.425]]]}, "properties": {"lst_celsius": 19.81}}, {"type": "Feature", "geometry": {"type": "Polygon", "coordinates": [[[106.88888888888889, -6.425], [106.90277777777777, -6.425], [106.90277777777777, -6.4125], [106.88888888888889, -6.4125], [106.88888888888889, -6.425]]]}, "properties": {"lst_celsius": 19.81}}, {"type": "Feature", "geometry": {"type": "Polygon", "coordinates": [[[106.90277777777777, -6.425], [106.91666666666667, -6.425], [106.91666666666667, -6.4125], [106.90277777777777, -6.4125], [106.90277777777777, -6.425]]]}, "properties": {"lst_celsius": 19.81}}, {"type": "Feature", "geometry": {"type": "Polygon", "coordinates": [[[106.91666666666667, -6.425], [106.93055555555556, -6.425], [106.93055555555556, -6.4125], [106.91666666666667, -6.4125], [106.91666666666667, -6.425]]]}, "properties": {"lst_celsius": 19.81}}, {"type": "Feature", "geometry": {"type": "Polygon", "coordinates": [[[106.93055555555556, -6.425], [106.94444444444444, -6.425], [106.94444444444444, -6.4125], [106.93055555555556, -6.4125], [106.93055555555556, -6.425]]]}, "properties": {"lst_celsius": 19.81}}, {"type": "Feature", "geometry": {"type": "Polygon", "coordinates": [[[106.94444444444444, -6.425], [106.95833333333333, -6.425], [106.95833333333333, -6.4125], [106.94444444444444, -6.4125], [106.94444444444444, -6.425]]]}, "properties": {"lst_celsius": 19.81}}, {"type": "Feature", "geometry": {"type": "Polygon", "coordinates": [[[106.95833333333333, -6.425], [106.97222222222223, -6.425], [106.97222222222223, -6.4125], [106.95833333333333, -6.4125], [106.95833333333333, -6.425]]]}, "properties": {"lst_celsius": 19.81}}, {"type": "Feature", "geometry": {"type": "Polygon", "coordinates": [[[106.97222222222223, -6.425], [106.98611111111111, -6.425], [106.98611111111111, -6.4125], [106.97222222222223, -6.4125], [106.97222222222223, -6.425]]]}, "properties": {"lst_celsius": 19.81}}, {"type": "Feature", "geometry": {"type": "Polygon", "coordinates": [[[106.98611111111111, -6.425], [107.0, -6.425], [107.0, -6.4125], [106.98611111111111, -6.4125], [106.98611111111111, -6.425]]]}, "properties": {"lst_celsius": 19.81}}, {"type": "Feature", "geometry": {"type": "Polygon", "coordinates": [[[107.0, -6.425], [107.01388888888889, -6.425], [107.01388888888889, -6.4125], [107.0, -6.4125], [107.0, -6.425]]]}, "properties": {"lst_celsius": 19.81}}, {"type": "Feature", "geometry": {"type": "Polygon", "coordinates": [[[107.01388888888889, -6.425], [107.02777777777777, -6.425], [107.02777777777777, -6.4125], [107.01388888888889, -6.4125], [107.01388888888889, -6.425]]]}, "properties": {"lst_celsius": 19.81}}, {"type": "Feature", "geometry": {"type": "Polygon", "coordinates": [[[107.02777777777777, -6.425], [107.04166666666667, -6.425], [107.04166666666667, -6.4125], [107.02777777777777, -6.4125], [107.02777777777777, -6.425]]]}, "properties": {"lst_celsius": 19.81}}, {"type": "Feature", "geometry": {"type": "Polygon", "coordinates": [[[107.04166666666667, -6.425], [107.05555555555556, -6.425], [107.05555555555556, -6.4125], [107.04166666666667, -6.4125], [107.04166666666667, -6.425]]]}, "properties": {"lst_celsius": 19.81}}, {"type": "Feature", "geometry": {"type": "Polygon", "coordinates": [[[107.05555555555556, -6.425], [107.06944444444444, -6.425], [107.06944444444444, -6.4125], [107.05555555555556, -6.4125], [107.05555555555556, -6.425]]]}, "properties": {"lst_celsius": 19.81}}, {"type": "Feature", "geometry": {"type": "Polygon", "coordinates": [[[107.06944444444444, -6.425], [107.08333333333333, -6.425], [107.08333333333333, -6.4125], [107.06944444444444, -6.4125], [107.06944444444444, -6.425]]]}, "properties": {"lst_celsius": 19.81}}, {"type": "Feature", "geometry": {"type": "Polygon", "coordinates": [[[107.08333333333333, -6.425], [107.09722222222223, -6.425], [107.09722222222223, -6.4125], [107.08333333333333, -6.4125], [107.08333333333333, -6.425]]]}, "properties": {"lst_celsius": 19.81}}, {"type": "Feature", "geometry": {"type": "Polygon", "coordinates": [[[107.09722222222223, -6.425], [107.11111111111111, -6.425], [107.11111111111111, -6.4125], [107.09722222222223, -6.4125], [107.09722222222223, -6.425]]]}, "properties": {"lst_celsius": 19.81}}, {"type": "Feature", "geometry": {"type": "Polygon", "coordinates": [[[107.11111111111111, -6.425], [107.125, -6.425], [107.125, -6.4125], [107.11111111111111, -6.4125], [107.11111111111111, -6.425]]]}, "properties": {"lst_celsius": 19.81}}, {"type": "Feature", "geometry": {"type": "Polygon", "coordinates": [[[107.125, -6.425], [107.13888888888889, -6.425], [107.13888888888889, -6.4125], [107.125, -6.4125], [107.125, -6.425]]]}, "properties": {"lst_celsius": 19.81}}, {"type": "Feature", "geometry": {"type": "Polygon", "coordinates": [[[107.13888888888889, -6.425], [107.15277777777777, -6.425], [107.15277777777777, -6.4125], [107.13888888888889, -6.4125], [107.13888888888889, -6.425]]]}, "properties": {"lst_celsius": 19.81}}, {"type": "Feature", "geometry": {"type": "Polygon", "coordinates": [[[107.15277777777777, -6.425], [107.16666666666667, -6.425], [107.16666666666667, -6.4125], [107.15277777777777, -6.4125], [107.15277777777777, -6.425]]]}, "properties": {"lst_celsius": 19.81}}, {"type": "Feature", "geometry": {"type": "Polygon", "coordinates": [[[107.16666666666667, -6.425], [107.18055555555556, -6.425], [107.18055555555556, -6.4125], [107.16666666666667, -6.4125], [107.16666666666667, -6.425]]]}, "properties": {"lst_celsius": 19.81}}, {"type": "Feature", "geometry": {"type": "Polygon", "coordinates": [[[107.18055555555556, -6.425], [107.19444444444444, -6.425], [107.19444444444444, -6.4125], [107.18055555555556, -6.4125], [107.18055555555556, -6.425]]]}, "properties": {"lst_celsius": 19.81}}, {"type": "Feature", "geometry": {"type": "Polygon", "coordinates": [[[107.19444444444444, -6.425], [107.20833333333333, -6.425], [107.20833333333333, -6.4125], [107.19444444444444, -6.4125], [107.19444444444444, -6.425]]]}, "properties": {"lst_celsius": 19.81}}, {"type": "Feature", "geometry": {"type": "Polygon", "coordinates": [[[107.20833333333333, -6.425], [107.22222222222223, -6.425], [107.22222222222223, -6.4125], [107.20833333333333, -6.4125], [107.20833333333333, -6.425]]]}, "properties": {"lst_celsius": 19.81}}, {"type": "Feature", "geometry": {"type": "Polygon", "coordinates": [[[107.22222222222223, -6.425], [107.23611111111111, -6.425], [107.23611111111111, -6.4125], [107.22222222222223, -6.4125], [107.22222222222223, -6.425]]]}, "properties": {"lst_celsius": 19.81}}, {"type": "Feature", "geometry": {"type": "Polygon", "coordinates": [[[107.23611111111111, -6.425], [107.25, -6.425], [107.25, -6.4125], [107.23611111111111, -6.4125], [107.23611111111111, -6.425]]]}, "properties": {"lst_celsius": 19.81}}, {"type": "Feature", "geometry": {"type": "Polygon", "coordinates": [[[106.5, -6.4125], [106.51388888888889, -6.4125], [106.51388888888889, -6.3999999999999995], [106.5, -6.3999999999999995], [106.5, -6.4125]]]}, "properties": {"lst_celsius": 19.99}}, {"type": "Feature", "geometry": {"type": "Polygon", "coordinates": [[[106.51388888888889, -6.4125], [106.52777777777777, -6.4125], [106.52777777777777, -6.3999999999999995], [106.51388888888889, -6.3999999999999995], [106.51388888888889, -6.4125]]]}, "properties": {"lst_celsius": 19.99}}, {"type": "Feature", "geometry": {"type": "Polygon", "coordinates": [[[106.52777777777777, -6.4125], [106.54166666666667, -6.4125], [106.54166666666667, -6.3999999999999995], [106.52777777777777, -6.3999999999999995], [106.52777777777777, -6.4125]]]}, "properties": {"lst_celsius": 19.99}}, {"type": "Feature", "geometry": {"type": "Polygon", "coordinates": [[[106.54166666666667, -6.4125], [106.55555555555556, -6.4125], [106.55555555555556, -6.3999999999999995], [106.54166666666667, -6.3999999999999995], [106.54166666666667, -6.4125]]]}, "properties": {"lst_celsius": 19.99}}, {"type": "Feature", "geometry": {"type": "Polygon", "coordinates": [[[106.55555555555556, -6.4125], [106.56944444444444, -6.4125], [106.56944444444444, -6.3999999999999995], [106.55555555555556, -6.3999999999999995], [106.55555555555556, -6.4125]]]}, "properties": {"lst_celsius": 19.99}}, {"type": "Feature", "geometry": {"type": "Polygon", "coordinates": [[[106.56944444444444, -6.4125], [106.58333333333333, -6.4125], [106.58333333333333, -6.3999999999999995], [106.56944444444444, -6.3999999999999995], [106.56944444444444, -6.4125]]]}, "properties": {"lst_celsius": 19.99}}, {"type": "Feature", "geometry": {"type": "Polygon", "coordinates": [[[106.58333333333333, -6.4125], [106.59722222222223, -6.4125], [106.59722222222223, -6.3999999999999995], [106.58333333333333, -6.3999999999999995], [106.58333333333333, -6.4125]]]}, "properties": {"lst_celsius": 19.99}}, {"type": "Feature", "geometry": {"type": "Polygon", "coordinates": [[[106.59722222222223, -6.4125], [106.61111111111111, -6.4125], [106.61111111111111, -6.3999999999999995], [106.59722222222223, -6.3999999999999995], [106.59722222222223, -6.4125]]]}, "properties": {"lst_celsius": 19.99}}, {"type": "Feature", "geometry": {"type": "Polygon", "coordinates": [[[106.61111111111111, -6.4125], [106.625, -6.4125], [106.625, -6.3999999999999995], [106.61111111111111, -6.3999999999999995], [106.61111111111111, -6.4125]]]}, "properties": {"lst_celsius": 19.99}}, {"type": "Feature", "geometry": {"type": "Polygon", "coordinates": [[[106.625, -6.4125], [106.63888888888889, -6.4125], [106.63888888888889, -6.3999999999999995], [106.625, -6.3999999999999995], [106.625, -6.4125]]]}, "properties": {"lst_celsius": 19.99}}, {"type": "Feature", "geometry": {"type": "Polygon", "coordinates": [[[106.63888888888889, -6.4125], [106.65277777777777, -6.4125], [106.65277777777777, -6.3999999999999995], [106.63888888888889, -6.3999999999999995], [106.63888888888889, -6.4125]]]}, "properties": {"lst_celsius": 19.99}}, {"type": "Feature", "geometry": {"type": "Polygon", "coordinates": [[[106.65277777777777, -6.4125], [106.66666666666667, -6.4125], [106.66666666666667, -6.3999999999999995], [106.65277777777777, -6.3999999999999995], [106.65277777777777, -6.4125]]]}, "properties": {"lst_celsius": 19.99}}, {"type": "Feature", "geometry": {"type": "Polygon", "coordinates": [[[106.66666666666667, -6.4125], [106.68055555555556, -6.4125], [106.68055555555556, -6.3999999999999995], [106.66666666666667, -6.3999999999999995], [106.66666666666667, -6.4125]]]}, "properties": {"lst_celsius": 19.99}}, {"type": "Feature", "geometry": {"type": "Polygon", "coordinates": [[[106.68055555555556, -6.4125], [106.69444444444444, -6.4125], [106.69444444444444, -6.3999999999999995], [106.68055555555556, -6.3999999999999995], [106.68055555555556, -6.4125]]]}, "properties": {"lst_celsius": 19.99}}, {"type": "Feature", "geometry": {"type": "Polygon", "coordinates": [[[106.69444444444444, -6.4125], [106.70833333333333, -6.4125], [106.70833333333333, -6.3999999999999995], [106.69444444444444, -6.3999999999999995], [106.69444444444444, -6.4125]]]}, "properties": {"lst_celsius": 19.99}}, {"type": "Feature", "geometry": {"type": "Polygon", "coordinates": [[[106.70833333333333, -6.4125], [106.72222222222223, -6.4125], [106.72222222222223, -6.3999999999999995], [106.70833333333333, -6.3999999999999995], [106.70833333333333, -6.4125]]]}, "properties": {"lst_celsius": 19.99}}, {"type": "Feature", "geometry": {"type": "Polygon", "coordinates": [[[106.72222222222223, -6.4125], [106.73611111111111, -6.4125], [106.73611111111111, -6.3999999999999995], [106.72222222222223, -6.3999999999999995], [106.72222222222223, -6.4125]]]}, "properties": {"lst_celsius": 19.99}}, {"type": "Feature", "geometry": {"type": "Polygon", "coordinates": [[[106.73611111111111, -6.4125], [106.75, -6.4125], [106.75, -6.3999999999999995], [106.73611111111111, -6.3999999999999995], [106.73611111111111, -6.4125]]]}, "properties": {"lst_celsius": 19.99}}, {"type": "Feature", "geometry": {"type": "Polygon", "coordinates": [[[106.75, -6.4125], [106.76388888888889, -6.4125], [106.76388888888889, -6.3999999999999995], [106.75, -6.3999999999999995], [106.75, -6.4125]]]}, "properties": {"lst_celsius": 19.99}}, {"type": "Feature", "geometry": {"type": "Polygon", "coordinates": [[[106.76388888888889, -6.4125], [106.77777777777777, -6.4125], [106.77777777777777, -6.3999999999999995], [106.76388888888889, -6.3999999999999995], [106.76388888888889, -6.4125]]]}, "properties": {"lst_celsius": 19.99}}, {"type": "Feature", "geometry": {"type": "Polygon", "coordinates": [[[106.77777777777777, -6.4125], [106.79166666666667, -6.4125], [106.79166666666667, -6.3999999999999995], [106.77777777777777, -6.3999999999999995], [106.77777777777777, -6.4125]]]}, "properties": {"lst_celsius": 19.99}}, {"type": "Feature", "geometry": {"type": "Polygon", "coordinates": [[[106.79166666666667, -6.4125], [106.80555555555556, -6.4125], [106.80555555555556, -6.3999999999999995], [106.79166666666667, -6.3999999999999995], [106.79166666666667, -6.4125]]]}, "properties": {"lst_celsius": 19.99}}, {"type": "Feature", "geometry": {"type": "Polygon", "coordinates": [[[106.80555555555556, -6.4125], [106.81944444444444, -6.4125], [106.81944444444444, -6.3999999999999995], [106.80555555555556, -6.3999999999999995], [106.80555555555556, -6.4125]]]}, "properties": {"lst_celsius": 19.99}}, {"type": "Feature", "geometry": {"type": "Polygon", "coordinates": [[[106.81944444444444, -6.4125], [106.83333333333333, -6.4125], [106.83333333333333, -6.3999999999999995], [106.81944444444444, -6.3999999999999995], [106.81944444444444, -6.4125]]]}, "properties": {"lst_celsius": 19.99}}, {"type": "Feature", "geometry": {"type": "Polygon", "coordinates": [[[106.83333333333333, -6.4125], [106.84722222222223, -6.4125], [106.84722222222223, -6.3999999999999995], [106.83333333333333, -6.3999999999999995], [106.83333333333333, -6.4125]]]}, "properties": {"lst_celsius": 19.99}}, {"type": "Feature", "geometry": {"type": "Polygon", "coordinates": [[[106.84722222222223, -6.4125], [106.86111111111111, -6.4125], [106.86111111111111, -6.3999999999999995], [106.84722222222223, -6.3999999999999995], [106.84722222222223, -6.4125]]]}, "properties": {"lst_celsius": 19.99}}, {"type": "Feature", "geometry": {"type": "Polygon", "coordinates": [[[106.86111111111111, -6.4125], [106.875, -6.4125], [106.875, -6.3999999999999995], [106.86111111111111, -6.3999999999999995], [106.86111111111111, -6.4125]]]}, "properties": {"lst_celsius": 19.99}}, {"type": "Feature", "geometry": {"type": "Polygon", "coordinates": [[[106.875, -6.4125], [106.88888888888889, -6.4125], [106.88888888888889, -6.3999999999999995], [106.875, -6.3999999999999995], [106.875, -6.4125]]]}, "properties": {"lst_celsius": 19.99}}, {"type": "Feature", "geometry": {"type": "Polygon", "coordinates": [[[106.88888888888889, -6.4125], [106.90277777777777, -6.4125], [106.90277777777777, -6.3999999999999995], [106.88888888888889, -6.3999999999999995], [106.88888888888889, -6.4125]]]}, "properties": {"lst_celsius": 19.99}}, {"type": "Feature", "geometry": {"type": "Polygon", "coordinates": [[[106.90277777777777, -6.4125], [106.91666666666667, -6.4125], [106.91666666666667, -6.3999999999999995], [106.90277777777777, -6.3999999999999995], [106.90277777777777, -6.4125]]]}, "properties": {"lst_celsius": 19.99}}, {"type": "Feature", "geometry": {"type": "Polygon", "coordinates": [[[106.91666666666667, -6.4125], [106.93055555555556, -6.4125], [106.93055555555556, -6.3999999999999995], [106.91666666666667, -6.3999999999999995], [106.91666666666667, -6.4125]]]}, "properties": {"lst_celsius": 19.99}}, {"type": "Feature", "geometry": {"type": "Polygon", "coordinates": [[[106.93055555555556, -6.4125], [106.94444444444444, -6.4125], [106.94444444444444, -6.3999999999999995], [106.93055555555556, -6.3999999999999995], [106.93055555555556, -6.4125]]]}, "properties": {"lst_celsius": 19.99}}, {"type": "Feature", "geometry": {"type": "Polygon", "coordinates": [[[106.94444444444444, -6.4125], [106.95833333333333, -6.4125], [106.95833333333333, -6.3999999999999995], [106.94444444444444, -6.3999999999999995], [106.94444444444444, -6.4125]]]}, "properties": {"lst_celsius": 19.99}}, {"type": "Feature", "geometry": {"type": "Polygon", "coordinates": [[[106.95833333333333, -6.4125], [106.97222222222223, -6.4125], [106.97222222222223, -6.3999999999999995], [106.95833333333333, -6.3999999999999995], [106.95833333333333, -6.4125]]]}, "properties": {"lst_celsius": 19.99}}, {"type": "Feature", "geometry": {"type": "Polygon", "coordinates": [[[106.97222222222223, -6.4125], [106.98611111111111, -6.4125], [106.98611111111111, -6.3999999999999995], [106.97222222222223, -6.3999999999999995], [106.97222222222223, -6.4125]]]}, "properties": {"lst_celsius": 19.99}}, {"type": "Feature", "geometry": {"type": "Polygon", "coordinates": [[[106.98611111111111, -6.4125], [107.0, -6.4125], [107.0, -6.3999999999999995], [106.98611111111111, -6.3999999999999995], [106.98611111111111, -6.4125]]]}, "properties": {"lst_celsius": 19.99}}, {"type": "Feature", "geometry": {"type": "Polygon", "coordinates": [[[107.0, -6.4125], [107.01388888888889, -6.4125], [107.01388888888889, -6.3999999999999995], [107.0, -6.3999999999999995], [107.0, -6.4125]]]}, "properties": {"lst_celsius": 19.99}}, {"type": "Feature", "geometry": {"type": "Polygon", "coordinates": [[[107.01388888888889, -6.4125], [107.02777777777777, -6.4125], [107.02777777777777, -6.3999999999999995], [107.01388888888889, -6.3999999999999995], [107.01388888888889, -6.4125]]]}, "properties": {"lst_celsius": 19.99}}, {"type": "Feature", "geometry": {"type": "Polygon", "coordinates": [[[107.02777777777777, -6.4125], [107.04166666666667, -6.4125], [107.04166666666667, -6.3999999999999995], [107.02777777777777, -6.3999999999999995], [107.02777777777777, -6.4125]]]}, "properties": {"lst_celsius": 19.99}}, {"type": "Feature", "geometry": {"type": "Polygon", "coordinates": [[[107.04166666666667, -6.4125], [107.05555555555556, -6.4125], [107.05555555555556, -6.3999999999999995], [107.04166666666667, -6.3999999999999995], [107.04166666666667, -6.4125]]]}, "properties": {"lst_celsius": 19.99}}, {"type": "Feature", "geometry": {"type": "Polygon", "coordinates": [[[107.05555555555556, -6.4125], [107.06944444444444, -6.4125], [107.06944444444444, -6.3999999999999995], [107.05555555555556, -6.3999999999999995], [107.05555555555556, -6.4125]]]}, "properties": {"lst_celsius": 19.99}}, {"type": "Feature", "geometry": {"type": "Polygon", "coordinates": [[[107.06944444444444, -6.4125], [107.08333333333333, -6.4125], [107.08333333333333, -6.3999999999999995], [107.06944444444444, -6.3999999999999995], [107.06944444444444, -6.4125]]]}, "properties": {"lst_celsius": 19.99}}, {"type": "Feature", "geometry": {"type": "Polygon", "coordinates": [[[107.08333333333333, -6.4125], [107.09722222222223, -6.4125], [107.09722222222223, -6.3999999999999995], [107.08333333333333, -6.3999999999999995], [107.08333333333333, -6.4125]]]}, "properties": {"lst_celsius": 19.99}}, {"type": "Feature", "geometry": {"type": "Polygon", "coordinates": [[[107.09722222222223, -6.4125], [107.11111111111111, -6.4125], [107.11111111111111, -6.3999999999999995], [107.09722222222223, -6.3999999999999995], [107.09722222222223, -6.4125]]]}, "properties": {"lst_celsius": 19.99}}, {"type": "Feature", "geometry": {"type": "Polygon", "coordinates": [[[107.11111111111111, -6.4125], [107.125, -6.4125], [107.125, -6.3999999999999995], [107.11111111111111, -6.3999999999999995], [107.11111111111111, -6.4125]]]}, "properties": {"lst_celsius": 19.99}}, {"type": "Feature", "geometry": {"type": "Polygon", "coordinates": [[[107.125, -6.4125], [107.13888888888889, -6.4125], [107.13888888888889, -6.3999999999999995], [107.125, -6.3999999999999995], [107.125, -6.4125]]]}, "properties": {"lst_celsius": 19.99}}, {"type": "Feature", "geometry": {"type": "Polygon", "coordinates": [[[107.13888888888889, -6.4125], [107.15277777777777, -6.4125], [107.15277777777777, -6.3999999999999995], [107.13888888888889, -6.3999999999999995], [107.13888888888889, -6.4125]]]}, "properties": {"lst_celsius": 19.99}}, {"type": "Feature", "geometry": {"type": "Polygon", "coordinates": [[[107.15277777777777, -6.4125], [107.16666666666667, -6.4125], [107.16666666666667, -6.3999999999999995], [107.15277777777777, -6.3999999999999995], [107.15277777777777, -6.4125]]]}, "properties": {"lst_celsius": 19.99}}, {"type": "Feature", "geometry": {"type": "Polygon", "coordinates": [[[107.16666666666667, -6.4125], [107.18055555555556, -6.4125], [107.18055555555556, -6.3999999999999995], [107.16666666666667, -6.3999999999999995], [107.16666666666667, -6.4125]]]}, "properties": {"lst_celsius": 19.99}}, {"type": "Feature", "geometry": {"type": "Polygon", "coordinates": [[[107.18055555555556, -6.4125], [107.19444444444444, -6.4125], [107.19444444444444, -6.3999999999999995], [107.18055555555556, -6.3999999999999995], [107.18055555555556, -6.4125]]]}, "properties": {"lst_celsius": 19.99}}, {"type": "Feature", "geometry": {"type": "Polygon", "coordinates": [[[107.19444444444444, -6.4125], [107.20833333333333, -6.4125], [107.20833333333333, -6.3999999999999995], [107.19444444444444, -6.3999999999999995], [107.19444444444444, -6.4125]]]}, "properties": {"lst_celsius": 19.99}}, {"type": "Feature", "geometry": {"type": "Polygon", "coordinates": [[[107.20833333333333, -6.4125], [107.22222222222223, -6.4125], [107.22222222222223, -6.3999999999999995], [107.20833333333333, -6.3999999999999995], [107.20833333333333, -6.4125]]]}, "properties": {"lst_celsius": 19.99}}, {"type": "Feature", "geometry": {"type": "Polygon", "coordinates": [[[107.22222222222223, -6.4125], [107.23611111111111, -6.4125], [107.23611111111111, -6.3999999999999995], [107.22222222222223, -6.3999999999999995], [107.22222222222223, -6.4125]]]}, "properties": {"lst_celsius": 19.99}}, {"type": "Feature", "geometry": {"type": "Polygon", "coordinates": [[[107.23611111111111, -6.4125], [107.25, -6.4125], [107.25, -6.3999999999999995], [107.23611111111111, -6.3999999999999995], [107.23611111111111, -6.4125]]]}, "properties": {"lst_celsius": 19.99}}, {"type": "Feature", "geometry": {"type": "Polygon", "coordinates": [[[106.5, -6.3999999999999995], [106.51388888888889, -6.3999999999999995], [106.51388888888889, -6.3875], [106.5, -6.3875], [106.5, -6.3999999999999995]]]}, "properties": {"lst_celsius": 20.17}}, {"type": "Feature", "geometry": {"type": "Polygon", "coordinates": [[[106.51388888888889, -6.3999999999999995], [106.52777777777777, -6.3999999999999995], [106.52777777777777, -6.3875], [106.51388888888889, -6.3875], [106.51388888888889, -6.3999999999999995]]]}, "properties": {"lst_celsius": 20.17}}, {"type": "Feature", "geometry": {"type": "Polygon", "coordinates": [[[106.52777777777777, -6.3999999999999995], [106.54166666666667, -6.3999999999999995], [106.54166666666667, -6.3875], [106.52777777777777, -6.3875], [106.52777777777777, -6.3999999999999995]]]}, "properties": {"lst_celsius": 20.17}}, {"type": "Feature", "geometry": {"type": "Polygon", "coordinates": [[[106.54166666666667, -6.3999999999999995], [106.55555555555556, -6.3999999999999995], [106.55555555555556, -6.3875], [106.54166666666667, -6.3875], [106.54166666666667, -6.3999999999999995]]]}, "properties": {"lst_celsius": 20.17}}, {"type": "Feature", "geometry": {"type": "Polygon", "coordinates": [[[106.55555555555556, -6.3999999999999995], [106.56944444444444, -6.3999999999999995], [106.56944444444444, -6.3875], [106.55555555555556, -6.3875], [106.55555555555556, -6.3999999999999995]]]}, "properties": {"lst_celsius": 20.17}}, {"type": "Feature", "geometry": {"type": "Polygon", "coordinates": [[[106.56944444444444, -6.3999999999999995], [106.58333333333333, -6.3999999999999995], [106.58333333333333, -6.3875], [106.56944444444444, -6.3875], [106.56944444444444, -6.3999999999999995]]]}, "properties": {"lst_celsius": 20.17}}, {"type": "Feature", "geometry": {"type": "Polygon", "coordinates": [[[106.58333333333333, -6.3999999999999995], [106.59722222222223, -6.3999999999999995], [106.59722222222223, -6.3875], [106.58333333333333, -6.3875], [106.58333333333333, -6.3999999999999995]]]}, "properties": {"lst_celsius": 20.17}}, {"type": "Feature", "geometry": {"type": "Polygon", "coordinates": [[[106.59722222222223, -6.3999999999999995], [106.61111111111111, -6.3999999999999995], [106.61111111111111, -6.3875], [106.59722222222223, -6.3875], [106.59722222222223, -6.3999999999999995]]]}, "properties": {"lst_celsius": 20.17}}, {"type": "Feature", "geometry": {"type": "Polygon", "coordinates": [[[106.61111111111111, -6.3999999999999995], [106.625, -6.3999999999999995], [106.625, -6.3875], [106.61111111111111, -6.3875], [106.61111111111111, -6.3999999999999995]]]}, "properties": {"lst_celsius": 20.17}}, {"type": "Feature", "geometry": {"type": "Polygon", "coordinates": [[[106.625, -6.3999999999999995], [106.63888888888889, -6.3999999999999995], [106.63888888888889, -6.3875], [106.625, -6.3875], [106.625, -6.3999999999999995]]]}, "properties": {"lst_celsius": 20.17}}, {"type": "Feature", "geometry": {"type": "Polygon", "coordinates": [[[106.63888888888889, -6.3999999999999995], [106.65277777777777, -6.3999999999999995], [106.65277777777777, -6.3875], [106.63888888888889, -6.3875], [106.63888888888889, -6.3999999999999995]]]}, "properties": {"lst_celsius": 20.17}}, {"type": "Feature", "geometry": {"type": "Polygon", "coordinates": [[[106.65277777777777, -6.3999999999999995], [106.66666666666667, -6.3999999999999995], [106.66666666666667, -6.3875], [106.65277777777777, -6.3875], [106.65277777777777, -6.3999999999999995]]]}, "properties": {"lst_celsius": 20.17}}, {"type": "Feature", "geometry": {"type": "Polygon", "coordinates": [[[106.66666666666667, -6.3999999999999995], [106.68055555555556, -6.3999999999999995], [106.68055555555556, -6.3875], [106.66666666666667, -6.3875], [106.66666666666667, -6.3999999999999995]]]}, "properties": {"lst_celsius": 20.17}}, {"type": "Feature", "geometry": {"type": "Polygon", "coordinates": [[[106.68055555555556, -6.3999999999999995], [106.69444444444444, -6.3999999999999995], [106.69444444444444, -6.3875], [106.68055555555556, -6.3875], [106.68055555555556, -6.3999999999999995]]]}, "properties": {"lst_celsius": 20.17}}, {"type": "Feature", "geometry": {"type": "Polygon", "coordinates": [[[106.69444444444444, -6.3999999999999995], [106.70833333333333, -6.3999999999999995], [106.70833333333333, -6.3875], [106.69444444444444, -6.3875], [106.69444444444444, -6.3999999999999995]]]}, "properties": {"lst_celsius": 20.17}}, {"type": "Feature", "geometry": {"type": "Polygon", "coordinates": [[[106.70833333333333, -6.3999999999999995], [106.72222222222223, -6.3999999999999995], [106.72222222222223, -6.3875], [106.70833333333333, -6.3875], [106.70833333333333, -6.3999999999999995]]]}, "properties": {"lst_celsius": 20.17}}, {"type": "Feature", "geometry": {"type": "Polygon", "coordinates": [[[106.72222222222223, -6.3999999999999995], [106.73611111111111, -6.3999999999999995], [106.73611111111111, -6.3875], [106.72222222222223, -6.3875], [106.72222222222223, -6.3999999999999995]]]}, "properties": {"lst_celsius": 20.17}}, {"type": "Feature", "geometry": {"type": "Polygon", "coordinates": [[[106.73611111111111, -6.3999999999999995], [106.75, -6.3999999999999995], [106.75, -6.3875], [106.73611111111111, -6.3875], [106.73611111111111, -6.3999999999999995]]]}, "properties": {"lst_celsius": 20.17}}, {"type": "Feature", "geometry": {"type": "Polygon", "coordinates": [[[106.75, -6.3999999999999995], [106.76388888888889, -6.3999999999999995], [106.76388888888889, -6.3875], [106.75, -6.3875], [106.75, -6.3999999999999995]]]}, "properties": {"lst_celsius": 20.17}}, {"type": "Feature", "geometry": {"type": "Polygon", "coordinates": [[[106.76388888888889, -6.3999999999999995], [106.77777777777777, -6.3999999999999995], [106.77777777777777, -6.3875], [106.76388888888889, -6.3875], [106.76388888888889, -6.3999999999999995]]]}, "properties": {"lst_celsius": 20.17}}, {"type": "Feature", "geometry": {"type": "Polygon", "coordinates": [[[106.77777777777777, -6.3999999999999995], [106.79166666666667, -6.3999999999999995], [106.79166666666667, -6.3875], [106.77777777777777, -6.3875], [106.77777777777777, -6.3999999999999995]]]}, "properties": {"lst_celsius": 20.17}}, {"type": "Feature", "geometry": {"type": "Polygon", "coordinates": [[[106.79166666666667, -6.3999999999999995], [106.80555555555556, -6.3999999999999995], [106.80555555555556, -6.3875], [106.79166666666667, -6.3875], [106.79166666666667, -6.3999999999999995]]]}, "properties": {"lst_celsius": 20.17}}, {"type": "Feature", "geometry": {"type": "Polygon", "coordinates": [[[106.80555555555556, -6.3999999999999995], [106.81944444444444, -6.3999999999999995], [106.81944444444444, -6.3875], [106.80555555555556, -6.3875], [106.80555555555556, -6.3999999999999995]]]}, "properties": {"lst_celsius": 20.17}}, {"type": "Feature", "geometry": {"type": "Polygon", "coordinates": [[[106.81944444444444, -6.3999999999999995], [106.83333333333333, -6.3999999999999995], [106.83333333333333, -6.3875], [106.81944444444444, -6.3875], [106.81944444444444, -6.3999999999999995]]]}, "properties": {"lst_celsius": 20.17}}, {"type": "Feature", "geometry": {"type": "Polygon", "coordinates": [[[106.83333333333333, -6.3999999999999995], [106.84722222222223, -6.3999999999999995], [106.84722222222223, -6.3875], [106.83333333333333, -6.3875], [106.83333333333333, -6.3999999999999995]]]}, "properties": {"lst_celsius": 20.17}}, {"type": "Feature", "geometry": {"type": "Polygon", "coordinates": [[[106.84722222222223, -6.3999999999999995], [106.86111111111111, -6.3999999999999995], [106.86111111111111, -6.3875], [106.84722222222223, -6.3875], [106.84722222222223, -6.3999999999999995]]]}, "properties": {"lst_celsius": 20.17}}, {"type": "Feature", "geometry": {"type": "Polygon", "coordinates": [[[106.86111111111111, -6.3999999999999995], [106.875, -6.3999999999999995], [106.875, -6.3875], [106.86111111111111, -6.3875], [106.86111111111111, -6.3999999999999995]]]}, "properties": {"lst_celsius": 20.17}}, {"type": "Feature", "geometry": {"type": "Polygon", "coordinates": [[[106.875, -6.3999999999999995], [106.88888888888889, -6.3999999999999995], [106.88888888888889, -6.3875], [106.875, -6.3875], [106.875, -6.3999999999999995]]]}, "properties": {"lst_celsius": 20.17}}, {"type": "Feature", "geometry": {"type": "Polygon", "coordinates": [[[106.88888888888889, -6.3999999999999995], [106.90277777777777, -6.3999999999999995], [106.90277777777777, -6.3875], [106.88888888888889, -6.3875], [106.88888888888889, -6.3999999999999995]]]}, "properties": {"lst_celsius": 20.17}}, {"type": "Feature", "geometry": {"type": "Polygon", "coordinates": [[[106.90277777777777, -6.3999999999999995], [106.91666666666667, -6.3999999999999995], [106.91666666666667, -6.3875], [106.90277777777777, -6.3875], [106.90277777777777, -6.3999999999999995]]]}, "properties": {"lst_celsius": 20.17}}, {"type": "Feature", "geometry": {"type": "Polygon", "coordinates": [[[106.91666666666667, -6.3999999999999995], [106.93055555555556, -6.3999999999999995], [106.93055555555556, -6.3875], [106.91666666666667, -6.3875], [106.91666666666667, -6.3999999999999995]]]}, "properties": {"lst_celsius": 20.17}}, {"type": "Feature", "geometry": {"type": "Polygon", "coordinates": [[[106.93055555555556, -6.3999999999999995], [106.94444444444444, -6.3999999999999995], [106.94444444444444, -6.3875], [106.93055555555556, -6.3875], [106.93055555555556, -6.3999999999999995]]]}, "properties": {"lst_celsius": 20.17}}, {"type": "Feature", "geometry": {"type": "Polygon", "coordinates": [[[106.94444444444444, -6.3999999999999995], [106.95833333333333, -6.3999999999999995], [106.95833333333333, -6.3875], [106.94444444444444, -6.3875], [106.94444444444444, -6.3999999999999995]]]}, "properties": {"lst_celsius": 20.17}}, {"type": "Feature", "geometry": {"type": "Polygon", "coordinates": [[[106.95833333333333, -6.3999999999999995], [106.97222222222223, -6.3999999999999995], [106.97222222222223, -6.3875], [106.95833333333333, -6.3875], [106.95833333333333, -6.3999999999999995]]]}, "properties": {"lst_celsius": 20.17}}, {"type": "Feature", "geometry": {"type": "Polygon", "coordinates": [[[106.97222222222223, -6.3999999999999995], [106.98611111111111, -6.3999999999999995], [106.98611111111111, -6.3875], [106.97222222222223, -6.3875], [106.97222222222223, -6.3999999999999995]]]}, "properties": {"lst_celsius": 20.17}}, {"type": "Feature", "geometry": {"type": "Polygon", "coordinates": [[[106.98611111111111, -6.3999999999999995], [107.0, -6.3999999999999995], [107.0, -6.3875], [106.98611111111111, -6.3875], [106.98611111111111, -6.3999999999999995]]]}, "properties": {"lst_celsius": 20.17}}, {"type": "Feature", "geometry": {"type": "Polygon", "coordinates": [[[107.0, -6.3999999999999995], [107.01388888888889, -6.3999999999999995], [107.01388888888889, -6.3875], [107.0, -6.3875], [107.0, -6.3999999999999995]]]}, "properties": {"lst_celsius": 20.17}}, {"type": "Feature", "geometry": {"type": "Polygon", "coordinates": [[[107.01388888888889, -6.3999999999999995], [107.02777777777777, -6.3999999999999995], [107.02777777777777, -6.3875], [107.01388888888889, -6.3875], [107.01388888888889, -6.3999999999999995]]]}, "properties": {"lst_celsius": 20.17}}, {"type": "Feature", "geometry": {"type": "Polygon", "coordinates": [[[107.02777777777777, -6.3999999999999995], [107.04166666666667, -6.3999999999999995], [107.04166666666667, -6.3875], [107.02777777777777, -6.3875], [107.02777777777777, -6.3999999999999995]]]}, "properties": {"lst_celsius": 20.17}}, {"type": "Feature", "geometry": {"type": "Polygon", "coordinates": [[[107.04166666666667, -6.3999999999999995], [107.05555555555556, -6.3999999999999995], [107.05555555555556, -6.3875], [107.04166666666667, -6.3875], [107.04166666666667, -6.3999999999999995]]]}, "properties": {"lst_celsius": 20.17}}, {"type": "Feature", "geometry": {"type": "Polygon", "coordinates": [[[107.05555555555556, -6.3999999999999995], [107.06944444444444, -6.3999999999999995], [107.06944444444444, -6.3875], [107.05555555555556, -6.3875], [107.05555555555556, -6.3999999999999995]]]}, "properties": {"lst_celsius": 20.17}}, {"type": "Feature", "geometry": {"type": "Polygon", "coordinates": [[[107.06944444444444, -6.3999999999999995], [107.08333333333333, -6.3999999999999995], [107.08333333333333, -6.3875], [107.06944444444444, -6.3875], [107.06944444444444, -6.3999999999999995]]]}, "properties": {"lst_celsius": 20.17}}, {"type": "Feature", "geometry": {"type": "Polygon", "coordinates": [[[107.08333333333333, -6.3999999999999995], [107.09722222222223, -6.3999999999999995], [107.09722222222223, -6.3875], [107.08333333333333, -6.3875], [107.08333333333333, -6.3999999999999995]]]}, "properties": {"lst_celsius": 20.17}}, {"type": "Feature", "geometry": {"type": "Polygon", "coordinates": [[[107.09722222222223, -6.3999999999999995], [107.11111111111111, -6.3999999999999995], [107.11111111111111, -6.3875], [107.09722222222223, -6.3875], [107.09722222222223, -6.3999999999999995]]]}, "properties": {"lst_celsius": 20.17}}, {"type": "Feature", "geometry": {"type": "Polygon", "coordinates": [[[107.11111111111111, -6.3999999999999995], [107.125, -6.3999999999999995], [107.125, -6.3875], [107.11111111111111, -6.3875], [107.11111111111111, -6.3999999999999995]]]}, "properties": {"lst_celsius": 20.17}}, {"type": "Feature", "geometry": {"type": "Polygon", "coordinates": [[[107.125, -6.3999999999999995], [107.13888888888889, -6.3999999999999995], [107.13888888888889, -6.3875], [107.125, -6.3875], [107.125, -6.3999999999999995]]]}, "properties": {"lst_celsius": 20.17}}, {"type": "Feature", "geometry": {"type": "Polygon", "coordinates": [[[107.13888888888889, -6.3999999999999995], [107.15277777777777, -6.3999999999999995], [107.15277777777777, -6.3875], [107.13888888888889, -6.3875], [107.13888888888889, -6.3999999999999995]]]}, "properties": {"lst_celsius": 20.17}}, {"type": "Feature", "geometry": {"type": "Polygon", "coordinates": [[[107.15277777777777, -6.3999999999999995], [107.16666666666667, -6.3999999999999995], [107.16666666666667, -6.3875], [107.15277777777777, -6.3875], [107.15277777777777, -6.3999999999999995]]]}, "properties": {"lst_celsius": 20.17}}, {"type": "Feature", "geometry": {"type": "Polygon", "coordinates": [[[107.16666666666667, -6.3999999999999995], [107.18055555555556, -6.3999999999999995], [107.18055555555556, -6.3875], [107.16666666666667, -6.3875], [107.16666666666667, -6.3999999999999995]]]}, "properties": {"lst_celsius": 20.17}}, {"type": "Feature", "geometry": {"type": "Polygon", "coordinates": [[[107.18055555555556, -6.3999999999999995], [107.19444444444444, -6.3999999999999995], [107.19444444444444, -6.3875], [107.18055555555556, -6.3875], [107.18055555555556, -6.3999999999999995]]]}, "properties": {"lst_celsius": 20.17}}, {"type": "Feature", "geometry": {"type": "Polygon", "coordinates": [[[107.19444444444444, -6.3999999999999995], [107.20833333333333, -6.3999999999999995], [107.20833333333333, -6.3875], [107.19444444444444, -6.3875], [107.19444444444444, -6.3999999999999995]]]}, "properties": {"lst_celsius": 20.17}}, {"type": "Feature", "geometry": {"type": "Polygon", "coordinates": [[[107.20833333333333, -6.3999999999999995], [107.22222222222223, -6.3999999999999995], [107.22222222222223, -6.3875], [107.20833333333333, -6.3875], [107.20833333333333, -6.3999999999999995]]]}, "properties": {"lst_celsius": 20.17}}, {"type": "Feature", "geometry": {"type": "Polygon", "coordinates": [[[107.22222222222223, -6.3999999999999995], [107.23611111111111, -6.3999999999999995], [107.23611111111111, -6.3875], [107.22222222222223, -6.3875], [107.22222222222223, -6.3999999999999995]]]}, "properties": {"lst_celsius": 20.17}}, {"type": "Feature", "geometry": {"type": "Polygon", "coordinates": [[[107.23611111111111, -6.3999999999999995], [107.25, -6.3999999999999995], [107.25, -6.3875], [107.23611111111111, -6.3875], [107.23611111111111, -6.3999999999999995]]]}, "properties": {"lst_celsius": 20.17}}, {"type": "Feature", "geometry": {"type": "Polygon", "coordinates": [[[106.5, -6.3875], [106.51388888888889, -6.3875], [106.51388888888889, -6.375], [106.5, -6.375], [106.5, -6.3875]]]}, "properties": {"lst_celsius": 20.35}}, {"type": "Feature", "geometry": {"type": "Polygon", "coordinates": [[[106.51388888888889, -6.3875], [106.52777777777777, -6.3875], [106.52777777777777, -6.375], [106.51388888888889, -6.375], [106.51388888888889, -6.3875]]]}, "properties": {"lst_celsius": 20.35}}, {"type": "Feature", "geometry": {"type": "Polygon", "coordinates": [[[106.52777777777777, -6.3875], [106.54166666666667, -6.3875], [106.54166666666667, -6.375], [106.52777777777777, -6.375], [106.52777777777777, -6.3875]]]}, "properties": {"lst_celsius": 20.35}}, {"type": "Feature", "geometry": {"type": "Polygon", "coordinates": [[[106.54166666666667, -6.3875], [106.55555555555556, -6.3875], [106.55555555555556, -6.375], [106.54166666666667, -6.375], [106.54166666666667, -6.3875]]]}, "properties": {"lst_celsius": 20.35}}, {"type": "Feature", "geometry": {"type": "Polygon", "coordinates": [[[106.55555555555556, -6.3875], [106.56944444444444, -6.3875], [106.56944444444444, -6.375], [106.55555555555556, -6.375], [106.55555555555556, -6.3875]]]}, "properties": {"lst_celsius": 20.35}}, {"type": "Feature", "geometry": {"type": "Polygon", "coordinates": [[[106.56944444444444, -6.3875], [106.58333333333333, -6.3875], [106.58333333333333, -6.375], [106.56944444444444, -6.375], [106.56944444444444, -6.3875]]]}, "properties": {"lst_celsius": 20.35}}, {"type": "Feature", "geometry": {"type": "Polygon", "coordinates": [[[106.58333333333333, -6.3875], [106.59722222222223, -6.3875], [106.59722222222223, -6.375], [106.58333333333333, -6.375], [106.58333333333333, -6.3875]]]}, "properties": {"lst_celsius": 20.35}}, {"type": "Feature", "geometry": {"type": "Polygon", "coordinates": [[[106.59722222222223, -6.3875], [106.61111111111111, -6.3875], [106.61111111111111, -6.375], [106.59722222222223, -6.375], [106.59722222222223, -6.3875]]]}, "properties": {"lst_celsius": 20.35}}, {"type": "Feature", "geometry": {"type": "Polygon", "coordinates": [[[106.61111111111111, -6.3875], [106.625, -6.3875], [106.625, -6.375], [106.61111111111111, -6.375], [106.61111111111111, -6.3875]]]}, "properties": {"lst_celsius": 20.35}}, {"type": "Feature", "geometry": {"type": "Polygon", "coordinates": [[[106.625, -6.3875], [106.63888888888889, -6.3875], [106.63888888888889, -6.375], [106.625, -6.375], [106.625, -6.3875]]]}, "properties": {"lst_celsius": 20.35}}, {"type": "Feature", "geometry": {"type": "Polygon", "coordinates": [[[106.63888888888889, -6.3875], [106.65277777777777, -6.3875], [106.65277777777777, -6.375], [106.63888888888889, -6.375], [106.63888888888889, -6.3875]]]}, "properties": {"lst_celsius": 20.35}}, {"type": "Feature", "geometry": {"type": "Polygon", "coordinates": [[[106.65277777777777, -6.3875], [106.66666666666667, -6.3875], [106.66666666666667, -6.375], [106.65277777777777, -6.375], [106.65277777777777, -6.3875]]]}, "properties": {"lst_celsius": 20.35}}, {"type": "Feature", "geometry": {"type": "Polygon", "coordinates": [[[106.66666666666667, -6.3875], [106.68055555555556, -6.3875], [106.68055555555556, -6.375], [106.66666666666667, -6.375], [106.66666666666667, -6.3875]]]}, "properties": {"lst_celsius": 20.35}}, {"type": "Feature", "geometry": {"type": "Polygon", "coordinates": [[[106.68055555555556, -6.3875], [106.69444444444444, -6.3875], [106.69444444444444, -6.375], [106.68055555555556, -6.375], [106.68055555555556, -6.3875]]]}, "properties": {"lst_celsius": 20.35}}, {"type": "Feature", "geometry": {"type": "Polygon", "coordinates": [[[106.69444444444444, -6.3875], [106.70833333333333, -6.3875], [106.70833333333333, -6.375], [106.69444444444444, -6.375], [106.69444444444444, -6.3875]]]}, "properties": {"lst_celsius": 20.35}}, {"type": "Feature", "geometry": {"type": "Polygon", "coordinates": [[[106.70833333333333, -6.3875], [106.72222222222223, -6.3875], [106.72222222222223, -6.375], [106.70833333333333, -6.375], [106.70833333333333, -6.3875]]]}, "properties": {"lst_celsius": 20.35}}, {"type": "Feature", "geometry": {"type": "Polygon", "coordinates": [[[106.72222222222223, -6.3875], [106.73611111111111, -6.3875], [106.73611111111111, -6.375], [106.72222222222223, -6.375], [106.72222222222223, -6.3875]]]}, "properties": {"lst_celsius": 20.35}}, {"type": "Feature", "geometry": {"type": "Polygon", "coordinates": [[[106.73611111111111, -6.3875], [106.75, -6.3875], [106.75, -6.375], [106.73611111111111, -6.375], [106.73611111111111, -6.3875]]]}, "properties": {"lst_celsius": 20.35}}, {"type": "Feature", "geometry": {"type": "Polygon", "coordinates": [[[106.75, -6.3875], [106.76388888888889, -6.3875], [106.76388888888889, -6.375], [106.75, -6.375], [106.75, -6.3875]]]}, "properties": {"lst_celsius": 20.35}}, {"type": "Feature", "geometry": {"type": "Polygon", "coordinates": [[[106.76388888888889, -6.3875], [106.77777777777777, -6.3875], [106.77777777777777, -6.375], [106.76388888888889, -6.375], [106.76388888888889, -6.3875]]]}, "properties": {"lst_celsius": 20.35}}, {"type": "Feature", "geometry": {"type": "Polygon", "coordinates": [[[106.77777777777777, -6.3875], [106.79166666666667, -6.3875], [106.79166666666667, -6.375], [106.77777777777777, -6.375], [106.77777777777777, -6.3875]]]}, "properties": {"lst_celsius": 20.35}}, {"type": "Feature", "geometry": {"type": "Polygon", "coordinates": [[[106.79166666666667, -6.3875], [106.80555555555556, -6.3875], [106.80555555555556, -6.375], [106.79166666666667, -6.375], [106.79166666666667, -6.3875]]]}, "properties": {"lst_celsius": 20.35}}, {"type": "Feature", "geometry": {"type": "Polygon", "coordinates": [[[106.80555555555556, -6.3875], [106.81944444444444, -6.3875], [106.81944444444444, -6.375], [106.80555555555556, -6.375], [106.80555555555556, -6.3875]]]}, "properties": {"lst_celsius": 20.35}}, {"type": "Feature", "geometry": {"type": "Polygon", "coordinates": [[[106.81944444444444, -6.3875], [106.83333333333333, -6.3875], [106.83333333333333, -6.375], [106.81944444444444, -6.375], [106.81944444444444, -6.3875]]]}, "properties": {"lst_celsius": 20.35}}, {"type": "Feature", "geometry": {"type": "Polygon", "coordinates": [[[106.83333333333333, -6.3875], [106.84722222222223, -6.3875], [106.84722222222223, -6.375], [106.83333333333333, -6.375], [106.83333333333333, -6.3875]]]}, "properties": {"lst_celsius": 20.35}}, {"type": "Feature", "geometry": {"type": "Polygon", "coordinates": [[[106.84722222222223, -6.3875], [106.86111111111111, -6.3875], [106.86111111111111, -6.375], [106.84722222222223, -6.375], [106.84722222222223, -6.3875]]]}, "properties": {"lst_celsius": 20.35}}, {"type": "Feature", "geometry": {"type": "Polygon", "coordinates": [[[106.86111111111111, -6.3875], [106.875, -6.3875], [106.875, -6.375], [106.86111111111111, -6.375], [106.86111111111111, -6.3875]]]}, "properties": {"lst_celsius": 20.35}}, {"type": "Feature", "geometry": {"type": "Polygon", "coordinates": [[[106.875, -6.3875], [106.88888888888889, -6.3875], [106.88888888888889, -6.375], [106.875, -6.375], [106.875, -6.3875]]]}, "properties": {"lst_celsius": 20.35}}, {"type": "Feature", "geometry": {"type": "Polygon", "coordinates": [[[106.88888888888889, -6.3875], [106.90277777777777, -6.3875], [106.90277777777777, -6.375], [106.88888888888889, -6.375], [106.88888888888889, -6.3875]]]}, "properties": {"lst_celsius": 20.35}}, {"type": "Feature", "geometry": {"type": "Polygon", "coordinates": [[[106.90277777777777, -6.3875], [106.91666666666667, -6.3875], [106.91666666666667, -6.375], [106.90277777777777, -6.375], [106.90277777777777, -6.3875]]]}, "properties": {"lst_celsius": 20.35}}, {"type": "Feature", "geometry": {"type": "Polygon", "coordinates": [[[106.91666666666667, -6.3875], [106.93055555555556, -6.3875], [106.93055555555556, -6.375], [106.91666666666667, -6.375], [106.91666666666667, -6.3875]]]}, "properties": {"lst_celsius": 20.35}}, {"type": "Feature", "geometry": {"type": "Polygon", "coordinates": [[[106.93055555555556, -6.3875], [106.94444444444444, -6.3875], [106.94444444444444, -6.375], [106.93055555555556, -6.375], [106.93055555555556, -6.3875]]]}, "properties": {"lst_celsius": 20.35}}, {"type": "Feature", "geometry": {"type": "Polygon", "coordinates": [[[106.94444444444444, -6.3875], [106.95833333333333, -6.3875], [106.95833333333333, -6.375], [106.94444444444444, -6.375], [106.94444444444444, -6.3875]]]}, "properties": {"lst_celsius": 20.35}}, {"type": "Feature", "geometry": {"type": "Polygon", "coordinates": [[[106.95833333333333, -6.3875], [106.97222222222223, -6.3875], [106.97222222222223, -6.375], [106.95833333333333, -6.375], [106.95833333333333, -6.3875]]]}, "properties": {"lst_celsius": 20.35}}, {"type": "Feature", "geometry": {"type": "Polygon", "coordinates": [[[106.97222222222223, -6.3875], [106.98611111111111, -6.3875], [106.98611111111111, -6.375], [106.97222222222223, -6.375], [106.97222222222223, -6.3875]]]}, "properties": {"lst_celsius": 20.35}}, {"type": "Feature", "geometry": {"type": "Polygon", "coordinates": [[[106.98611111111111, -6.3875], [107.0, -6.3875], [107.0, -6.375], [106.98611111111111, -6.375], [106.98611111111111, -6.3875]]]}, "properties": {"lst_celsius": 20.35}}, {"type": "Feature", "geometry": {"type": "Polygon", "coordinates": [[[107.0, -6.3875], [107.01388888888889, -6.3875], [107.01388888888889, -6.375], [107.0, -6.375], [107.0, -6.3875]]]}, "properties": {"lst_celsius": 20.35}}, {"type": "Feature", "geometry": {"type": "Polygon", "coordinates": [[[107.01388888888889, -6.3875], [107.02777777777777, -6.3875], [107.02777777777777, -6.375], [107.01388888888889, -6.375], [107.01388888888889, -6.3875]]]}, "properties": {"lst_celsius": 20.35}}, {"type": "Feature", "geometry": {"type": "Polygon", "coordinates": [[[107.02777777777777, -6.3875], [107.04166666666667, -6.3875], [107.04166666666667, -6.375], [107.02777777777777, -6.375], [107.02777777777777, -6.3875]]]}, "properties": {"lst_celsius": 20.35}}, {"type": "Feature", "geometry": {"type": "Polygon", "coordinates": [[[107.04166666666667, -6.3875], [107.05555555555556, -6.3875], [107.05555555555556, -6.375], [107.04166666666667, -6.375], [107.04166666666667, -6.3875]]]}, "properties": {"lst_celsius": 20.35}}, {"type": "Feature", "geometry": {"type": "Polygon", "coordinates": [[[107.05555555555556, -6.3875], [107.06944444444444, -6.3875], [107.06944444444444, -6.375], [107.05555555555556, -6.375], [107.05555555555556, -6.3875]]]}, "properties": {"lst_celsius": 20.35}}, {"type": "Feature", "geometry": {"type": "Polygon", "coordinates": [[[107.06944444444444, -6.3875], [107.08333333333333, -6.3875], [107.08333333333333, -6.375], [107.06944444444444, -6.375], [107.06944444444444, -6.3875]]]}, "properties": {"lst_celsius": 20.35}}, {"type": "Feature", "geometry": {"type": "Polygon", "coordinates": [[[107.08333333333333, -6.3875], [107.09722222222223, -6.3875], [107.09722222222223, -6.375], [107.08333333333333, -6.375], [107.08333333333333, -6.3875]]]}, "properties": {"lst_celsius": 20.35}}, {"type": "Feature", "geometry": {"type": "Polygon", "coordinates": [[[107.09722222222223, -6.3875], [107.11111111111111, -6.3875], [107.11111111111111, -6.375], [107.09722222222223, -6.375], [107.09722222222223, -6.3875]]]}, "properties": {"lst_celsius": 20.35}}, {"type": "Feature", "geometry": {"type": "Polygon", "coordinates": [[[107.11111111111111, -6.3875], [107.125, -6.3875], [107.125, -6.375], [107.11111111111111, -6.375], [107.11111111111111, -6.3875]]]}, "properties": {"lst_celsius": 20.35}}, {"type": "Feature", "geometry": {"type": "Polygon", "coordinates": [[[107.125, -6.3875], [107.13888888888889, -6.3875], [107.13888888888889, -6.375], [107.125, -6.375], [107.125, -6.3875]]]}, "properties": {"lst_celsius": 20.35}}, {"type": "Feature", "geometry": {"type": "Polygon", "coordinates": [[[107.13888888888889, -6.3875], [107.15277777777777, -6.3875], [107.15277777777777, -6.375], [107.13888888888889, -6.375], [107.13888888888889, -6.3875]]]}, "properties": {"lst_celsius": 20.35}}, {"type": "Feature", "geometry": {"type": "Polygon", "coordinates": [[[107.15277777777777, -6.3875], [107.16666666666667, -6.3875], [107.16666666666667, -6.375], [107.15277777777777, -6.375], [107.15277777777777, -6.3875]]]}, "properties": {"lst_celsius": 20.35}}, {"type": "Feature", "geometry": {"type": "Polygon", "coordinates": [[[107.16666666666667, -6.3875], [107.18055555555556, -6.3875], [107.18055555555556, -6.375], [107.16666666666667, -6.375], [107.16666666666667, -6.3875]]]}, "properties": {"lst_celsius": 20.35}}, {"type": "Feature", "geometry": {"type": "Polygon", "coordinates": [[[107.18055555555556, -6.3875], [107.19444444444444, -6.3875], [107.19444444444444, -6.375], [107.18055555555556, -6.375], [107.18055555555556, -6.3875]]]}, "properties": {"lst_celsius": 20.35}}, {"type": "Feature", "geometry": {"type": "Polygon", "coordinates": [[[107.19444444444444, -6.3875], [107.20833333333333, -6.3875], [107.20833333333333, -6.375], [107.19444444444444, -6.375], [107.19444444444444, -6.3875]]]}, "properties": {"lst_celsius": 20.35}}, {"type": "Feature", "geometry": {"type": "Polygon", "coordinates": [[[107.20833333333333, -6.3875], [107.22222222222223, -6.3875], [107.22222222222223, -6.375], [107.20833333333333, -6.375], [107.20833333333333, -6.3875]]]}, "properties": {"lst_celsius": 20.35}}, {"type": "Feature", "geometry": {"type": "Polygon", "coordinates": [[[107.22222222222223, -6.3875], [107.23611111111111, -6.3875], [107.23611111111111, -6.375], [107.22222222222223, -6.375], [107.22222222222223, -6.3875]]]}, "properties": {"lst_celsius": 20.35}}, {"type": "Feature", "geometry": {"type": "Polygon", "coordinates": [[[107.23611111111111, -6.3875], [107.25, -6.3875], [107.25, -6.375], [107.23611111111111, -6.375], [107.23611111111111, -6.3875]]]}, "properties": {"lst_celsius": 20.35}}, {"type": "Feature", "geometry": {"type": "Polygon", "coordinates": [[[106.5, -6.375], [106.51388888888889, -6.375], [106.51388888888889, -6.3625], [106.5, -6.3625], [106.5, -6.375]]]}, "properties": {"lst_celsius": 20.53}}, {"type": "Feature", "geometry": {"type": "Polygon", "coordinates": [[[106.51388888888889, -6.375], [106.52777777777777, -6.375], [106.52777777777777, -6.3625], [106.51388888888889, -6.3625], [106.51388888888889, -6.375]]]}, "properties": {"lst_celsius": 20.53}}, {"type": "Feature", "geometry": {"type": "Polygon", "coordinates": [[[106.52777777777777, -6.375], [106.54166666666667, -6.375], [106.54166666666667, -6.3625], [106.52777777777777, -6.3625], [106.52777777777777, -6.375]]]}, "properties": {"lst_celsius": 20.53}}, {"type": "Feature", "geometry": {"type": "Polygon", "coordinates": [[[106.54166666666667, -6.375], [106.55555555555556, -6.375], [106.55555555555556, -6.3625], [106.54166666666667, -6.3625], [106.54166666666667, -6.375]]]}, "properties": {"lst_celsius": 20.53}}, {"type": "Feature", "geometry": {"type": "Polygon", "coordinates": [[[106.55555555555556, -6.375], [106.56944444444444, -6.375], [106.56944444444444, -6.3625], [106.55555555555556, -6.3625], [106.55555555555556, -6.375]]]}, "properties": {"lst_celsius": 20.53}}, {"type": "Feature", "geometry": {"type": "Polygon", "coordinates": [[[106.56944444444444, -6.375], [106.58333333333333, -6.375], [106.58333333333333, -6.3625], [106.56944444444444, -6.3625], [106.56944444444444, -6.375]]]}, "properties": {"lst_celsius": 20.53}}, {"type": "Feature", "geometry": {"type": "Polygon", "coordinates": [[[106.58333333333333, -6.375], [106.59722222222223, -6.375], [106.59722222222223, -6.3625], [106.58333333333333, -6.3625], [106.58333333333333, -6.375]]]}, "properties": {"lst_celsius": 20.53}}, {"type": "Feature", "geometry": {"type": "Polygon", "coordinates": [[[106.59722222222223, -6.375], [106.61111111111111, -6.375], [106.61111111111111, -6.3625], [106.59722222222223, -6.3625], [106.59722222222223, -6.375]]]}, "properties": {"lst_celsius": 20.53}}, {"type": "Feature", "geometry": {"type": "Polygon", "coordinates": [[[106.61111111111111, -6.375], [106.625, -6.375], [106.625, -6.3625], [106.61111111111111, -6.3625], [106.61111111111111, -6.375]]]}, "properties": {"lst_celsius": 20.53}}, {"type": "Feature", "geometry": {"type": "Polygon", "coordinates": [[[106.625, -6.375], [106.63888888888889, -6.375], [106.63888888888889, -6.3625], [106.625, -6.3625], [106.625, -6.375]]]}, "properties": {"lst_celsius": 20.53}}, {"type": "Feature", "geometry": {"type": "Polygon", "coordinates": [[[106.63888888888889, -6.375], [106.65277777777777, -6.375], [106.65277777777777, -6.3625], [106.63888888888889, -6.3625], [106.63888888888889, -6.375]]]}, "properties": {"lst_celsius": 20.53}}, {"type": "Feature", "geometry": {"type": "Polygon", "coordinates": [[[106.65277777777777, -6.375], [106.66666666666667, -6.375], [106.66666666666667, -6.3625], [106.65277777777777, -6.3625], [106.65277777777777, -6.375]]]}, "properties": {"lst_celsius": 20.53}}, {"type": "Feature", "geometry": {"type": "Polygon", "coordinates": [[[106.66666666666667, -6.375], [106.68055555555556, -6.375], [106.68055555555556, -6.3625], [106.66666666666667, -6.3625], [106.66666666666667, -6.375]]]}, "properties": {"lst_celsius": 20.53}}, {"type": "Feature", "geometry": {"type": "Polygon", "coordinates": [[[106.68055555555556, -6.375], [106.69444444444444, -6.375], [106.69444444444444, -6.3625], [106.68055555555556, -6.3625], [106.68055555555556, -6.375]]]}, "properties": {"lst_celsius": 20.53}}, {"type": "Feature", "geometry": {"type": "Polygon", "coordinates": [[[106.69444444444444, -6.375], [106.70833333333333, -6.375], [106.70833333333333, -6.3625], [106.69444444444444, -6.3625], [106.69444444444444, -6.375]]]}, "properties": {"lst_celsius": 20.53}}, {"type": "Feature", "geometry": {"type": "Polygon", "coordinates": [[[106.70833333333333, -6.375], [106.72222222222223, -6.375], [106.72222222222223, -6.3625], [106.70833333333333, -6.3625], [106.70833333333333, -6.375]]]}, "properties": {"lst_celsius": 20.53}}, {"type": "Feature", "geometry": {"type": "Polygon", "coordinates": [[[106.72222222222223, -6.375], [106.73611111111111, -6.375], [106.73611111111111, -6.3625], [106.72222222222223, -6.3625], [106.72222222222223, -6.375]]]}, "properties": {"lst_celsius": 20.53}}, {"type": "Feature", "geometry": {"type": "Polygon", "coordinates": [[[106.73611111111111, -6.375], [106.75, -6.375], [106.75, -6.3625], [106.73611111111111, -6.3625], [106.73611111111111, -6.375]]]}, "properties": {"lst_celsius": 20.53}}, {"type": "Feature", "geometry": {"type": "Polygon", "coordinates": [[[106.75, -6.375], [106.76388888888889, -6.375], [106.76388888888889, -6.3625], [106.75, -6.3625], [106.75, -6.375]]]}, "properties": {"lst_celsius": 20.53}}, {"type": "Feature", "geometry": {"type": "Polygon", "coordinates": [[[106.76388888888889, -6.375], [106.77777777777777, -6.375], [106.77777777777777, -6.3625], [106.76388888888889, -6.3625], [106.76388888888889, -6.375]]]}, "properties": {"lst_celsius": 20.53}}, {"type": "Feature", "geometry": {"type": "Polygon", "coordinates": [[[106.77777777777777, -6.375], [106.79166666666667, -6.375], [106.79166666666667, -6.3625], [106.77777777777777, -6.3625], [106.77777777777777, -6.375]]]}, "properties": {"lst_celsius": 28.19}}, {"type": "Feature", "geometry": {"type": "Polygon", "coordinates": [[[106.79166666666667, -6.375], [106.80555555555556, -6.375], [106.80555555555556, -6.3625], [106.79166666666667, -6.3625], [106.79166666666667, -6.375]]]}, "properties": {"lst_celsius": 28.23}}, {"type": "Feature", "geometry": {"type": "Polygon", "coordinates": [[[106.80555555555556, -6.375], [106.81944444444444, -6.375], [106.81944444444444, -6.3625], [106.80555555555556, -6.3625], [106.80555555555556, -6.375]]]}, "properties": {"lst_celsius": 28.25}}, {"type": "Feature", "geometry": {"type": "Polygon", "coordinates": [[[106.81944444444444, -6.375], [106.83333333333333, -6.375], [106.83333333333333, -6.3625], [106.81944444444444, -6.3625], [106.81944444444444, -6.375]]]}, "properties": {"lst_celsius": 28.26}}, {"type": "Feature", "geometry": {"type": "Polygon", "coordinates": [[[106.83333333333333, -6.375], [106.84722222222223, -6.375], [106.84722222222223, -6.3625], [106.83333333333333, -6.3625], [106.83333333333333, -6.375]]]}, "properties": {"lst_celsius": 28.25}}, {"type": "Feature", "geometry": {"type": "Polygon", "coordinates": [[[106.84722222222223, -6.375], [106.86111111111111, -6.375], [106.86111111111111, -6.3625], [106.84722222222223, -6.3625], [106.84722222222223, -6.375]]]}, "properties": {"lst_celsius": 28.23}}, {"type": "Feature", "geometry": {"type": "Polygon", "coordinates": [[[106.86111111111111, -6.375], [106.875, -6.375], [106.875, -6.3625], [106.86111111111111, -6.3625], [106.86111111111111, -6.375]]]}, "properties": {"lst_celsius": 28.2}}, {"type": "Feature", "geometry": {"type": "Polygon", "coordinates": [[[106.875, -6.375], [106.88888888888889, -6.375], [106.88888888888889, -6.3625], [106.875, -6.3625], [106.875, -6.375]]]}, "properties": {"lst_celsius": 20.53}}, {"type": "Feature", "geometry": {"type": "Polygon", "coordinates": [[[106.88888888888889, -6.375], [106.90277777777777, -6.375], [106.90277777777777, -6.3625], [106.88888888888889, -6.3625], [106.88888888888889, -6.375]]]}, "properties": {"lst_celsius": 20.53}}, {"type": "Feature", "geometry": {"type": "Polygon", "coordinates": [[[106.90277777777777, -6.375], [106.91666666666667, -6.375], [106.91666666666667, -6.3625], [106.90277777777777, -6.3625], [106.90277777777777, -6.375]]]}, "properties": {"lst_celsius": 20.53}}, {"type": "Feature", "geometry": {"type": "Polygon", "coordinates": [[[106.91666666666667, -6.375], [106.93055555555556, -6.375], [106.93055555555556, -6.3625], [106.91666666666667, -6.3625], [106.91666666666667, -6.375]]]}, "properties": {"lst_celsius": 20.53}}, {"type": "Feature", "geometry": {"type": "Polygon", "coordinates": [[[106.93055555555556, -6.375], [106.94444444444444, -6.375], [106.94444444444444, -6.3625], [106.93055555555556, -6.3625], [106.93055555555556, -6.375]]]}, "properties": {"lst_celsius": 20.53}}, {"type": "Feature", "geometry": {"type": "Polygon", "coordinates": [[[106.94444444444444, -6.375], [106.95833333333333, -6.375], [106.95833333333333, -6.3625], [106.94444444444444, -6.3625], [106.94444444444444, -6.375]]]}, "properties": {"lst_celsius": 20.53}}, {"type": "Feature", "geometry": {"type": "Polygon", "coordinates": [[[106.95833333333333, -6.375], [106.97222222222223, -6.375], [106.97222222222223, -6.3625], [106.95833333333333, -6.3625], [106.95833333333333, -6.375]]]}, "properties": {"lst_celsius": 20.53}}, {"type": "Feature", "geometry": {"type": "Polygon", "coordinates": [[[106.97222222222223, -6.375], [106.98611111111111, -6.375], [106.98611111111111, -6.3625], [106.97222222222223, -6.3625], [106.97222222222223, -6.375]]]}, "properties": {"lst_celsius": 20.53}}, {"type": "Feature", "geometry": {"type": "Polygon", "coordinates": [[[106.98611111111111, -6.375], [107.0, -6.375], [107.0, -6.3625], [106.98611111111111, -6.3625], [106.98611111111111, -6.375]]]}, "properties": {"lst_celsius": 20.53}}, {"type": "Feature", "geometry": {"type": "Polygon", "coordinates": [[[107.0, -6.375], [107.01388888888889, -6.375], [107.01388888888889, -6.3625], [107.0, -6.3625], [107.0, -6.375]]]}, "properties": {"lst_celsius": 20.53}}, {"type": "Feature", "geometry": {"type": "Polygon", "coordinates": [[[107.01388888888889, -6.375], [107.02777777777777, -6.375], [107.02777777777777, -6.3625], [107.01388888888889, -6.3625], [107.01388888888889, -6.375]]]}, "properties": {"lst_celsius": 20.53}}, {"type": "Feature", "geometry": {"type": "Polygon", "coordinates": [[[107.02777777777777, -6.375], [107.04166666666667, -6.375], [107.04166666666667, -6.3625], [107.02777777777777, -6.3625], [107.02777777777777, -6.375]]]}, "properties": {"lst_celsius": 20.53}}, {"type": "Feature", "geometry": {"type": "Polygon", "coordinates": [[[107.04166666666667, -6.375], [107.05555555555556, -6.375], [107.05555555555556, -6.3625], [107.04166666666667, -6.3625], [107.04166666666667, -6.375]]]}, "properties": {"lst_celsius": 20.53}}, {"type": "Feature", "geometry": {"type": "Polygon", "coordinates": [[[107.05555555555556, -6.375], [107.06944444444444, -6.375], [107.06944444444444, -6.3625], [107.05555555555556, -6.3625], [107.05555555555556, -6.375]]]}, "properties": {"lst_celsius": 20.53}}, {"type": "Feature", "geometry": {"type": "Polygon", "coordinates": [[[107.06944444444444, -6.375], [107.08333333333333, -6.375], [107.08333333333333, -6.3625], [107.06944444444444, -6.3625], [107.06944444444444, -6.375]]]}, "properties": {"lst_celsius": 20.53}}, {"type": "Feature", "geometry": {"type": "Polygon", "coordinates": [[[107.08333333333333, -6.375], [107.09722222222223, -6.375], [107.09722222222223, -6.3625], [107.08333333333333, -6.3625], [107.08333333333333, -6.375]]]}, "properties": {"lst_celsius": 20.53}}, {"type": "Feature", "geometry": {"type": "Polygon", "coordinates": [[[107.09722222222223, -6.375], [107.11111111111111, -6.375], [107.11111111111111, -6.3625], [107.09722222222223, -6.3625], [107.09722222222223, -6.375]]]}, "properties": {"lst_celsius": 20.53}}, {"type": "Feature", "geometry": {"type": "Polygon", "coordinates": [[[107.11111111111111, -6.375], [107.125, -6.375], [107.125, -6.3625], [107.11111111111111, -6.3625], [107.11111111111111, -6.375]]]}, "properties": {"lst_celsius": 20.53}}, {"type": "Feature", "geometry": {"type": "Polygon", "coordinates": [[[107.125, -6.375], [107.13888888888889, -6.375], [107.13888888888889, -6.3625], [107.125, -6.3625], [107.125, -6.375]]]}, "properties": {"lst_celsius": 20.53}}, {"type": "Feature", "geometry": {"type": "Polygon", "coordinates": [[[107.13888888888889, -6.375], [107.15277777777777, -6.375], [107.15277777777777, -6.3625], [107.13888888888889, -6.3625], [107.13888888888889, -6.375]]]}, "properties": {"lst_celsius": 20.53}}, {"type": "Feature", "geometry": {"type": "Polygon", "coordinates": [[[107.15277777777777, -6.375], [107.16666666666667, -6.375], [107.16666666666667, -6.3625], [107.15277777777777, -6.3625], [107.15277777777777, -6.375]]]}, "properties": {"lst_celsius": 20.53}}, {"type": "Feature", "geometry": {"type": "Polygon", "coordinates": [[[107.16666666666667, -6.375], [107.18055555555556, -6.375], [107.18055555555556, -6.3625], [107.16666666666667, -6.3625], [107.16666666666667, -6.375]]]}, "properties": {"lst_celsius": 20.53}}, {"type": "Feature", "geometry": {"type": "Polygon", "coordinates": [[[107.18055555555556, -6.375], [107.19444444444444, -6.375], [107.19444444444444, -6.3625], [107.18055555555556, -6.3625], [107.18055555555556, -6.375]]]}, "properties": {"lst_celsius": 20.53}}, {"type": "Feature", "geometry": {"type": "Polygon", "coordinates": [[[107.19444444444444, -6.375], [107.20833333333333, -6.375], [107.20833333333333, -6.3625], [107.19444444444444, -6.3625], [107.19444444444444, -6.375]]]}, "properties": {"lst_celsius": 20.53}}, {"type": "Feature", "geometry": {"type": "Polygon", "coordinates": [[[107.20833333333333, -6.375], [107.22222222222223, -6.375], [107.22222222222223, -6.3625], [107.20833333333333, -6.3625], [107.20833333333333, -6.375]]]}, "properties": {"lst_celsius": 20.53}}, {"type": "Feature", "geometry": {"type": "Polygon", "coordinates": [[[107.22222222222223, -6.375], [107.23611111111111, -6.375], [107.23611111111111, -6.3625], [107.22222222222223, -6.3625], [107.22222222222223, -6.375]]]}, "properties": {"lst_celsius": 20.53}}, {"type": "Feature", "geometry": {"type": "Polygon", "coordinates": [[[107.23611111111111, -6.375], [107.25, -6.375], [107.25, -6.3625], [107.23611111111111, -6.3625], [107.23611111111111, -6.375]]]}, "properties": {"lst_celsius": 20.53}}, {"type": "Feature", "geometry": {"type": "Polygon", "coordinates": [[[106.5, -6.3625], [106.51388888888889, -6.3625], [106.51388888888889, -6.35], [106.5, -6.35], [106.5, -6.3625]]]}, "properties": {"lst_celsius": 20.71}}, {"type": "Feature", "geometry": {"type": "Polygon", "coordinates": [[[106.51388888888889, -6.3625], [106.52777777777777, -6.3625], [106.52777777777777, -6.35], [106.51388888888889, -6.35], [106.51388888888889, -6.3625]]]}, "properties": {"lst_celsius": 20.71}}, {"type": "Feature", "geometry": {"type": "Polygon", "coordinates": [[[106.52777777777777, -6.3625], [106.54166666666667, -6.3625], [106.54166666666667, -6.35], [106.52777777777777, -6.35], [106.52777777777777, -6.3625]]]}, "properties": {"lst_celsius": 20.71}}, {"type": "Feature", "geometry": {"type": "Polygon", "coordinates": [[[106.54166666666667, -6.3625], [106.55555555555556, -6.3625], [106.55555555555556, -6.35], [106.54166666666667, -6.35], [106.54166666666667, -6.3625]]]}, "properties": {"lst_celsius": 20.71}}, {"type": "Feature", "geometry": {"type": "Polygon", "coordinates": [[[106.55555555555556, -6.3625], [106.56944444444444, -6.3625], [106.56944444444444, -6.35], [106.55555555555556, -6.35], [106.55555555555556, -6.3625]]]}, "properties": {"lst_celsius": 20.71}}, {"type": "Feature", "geometry": {"type": "Polygon", "coordinates": [[[106.56944444444444, -6.3625], [106.58333333333333, -6.3625], [106.58333333333333, -6.35], [106.56944444444444, -6.35], [106.56944444444444, -6.3625]]]}, "properties": {"lst_celsius": 20.71}}, {"type": "Feature", "geometry": {"type": "Polygon", "coordinates": [[[106.58333333333333, -6.3625], [106.59722222222223, -6.3625], [106.59722222222223, -6.35], [106.58333333333333, -6.35], [106.58333333333333, -6.3625]]]}, "properties": {"lst_celsius": 20.71}}, {"type": "Feature", "geometry": {"type": "Polygon", "coordinates": [[[106.59722222222223, -6.3625], [106.61111111111111, -6.3625], [106.61111111111111, -6.35], [106.59722222222223, -6.35], [106.59722222222223, -6.3625]]]}, "properties": {"lst_celsius": 20.71}}, {"type": "Feature", "geometry": {"type": "Polygon", "coordinates": [[[106.61111111111111, -6.3625], [106.625, -6.3625], [106.625, -6.35], [106.61111111111111, -6.35], [106.61111111111111, -6.3625]]]}, "properties": {"lst_celsius": 20.71}}, {"type": "Feature", "geometry": {"type": "Polygon", "coordinates": [[[106.625, -6.3625], [106.63888888888889, -6.3625], [106.63888888888889, -6.35], [106.625, -6.35], [106.625, -6.3625]]]}, "properties": {"lst_celsius": 20.71}}, {"type": "Feature", "geometry": {"type": "Polygon", "coordinates": [[[106.63888888888889, -6.3625], [106.65277777777777, -6.3625], [106.65277777777777, -6.35], [106.63888888888889, -6.35], [106.63888888888889, -6.3625]]]}, "properties": {"lst_celsius": 20.71}}, {"type": "Feature", "geometry": {"type": "Polygon", "coordinates": [[[106.65277777777777, -6.3625], [106.66666666666667, -6.3625], [106.66666666666667, -6.35], [106.65277777777777, -6.35], [106.65277777777777, -6.3625]]]}, "properties": {"lst_celsius": 20.71}}, {"type": "Feature", "geometry": {"type": "Polygon", "coordinates": [[[106.66666666666667, -6.3625], [106.68055555555556, -6.3625], [106.68055555555556, -6.35], [106.66666666666667, -6.35], [106.66666666666667, -6.3625]]]}, "properties": {"lst_celsius": 20.71}}, {"type": "Feature", "geometry": {"type": "Polygon", "coordinates": [[[106.68055555555556, -6.3625], [106.69444444444444, -6.3625], [106.69444444444444, -6.35], [106.68055555555556, -6.35], [106.68055555555556, -6.3625]]]}, "properties": {"lst_celsius": 20.71}}, {"type": "Feature", "geometry": {"type": "Polygon", "coordinates": [[[106.69444444444444, -6.3625], [106.70833333333333, -6.3625], [106.70833333333333, -6.35], [106.69444444444444, -6.35], [106.69444444444444, -6.3625]]]}, "properties": {"lst_celsius": 20.71}}, {"type": "Feature", "geometry": {"type": "Polygon", "coordinates": [[[106.70833333333333, -6.3625], [106.72222222222223, -6.3625], [106.72222222222223, -6.35], [106.70833333333333, -6.35], [106.70833333333333, -6.3625]]]}, "properties": {"lst_celsius": 20.71}}, {"type": "Feature", "geometry": {"type": "Polygon", "coordinates": [[[106.72222222222223, -6.3625], [106.73611111111111, -6.3625], [106.73611111111111, -6.35], [106.72222222222223, -6.35], [106.72222222222223, -6.3625]]]}, "properties": {"lst_celsius": 20.71}}, {"type": "Feature", "geometry": {"type": "Polygon", "coordinates": [[[106.73611111111111, -6.3625], [106.75, -6.3625], [106.75, -6.35], [106.73611111111111, -6.35], [106.73611111111111, -6.3625]]]}, "properties": {"lst_celsius": 28.3}}, {"type": "Feature", "geometry": {"type": "Polygon", "coordinates": [[[106.75, -6.3625], [106.76388888888889, -6.3625], [106.76388888888889, -6.35], [106.75, -6.35], [106.75, -6.3625]]]}, "properties": {"lst_celsius": 28.38}}, {"type": "Feature", "geometry": {"type": "Polygon", "coordinates": [[[106.76388888888889, -6.3625], [106.77777777777777, -6.3625], [106.77777777777777, -6.35], [106.76388888888889, -6.35], [106.76388888888889, -6.3625]]]}, "properties": {"lst_celsius": 28.44}}, {"type": "Feature", "geometry": {"type": "Polygon", "coordinates": [[[106.77777777777777, -6.3625], [106.79166666666667, -6.3625], [106.79166666666667, -6.35], [106.77777777777777, -6.35], [106.77777777777777, -6.3625]]]}, "properties": {"lst_celsius": 28.49}}, {"type": "Feature", "geometry": {"type": "Polygon", "coordinates": [[[106.79166666666667, -6.3625], [106.80555555555556, -6.3625], [106.80555555555556, -6.35], [106.79166666666667, -6.35], [106.79166666666667, -6.3625]]]}, "properties": {"lst_celsius": 28.53}}, {"type": "Feature", "geometry": {"type": "Polygon", "coordinates": [[[106.80555555555556, -6.3625], [106.81944444444444, -6.3625], [106.81944444444444, -6.35], [106.80555555555556, -6.35], [106.80555555555556, -6.3625]]]}, "properties": {"lst_celsius": 28.55}}, {"type": "Feature", "geometry": {"type": "Polygon", "coordinates": [[[106.81944444444444, -6.3625], [106.83333333333333, -6.3625], [106.83333333333333, -6.35], [106.81944444444444, -6.35], [106.81944444444444, -6.3625]]]}, "properties": {"lst_celsius": 28.56}}, {"type": "Feature", "geometry": {"type": "Polygon", "coordinates": [[[106.83333333333333, -6.3625], [106.84722222222223, -6.3625], [106.84722222222223, -6.35], [106.83333333333333, -6.35], [106.83333333333333, -6.3625]]]}, "properties": {"lst_celsius": 28.56}}, {"type": "Feature", "geometry": {"type": "Polygon", "coordinates": [[[106.84722222222223, -6.3625], [106.86111111111111, -6.3625], [106.86111111111111, -6.35], [106.84722222222223, -6.35], [106.84722222222223, -6.3625]]]}, "properties": {"lst_celsius": 28.54}}, {"type": "Feature", "geometry": {"type": "Polygon", "coordinates": [[[106.86111111111111, -6.3625], [106.875, -6.3625], [106.875, -6.35], [106.86111111111111, -6.35], [106.86111111111111, -6.3625]]]}, "properties": {"lst_celsius": 28.5}}, {"type": "Feature", "geometry": {"type": "Polygon", "coordinates": [[[106.875, -6.3625], [106.88888888888889, -6.3625], [106.88888888888889, -6.35], [106.875, -6.35], [106.875, -6.3625]]]}, "properties": {"lst_celsius": 28.45}}, {"type": "Feature", "geometry": {"type": "Polygon", "coordinates": [[[106.88888888888889, -6.3625], [106.90277777777777, -6.3625], [106.90277777777777, -6.35], [106.88888888888889, -6.35], [106.88888888888889, -6.3625]]]}, "properties": {"lst_celsius": 28.39}}, {"type": "Feature", "geometry": {"type": "Polygon", "coordinates": [[[106.90277777777777, -6.3625], [106.91666666666667, -6.3625], [106.91666666666667, -6.35], [106.90277777777777, -6.35], [106.90277777777777, -6.3625]]]}, "properties": {"lst_celsius": 28.31}}, {"type": "Feature", "geometry": {"type": "Polygon", "coordinates": [[[106.91666666666667, -6.3625], [106.93055555555556, -6.3625], [106.93055555555556, -6.35], [106.91666666666667, -6.35], [106.91666666666667, -6.3625]]]}, "properties": {"lst_celsius": 20.71}}, {"type": "Feature", "geometry": {"type": "Polygon", "coordinates": [[[106.93055555555556, -6.3625], [106.94444444444444, -6.3625], [106.94444444444444, -6.35], [106.93055555555556, -6.35], [106.93055555555556, -6.3625]]]}, "properties": {"lst_celsius": 20.71}}, {"type": "Feature", "geometry": {"type": "Polygon", "coordinates": [[[106.94444444444444, -6.3625], [106.95833333333333, -6.3625], [106.95833333333333, -6.35], [106.94444444444444, -6.35], [106.94444444444444, -6.3625]]]}, "properties": {"lst_celsius": 20.71}}, {"type": "Feature", "geometry": {"type": "Polygon", "coordinates": [[[106.95833333333333, -6.3625], [106.97222222222223, -6.3625], [106.97222222222223, -6.35], [106.95833333333333, -6.35], [106.95833333333333, -6.3625]]]}, "properties": {"lst_celsius": 20.71}}, {"type": "Feature", "geometry": {"type": "Polygon", "coordinates": [[[106.97222222222223, -6.3625], [106.98611111111111, -6.3625], [106.98611111111111, -6.35], [106.97222222222223, -6.35], [106.97222222222223, -6.3625]]]}, "properties": {"lst_celsius": 20.71}}, {"type": "Feature", "geometry": {"type": "Polygon", "coordinates": [[[106.98611111111111, -6.3625], [107.0, -6.3625], [107.0, -6.35], [106.98611111111111, -6.35], [106.98611111111111, -6.3625]]]}, "properties": {"lst_celsius": 20.71}}, {"type": "Feature", "geometry": {"type": "Polygon", "coordinates": [[[107.0, -6.3625], [107.01388888888889, -6.3625], [107.01388888888889, -6.35], [107.0, -6.35], [107.0, -6.3625]]]}, "properties": {"lst_celsius": 20.71}}, {"type": "Feature", "geometry": {"type": "Polygon", "coordinates": [[[107.01388888888889, -6.3625], [107.02777777777777, -6.3625], [107.02777777777777, -6.35], [107.01388888888889, -6.35], [107.01388888888889, -6.3625]]]}, "properties": {"lst_celsius": 20.71}}, {"type": "Feature", "geometry": {"type": "Polygon", "coordinates": [[[107.02777777777777, -6.3625], [107.04166666666667, -6.3625], [107.04166666666667, -6.35], [107.02777777777777, -6.35], [107.02777777777777, -6.3625]]]}, "properties": {"lst_celsius": 20.71}}, {"type": "Feature", "geometry": {"type": "Polygon", "coordinates": [[[107.04166666666667, -6.3625], [107.05555555555556, -6.3625], [107.05555555555556, -6.35], [107.04166666666667, -6.35], [107.04166666666667, -6.3625]]]}, "properties": {"lst_celsius": 20.71}}, {"type": "Feature", "geometry": {"type": "Polygon", "coordinates": [[[107.05555555555556, -6.3625], [107.06944444444444, -6.3625], [107.06944444444444, -6.35], [107.05555555555556, -6.35], [107.05555555555556, -6.3625]]]}, "properties": {"lst_celsius": 20.71}}, {"type": "Feature", "geometry": {"type": "Polygon", "coordinates": [[[107.06944444444444, -6.3625], [107.08333333333333, -6.3625], [107.08333333333333, -6.35], [107.06944444444444, -6.35], [107.06944444444444, -6.3625]]]}, "properties": {"lst_celsius": 20.71}}, {"type": "Feature", "geometry": {"type": "Polygon", "coordinates": [[[107.08333333333333, -6.3625], [107.09722222222223, -6.3625], [107.09722222222223, -6.35], [107.08333333333333, -6.35], [107.08333333333333, -6.3625]]]}, "properties": {"lst_celsius": 20.71}}, {"type": "Feature", "geometry": {"type": "Polygon", "coordinates": [[[107.09722222222223, -6.3625], [107.11111111111111, -6.3625], [107.11111111111111, -6.35], [107.09722222222223, -6.35], [107.09722222222223, -6.3625]]]}, "properties": {"lst_celsius": 20.71}}, {"type": "Feature", "geometry": {"type": "Polygon", "coordinates": [[[107.11111111111111, -6.3625], [107.125, -6.3625], [107.125, -6.35], [107.11111111111111, -6.35], [107.11111111111111, -6.3625]]]}, "properties": {"lst_celsius": 20.71}}, {"type": "Feature", "geometry": {"type": "Polygon", "coordinates": [[[107.125, -6.3625], [107.13888888888889, -6.3625], [107.13888888888889, -6.35], [107.125, -6.35], [107.125, -6.3625]]]}, "properties": {"lst_celsius": 20.71}}, {"type": "Feature", "geometry": {"type": "Polygon", "coordinates": [[[107.13888888888889, -6.3625], [107.15277777777777, -6.3625], [107.15277777777777, -6.35], [107.13888888888889, -6.35], [107.13888888888889, -6.3625]]]}, "properties": {"lst_celsius": 20.71}}, {"type": "Feature", "geometry": {"type": "Polygon", "coordinates": [[[107.15277777777777, -6.3625], [107.16666666666667, -6.3625], [107.16666666666667, -6.35], [107.15277777777777, -6.35], [107.15277777777777, -6.3625]]]}, "properties": {"lst_celsius": 20.71}}, {"type": "Feature", "geometry": {"type": "Polygon", "coordinates": [[[107.16666666666667, -6.3625], [107.18055555555556, -6.3625], [107.18055555555556, -6.35], [107.16666666666667, -6.35], [107.16666666666667, -6.3625]]]}, "properties": {"lst_celsius": 20.71}}, {"type": "Feature", "geometry": {"type": "Polygon", "coordinates": [[[107.18055555555556, -6.3625], [107.19444444444444, -6.3625], [107.19444444444444, -6.35], [107.18055555555556, -6.35], [107.18055555555556, -6.3625]]]}, "properties": {"lst_celsius": 20.71}}, {"type": "Feature", "geometry": {"type": "Polygon", "coordinates": [[[107.19444444444444, -6.3625], [107.20833333333333, -6.3625], [107.20833333333333, -6.35], [107.19444444444444, -6.35], [107.19444444444444, -6.3625]]]}, "properties": {"lst_celsius": 20.71}}, {"type": "Feature", "geometry": {"type": "Polygon", "coordinates": [[[107.20833333333333, -6.3625], [107.22222222222223, -6.3625], [107.22222222222223, -6.35], [107.20833333333333, -6.35], [107.20833333333333, -6.3625]]]}, "properties": {"lst_celsius": 20.71}}, {"type": "Feature", "geometry": {"type": "Polygon", "coordinates": [[[107.22222222222223, -6.3625], [107.23611111111111, -6.3625], [107.23611111111111, -6.35], [107.22222222222223, -6.35], [107.22222222222223, -6.3625]]]}, "properties": {"lst_celsius": 20.71}}, {"type": "Feature", "geometry": {"type": "Polygon", "coordinates": [[[107.23611111111111, -6.3625], [107.25, -6.3625], [107.25, -6.35], [107.23611111111111, -6.35], [107.23611111111111, -6.3625]]]}, "properties": {"lst_celsius": 20.71}}, {"type": "Feature", "geometry": {"type": "Polygon", "coordinates": [[[106.5, -6.35], [106.51388888888889, -6.35], [106.51388888888889, -6.3375], [106.5, -6.3375], [106.5, -6.35]]]}, "properties": {"lst_celsius": 20.88}}, {"type": "Feature", "geometry": {"type": "Polygon", "coordinates": [[[106.51388888888889, -6.35], [106.52777777777777, -6.35], [106.52777777777777, -6.3375], [106.51388888888889, -6.3375], [106.51388888888889, -6.35]]]}, "properties": {"lst_celsius": 20.88}}, {"type": "Feature", "geometry": {"type": "Polygon", "coordinates": [[[106.52777777777777, -6.35], [106.54166666666667, -6.35], [106.54166666666667, -6.3375], [106.52777777777777, -6.3375], [106.52777777777777, -6.35]]]}, "properties": {"lst_celsius": 20.88}}, {"type": "Feature", "geometry": {"type": "Polygon", "coordinates": [[[106.54166666666667, -6.35], [106.55555555555556, -6.35], [106.55555555555556, -6.3375], [106.54166666666667, -6.3375], [106.54166666666667, -6.35]]]}, "properties": {"lst_celsius": 20.88}}, {"type": "Feature", "geometry": {"type": "Polygon", "coordinates": [[[106.55555555555556, -6.35], [106.56944444444444, -6.35], [106.56944444444444, -6.3375], [106.55555555555556, -6.3375], [106.55555555555556, -6.35]]]}, "properties": {"lst_celsius": 20.88}}, {"type": "Feature", "geometry": {"type": "Polygon", "coordinates": [[[106.56944444444444, -6.35], [106.58333333333333, -6.35], [106.58333333333333, -6.3375], [106.56944444444444, -6.3375], [106.56944444444444, -6.35]]]}, "properties": {"lst_celsius": 20.88}}, {"type": "Feature", "geometry": {"type": "Polygon", "coordinates": [[[106.58333333333333, -6.35], [106.59722222222223, -6.35], [106.59722222222223, -6.3375], [106.58333333333333, -6.3375], [106.58333333333333, -6.35]]]}, "properties": {"lst_celsius": 20.88}}, {"type": "Feature", "geometry": {"type": "Polygon", "coordinates": [[[106.59722222222223, -6.35], [106.61111111111111, -6.35], [106.61111111111111, -6.3375], [106.59722222222223, -6.3375], [106.59722222222223, -6.35]]]}, "properties": {"lst_celsius": 20.88}}, {"type": "Feature", "geometry": {"type": "Polygon", "coordinates": [[[106.61111111111111, -6.35], [106.625, -6.35], [106.625, -6.3375], [106.61111111111111, -6.3375], [106.61111111111111, -6.35]]]}, "properties": {"lst_celsius": 20.88}}, {"type": "Feature", "geometry": {"type": "Polygon", "coordinates": [[[106.625, -6.35], [106.63888888888889, -6.35], [106.63888888888889, -6.3375], [106.625, -6.3375], [106.625, -6.35]]]}, "properties": {"lst_celsius": 20.88}}, {"type": "Feature", "geometry": {"type": "Polygon", "coordinates": [[[106.63888888888889, -6.35], [106.65277777777777, -6.35], [106.65277777777777, -6.3375], [106.63888888888889, -6.3375], [106.63888888888889, -6.35]]]}, "properties": {"lst_celsius": 20.88}}, {"type": "Feature", "geometry": {"type": "Polygon", "coordinates": [[[106.65277777777777, -6.35], [106.66666666666667, -6.35], [106.66666666666667, -6.3375], [106.65277777777777, -6.3375], [106.65277777777777, -6.35]]]}, "properties": {"lst_celsius": 20.88}}, {"type": "Feature", "geometry": {"type": "Polygon", "coordinates": [[[106.66666666666667, -6.35], [106.68055555555556, -6.35], [106.68055555555556, -6.3375], [106.66666666666667, -6.3375], [106.66666666666667, -6.35]]]}, "properties": {"lst_celsius": 20.88}}, {"type": "Feature", "geometry": {"type": "Polygon", "coordinates": [[[106.68055555555556, -6.35], [106.69444444444444, -6.35], [106.69444444444444, -6.3375], [106.68055555555556, -6.3375], [106.68055555555556, -6.35]]]}, "properties": {"lst_celsius": 20.88}}, {"type": "Feature", "geometry": {"type": "Polygon", "coordinates": [[[106.69444444444444, -6.35], [106.70833333333333, -6.35], [106.70833333333333, -6.3375], [106.69444444444444, -6.3375], [106.69444444444444, -6.35]]]}, "properties": {"lst_celsius": 20.88}}, {"type": "Feature", "geometry": {"type": "Polygon", "coordinates": [[[106.70833333333333, -6.35], [106.72222222222223, -6.35], [106.72222222222223, -6.3375], [106.70833333333333, -6.3375], [106.70833333333333, -6.35]]]}, "properties": {"lst_celsius": 20.88}}, {"type": "Feature", "geometry": {"type": "Polygon", "coordinates": [[[106.72222222222223, -6.35], [106.73611111111111, -6.35], [106.73611111111111, -6.3375], [106.72222222222223, -6.3375], [106.72222222222223, -6.35]]]}, "properties": {"lst_celsius": 28.5}}, {"type": "Feature", "geometry": {"type": "Polygon", "coordinates": [[[106.73611111111111, -6.35], [106.75, -6.35], [106.75, -6.3375], [106.73611111111111, -6.3375], [106.73611111111111, -6.35]]]}, "properties": {"lst_celsius": 28.59}}, {"type": "Feature", "geometry": {"type": "Polygon", "coordinates": [[[106.75, -6.35], [106.76388888888889, -6.35], [106.76388888888889, -6.3375], [106.75, -6.3375], [106.75, -6.35]]]}, "properties": {"lst_celsius": 28.67}}, {"type": "Feature", "geometry": {"type": "Polygon", "coordinates": [[[106.76388888888889, -6.35], [106.77777777777777, -6.35], [106.77777777777777, -6.3375], [106.76388888888889, -6.3375], [106.76388888888889, -6.35]]]}, "properties": {"lst_celsius": 28.74}}, {"type": "Feature", "geometry": {"type": "Polygon", "coordinates": [[[106.77777777777777, -6.35], [106.79166666666667, -6.35], [106.79166666666667, -6.3375], [106.77777777777777, -6.3375], [106.77777777777777, -6.35]]]}, "properties": {"lst_celsius": 28.79}}, {"type": "Feature", "geometry": {"type": "Polygon", "coordinates": [[[106.79166666666667, -6.35], [106.80555555555556, -6.35], [106.80555555555556, -6.3375], [106.79166666666667, -6.3375], [106.79166666666667, -6.35]]]}, "properties": {"lst_celsius": 28.83}}, {"type": "Feature", "geometry": {"type": "Polygon", "coordinates": [[[106.80555555555556, -6.35], [106.81944444444444, -6.35], [106.81944444444444, -6.3375], [106.80555555555556, -6.3375], [106.80555555555556, -6.35]]]}, "properties": {"lst_celsius": 28.86}}, {"type": "Feature", "geometry": {"type": "Polygon", "coordinates": [[[106.81944444444444, -6.35], [106.83333333333333, -6.35], [106.83333333333333, -6.3375], [106.81944444444444, -6.3375], [106.81944444444444, -6.35]]]}, "properties": {"lst_celsius": 28.87}}, {"type": "Feature", "geometry": {"type": "Polygon", "coordinates": [[[106.83333333333333, -6.35], [106.84722222222223, -6.35], [106.84722222222223, -6.3375], [106.83333333333333, -6.3375], [106.83333333333333, -6.35]]]}, "properties": {"lst_celsius": 28.86}}, {"type": "Feature", "geometry": {"type": "Polygon", "coordinates": [[[106.84722222222223, -6.35], [106.86111111111111, -6.35], [106.86111111111111, -6.3375], [106.84722222222223, -6.3375], [106.84722222222223, -6.35]]]}, "properties": {"lst_celsius": 28.84}}, {"type": "Feature", "geometry": {"type": "Polygon", "coordinates": [[[106.86111111111111, -6.35], [106.875, -6.35], [106.875, -6.3375], [106.86111111111111, -6.3375], [106.86111111111111, -6.35]]]}, "properties": {"lst_celsius": 28.8}}, {"type": "Feature", "geometry": {"type": "Polygon", "coordinates": [[[106.875, -6.35], [106.88888888888889, -6.35], [106.88888888888889, -6.3375], [106.875, -6.3375], [106.875, -6.35]]]}, "properties": {"lst_celsius": 28.75}}, {"type": "Feature", "geometry": {"type": "Polygon", "coordinates": [[[106.88888888888889, -6.35], [106.90277777777777, -6.35], [106.90277777777777, -6.3375], [106.88888888888889, -6.3375], [106.88888888888889, -6.35]]]}, "properties": {"lst_celsius": 28.68}}, {"type": "Feature", "geometry": {"type": "Polygon", "coordinates": [[[106.90277777777777, -6.35], [106.91666666666667, -6.35], [106.91666666666667, -6.3375], [106.90277777777777, -6.3375], [106.90277777777777, -6.35]]]}, "properties": {"lst_celsius": 28.6}}, {"type": "Feature", "geometry": {"type": "Polygon", "coordinates": [[[106.91666666666667, -6.35], [106.93055555555556, -6.35], [106.93055555555556, -6.3375], [106.91666666666667, -6.3375], [106.91666666666667, -6.35]]]}, "properties": {"lst_celsius": 28.51}}, {"type": "Feature", "geometry": {"type": "Polygon", "coordinates": [[[106.93055555555556, -6.35], [106.94444444444444, -6.35], [106.94444444444444, -6.3375], [106.93055555555556, -6.3375], [106.93055555555556, -6.35]]]}, "properties": {"lst_celsius": 20.88}}, {"type": "Feature", "geometry": {"type": "Polygon", "coordinates": [[[106.94444444444444, -6.35], [106.95833333333333, -6.35], [106.95833333333333, -6.3375], [106.94444444444444, -6.3375], [106.94444444444444, -6.35]]]}, "properties": {"lst_celsius": 20.88}}, {"type": "Feature", "geometry": {"type": "Polygon", "coordinates": [[[106.95833333333333, -6.35], [106.97222222222223, -6.35], [106.97222222222223, -6.3375], [106.95833333333333, -6.3375], [106.95833333333333, -6.35]]]}, "properties": {"lst_celsius": 20.88}}, {"type": "Feature", "geometry": {"type": "Polygon", "coordinates": [[[106.97222222222223, -6.35], [106.98611111111111, -6.35], [106.98611111111111, -6.3375], [106.97222222222223, -6.3375], [106.97222222222223, -6.35]]]}, "properties": {"lst_celsius": 20.88}}, {"type": "Feature", "geometry": {"type": "Polygon", "coordinates": [[[106.98611111111111, -6.35], [107.0, -6.35], [107.0, -6.3375], [106.98611111111111, -6.3375], [106.98611111111111, -6.35]]]}, "properties": {"lst_celsius": 20.88}}, {"type": "Feature", "geometry": {"type": "Polygon", "coordinates": [[[107.0, -6.35], [107.01388888888889, -6.35], [107.01388888888889, -6.3375], [107.0, -6.3375], [107.0, -6.35]]]}, "properties": {"lst_celsius": 20.88}}, {"type": "Feature", "geometry": {"type": "Polygon", "coordinates": [[[107.01388888888889, -6.35], [107.02777777777777, -6.35], [107.02777777777777, -6.3375], [107.01388888888889, -6.3375], [107.01388888888889, -6.35]]]}, "properties": {"lst_celsius": 20.88}}, {"type": "Feature", "geometry": {"type": "Polygon", "coordinates": [[[107.02777777777777, -6.35], [107.04166666666667, -6.35], [107.04166666666667, -6.3375], [107.02777777777777, -6.3375], [107.02777777777777, -6.35]]]}, "properties": {"lst_celsius": 20.88}}, {"type": "Feature", "geometry": {"type": "Polygon", "coordinates": [[[107.04166666666667, -6.35], [107.05555555555556, -6.35], [107.05555555555556, -6.3375], [107.04166666666667, -6.3375], [107.04166666666667, -6.35]]]}, "properties": {"lst_celsius": 20.88}}, {"type": "Feature", "geometry": {"type": "Polygon", "coordinates": [[[107.05555555555556, -6.35], [107.06944444444444, -6.35], [107.06944444444444, -6.3375], [107.05555555555556, -6.3375], [107.05555555555556, -6.35]]]}, "properties": {"lst_celsius": 20.88}}, {"type": "Feature", "geometry": {"type": "Polygon", "coordinates": [[[107.06944444444444, -6.35], [107.08333333333333, -6.35], [107.08333333333333, -6.3375], [107.06944444444444, -6.3375], [107.06944444444444, -6.35]]]}, "properties": {"lst_celsius": 20.88}}, {"type": "Feature", "geometry": {"type": "Polygon", "coordinates": [[[107.08333333333333, -6.35], [107.09722222222223, -6.35], [107.09722222222223, -6.3375], [107.08333333333333, -6.3375], [107.08333333333333, -6.35]]]}, "properties": {"lst_celsius": 20.88}}, {"type": "Feature", "geometry": {"type": "Polygon", "coordinates": [[[107.09722222222223, -6.35], [107.11111111111111, -6.35], [107.11111111111111, -6.3375], [107.09722222222223, -6.3375], [107.09722222222223, -6.35]]]}, "properties": {"lst_celsius": 20.88}}, {"type": "Feature", "geometry": {"type": "Polygon", "coordinates": [[[107.11111111111111, -6.35], [107.125, -6.35], [107.125, -6.3375], [107.11111111111111, -6.3375], [107.11111111111111, -6.35]]]}, "properties": {"lst_celsius": 20.88}}, {"type": "Feature", "geometry": {"type": "Polygon", "coordinates": [[[107.125, -6.35], [107.13888888888889, -6.35], [107.13888888888889, -6.3375], [107.125, -6.3375], [107.125, -6.35]]]}, "properties": {"lst_celsius": 20.88}}, {"type": "Feature", "geometry": {"type": "Polygon", "coordinates": [[[107.13888888888889, -6.35], [107.15277777777777, -6.35], [107.15277777777777, -6.3375], [107.13888888888889, -6.3375], [107.13888888888889, -6.35]]]}, "properties": {"lst_celsius": 20.88}}, {"type": "Feature", "geometry": {"type": "Polygon", "coordinates": [[[107.15277777777777, -6.35], [107.16666666666667, -6.35], [107.16666666666667, -6.3375], [107.15277777777777, -6.3375], [107.15277777777777, -6.35]]]}, "properties": {"lst_celsius": 20.88}}, {"type": "Feature", "geometry": {"type": "Polygon", "coordinates": [[[107.16666666666667, -6.35], [107.18055555555556, -6.35], [107.18055555555556, -6.3375], [107.16666666666667, -6.3375], [107.16666666666667, -6.35]]]}, "properties": {"lst_celsius": 20.88}}, {"type": "Feature", "geometry": {"type": "Polygon", "coordinates": [[[107.18055555555556, -6.35], [107.19444444444444, -6.35], [107.19444444444444, -6.3375], [107.18055555555556, -6.3375], [107.18055555555556, -6.35]]]}, "properties": {"lst_celsius": 20.88}}, {"type": "Feature", "geometry": {"type": "Polygon", "coordinates": [[[107.19444444444444, -6.35], [107.20833333333333, -6.35], [107.20833333333333, -6.3375], [107.19444444444444, -6.3375], [107.19444444444444, -6.35]]]}, "properties": {"lst_celsius": 20.88}}, {"type": "Feature", "geometry": {"type": "Polygon", "coordinates": [[[107.20833333333333, -6.35], [107.22222222222223, -6.35], [107.22222222222223, -6.3375], [107.20833333333333, -6.3375], [107.20833333333333, -6.35]]]}, "properties": {"lst_celsius": 20.88}}, {"type": "Feature", "geometry": {"type": "Polygon", "coordinates": [[[107.22222222222223, -6.35], [107.23611111111111, -6.35], [107.23611111111111, -6.3375], [107.22222222222223, -6.3375], [107.22222222222223, -6.35]]]}, "properties": {"lst_celsius": 20.88}}, {"type": "Feature", "geometry": {"type": "Polygon", "coordinates": [[[107.23611111111111, -6.35], [107.25, -6.35], [107.25, -6.3375], [107.23611111111111, -6.3375], [107.23611111111111, -6.35]]]}, "properties": {"lst_celsius": 20.88}}, {"type": "Feature", "geometry": {"type": "Polygon", "coordinates": [[[106.5, -6.3375], [106.51388888888889, -6.3375], [106.51388888888889, -6.325], [106.5, -6.325], [106.5, -6.3375]]]}, "properties": {"lst_celsius": 21.06}}, {"type": "Feature", "geometry": {"type": "Polygon", "coordinates": [[[106.51388888888889, -6.3375], [106.52777777777777, -6.3375], [106.52777777777777, -6.325], [106.51388888888889, -6.325], [106.51388888888889, -6.3375]]]}, "properties": {"lst_celsius": 21.06}}, {"type": "Feature", "geometry": {"type": "Polygon", "coordinates": [[[106.52777777777777, -6.3375], [106.54166666666667, -6.3375], [106.54166666666667, -6.325], [106.52777777777777, -6.325], [106.52777777777777, -6.3375]]]}, "properties": {"lst_celsius": 21.06}}, {"type": "Feature", "geometry": {"type": "Polygon", "coordinates": [[[106.54166666666667, -6.3375], [106.55555555555556, -6.3375], [106.55555555555556, -6.325], [106.54166666666667, -6.325], [106.54166666666667, -6.3375]]]}, "properties": {"lst_celsius": 21.06}}, {"type": "Feature", "geometry": {"type": "Polygon", "coordinates": [[[106.55555555555556, -6.3375], [106.56944444444444, -6.3375], [106.56944444444444, -6.325], [106.55555555555556, -6.325], [106.55555555555556, -6.3375]]]}, "properties": {"lst_celsius": 21.06}}, {"type": "Feature", "geometry": {"type": "Polygon", "coordinates": [[[106.56944444444444, -6.3375], [106.58333333333333, -6.3375], [106.58333333333333, -6.325], [106.56944444444444, -6.325], [106.56944444444444, -6.3375]]]}, "properties": {"lst_celsius": 21.06}}, {"type": "Feature", "geometry": {"type": "Polygon", "coordinates": [[[106.58333333333333, -6.3375], [106.59722222222223, -6.3375], [106.59722222222223, -6.325], [106.58333333333333, -6.325], [106.58333333333333, -6.3375]]]}, "properties": {"lst_celsius": 21.06}}, {"type": "Feature", "geometry": {"type": "Polygon", "coordinates": [[[106.59722222222223, -6.3375], [106.61111111111111, -6.3375], [106.61111111111111, -6.325], [106.59722222222223, -6.325], [106.59722222222223, -6.3375]]]}, "properties": {"lst_celsius": 21.06}}, {"type": "Feature", "geometry": {"type": "Polygon", "coordinates": [[[106.61111111111111, -6.3375], [106.625, -6.3375], [106.625, -6.325], [106.61111111111111, -6.325], [106.61111111111111, -6.3375]]]}, "properties": {"lst_celsius": 21.06}}, {"type": "Feature", "geometry": {"type": "Polygon", "coordinates": [[[106.625, -6.3375], [106.63888888888889, -6.3375], [106.63888888888889, -6.325], [106.625, -6.325], [106.625, -6.3375]]]}, "properties": {"lst_celsius": 21.06}}, {"type": "Feature", "geometry": {"type": "Polygon", "coordinates": [[[106.63888888888889, -6.3375], [106.65277777777777, -6.3375], [106.65277777777777, -6.325], [106.63888888888889, -6.325], [106.63888888888889, -6.3375]]]}, "properties": {"lst_celsius": 21.06}}, {"type": "Feature", "geometry": {"type": "Polygon", "coordinates": [[[106.65277777777777, -6.3375], [106.66666666666667, -6.3375], [106.66666666666667, -6.325], [106.65277777777777, -6.325], [106.65277777777777, -6.3375]]]}, "properties": {"lst_celsius": 21.06}}, {"type": "Feature", "geometry": {"type": "Polygon", "coordinates": [[[106.66666666666667, -6.3375], [106.68055555555556, -6.3375], [106.68055555555556, -6.325], [106.66666666666667, -6.325], [106.66666666666667, -6.3375]]]}, "properties": {"lst_celsius": 21.06}}, {"type": "Feature", "geometry": {"type": "Polygon", "coordinates": [[[106.68055555555556, -6.3375], [106.69444444444444, -6.3375], [106.69444444444444, -6.325], [106.68055555555556, -6.325], [106.68055555555556, -6.3375]]]}, "properties": {"lst_celsius": 21.06}}, {"type": "Feature", "geometry": {"type": "Polygon", "coordinates": [[[106.69444444444444, -6.3375], [106.70833333333333, -6.3375], [106.70833333333333, -6.325], [106.69444444444444, -6.325], [106.69444444444444, -6.3375]]]}, "properties": {"lst_celsius": 21.06}}, {"type": "Feature", "geometry": {"type": "Polygon", "coordinates": [[[106.70833333333333, -6.3375], [106.72222222222223, -6.3375], [106.72222222222223, -6.325], [106.70833333333333, -6.325], [106.70833333333333, -6.3375]]]}, "properties": {"lst_celsius": 28.67}}, {"type": "Feature", "geometry": {"type": "Polygon", "coordinates": [[[106.72222222222223, -6.3375], [106.73611111111111, -6.3375], [106.73611111111111, -6.325], [106.72222222222223, -6.325], [106.72222222222223, -6.3375]]]}, "properties": {"lst_celsius": 28.78}}, {"type": "Feature", "geometry": {"type": "Polygon", "coordinates": [[[106.73611111111111, -6.3375], [106.75, -6.3375], [106.75, -6.325], [106.73611111111111, -6.325], [106.73611111111111, -6.3375]]]}, "properties": {"lst_celsius": 28.88}}, {"type": "Feature", "geometry": {"type": "Polygon", "coordinates": [[[106.75, -6.3375], [106.76388888888889, -6.3375], [106.76388888888889, -6.325], [106.75, -6.325], [106.75, -6.3375]]]}, "properties": {"lst_celsius": 28.96}}, {"type": "Feature", "geometry": {"type": "Polygon", "coordinates": [[[106.76388888888889, -6.3375], [106.77777777777777, -6.3375], [106.77777777777777, -6.325], [106.76388888888889, -6.325], [106.76388888888889, -6.3375]]]}, "properties": {"lst_celsius": 29.03}}, {"type": "Feature", "geometry": {"type": "Polygon", "coordinates": [[[106.77777777777777, -6.3375], [106.79166666666667, -6.3375], [106.79166666666667, -6.325], [106.77777777777777, -6.325], [106.77777777777777, -6.3375]]]}, "properties": {"lst_celsius": 29.09}}, {"type": "Feature", "geometry": {"type": "Polygon", "coordinates": [[[106.79166666666667, -6.3375], [106.80555555555556, -6.3375], [106.80555555555556, -6.325], [106.79166666666667, -6.325], [106.79166666666667, -6.3375]]]}, "properties": {"lst_celsius": 29.14}}, {"type": "Feature", "geometry": {"type": "Polygon", "coordinates": [[[106.80555555555556, -6.3375], [106.81944444444444, -6.3375], [106.81944444444444, -6.325], [106.80555555555556, -6.325], [106.80555555555556, -6.3375]]]}, "properties": {"lst_celsius": 29.16}}, {"type": "Feature", "geometry": {"type": "Polygon", "coordinates": [[[106.81944444444444, -6.3375], [106.83333333333333, -6.3375], [106.83333333333333, -6.325], [106.81944444444444, -6.325], [106.81944444444444, -6.3375]]]}, "properties": {"lst_celsius": 29.17}}, {"type": "Feature", "geometry": {"type": "Polygon", "coordinates": [[[106.83333333333333, -6.3375], [106.84722222222223, -6.3375], [106.84722222222223, -6.325], [106.83333333333333, -6.325], [106.83333333333333, -6.3375]]]}, "properties": {"lst_celsius": 29.17}}, {"type": "Feature", "geometry": {"type": "Polygon", "coordinates": [[[106.84722222222223, -6.3375], [106.86111111111111, -6.3375], [106.86111111111111, -6.325], [106.84722222222223, -6.325], [106.84722222222223, -6.3375]]]}, "properties": {"lst_celsius": 29.14}}, {"type": "Feature", "geometry": {"type": "Polygon", "coordinates": [[[106.86111111111111, -6.3375], [106.875, -6.3375], [106.875, -6.325], [106.86111111111111, -6.325], [106.86111111111111, -6.3375]]]}, "properties": {"lst_celsius": 29.1}}, {"type": "Feature", "geometry": {"type": "Polygon", "coordinates": [[[106.875, -6.3375], [106.88888888888889, -6.3375], [106.88888888888889, -6.325], [106.875, -6.325], [106.875, -6.3375]]]}, "properties": {"lst_celsius": 29.04}}, {"type": "Feature", "geometry": {"type": "Polygon", "coordinates": [[[106.88888888888889, -6.3375], [106.90277777777777, -6.3375], [106.90277777777777, -6.325], [106.88888888888889, -6.325], [106.88888888888889, -6.3375]]]}, "properties": {"lst_celsius": 28.97}}, {"type": "Feature", "geometry": {"type": "Polygon", "coordinates": [[[106.90277777777777, -6.3375], [106.91666666666667, -6.3375], [106.91666666666667, -6.325], [106.90277777777777, -6.325], [106.90277777777777, -6.3375]]]}, "properties": {"lst_celsius": 28.89}}, {"type": "Feature", "geometry": {"type": "Polygon", "coordinates": [[[106.91666666666667, -6.3375], [106.93055555555556, -6.3375], [106.93055555555556, -6.325], [106.91666666666667, -6.325], [106.91666666666667, -6.3375]]]}, "properties": {"lst_celsius": 28.79}}, {"type": "Feature", "geometry": {"type": "Polygon", "coordinates": [[[106.93055555555556, -6.3375], [106.94444444444444, -6.3375], [106.94444444444444, -6.325], [106.93055555555556, -6.325], [106.93055555555556, -6.3375]]]}, "properties": {"lst_celsius": 28.68}}, {"type": "Feature", "geometry": {"type": "Polygon", "coordinates": [[[106.94444444444444, -6.3375], [106.95833333333333, -6.3375], [106.95833333333333, -6.325], [106.94444444444444, -6.325], [106.94444444444444, -6.3375]]]}, "properties": {"lst_celsius": 28.56}}, {"type": "Feature", "geometry": {"type": "Polygon", "coordinates": [[[106.95833333333333, -6.3375], [106.97222222222223, -6.3375], [106.97222222222223, -6.325], [106.95833333333333, -6.325], [106.95833333333333, -6.3375]]]}, "properties": {"lst_celsius": 21.06}}, {"type": "Feature", "geometry": {"type": "Polygon", "coordinates": [[[106.97222222222223, -6.3375], [106.98611111111111, -6.3375], [106.98611111111111, -6.325], [106.97222222222223, -6.325], [106.97222222222223, -6.3375]]]}, "properties": {"lst_celsius": 21.06}}, {"type": "Feature", "geometry": {"type": "Polygon", "coordinates": [[[106.98611111111111, -6.3375], [107.0, -6.3375], [107.0, -6.325], [106.98611111111111, -6.325], [106.98611111111111, -6.3375]]]}, "properties": {"lst_celsius": 21.06}}, {"type": "Feature", "geometry": {"type": "Polygon", "coordinates": [[[107.0, -6.3375], [107.01388888888889, -6.3375], [107.01388888888889, -6.325], [107.0, -6.325], [107.0, -6.3375]]]}, "properties": {"lst_celsius": 21.06}}, {"type": "Feature", "geometry": {"type": "Polygon", "coordinates": [[[107.01388888888889, -6.3375], [107.02777777777777, -6.3375], [107.02777777777777, -6.325], [107.01388888888889, -6.325], [107.01388888888889, -6.3375]]]}, "properties": {"lst_celsius": 21.06}}, {"type": "Feature", "geometry": {"type": "Polygon", "coordinates": [[[107.02777777777777, -6.3375], [107.04166666666667, -6.3375], [107.04166666666667, -6.325], [107.02777777777777, -6.325], [107.02777777777777, -6.3375]]]}, "properties": {"lst_celsius": 21.06}}, {"type": "Feature", "geometry": {"type": "Polygon", "coordinates": [[[107.04166666666667, -6.3375], [107.05555555555556, -6.3375], [107.05555555555556, -6.325], [107.04166666666667, -6.325], [107.04166666666667, -6.3375]]]}, "properties": {"lst_celsius": 21.06}}, {"type": "Feature", "geometry": {"type": "Polygon", "coordinates": [[[107.05555555555556, -6.3375], [107.06944444444444, -6.3375], [107.06944444444444, -6.325], [107.05555555555556, -6.325], [107.05555555555556, -6.3375]]]}, "properties": {"lst_celsius": 21.06}}, {"type": "Feature", "geometry": {"type": "Polygon", "coordinates": [[[107.06944444444444, -6.3375], [107.08333333333333, -6.3375], [107.08333333333333, -6.325], [107.06944444444444, -6.325], [107.06944444444444, -6.3375]]]}, "properties": {"lst_celsius": 21.06}}, {"type": "Feature", "geometry": {"type": "Polygon", "coordinates": [[[107.08333333333333, -6.3375], [107.09722222222223, -6.3375], [107.09722222222223, -6.325], [107.08333333333333, -6.325], [107.08333333333333, -6.3375]]]}, "properties": {"lst_celsius": 21.06}}, {"type": "Feature", "geometry": {"type": "Polygon", "coordinates": [[[107.09722222222223, -6.3375], [107.11111111111111, -6.3375], [107.11111111111111, -6.325], [107.09722222222223, -6.325], [107.09722222222223, -6.3375]]]}, "properties": {"lst_celsius": 21.06}}, {"type": "Feature", "geometry": {"type": "Polygon", "coordinates": [[[107.11111111111111, -6.3375], [107.125, -6.3375], [107.125, -6.325], [107.11111111111111, -6.325], [107.11111111111111, -6.3375]]]}, "properties": {"lst_celsius": 21.06}}, {"type": "Feature", "geometry": {"type": "Polygon", "coordinates": [[[107.125, -6.3375], [107.13888888888889, -6.3375], [107.13888888888889, -6.325], [107.125, -6.325], [107.125, -6.3375]]]}, "properties": {"lst_celsius": 21.06}}, {"type": "Feature", "geometry": {"type": "Polygon", "coordinates": [[[107.13888888888889, -6.3375], [107.15277777777777, -6.3375], [107.15277777777777, -6.325], [107.13888888888889, -6.325], [107.13888888888889, -6.3375]]]}, "properties": {"lst_celsius": 21.06}}, {"type": "Feature", "geometry": {"type": "Polygon", "coordinates": [[[107.15277777777777, -6.3375], [107.16666666666667, -6.3375], [107.16666666666667, -6.325], [107.15277777777777, -6.325], [107.15277777777777, -6.3375]]]}, "properties": {"lst_celsius": 21.06}}, {"type": "Feature", "geometry": {"type": "Polygon", "coordinates": [[[107.16666666666667, -6.3375], [107.18055555555556, -6.3375], [107.18055555555556, -6.325], [107.16666666666667, -6.325], [107.16666666666667, -6.3375]]]}, "properties": {"lst_celsius": 21.06}}, {"type": "Feature", "geometry": {"type": "Polygon", "coordinates": [[[107.18055555555556, -6.3375], [107.19444444444444, -6.3375], [107.19444444444444, -6.325], [107.18055555555556, -6.325], [107.18055555555556, -6.3375]]]}, "properties": {"lst_celsius": 21.06}}, {"type": "Feature", "geometry": {"type": "Polygon", "coordinates": [[[107.19444444444444, -6.3375], [107.20833333333333, -6.3375], [107.20833333333333, -6.325], [107.19444444444444, -6.325], [107.19444444444444, -6.3375]]]}, "properties": {"lst_celsius": 21.06}}, {"type": "Feature", "geometry": {"type": "Polygon", "coordinates": [[[107.20833333333333, -6.3375], [107.22222222222223, -6.3375], [107.22222222222223, -6.325], [107.20833333333333, -6.325], [107.20833333333333, -6.3375]]]}, "properties": {"lst_celsius": 21.06}}, {"type": "Feature", "geometry": {"type": "Polygon", "coordinates": [[[107.22222222222223, -6.3375], [107.23611111111111, -6.3375], [107.23611111111111, -6.325], [107.22222222222223, -6.325], [107.22222222222223, -6.3375]]]}, "properties": {"lst_celsius": 21.06}}, {"type": "Feature", "geometry": {"type": "Polygon", "coordinates": [[[107.23611111111111, -6.3375], [107.25, -6.3375], [107.25, -6.325], [107.23611111111111, -6.325], [107.23611111111111, -6.3375]]]}, "properties": {"lst_celsius": 21.06}}, {"type": "Feature", "geometry": {"type": "Polygon", "coordinates": [[[106.5, -6.325], [106.51388888888889, -6.325], [106.51388888888889, -6.3125], [106.5, -6.3125], [106.5, -6.325]]]}, "properties": {"lst_celsius": 21.24}}, {"type": "Feature", "geometry": {"type": "Polygon", "coordinates": [[[106.51388888888889, -6.325], [106.52777777777777, -6.325], [106.52777777777777, -6.3125], [106.51388888888889, -6.3125], [106.51388888888889, -6.325]]]}, "properties": {"lst_celsius": 21.24}}, {"type": "Feature", "geometry": {"type": "Polygon", "coordinates": [[[106.52777777777777, -6.325], [106.54166666666667, -6.325], [106.54166666666667, -6.3125], [106.52777777777777, -6.3125], [106.52777777777777, -6.325]]]}, "properties": {"lst_celsius": 21.24}}, {"type": "Feature", "geometry": {"type": "Polygon", "coordinates": [[[106.54166666666667, -6.325], [106.55555555555556, -6.325], [106.55555555555556, -6.3125], [106.54166666666667, -6.3125], [106.54166666666667, -6.325]]]}, "properties": {"lst_celsius": 21.24}}, {"type": "Feature", "geometry": {"type": "Polygon", "coordinates": [[[106.55555555555556, -6.325], [106.56944444444444, -6.325], [106.56944444444444, -6.3125], [106.55555555555556, -6.3125], [106.55555555555556, -6.325]]]}, "properties": {"lst_celsius": 21.24}}, {"type": "Feature", "geometry": {"type": "Polygon", "coordinates": [[[106.56944444444444, -6.325], [106.58333333333333, -6.325], [106.58333333333333, -6.3125], [106.56944444444444, -6.3125], [106.56944444444444, -6.325]]]}, "properties": {"lst_celsius": 21.24}}, {"type": "Feature", "geometry": {"type": "Polygon", "coordinates": [[[106.58333333333333, -6.325], [106.59722222222223, -6.325], [106.59722222222223, -6.3125], [106.58333333333333, -6.3125], [106.58333333333333, -6.325]]]}, "properties": {"lst_celsius": 21.24}}, {"type": "Feature", "geometry": {"type": "Polygon", "coordinates": [[[106.59722222222223, -6.325], [106.61111111111111, -6.325], [106.61111111111111, -6.3125], [106.59722222222223, -6.3125], [106.59722222222223, -6.325]]]}, "properties": {"lst_celsius": 21.24}}, {"type": "Feature", "geometry": {"type": "Polygon", "coordinates": [[[106.61111111111111, -6.325], [106.625, -6.325], [106.625, -6.3125], [106.61111111111111, -6.3125], [106.61111111111111, -6.325]]]}, "properties": {"lst_celsius": 21.24}}, {"type": "Feature", "geometry": {"type": "Polygon", "coordinates": [[[106.625, -6.325], [106.63888888888889, -6.325], [106.63888888888889, -6.3125], [106.625, -6.3125], [106.625, -6.325]]]}, "properties": {"lst_celsius": 21.24}}, {"type": "Feature", "geometry": {"type": "Polygon", "coordinates": [[[106.63888888888889, -6.325], [106.65277777777777, -6.325], [106.65277777777777, -6.3125], [106.63888888888889, -6.3125], [106.63888888888889, -6.325]]]}, "properties": {"lst_celsius": 21.24}}, {"type": "Feature", "geometry": {"type": "Polygon", "coordinates": [[[106.65277777777777, -6.325], [106.66666666666667, -6.325], [106.66666666666667, -6.3125], [106.65277777777777, -6.3125], [106.65277777777777, -6.325]]]}, "properties": {"lst_celsius": 21.24}}, {"type": "Feature", "geometry": {"type": "Polygon", "coordinates": [[[106.66666666666667, -6.325], [106.68055555555556, -6.325], [106.68055555555556, -6.3125], [106.66666666666667, -6.3125], [106.66666666666667, -6.325]]]}, "properties": {"lst_celsius": 21.24}}, {"type": "Feature", "geometry": {"type": "Polygon", "coordinates": [[[106.68055555555556, -6.325], [106.69444444444444, -6.325], [106.69444444444444, -6.3125], [106.68055555555556, -6.3125], [106.68055555555556, -6.325]]]}, "properties": {"lst_celsius": 21.24}}, {"type": "Feature", "geometry": {"type": "Polygon", "coordinates": [[[106.69444444444444, -6.325], [106.70833333333333, -6.325], [106.70833333333333, -6.3125], [106.69444444444444, -6.3125], [106.69444444444444, -6.325]]]}, "properties": {"lst_celsius": 28.81}}, {"type": "Feature", "geometry": {"type": "Polygon", "coordinates": [[[106.70833333333333, -6.325], [106.72222222222223, -6.325], [106.72222222222223, -6.3125], [106.70833333333333, -6.3125], [106.70833333333333, -6.325]]]}, "properties": {"lst_celsius": 28.94}}, {"type": "Feature", "geometry": {"type": "Polygon", "coordinates": [[[106.72222222222223, -6.325], [106.73611111111111, -6.325], [106.73611111111111, -6.3125], [106.72222222222223, -6.3125], [106.72222222222223, -6.325]]]}, "properties": {"lst_celsius": 29.05}}, {"type": "Feature", "geometry": {"type": "Polygon", "coordinates": [[[106.73611111111111, -6.325], [106.75, -6.325], [106.75, -6.3125], [106.73611111111111, -6.3125], [106.73611111111111, -6.325]]]}, "properties": {"lst_celsius": 29.16}}, {"type": "Feature", "geometry": {"type": "Polygon", "coordinates": [[[106.75, -6.325], [106.76388888888889, -6.325], [106.76388888888889, -6.3125], [106.75, -6.3125], [106.75, -6.325]]]}, "properties": {"lst_celsius": 29.25}}, {"type": "Feature", "geometry": {"type": "Polygon", "coordinates": [[[106.76388888888889, -6.325], [106.77777777777777, -6.325], [106.77777777777777, -6.3125], [106.76388888888889, -6.3125], [106.76388888888889, -6.325]]]}, "properties": {"lst_celsius": 29.33}}, {"type": "Feature", "geometry": {"type": "Polygon", "coordinates": [[[106.77777777777777, -6.325], [106.79166666666667, -6.325], [106.79166666666667, -6.3125], [106.77777777777777, -6.3125], [106.77777777777777, -6.325]]]}, "properties": {"lst_celsius": 29.39}}, {"type": "Feature", "geometry": {"type": "Polygon", "coordinates": [[[106.79166666666667, -6.325], [106.80555555555556, -6.325], [106.80555555555556, -6.3125], [106.79166666666667, -6.3125], [106.79166666666667, -6.325]]]}, "properties": {"lst_celsius": 29.44}}, {"type": "Feature", "geometry": {"type": "Polygon", "coordinates": [[[106.80555555555556, -6.325], [106.81944444444444, -6.325], [106.81944444444444, -6.3125], [106.80555555555556, -6.3125], [106.80555555555556, -6.325]]]}, "properties": {"lst_celsius": 29.47}}, {"type": "Feature", "geometry": {"type": "Polygon", "coordinates": [[[106.81944444444444, -6.325], [106.83333333333333, -6.325], [106.83333333333333, -6.3125], [106.81944444444444, -6.3125], [106.81944444444444, -6.325]]]}, "properties": {"lst_celsius": 29.48}}, {"type": "Feature", "geometry": {"type": "Polygon", "coordinates": [[[106.83333333333333, -6.325], [106.84722222222223, -6.325], [106.84722222222223, -6.3125], [106.83333333333333, -6.3125], [106.83333333333333, -6.325]]]}, "properties": {"lst_celsius": 29.47}}, {"type": "Feature", "geometry": {"type": "Polygon", "coordinates": [[[106.84722222222223, -6.325], [106.86111111111111, -6.325], [106.86111111111111, -6.3125], [106.84722222222223, -6.3125], [106.84722222222223, -6.325]]]}, "properties": {"lst_celsius": 29.44}}, {"type": "Feature", "geometry": {"type": "Polygon", "coordinates": [[[106.86111111111111, -6.325], [106.875, -6.325], [106.875, -6.3125], [106.86111111111111, -6.3125], [106.86111111111111, -6.325]]]}, "properties": {"lst_celsius": 29.4}}, {"type": "Feature", "geometry": {"type": "Polygon", "coordinates": [[[106.875, -6.325], [106.88888888888889, -6.325], [106.88888888888889, -6.3125], [106.875, -6.3125], [106.875, -6.325]]]}, "properties": {"lst_celsius": 29.34}}, {"type": "Feature", "geometry": {"type": "Polygon", "coordinates": [[[106.88888888888889, -6.325], [106.90277777777777, -6.325], [106.90277777777777, -6.3125], [106.88888888888889, -6.3125], [106.88888888888889, -6.325]]]}, "properties": {"lst_celsius": 29.26}}, {"type": "Feature", "geometry": {"type": "Polygon", "coordinates": [[[106.90277777777777, -6.325], [106.91666666666667, -6.325], [106.91666666666667, -6.3125], [106.90277777777777, -6.3125], [106.90277777777777, -6.325]]]}, "properties": {"lst_celsius": 29.17}}, {"type": "Feature", "geometry": {"type": "Polygon", "coordinates": [[[106.91666666666667, -6.325], [106.93055555555556, -6.325], [106.93055555555556, -6.3125], [106.91666666666667, -6.3125], [106.91666666666667, -6.325]]]}, "properties": {"lst_celsius": 29.07}}, {"type": "Feature", "geometry": {"type": "Polygon", "coordinates": [[[106.93055555555556, -6.325], [106.94444444444444, -6.325], [106.94444444444444, -6.3125], [106.93055555555556, -6.3125], [106.93055555555556, -6.325]]]}, "properties": {"lst_celsius": 28.95}}, {"type": "Feature", "geometry": {"type": "Polygon", "coordinates": [[[106.94444444444444, -6.325], [106.95833333333333, -6.325], [106.95833333333333, -6.3125], [106.94444444444444, -6.3125], [106.94444444444444, -6.325]]]}, "properties": {"lst_celsius": 28.83}}, {"type": "Feature", "geometry": {"type": "Polygon", "coordinates": [[[106.95833333333333, -6.325], [106.97222222222223, -6.325], [106.97222222222223, -6.3125], [106.95833333333333, -6.3125], [106.95833333333333, -6.325]]]}, "properties": {"lst_celsius": 28.7}}, {"type": "Feature", "geometry": {"type": "Polygon", "coordinates": [[[106.97222222222223, -6.325], [106.98611111111111, -6.325], [106.98611111111111, -6.3125], [106.97222222222223, -6.3125], [106.97222222222223, -6.325]]]}, "properties": {"lst_celsius": 21.24}}, {"type": "Feature", "geometry": {"type": "Polygon", "coordinates": [[[106.98611111111111, -6.325], [107.0, -6.325], [107.0, -6.3125], [106.98611111111111, -6.3125], [106.98611111111111, -6.325]]]}, "properties": {"lst_celsius": 21.24}}, {"type": "Feature", "geometry": {"type": "Polygon", "coordinates": [[[107.0, -6.325], [107.01388888888889, -6.325], [107.01388888888889, -6.3125], [107.0, -6.3125], [107.0, -6.325]]]}, "properties": {"lst_celsius": 21.24}}, {"type": "Feature", "geometry": {"type": "Polygon", "coordinates": [[[107.01388888888889, -6.325], [107.02777777777777, -6.325], [107.02777777777777, -6.3125], [107.01388888888889, -6.3125], [107.01388888888889, -6.325]]]}, "properties": {"lst_celsius": 21.24}}, {"type": "Feature", "geometry": {"type": "Polygon", "coordinates": [[[107.02777777777777, -6.325], [107.04166666666667, -6.325], [107.04166666666667, -6.3125], [107.02777777777777, -6.3125], [107.02777777777777, -6.325]]]}, "properties": {"lst_celsius": 21.24}}, {"type": "Feature", "geometry": {"type": "Polygon", "coordinates": [[[107.04166666666667, -6.325], [107.05555555555556, -6.325], [107.05555555555556, -6.3125], [107.04166666666667, -6.3125], [107.04166666666667, -6.325]]]}, "properties": {"lst_celsius": 21.24}}, {"type": "Feature", "geometry": {"type": "Polygon", "coordinates": [[[107.05555555555556, -6.325], [107.06944444444444, -6.325], [107.06944444444444, -6.3125], [107.05555555555556, -6.3125], [107.05555555555556, -6.325]]]}, "properties": {"lst_celsius": 21.24}}, {"type": "Feature", "geometry": {"type": "Polygon", "coordinates": [[[107.06944444444444, -6.325], [107.08333333333333, -6.325], [107.08333333333333, -6.3125], [107.06944444444444, -6.3125], [107.06944444444444, -6.325]]]}, "properties": {"lst_celsius": 21.24}}, {"type": "Feature", "geometry": {"type": "Polygon", "coordinates": [[[107.08333333333333, -6.325], [107.09722222222223, -6.325], [107.09722222222223, -6.3125], [107.08333333333333, -6.3125], [107.08333333333333, -6.325]]]}, "properties": {"lst_celsius": 21.24}}, {"type": "Feature", "geometry": {"type": "Polygon", "coordinates": [[[107.09722222222223, -6.325], [107.11111111111111, -6.325], [107.11111111111111, -6.3125], [107.09722222222223, -6.3125], [107.09722222222223, -6.325]]]}, "properties": {"lst_celsius": 21.24}}, {"type": "Feature", "geometry": {"type": "Polygon", "coordinates": [[[107.11111111111111, -6.325], [107.125, -6.325], [107.125, -6.3125], [107.11111111111111, -6.3125], [107.11111111111111, -6.325]]]}, "properties": {"lst_celsius": 21.24}}, {"type": "Feature", "geometry": {"type": "Polygon", "coordinates": [[[107.125, -6.325], [107.13888888888889, -6.325], [107.13888888888889, -6.3125], [107.125, -6.3125], [107.125, -6.325]]]}, "properties": {"lst_celsius": 21.24}}, {"type": "Feature", "geometry": {"type": "Polygon", "coordinates": [[[107.13888888888889, -6.325], [107.15277777777777, -6.325], [107.15277777777777, -6.3125], [107.13888888888889, -6.3125], [107.13888888888889, -6.325]]]}, "properties": {"lst_celsius": 21.24}}, {"type": "Feature", "geometry": {"type": "Polygon", "coordinates": [[[107.15277777777777, -6.325], [107.16666666666667, -6.325], [107.16666666666667, -6.3125], [107.15277777777777, -6.3125], [107.15277777777777, -6.325]]]}, "properties": {"lst_celsius": 21.24}}, {"type": "Feature", "geometry": {"type": "Polygon", "coordinates": [[[107.16666666666667, -6.325], [107.18055555555556, -6.325], [107.18055555555556, -6.3125], [107.16666666666667, -6.3125], [107.16666666666667, -6.325]]]}, "properties": {"lst_celsius": 21.24}}, {"type": "Feature", "geometry": {"type": "Polygon", "coordinates": [[[107.18055555555556, -6.325], [107.19444444444444, -6.325], [107.19444444444444, -6.3125], [107.18055555555556, -6.3125], [107.18055555555556, -6.325]]]}, "properties": {"lst_celsius": 21.24}}, {"type": "Feature", "geometry": {"type": "Polygon", "coordinates": [[[107.19444444444444, -6.325], [107.20833333333333, -6.325], [107.20833333333333, -6.3125], [107.19444444444444, -6.3125], [107.19444444444444, -6.325]]]}, "properties": {"lst_celsius": 21.24}}, {"type": "Feature", "geometry": {"type": "Polygon", "coordinates": [[[107.20833333333333, -6.325], [107.22222222222223, -6.325], [107.22222222222223, -6.3125], [107.20833333333333, -6.3125], [107.20833333333333, -6.325]]]}, "properties": {"lst_celsius": 21.24}}, {"type": "Feature", "geometry": {"type": "Polygon", "coordinates": [[[107.22222222222223, -6.325], [107.23611111111111, -6.325], [107.23611111111111, -6.3125], [107.22222222222223, -6.3125], [107.22222222222223, -6.325]]]}, "properties": {"lst_celsius": 21.24}}, {"type": "Feature", "geometry": {"type": "Polygon", "coordinates": [[[107.23611111111111, -6.325], [107.25, -6.325], [107.25, -6.3125], [107.23611111111111, -6.3125], [107.23611111111111, -6.325]]]}, "properties": {"lst_celsius": 21.24}}, {"type": "Feature", "geometry": {"type": "Polygon", "coordinates": [[[106.5, -6.3125], [106.51388888888889, -6.3125], [106.51388888888889, -6.3], [106.5, -6.3], [106.5, -6.3125]]]}, "properties": {"lst_celsius": 21.42}}, {"type": "Feature", "geometry": {"type": "Polygon", "coordinates": [[[106.51388888888889, -6.3125], [106.52777777777777, -6.3125], [106.52777777777777, -6.3], [106.51388888888889, -6.3], [106.51388888888889, -6.3125]]]}, "properties": {"lst_celsius": 21.42}}, {"type": "Feature", "geometry": {"type": "Polygon", "coordinates": [[[106.52777777777777, -6.3125], [106.54166666666667, -6.3125], [106.54166666666667, -6.3], [106.52777777777777, -6.3], [106.52777777777777, -6.3125]]]}, "properties": {"lst_celsius": 21.42}}, {"type": "Feature", "geometry": {"type": "Polygon", "coordinates": [[[106.54166666666667, -6.3125], [106.55555555555556, -6.3125], [106.55555555555556, -6.3], [106.54166666666667, -6.3], [106.54166666666667, -6.3125]]]}, "properties": {"lst_celsius": 21.42}}, {"type": "Feature", "geometry": {"type": "Polygon", "coordinates": [[[106.55555555555556, -6.3125], [106.56944444444444, -6.3125], [106.56944444444444, -6.3], [106.55555555555556, -6.3], [106.55555555555556, -6.3125]]]}, "properties": {"lst_celsius": 21.42}}, {"type": "Feature", "geometry": {"type": "Polygon", "coordinates": [[[106.56944444444444, -6.3125], [106.58333333333333, -6.3125], [106.58333333333333, -6.3], [106.56944444444444, -6.3], [106.56944444444444, -6.3125]]]}, "properties": {"lst_celsius": 21.42}}, {"type": "Feature", "geometry": {"type": "Polygon", "coordinates": [[[106.58333333333333, -6.3125], [106.59722222222223, -6.3125], [106.59722222222223, -6.3], [106.58333333333333, -6.3], [106.58333333333333, -6.3125]]]}, "properties": {"lst_celsius": 21.42}}, {"type": "Feature", "geometry": {"type": "Polygon", "coordinates": [[[106.59722222222223, -6.3125], [106.61111111111111, -6.3125], [106.61111111111111, -6.3], [106.59722222222223, -6.3], [106.59722222222223, -6.3125]]]}, "properties": {"lst_celsius": 21.42}}, {"type": "Feature", "geometry": {"type": "Polygon", "coordinates": [[[106.61111111111111, -6.3125], [106.625, -6.3125], [106.625, -6.3], [106.61111111111111, -6.3], [106.61111111111111, -6.3125]]]}, "properties": {"lst_celsius": 21.42}}, {"type": "Feature", "geometry": {"type": "Polygon", "coordinates": [[[106.625, -6.3125], [106.63888888888889, -6.3125], [106.63888888888889, -6.3], [106.625, -6.3], [106.625, -6.3125]]]}, "properties": {"lst_celsius": 21.42}}, {"type": "Feature", "geometry": {"type": "Polygon", "coordinates": [[[106.63888888888889, -6.3125], [106.65277777777777, -6.3125], [106.65277777777777, -6.3], [106.63888888888889, -6.3], [106.63888888888889, -6.3125]]]}, "properties": {"lst_celsius": 21.42}}, {"type": "Feature", "geometry": {"type": "Polygon", "coordinates": [[[106.65277777777777, -6.3125], [106.66666666666667, -6.3125], [106.66666666666667, -6.3], [106.65277777777777, -6.3], [106.65277777777777, -6.3125]]]}, "properties": {"lst_celsius": 21.42}}, {"type": "Feature", "geometry": {"type": "Polygon", "coordinates": [[[106.66666666666667, -6.3125], [106.68055555555556, -6.3125], [106.68055555555556, -6.3], [106.66666666666667, -6.3], [106.66666666666667, -6.3125]]]}, "properties": {"lst_celsius": 21.42}}, {"type": "Feature", "geometry": {"type": "Polygon", "coordinates": [[[106.68055555555556, -6.3125], [106.69444444444444, -6.3125], [106.69444444444444, -6.3], [106.68055555555556, -6.3], [106.68055555555556, -6.3125]]]}, "properties": {"lst_celsius": 28.94}}, {"type": "Feature", "geometry": {"type": "Polygon", "coordinates": [[[106.69444444444444, -6.3125], [106.70833333333333, -6.3125], [106.70833333333333, -6.3], [106.69444444444444, -6.3], [106.69444444444444, -6.3125]]]}, "properties": {"lst_celsius": 29.07}}, {"type": "Feature", "geometry": {"type": "Polygon", "coordinates": [[[106.70833333333333, -6.3125], [106.72222222222223, -6.3125], [106.72222222222223, -6.3], [106.70833333333333, -6.3], [106.70833333333333, -6.3125]]]}, "properties": {"lst_celsius": 29.2}}, {"type": "Feature", "geometry": {"type": "Polygon", "coordinates": [[[106.72222222222223, -6.3125], [106.73611111111111, -6.3125], [106.73611111111111, -6.3], [106.72222222222223, -6.3], [106.72222222222223, -6.3125]]]}, "properties": {"lst_celsius": 29.33}}, {"type": "Feature", "geometry": {"type": "Polygon", "coordinates": [[[106.73611111111111, -6.3125], [106.75, -6.3125], [106.75, -6.3], [106.73611111111111, -6.3], [106.73611111111111, -6.3125]]]}, "properties": {"lst_celsius": 29.44}}, {"type": "Feature", "geometry": {"type": "Polygon", "coordinates": [[[106.75, -6.3125], [106.76388888888889, -6.3125], [106.76388888888889, -6.3], [106.75, -6.3], [106.75, -6.3125]]]}, "properties": {"lst_celsius": 29.54}}, {"type": "Feature", "geometry": {"type": "Polygon", "coordinates": [[[106.76388888888889, -6.3125], [106.77777777777777, -6.3125], [106.77777777777777, -6.3], [106.76388888888889, -6.3], [106.76388888888889, -6.3125]]]}, "properties": {"lst_celsius": 29.62}}, {"type": "Feature", "geometry": {"type": "Polygon", "coordinates": [[[106.77777777777777, -6.3125], [106.79166666666667, -6.3125], [106.79166666666667, -6.3], [106.77777777777777, -6.3], [106.77777777777777, -6.3125]]]}, "properties": {"lst_celsius": 29.69}}, {"type": "Feature", "geometry": {"type": "Polygon", "coordinates": [[[106.79166666666667, -6.3125], [106.80555555555556, -6.3125], [106.80555555555556, -6.3], [106.79166666666667, -6.3], [106.79166666666667, -6.3125]]]}, "properties": {"lst_celsius": 29.74}}, {"type": "Feature", "geometry": {"type": "Polygon", "coordinates": [[[106.80555555555556, -6.3125], [106.81944444444444, -6.3125], [106.81944444444444, -6.3], [106.80555555555556, -6.3], [106.80555555555556, -6.3125]]]}, "properties": {"lst_celsius": 29.77}}, {"type": "Feature", "geometry": {"type": "Polygon", "coordinates": [[[106.81944444444444, -6.3125], [106.83333333333333, -6.3125], [106.83333333333333, -6.3], [106.81944444444444, -6.3], [106.81944444444444, -6.3125]]]}, "properties": {"lst_celsius": 29.78}}, {"type": "Feature", "geometry": {"type": "Polygon", "coordinates": [[[106.83333333333333, -6.3125], [106.84722222222223, -6.3125], [106.84722222222223, -6.3], [106.83333333333333, -6.3], [106.83333333333333, -6.3125]]]}, "properties": {"lst_celsius": 29.77}}, {"type": "Feature", "geometry": {"type": "Polygon", "coordinates": [[[106.84722222222223, -6.3125], [106.86111111111111, -6.3125], [106.86111111111111, -6.3], [106.84722222222223, -6.3], [106.84722222222223, -6.3125]]]}, "properties": {"lst_celsius": 29.74}}, {"type": "Feature", "geometry": {"type": "Polygon", "coordinates": [[[106.86111111111111, -6.3125], [106.875, -6.3125], [106.875, -6.3], [106.86111111111111, -6.3], [106.86111111111111, -6.3125]]]}, "properties": {"lst_celsius": 29.7}}, {"type": "Feature", "geometry": {"type": "Polygon", "coordinates": [[[106.875, -6.3125], [106.88888888888889, -6.3125], [106.88888888888889, -6.3], [106.875, -6.3], [106.875, -6.3125]]]}, "properties": {"lst_celsius": 29.63}}, {"type": "Feature", "geometry": {"type": "Polygon", "coordinates": [[[106.88888888888889, -6.3125], [106.90277777777777, -6.3125], [106.90277777777777, -6.3], [106.88888888888889, -6.3], [106.88888888888889, -6.3125]]]}, "properties": {"lst_celsius": 29.55}}, {"type": "Feature", "geometry": {"type": "Polygon", "coordinates": [[[106.90277777777777, -6.3125], [106.91666666666667, -6.3125], [106.91666666666667, -6.3], [106.90277777777777, -6.3], [106.90277777777777, -6.3125]]]}, "properties": {"lst_celsius": 29.45}}, {"type": "Feature", "geometry": {"type": "Polygon", "coordinates": [[[106.91666666666667, -6.3125], [106.93055555555556, -6.3125], [106.93055555555556, -6.3], [106.91666666666667, -6.3], [106.91666666666667, -6.3125]]]}, "properties": {"lst_celsius": 29.34}}, {"type": "Feature", "geometry": {"type": "Polygon", "coordinates": [[[106.93055555555556, -6.3125], [106.94444444444444, -6.3125], [106.94444444444444, -6.3], [106.93055555555556, -6.3], [106.93055555555556, -6.3125]]]}, "properties": {"lst_celsius": 29.22}}, {"type": "Feature", "geometry": {"type": "Polygon", "coordinates": [[[106.94444444444444, -6.3125], [106.95833333333333, -6.3125], [106.95833333333333, -6.3], [106.94444444444444, -6.3], [106.94444444444444, -6.3125]]]}, "properties": {"lst_celsius": 29.09}}, {"type": "Feature", "geometry": {"type": "Polygon", "coordinates": [[[106.95833333333333, -6.3125], [106.97222222222223, -6.3125], [106.97222222222223, -6.3], [106.95833333333333, -6.3], [106.95833333333333, -6.3125]]]}, "properties": {"lst_celsius": 28.95}}, {"type": "Feature", "geometry": {"type": "Polygon", "coordinates": [[[106.97222222222223, -6.3125], [106.98611111111111, -6.3125], [106.98611111111111, -6.3], [106.97222222222223, -6.3], [106.97222222222223, -6.3125]]]}, "properties": {"lst_celsius": 21.42}}, {"type": "Feature", "geometry": {"type": "Polygon", "coordinates": [[[106.98611111111111, -6.3125], [107.0, -6.3125], [107.0, -6.3], [106.98611111111111, -6.3], [106.98611111111111, -6.3125]]]}, "properties": {"lst_celsius": 21.42}}, {"type": "Feature", "geometry": {"type": "Polygon", "coordinates": [[[107.0, -6.3125], [107.01388888888889, -6.3125], [107.01388888888889, -6.3], [107.0, -6.3], [107.0, -6.3125]]]}, "properties": {"lst_celsius": 21.42}}, {"type": "Feature", "geometry": {"type": "Polygon", "coordinates": [[[107.01388888888889, -6.3125], [107.02777777777777, -6.3125], [107.02777777777777, -6.3], [107.01388888888889, -6.3], [107.01388888888889, -6.3125]]]}, "properties": {"lst_celsius": 21.42}}, {"type": "Feature", "geometry": {"type": "Polygon", "coordinates": [[[107.02777777777777, -6.3125], [107.04166666666667, -6.3125], [107.04166666666667, -6.3], [107.02777777777777, -6.3], [107.02777777777777, -6.3125]]]}, "properties": {"lst_celsius": 21.42}}, {"type": "Feature", "geometry": {"type": "Polygon", "coordinates": [[[107.04166666666667, -6.3125], [107.05555555555556, -6.3125], [107.05555555555556, -6.3], [107.04166666666667, -6.3], [107.04166666666667, -6.3125]]]}, "properties": {"lst_celsius": 21.42}}, {"type": "Feature", "geometry": {"type": "Polygon", "coordinates": [[[107.05555555555556, -6.3125], [107.06944444444444, -6.3125], [107.06944444444444, -6.3], [107.05555555555556, -6.3], [107.05555555555556, -6.3125]]]}, "properties": {"lst_celsius": 21.42}}, {"type": "Feature", "geometry": {"type": "Polygon", "coordinates": [[[107.06944444444444, -6.3125], [107.08333333333333, -6.3125], [107.08333333333333, -6.3], [107.06944444444444, -6.3], [107.06944444444444, -6.3125]]]}, "properties": {"lst_celsius": 21.42}}, {"type": "Feature", "geometry": {"type": "Polygon", "coordinates": [[[107.08333333333333, -6.3125], [107.09722222222223, -6.3125], [107.09722222222223, -6.3], [107.08333333333333, -6.3], [107.08333333333333, -6.3125]]]}, "properties": {"lst_celsius": 21.42}}, {"type": "Feature", "geometry": {"type": "Polygon", "coordinates": [[[107.09722222222223, -6.3125], [107.11111111111111, -6.3125], [107.11111111111111, -6.3], [107.09722222222223, -6.3], [107.09722222222223, -6.3125]]]}, "properties": {"lst_celsius": 21.42}}, {"type": "Feature", "geometry": {"type": "Polygon", "coordinates": [[[107.11111111111111, -6.3125], [107.125, -6.3125], [107.125, -6.3], [107.11111111111111, -6.3], [107.11111111111111, -6.3125]]]}, "properties": {"lst_celsius": 21.42}}, {"type": "Feature", "geometry": {"type": "Polygon", "coordinates": [[[107.125, -6.3125], [107.13888888888889, -6.3125], [107.13888888888889, -6.3], [107.125, -6.3], [107.125, -6.3125]]]}, "properties": {"lst_celsius": 21.42}}, {"type": "Feature", "geometry": {"type": "Polygon", "coordinates": [[[107.13888888888889, -6.3125], [107.15277777777777, -6.3125], [107.15277777777777, -6.3], [107.13888888888889, -6.3], [107.13888888888889, -6.3125]]]}, "properties": {"lst_celsius": 21.42}}, {"type": "Feature", "geometry": {"type": "Polygon", "coordinates": [[[107.15277777777777, -6.3125], [107.16666666666667, -6.3125], [107.16666666666667, -6.3], [107.15277777777777, -6.3], [107.15277777777777, -6.3125]]]}, "properties": {"lst_celsius": 21.42}}, {"type": "Feature", "geometry": {"type": "Polygon", "coordinates": [[[107.16666666666667, -6.3125], [107.18055555555556, -6.3125], [107.18055555555556, -6.3], [107.16666666666667, -6.3], [107.16666666666667, -6.3125]]]}, "properties": {"lst_celsius": 21.42}}, {"type": "Feature", "geometry": {"type": "Polygon", "coordinates": [[[107.18055555555556, -6.3125], [107.19444444444444, -6.3125], [107.19444444444444, -6.3], [107.18055555555556, -6.3], [107.18055555555556, -6.3125]]]}, "properties": {"lst_celsius": 21.42}}, {"type": "Feature", "geometry": {"type": "Polygon", "coordinates": [[[107.19444444444444, -6.3125], [107.20833333333333, -6.3125], [107.20833333333333, -6.3], [107.19444444444444, -6.3], [107.19444444444444, -6.3125]]]}, "properties": {"lst_celsius": 21.42}}, {"type": "Feature", "geometry": {"type": "Polygon", "coordinates": [[[107.20833333333333, -6.3125], [107.22222222222223, -6.3125], [107.22222222222223, -6.3], [107.20833333333333, -6.3], [107.20833333333333, -6.3125]]]}, "properties": {"lst_celsius": 21.42}}, {"type": "Feature", "geometry": {"type": "Polygon", "coordinates": [[[107.22222222222223, -6.3125], [107.23611111111111, -6.3125], [107.23611111111111, -6.3], [107.22222222222223, -6.3], [107.22222222222223, -6.3125]]]}, "properties": {"lst_celsius": 21.42}}, {"type": "Feature", "geometry": {"type": "Polygon", "coordinates": [[[107.23611111111111, -6.3125], [107.25, -6.3125], [107.25, -6.3], [107.23611111111111, -6.3], [107.23611111111111, -6.3125]]]}, "properties": {"lst_celsius": 21.42}}, {"type": "Feature", "geometry": {"type": "Polygon", "coordinates": [[[106.5, -6.3], [106.51388888888889, -6.3], [106.51388888888889, -6.2875], [106.5, -6.2875], [106.5, -6.3]]]}, "properties": {"lst_celsius": 21.6}}, {"type": "Feature", "geometry": {"type": "Polygon", "coordinates": [[[106.51388888888889, -6.3], [106.52777777777777, -6.3], [106.52777777777777, -6.2875], [106.51388888888889, -6.2875], [106.51388888888889, -6.3]]]}, "properties": {"lst_celsius": 21.6}}, {"type": "Feature", "geometry": {"type": "Polygon", "coordinates": [[[106.52777777777777, -6.3], [106.54166666666667, -6.3], [106.54166666666667, -6.2875], [106.52777777777777, -6.2875], [106.52777777777777, -6.3]]]}, "properties": {"lst_celsius": 21.6}}, {"type": "Feature", "geometry": {"type": "Polygon", "coordinates": [[[106.54166666666667, -6.3], [106.55555555555556, -6.3], [106.55555555555556, -6.2875], [106.54166666666667, -6.2875], [106.54166666666667, -6.3]]]}, "properties": {"lst_celsius": 21.6}}, {"type": "Feature", "geometry": {"type": "Polygon", "coordinates": [[[106.55555555555556, -6.3], [106.56944444444444, -6.3], [106.56944444444444, -6.2875], [106.55555555555556, -6.2875], [106.55555555555556, -6.3]]]}, "properties": {"lst_celsius": 21.6}}, {"type": "Feature", "geometry": {"type": "Polygon", "coordinates": [[[106.56944444444444, -6.3], [106.58333333333333, -6.3], [106.58333333333333, -6.2875], [106.56944444444444, -6.2875], [106.56944444444444, -6.3]]]}, "properties": {"lst_celsius": 21.6}}, {"type": "Feature", "geometry": {"type": "Polygon", "coordinates": [[[106.58333333333333, -6.3], [106.59722222222223, -6.3], [106.59722222222223, -6.2875], [106.58333333333333, -6.2875], [106.58333333333333, -6.3]]]}, "properties": {"lst_celsius": 21.6}}, {"type": "Feature", "geometry": {"type": "Polygon", "coordinates": [[[106.59722222222223, -6.3], [106.61111111111111, -6.3], [106.61111111111111, -6.2875], [106.59722222222223, -6.2875], [106.59722222222223, -6.3]]]}, "properties": {"lst_celsius": 21.6}}, {"type": "Feature", "geometry": {"type": "Polygon", "coordinates": [[[106.61111111111111, -6.3], [106.625, -6.3], [106.625, -6.2875], [106.61111111111111, -6.2875], [106.61111111111111, -6.3]]]}, "properties": {"lst_celsius": 21.6}}, {"type": "Feature", "geometry": {"type": "Polygon", "coordinates": [[[106.625, -6.3], [106.63888888888889, -6.3], [106.63888888888889, -6.2875], [106.625, -6.2875], [106.625, -6.3]]]}, "properties": {"lst_celsius": 21.6}}, {"type": "Feature", "geometry": {"type": "Polygon", "coordinates": [[[106.63888888888889, -6.3], [106.65277777777777, -6.3], [106.65277777777777, -6.2875], [106.63888888888889, -6.2875], [106.63888888888889, -6.3]]]}, "properties": {"lst_celsius": 21.6}}, {"type": "Feature", "geometry": {"type": "Polygon", "coordinates": [[[106.65277777777777, -6.3], [106.66666666666667, -6.3], [106.66666666666667, -6.2875], [106.65277777777777, -6.2875], [106.65277777777777, -6.3]]]}, "properties": {"lst_celsius": 21.6}}, {"type": "Feature", "geometry": {"type": "Polygon", "coordinates": [[[106.66666666666667, -6.3], [106.68055555555556, -6.3], [106.68055555555556, -6.2875], [106.66666666666667, -6.2875], [106.66666666666667, -6.3]]]}, "properties": {"lst_celsius": 29.03}}, {"type": "Feature", "geometry": {"type": "Polygon", "coordinates": [[[106.68055555555556, -6.3], [106.69444444444444, -6.3], [106.69444444444444, -6.2875], [106.68055555555556, -6.2875], [106.68055555555556, -6.3]]]}, "properties": {"lst_celsius": 29.18}}, {"type": "Feature", "geometry": {"type": "Polygon", "coordinates": [[[106.69444444444444, -6.3], [106.70833333333333, -6.3], [106.70833333333333, -6.2875], [106.69444444444444, -6.2875], [106.69444444444444, -6.3]]]}, "properties": {"lst_celsius": 29.33}}, {"type": "Feature", "geometry": {"type": "Polygon", "coordinates": [[[106.70833333333333, -6.3], [106.72222222222223, -6.3], [106.72222222222223, -6.2875], [106.70833333333333, -6.2875], [106.70833333333333, -6.3]]]}, "properties": {"lst_celsius": 29.46}}, {"type": "Feature", "geometry": {"type": "Polygon", "coordinates": [[[106.72222222222223, -6.3], [106.73611111111111, -6.3], [106.73611111111111, -6.2875], [106.72222222222223, -6.2875], [106.72222222222223, -6.3]]]}, "properties": {"lst_celsius": 29.59}}, {"type": "Feature", "geometry": {"type": "Polygon", "coordinates": [[[106.73611111111111, -6.3], [106.75, -6.3], [106.75, -6.2875], [106.73611111111111, -6.2875], [106.73611111111111, -6.3]]]}, "properties": {"lst_celsius": 29.71}}, {"type": "Feature", "geometry": {"type": "Polygon", "coordinates": [[[106.75, -6.3], [106.76388888888889, -6.3], [106.76388888888889, -6.2875], [106.75, -6.2875], [106.75, -6.3]]]}, "properties": {"lst_celsius": 29.82}}, {"type": "Feature", "geometry": {"type": "Polygon", "coordinates": [[[106.76388888888889, -6.3], [106.77777777777777, -6.3], [106.77777777777777, -6.2875], [106.76388888888889, -6.2875], [106.76388888888889, -6.3]]]}, "properties": {"lst_celsius": 29.91}}, {"type": "Feature", "geometry": {"type": "Polygon", "coordinates": [[[106.77777777777777, -6.3], [106.79166666666667, -6.3], [106.79166666666667, -6.2875], [106.77777777777777, -6.2875], [106.77777777777777, -6.3]]]}, "properties": {"lst_celsius": 29.98}}, {"type": "Feature", "geometry": {"type": "Polygon", "coordinates": [[[106.79166666666667, -6.3], [106.80555555555556, -6.3], [106.80555555555556, -6.2875], [106.79166666666667, -6.2875], [106.79166666666667, -6.3]]]}, "properties": {"lst_celsius": 30.04}}, {"type": "Feature", "geometry": {"type": "Polygon", "coordinates": [[[106.80555555555556, -6.3], [106.81944444444444, -6.3], [106.81944444444444, -6.2875], [106.80555555555556, -6.2875], [106.80555555555556, -6.3]]]}, "properties": {"lst_celsius": 30.08}}, {"type": "Feature", "geometry": {"type": "Polygon", "coordinates": [[[106.81944444444444, -6.3], [106.83333333333333, -6.3], [106.83333333333333, -6.2875], [106.81944444444444, -6.2875], [106.81944444444444, -6.3]]]}, "properties": {"lst_celsius": 30.09}}, {"type": "Feature", "geometry": {"type": "Polygon", "coordinates": [[[106.83333333333333, -6.3], [106.84722222222223, -6.3], [106.84722222222223, -6.2875], [106.83333333333333, -6.2875], [106.83333333333333, -6.3]]]}, "properties": {"lst_celsius": 30.08}}, {"type": "Feature", "geometry": {"type": "Polygon", "coordinates": [[[106.84722222222223, -6.3], [106.86111111111111, -6.3], [106.86111111111111, -6.2875], [106.84722222222223, -6.2875], [106.84722222222223, -6.3]]]}, "properties": {"lst_celsius": 30.05}}, {"type": "Feature", "geometry": {"type": "Polygon", "coordinates": [[[106.86111111111111, -6.3], [106.875, -6.3], [106.875, -6.2875], [106.86111111111111, -6.2875], [106.86111111111111, -6.3]]]}, "properties": {"lst_celsius": 29.99}}, {"type": "Feature", "geometry": {"type": "Polygon", "coordinates": [[[106.875, -6.3], [106.88888888888889, -6.3], [106.88888888888889, -6.2875], [106.875, -6.2875], [106.875, -6.3]]]}, "properties": {"lst_celsius": 29.92}}, {"type": "Feature", "geometry": {"type": "Polygon", "coordinates": [[[106.88888888888889, -6.3], [106.90277777777777, -6.3], [106.90277777777777, -6.2875], [106.88888888888889, -6.2875], [106.88888888888889, -6.3]]]}, "properties": {"lst_celsius": 29.83}}, {"type": "Feature", "geometry": {"type": "Polygon", "coordinates": [[[106.90277777777777, -6.3], [106.91666666666667, -6.3], [106.91666666666667, -6.2875], [106.90277777777777, -6.2875], [106.90277777777777, -6.3]]]}, "properties": {"lst_celsius": 29.73}}, {"type": "Feature", "geometry": {"type": "Polygon", "coordinates": [[[106.91666666666667, -6.3], [106.93055555555556, -6.3], [106.93055555555556, -6.2875], [106.91666666666667, -6.2875], [106.91666666666667, -6.3]]]}, "properties": {"lst_celsius": 29.61}}, {"type": "Feature", "geometry": {"type": "Polygon", "coordinates": [[[106.93055555555556, -6.3], [106.94444444444444, -6.3], [106.94444444444444, -6.2875], [106.93055555555556, -6.2875], [106.93055555555556, -6.3]]]}, "properties": {"lst_celsius": 29.48}}, {"type": "Feature", "geometry": {"type": "Polygon", "coordinates": [[[106.94444444444444, -6.3], [106.95833333333333, -6.3], [106.95833333333333, -6.2875], [106.94444444444444, -6.2875], [106.94444444444444, -6.3]]]}, "properties": {"lst_celsius": 29.34}}, {"type": "Feature", "geometry": {"type": "Polygon", "coordinates": [[[106.95833333333333, -6.3], [106.97222222222223, -6.3], [106.97222222222223, -6.2875], [106.95833333333333, -6.2875], [106.95833333333333, -6.3]]]}, "properties": {"lst_celsius": 29.2}}, {"type": "Feature", "geometry": {"type": "Polygon", "coordinates": [[[106.97222222222223, -6.3], [106.98611111111111, -6.3], [106.98611111111111, -6.2875], [106.97222222222223, -6.2875], [106.97222222222223, -6.3]]]}, "properties": {"lst_celsius": 29.05}}, {"type": "Feature", "geometry": {"type": "Polygon", "coordinates": [[[106.98611111111111, -6.3], [107.0, -6.3], [107.0, -6.2875], [106.98611111111111, -6.2875], [106.98611111111111, -6.3]]]}, "properties": {"lst_celsius": 21.6}}, {"type": "Feature", "geometry": {"type": "Polygon", "coordinates": [[[107.0, -6.3], [107.01388888888889, -6.3], [107.01388888888889, -6.2875], [107.0, -6.2875], [107.0, -6.3]]]}, "properties": {"lst_celsius": 21.6}}, {"type": "Feature", "geometry": {"type": "Polygon", "coordinates": [[[107.01388888888889, -6.3], [107.02777777777777, -6.3], [107.02777777777777, -6.2875], [107.01388888888889, -6.2875], [107.01388888888889, -6.3]]]}, "properties": {"lst_celsius": 21.6}}, {"type": "Feature", "geometry": {"type": "Polygon", "coordinates": [[[107.02777777777777, -6.3], [107.04166666666667, -6.3], [107.04166666666667, -6.2875], [107.02777777777777, -6.2875], [107.02777777777777, -6.3]]]}, "properties": {"lst_celsius": 21.6}}, {"type": "Feature", "geometry": {"type": "Polygon", "coordinates": [[[107.04166666666667, -6.3], [107.05555555555556, -6.3], [107.05555555555556, -6.2875], [107.04166666666667, -6.2875], [107.04166666666667, -6.3]]]}, "properties": {"lst_celsius": 21.6}}, {"type": "Feature", "geometry": {"type": "Polygon", "coordinates": [[[107.05555555555556, -6.3], [107.06944444444444, -6.3], [107.06944444444444, -6.2875], [107.05555555555556, -6.2875], [107.05555555555556, -6.3]]]}, "properties": {"lst_celsius": 21.6}}, {"type": "Feature", "geometry": {"type": "Polygon", "coordinates": [[[107.06944444444444, -6.3], [107.08333333333333, -6.3], [107.08333333333333, -6.2875], [107.06944444444444, -6.2875], [107.06944444444444, -6.3]]]}, "properties": {"lst_celsius": 21.6}}, {"type": "Feature", "geometry": {"type": "Polygon", "coordinates": [[[107.08333333333333, -6.3], [107.09722222222223, -6.3], [107.09722222222223, -6.2875], [107.08333333333333, -6.2875], [107.08333333333333, -6.3]]]}, "properties": {"lst_celsius": 21.6}}, {"type": "Feature", "geometry": {"type": "Polygon", "coordinates": [[[107.09722222222223, -6.3], [107.11111111111111, -6.3], [107.11111111111111, -6.2875], [107.09722222222223, -6.2875], [107.09722222222223, -6.3]]]}, "properties": {"lst_celsius": 21.6}}, {"type": "Feature", "geometry": {"type": "Polygon", "coordinates": [[[107.11111111111111, -6.3], [107.125, -6.3], [107.125, -6.2875], [107.11111111111111, -6.2875], [107.11111111111111, -6.3]]]}, "properties": {"lst_celsius": 21.6}}, {"type": "Feature", "geometry": {"type": "Polygon", "coordinates": [[[107.125, -6.3], [107.13888888888889, -6.3], [107.13888888888889, -6.2875], [107.125, -6.2875], [107.125, -6.3]]]}, "properties": {"lst_celsius": 21.6}}, {"type": "Feature", "geometry": {"type": "Polygon", "coordinates": [[[107.13888888888889, -6.3], [107.15277777777777, -6.3], [107.15277777777777, -6.2875], [107.13888888888889, -6.2875], [107.13888888888889, -6.3]]]}, "properties": {"lst_celsius": 21.6}}, {"type": "Feature", "geometry": {"type": "Polygon", "coordinates": [[[107.15277777777777, -6.3], [107.16666666666667, -6.3], [107.16666666666667, -6.2875], [107.15277777777777, -6.2875], [107.15277777777777, -6.3]]]}, "properties": {"lst_celsius": 21.6}}, {"type": "Feature", "geometry": {"type": "Polygon", "coordinates": [[[107.16666666666667, -6.3], [107.18055555555556, -6.3], [107.18055555555556, -6.2875], [107.16666666666667, -6.2875], [107.16666666666667, -6.3]]]}, "properties": {"lst_celsius": 21.6}}, {"type": "Feature", "geometry": {"type": "Polygon", "coordinates": [[[107.18055555555556, -6.3], [107.19444444444444, -6.3], [107.19444444444444, -6.2875], [107.18055555555556, -6.2875], [107.18055555555556, -6.3]]]}, "properties": {"lst_celsius": 21.6}}, {"type": "Feature", "geometry": {"type": "Polygon", "coordinates": [[[107.19444444444444, -6.3], [107.20833333333333, -6.3], [107.20833333333333, -6.2875], [107.19444444444444, -6.2875], [107.19444444444444, -6.3]]]}, "properties": {"lst_celsius": 21.6}}, {"type": "Feature", "geometry": {"type": "Polygon", "coordinates": [[[107.20833333333333, -6.3], [107.22222222222223, -6.3], [107.22222222222223, -6.2875], [107.20833333333333, -6.2875], [107.20833333333333, -6.3]]]}, "properties": {"lst_celsius": 21.6}}, {"type": "Feature", "geometry": {"type": "Polygon", "coordinates": [[[107.22222222222223, -6.3], [107.23611111111111, -6.3], [107.23611111111111, -6.2875], [107.22222222222223, -6.2875], [107.22222222222223, -6.3]]]}, "properties": {"lst_celsius": 21.6}}, {"type": "Feature", "geometry": {"type": "Polygon", "coordinates": [[[107.23611111111111, -6.3], [107.25, -6.3], [107.25, -6.2875], [107.23611111111111, -6.2875], [107.23611111111111, -6.3]]]}, "properties": {"lst_celsius": 21.6}}, {"type": "Feature", "geometry": {"type": "Polygon", "coordinates": [[[106.5, -6.2875], [106.51388888888889, -6.2875], [106.51388888888889, -6.275], [106.5, -6.275], [106.5, -6.2875]]]}, "properties": {"lst_celsius": 21.78}}, {"type": "Feature", "geometry": {"type": "Polygon", "coordinates": [[[106.51388888888889, -6.2875], [106.52777777777777, -6.2875], [106.52777777777777, -6.275], [106.51388888888889, -6.275], [106.51388888888889, -6.2875]]]}, "properties": {"lst_celsius": 21.78}}, {"type": "Feature", "geometry": {"type": "Polygon", "coordinates": [[[106.52777777777777, -6.2875], [106.54166666666667, -6.2875], [106.54166666666667, -6.275], [106.52777777777777, -6.275], [106.52777777777777, -6.2875]]]}, "properties": {"lst_celsius": 21.78}}, {"type": "Feature", "geometry": {"type": "Polygon", "coordinates": [[[106.54166666666667, -6.2875], [106.55555555555556, -6.2875], [106.55555555555556, -6.275], [106.54166666666667, -6.275], [106.54166666666667, -6.2875]]]}, "properties": {"lst_celsius": 21.78}}, {"type": "Feature", "geometry": {"type": "Polygon", "coordinates": [[[106.55555555555556, -6.2875], [106.56944444444444, -6.2875], [106.56944444444444, -6.275], [106.55555555555556, -6.275], [106.55555555555556, -6.2875]]]}, "properties": {"lst_celsius": 21.78}}, {"type": "Feature", "geometry": {"type": "Polygon", "coordinates": [[[106.56944444444444, -6.2875], [106.58333333333333, -6.2875], [106.58333333333333, -6.275], [106.56944444444444, -6.275], [106.56944444444444, -6.2875]]]}, "properties": {"lst_celsius": 21.78}}, {"type": "Feature", "geometry": {"type": "Polygon", "coordinates": [[[106.58333333333333, -6.2875], [106.59722222222223, -6.2875], [106.59722222222223, -6.275], [106.58333333333333, -6.275], [106.58333333333333, -6.2875]]]}, "properties": {"lst_celsius": 21.78}}, {"type": "Feature", "geometry": {"type": "Polygon", "coordinates": [[[106.59722222222223, -6.2875], [106.61111111111111, -6.2875], [106.61111111111111, -6.275], [106.59722222222223, -6.275], [106.59722222222223, -6.2875]]]}, "properties": {"lst_celsius": 21.78}}, {"type": "Feature", "geometry": {"type": "Polygon", "coordinates": [[[106.61111111111111, -6.2875], [106.625, -6.2875], [106.625, -6.275], [106.61111111111111, -6.275], [106.61111111111111, -6.2875]]]}, "properties": {"lst_celsius": 21.78}}, {"type": "Feature", "geometry": {"type": "Polygon", "coordinates": [[[106.625, -6.2875], [106.63888888888889, -6.2875], [106.63888888888889, -6.275], [106.625, -6.275], [106.625, -6.2875]]]}, "properties": {"lst_celsius": 21.78}}, {"type": "Feature", "geometry": {"type": "Polygon", "coordinates": [[[106.63888888888889, -6.2875], [106.65277777777777, -6.2875], [106.65277777777777, -6.275], [106.63888888888889, -6.275], [106.63888888888889, -6.2875]]]}, "properties": {"lst_celsius": 21.78}}, {"type": "Feature", "geometry": {"type": "Polygon", "coordinates": [[[106.65277777777777, -6.2875], [106.66666666666667, -6.2875], [106.66666666666667, -6.275], [106.65277777777777, -6.275], [106.65277777777777, -6.2875]]]}, "properties": {"lst_celsius": 29.1}}, {"type": "Feature", "geometry": {"type": "Polygon", "coordinates": [[[106.66666666666667, -6.2875], [106.68055555555556, -6.2875], [106.68055555555556, -6.275], [106.66666666666667, -6.275], [106.66666666666667, -6.2875]]]}, "properties": {"lst_celsius": 29.26}}, {"type": "Feature", "geometry": {"type": "Polygon", "coordinates": [[[106.68055555555556, -6.2875], [106.69444444444444, -6.2875], [106.69444444444444, -6.275], [106.68055555555556, -6.275], [106.68055555555556, -6.2875]]]}, "properties": {"lst_celsius": 29.42}}, {"type": "Feature", "geometry": {"type": "Polygon", "coordinates": [[[106.69444444444444, -6.2875], [106.70833333333333, -6.2875], [106.70833333333333, -6.275], [106.69444444444444, -6.275], [106.69444444444444, -6.2875]]]}, "properties": {"lst_celsius": 29.57}}, {"type": "Feature", "geometry": {"type": "Polygon", "coordinates": [[[106.70833333333333, -6.2875], [106.72222222222223, -6.2875], [106.72222222222223, -6.275], [106.70833333333333, -6.275], [106.70833333333333, -6.2875]]]}, "properties": {"lst_celsius": 29.72}}, {"type": "Feature", "geometry": {"type": "Polygon", "coordinates": [[[106.72222222222223, -6.2875], [106.73611111111111, -6.2875], [106.73611111111111, -6.275], [106.72222222222223, -6.275], [106.72222222222223, -6.2875]]]}, "properties": {"lst_celsius": 29.86}}, {"type": "Feature", "geometry": {"type": "Polygon", "coordinates": [[[106.73611111111111, -6.2875], [106.75, -6.2875], [106.75, -6.275], [106.73611111111111, -6.275], [106.73611111111111, -6.2875]]]}, "properties": {"lst_celsius": 29.98}}, {"type": "Feature", "geometry": {"type": "Polygon", "coordinates": [[[106.75, -6.2875], [106.76388888888889, -6.2875], [106.76388888888889, -6.275], [106.75, -6.275], [106.75, -6.2875]]]}, "properties": {"lst_celsius": 30.1}}, {"type": "Feature", "geometry": {"type": "Polygon", "coordinates": [[[106.76388888888889, -6.2875], [106.77777777777777, -6.2875], [106.77777777777777, -6.275], [106.76388888888889, -6.275], [106.76388888888889, -6.2875]]]}, "properties": {"lst_celsius": 30.2}}, {"type": "Feature", "geometry": {"type": "Polygon", "coordinates": [[[106.77777777777777, -6.2875], [106.79166666666667, -6.2875], [106.79166666666667, -6.275], [106.77777777777777, -6.275], [106.77777777777777, -6.2875]]]}, "properties": {"lst_celsius": 30.28}}, {"type": "Feature", "geometry": {"type": "Polygon", "coordinates": [[[106.79166666666667, -6.2875], [106.80555555555556, -6.2875], [106.80555555555556, -6.275], [106.79166666666667, -6.275], [106.79166666666667, -6.2875]]]}, "properties": {"lst_celsius": 30.34}}, {"type": "Feature", "geometry": {"type": "Polygon", "coordinates": [[[106.80555555555556, -6.2875], [106.81944444444444, -6.2875], [106.81944444444444, -6.275], [106.80555555555556, -6.275], [106.80555555555556, -6.2875]]]}, "properties": {"lst_celsius": 30.38}}, {"type": "Feature", "geometry": {"type": "Polygon", "coordinates": [[[106.81944444444444, -6.2875], [106.83333333333333, -6.2875], [106.83333333333333, -6.275], [106.81944444444444, -6.275], [106.81944444444444, -6.2875]]]}, "properties": {"lst_celsius": 30.39}}, {"type": "Feature", "geometry": {"type": "Polygon", "coordinates": [[[106.83333333333333, -6.2875], [106.84722222222223, -6.2875], [106.84722222222223, -6.275], [106.83333333333333, -6.275], [106.83333333333333, -6.2875]]]}, "properties": {"lst_celsius": 30.38}}, {"type": "Feature", "geometry": {"type": "Polygon", "coordinates": [[[106.84722222222223, -6.2875], [106.86111111111111, -6.2875], [106.86111111111111, -6.275], [106.84722222222223, -6.275], [106.84722222222223, -6.2875]]]}, "properties": {"lst_celsius": 30.35}}, {"type": "Feature", "geometry": {"type": "Polygon", "coordinates": [[[106.86111111111111, -6.2875], [106.875, -6.2875], [106.875, -6.275], [106.86111111111111, -6.275], [106.86111111111111, -6.2875]]]}, "properties": {"lst_celsius": 30.29}}, {"type": "Feature", "geometry": {"type": "Polygon", "coordinates": [[[106.875, -6.2875], [106.88888888888889, -6.2875], [106.88888888888889, -6.275], [106.875, -6.275], [106.875, -6.2875]]]}, "properties": {"lst_celsius": 30.21}}, {"type": "Feature", "geometry": {"type": "Polygon", "coordinates": [[[106.88888888888889, -6.2875], [106.90277777777777, -6.2875], [106.90277777777777, -6.275], [106.88888888888889, -6.275], [106.88888888888889, -6.2875]]]}, "properties": {"lst_celsius": 30.11}}, {"type": "Feature", "geometry": {"type": "Polygon", "coordinates": [[[106.90277777777777, -6.2875], [106.91666666666667, -6.2875], [106.91666666666667, -6.275], [106.90277777777777, -6.275], [106.90277777777777, -6.2875]]]}, "properties": {"lst_celsius": 30.0}}, {"type": "Feature", "geometry": {"type": "Polygon", "coordinates": [[[106.91666666666667, -6.2875], [106.93055555555556, -6.2875], [106.93055555555556, -6.275], [106.91666666666667, -6.275], [106.91666666666667, -6.2875]]]}, "properties": {"lst_celsius": 29.87}}, {"type": "Feature", "geometry": {"type": "Polygon", "coordinates": [[[106.93055555555556, -6.2875], [106.94444444444444, -6.2875], [106.94444444444444, -6.275], [106.93055555555556, -6.275], [106.93055555555556, -6.2875]]]}, "properties": {"lst_celsius": 29.73}}, {"type": "Feature", "geometry": {"type": "Polygon", "coordinates": [[[106.94444444444444, -6.2875], [106.95833333333333, -6.2875], [106.95833333333333, -6.275], [106.94444444444444, -6.275], [106.94444444444444, -6.2875]]]}, "properties": {"lst_celsius": 29.59}}, {"type": "Feature", "geometry": {"type": "Polygon", "coordinates": [[[106.95833333333333, -6.2875], [106.97222222222223, -6.2875], [106.97222222222223, -6.275], [106.95833333333333, -6.275], [106.95833333333333, -6.2875]]]}, "properties": {"lst_celsius": 29.44}}, {"type": "Feature", "geometry": {"type": "Polygon", "coordinates": [[[106.97222222222223, -6.2875], [106.98611111111111, -6.2875], [106.98611111111111, -6.275], [106.97222222222223, -6.275], [106.97222222222223, -6.2875]]]}, "properties": {"lst_celsius": 29.28}}, {"type": "Feature", "geometry": {"type": "Polygon", "coordinates": [[[106.98611111111111, -6.2875], [107.0, -6.2875], [107.0, -6.275], [106.98611111111111, -6.275], [106.98611111111111, -6.2875]]]}, "properties": {"lst_celsius": 29.12}}, {"type": "Feature", "geometry": {"type": "Polygon", "coordinates": [[[107.0, -6.2875], [107.01388888888889, -6.2875], [107.01388888888889, -6.275], [107.0, -6.275], [107.0, -6.2875]]]}, "properties": {"lst_celsius": 21.78}}, {"type": "Feature", "geometry": {"type": "Polygon", "coordinates": [[[107.01388888888889, -6.2875], [107.02777777777777, -6.2875], [107.02777777777777, -6.275], [107.01388888888889, -6.275], [107.01388888888889, -6.2875]]]}, "properties": {"lst_celsius": 21.78}}, {"type": "Feature", "geometry": {"type": "Polygon", "coordinates": [[[107.02777777777777, -6.2875], [107.04166666666667, -6.2875], [107.04166666666667, -6.275], [107.02777777777777, -6.275], [107.02777777777777, -6.2875]]]}, "properties": {"lst_celsius": 21.78}}, {"type": "Feature", "geometry": {"type": "Polygon", "coordinates": [[[107.04166666666667, -6.2875], [107.05555555555556, -6.2875], [107.05555555555556, -6.275], [107.04166666666667, -6.275], [107.04166666666667, -6.2875]]]}, "properties": {"lst_celsius": 21.78}}, {"type": "Feature", "geometry": {"type": "Polygon", "coordinates": [[[107.05555555555556, -6.2875], [107.06944444444444, -6.2875], [107.06944444444444, -6.275], [107.05555555555556, -6.275], [107.05555555555556, -6.2875]]]}, "properties": {"lst_celsius": 21.78}}, {"type": "Feature", "geometry": {"type": "Polygon", "coordinates": [[[107.06944444444444, -6.2875], [107.08333333333333, -6.2875], [107.08333333333333, -6.275], [107.06944444444444, -6.275], [107.06944444444444, -6.2875]]]}, "properties": {"lst_celsius": 21.78}}, {"type": "Feature", "geometry": {"type": "Polygon", "coordinates": [[[107.08333333333333, -6.2875], [107.09722222222223, -6.2875], [107.09722222222223, -6.275], [107.08333333333333, -6.275], [107.08333333333333, -6.2875]]]}, "properties": {"lst_celsius": 21.78}}, {"type": "Feature", "geometry": {"type": "Polygon", "coordinates": [[[107.09722222222223, -6.2875], [107.11111111111111, -6.2875], [107.11111111111111, -6.275], [107.09722222222223, -6.275], [107.09722222222223, -6.2875]]]}, "properties": {"lst_celsius": 21.78}}, {"type": "Feature", "geometry": {"type": "Polygon", "coordinates": [[[107.11111111111111, -6.2875], [107.125, -6.2875], [107.125, -6.275], [107.11111111111111, -6.275], [107.11111111111111, -6.2875]]]}, "properties": {"lst_celsius": 21.78}}, {"type": "Feature", "geometry": {"type": "Polygon", "coordinates": [[[107.125, -6.2875], [107.13888888888889, -6.2875], [107.13888888888889, -6.275], [107.125, -6.275], [107.125, -6.2875]]]}, "properties": {"lst_celsius": 21.78}}, {"type": "Feature", "geometry": {"type": "Polygon", "coordinates": [[[107.13888888888889, -6.2875], [107.15277777777777, -6.2875], [107.15277777777777, -6.275], [107.13888888888889, -6.275], [107.13888888888889, -6.2875]]]}, "properties": {"lst_celsius": 21.78}}, {"type": "Feature", "geometry": {"type": "Polygon", "coordinates": [[[107.15277777777777, -6.2875], [107.16666666666667, -6.2875], [107.16666666666667, -6.275], [107.15277777777777, -6.275], [107.15277777777777, -6.2875]]]}, "properties": {"lst_celsius": 21.78}}, {"type": "Feature", "geometry": {"type": "Polygon", "coordinates": [[[107.16666666666667, -6.2875], [107.18055555555556, -6.2875], [107.18055555555556, -6.275], [107.16666666666667, -6.275], [107.16666666666667, -6.2875]]]}, "properties": {"lst_celsius": 21.78}}, {"type": "Feature", "geometry": {"type": "Polygon", "coordinates": [[[107.18055555555556, -6.2875], [107.19444444444444, -6.2875], [107.19444444444444, -6.275], [107.18055555555556, -6.275], [107.18055555555556, -6.2875]]]}, "properties": {"lst_celsius": 21.78}}, {"type": "Feature", "geometry": {"type": "Polygon", "coordinates": [[[107.19444444444444, -6.2875], [107.20833333333333, -6.2875], [107.20833333333333, -6.275], [107.19444444444444, -6.275], [107.19444444444444, -6.2875]]]}, "properties": {"lst_celsius": 21.78}}, {"type": "Feature", "geometry": {"type": "Polygon", "coordinates": [[[107.20833333333333, -6.2875], [107.22222222222223, -6.2875], [107.22222222222223, -6.275], [107.20833333333333, -6.275], [107.20833333333333, -6.2875]]]}, "properties": {"lst_celsius": 21.78}}, {"type": "Feature", "geometry": {"type": "Polygon", "coordinates": [[[107.22222222222223, -6.2875], [107.23611111111111, -6.2875], [107.23611111111111, -6.275], [107.22222222222223, -6.275], [107.22222222222223, -6.2875]]]}, "properties": {"lst_celsius": 21.78}}, {"type": "Feature", "geometry": {"type": "Polygon", "coordinates": [[[107.23611111111111, -6.2875], [107.25, -6.2875], [107.25, -6.275], [107.23611111111111, -6.275], [107.23611111111111, -6.2875]]]}, "properties": {"lst_celsius": 21.78}}, {"type": "Feature", "geometry": {"type": "Polygon", "coordinates": [[[106.5, -6.275], [106.51388888888889, -6.275], [106.51388888888889, -6.2625], [106.5, -6.2625], [106.5, -6.275]]]}, "properties": {"lst_celsius": 21.96}}, {"type": "Feature", "geometry": {"type": "Polygon", "coordinates": [[[106.51388888888889, -6.275], [106.52777777777777, -6.275], [106.52777777777777, -6.2625], [106.51388888888889, -6.2625], [106.51388888888889, -6.275]]]}, "properties": {"lst_celsius": 21.96}}, {"type": "Feature", "geometry": {"type": "Polygon", "coordinates": [[[106.52777777777777, -6.275], [106.54166666666667, -6.275], [106.54166666666667, -6.2625], [106.52777777777777, -6.2625], [106.52777777777777, -6.275]]]}, "properties": {"lst_celsius": 21.96}}, {"type": "Feature", "geometry": {"type": "Polygon", "coordinates": [[[106.54166666666667, -6.275], [106.55555555555556, -6.275], [106.55555555555556, -6.2625], [106.54166666666667, -6.2625], [106.54166666666667, -6.275]]]}, "properties": {"lst_celsius": 21.96}}, {"type": "Feature", "geometry": {"type": "Polygon", "coordinates": [[[106.55555555555556, -6.275], [106.56944444444444, -6.275], [106.56944444444444, -6.2625], [106.55555555555556, -6.2625], [106.55555555555556, -6.275]]]}, "properties": {"lst_celsius": 21.96}}, {"type": "Feature", "geometry": {"type": "Polygon", "coordinates": [[[106.56944444444444, -6.275], [106.58333333333333, -6.275], [106.58333333333333, -6.2625], [106.56944444444444, -6.2625], [106.56944444444444, -6.275]]]}, "properties": {"lst_celsius": 21.96}}, {"type": "Feature", "geometry": {"type": "Polygon", "coordinates": [[[106.58333333333333, -6.275], [106.59722222222223, -6.275], [106.59722222222223, -6.2625], [106.58333333333333, -6.2625], [106.58333333333333, -6.275]]]}, "properties": {"lst_celsius": 21.96}}, {"type": "Feature", "geometry": {"type": "Polygon", "coordinates": [[[106.59722222222223, -6.275], [106.61111111111111, -6.275], [106.61111111111111, -6.2625], [106.59722222222223, -6.2625], [106.59722222222223, -6.275]]]}, "properties": {"lst_celsius": 21.96}}, {"type": "Feature", "geometry": {"type": "Polygon", "coordinates": [[[106.61111111111111, -6.275], [106.625, -6.275], [106.625, -6.2625], [106.61111111111111, -6.2625], [106.61111111111111, -6.275]]]}, "properties": {"lst_celsius": 21.96}}, {"type": "Feature", "geometry": {"type": "Polygon", "coordinates": [[[106.625, -6.275], [106.63888888888889, -6.275], [106.63888888888889, -6.2625], [106.625, -6.2625], [106.625, -6.275]]]}, "properties": {"lst_celsius": 21.96}}, {"type": "Feature", "geometry": {"type": "Polygon", "coordinates": [[[106.63888888888889, -6.275], [106.65277777777777, -6.275], [106.65277777777777, -6.2625], [106.63888888888889, -6.2625], [106.63888888888889, -6.275]]]}, "properties": {"lst_celsius": 21.96}}, {"type": "Feature", "geometry": {"type": "Polygon", "coordinates": [[[106.65277777777777, -6.275], [106.66666666666667, -6.275], [106.66666666666667, -6.2625], [106.65277777777777, -6.2625], [106.65277777777777, -6.275]]]}, "properties": {"lst_celsius": 29.32}}, {"type": "Feature", "geometry": {"type": "Polygon", "coordinates": [[[106.66666666666667, -6.275], [106.68055555555556, -6.275], [106.68055555555556, -6.2625], [106.66666666666667, -6.2625], [106.66666666666667, -6.275]]]}, "properties": {"lst_celsius": 29.49}}, {"type": "Feature", "geometry": {"type": "Polygon", "coordinates": [[[106.68055555555556, -6.275], [106.69444444444444, -6.275], [106.69444444444444, -6.2625], [106.68055555555556, -6.2625], [106.68055555555556, -6.275]]]}, "properties": {"lst_celsius": 29.65}}, {"type": "Feature", "geometry": {"type": "Polygon", "coordinates": [[[106.69444444444444, -6.275], [106.70833333333333, -6.275], [106.70833333333333, -6.2625], [106.69444444444444, -6.2625], [106.69444444444444, -6.275]]]}, "properties": {"lst_celsius": 29.81}}, {"type": "Feature", "geometry": {"type": "Polygon", "coordinates": [[[106.70833333333333, -6.275], [106.72222222222223, -6.275], [106.72222222222223, -6.2625], [106.70833333333333, -6.2625], [106.70833333333333, -6.275]]]}, "properties": {"lst_celsius": 29.96}}, {"type": "Feature", "geometry": {"type": "Polygon", "coordinates": [[[106.72222222222223, -6.275], [106.73611111111111, -6.275], [106.73611111111111, -6.2625], [106.72222222222223, -6.2625], [106.72222222222223, -6.275]]]}, "properties": {"lst_celsius": 30.11}}, {"type": "Feature", "geometry": {"type": "Polygon", "coordinates": [[[106.73611111111111, -6.275], [106.75, -6.275], [106.75, -6.2625], [106.73611111111111, -6.2625], [106.73611111111111, -6.275]]]}, "properties": {"lst_celsius": 30.25}}, {"type": "Feature", "geometry": {"type": "Polygon", "coordinates": [[[106.75, -6.275], [106.76388888888889, -6.275], [106.76388888888889, -6.2625], [106.75, -6.2625], [106.75, -6.275]]]}, "properties": {"lst_celsius": 30.37}}, {"type": "Feature", "geometry": {"type": "Polygon", "coordinates": [[[106.76388888888889, -6.275], [106.77777777777777, -6.275], [106.77777777777777, -6.2625], [106.76388888888889, -6.2625], [106.76388888888889, -6.275]]]}, "properties": {"lst_celsius": 30.48}}, {"type": "Feature", "geometry": {"type": "Polygon", "coordinates": [[[106.77777777777777, -6.275], [106.79166666666667, -6.275], [106.79166666666667, -6.2625], [106.77777777777777, -6.2625], [106.77777777777777, -6.275]]]}, "properties": {"lst_celsius": 30.57}}, {"type": "Feature", "geometry": {"type": "Polygon", "coordinates": [[[106.79166666666667, -6.275], [106.80555555555556, -6.275], [106.80555555555556, -6.2625], [106.79166666666667, -6.2625], [106.79166666666667, -6.275]]]}, "properties": {"lst_celsius": 30.64}}, {"type": "Feature", "geometry": {"type": "Polygon", "coordinates": [[[106.80555555555556, -6.275], [106.81944444444444, -6.275], [106.81944444444444, -6.2625], [106.80555555555556, -6.2625], [106.80555555555556, -6.275]]]}, "properties": {"lst_celsius": 30.68}}, {"type": "Feature", "geometry": {"type": "Polygon", "coordinates": [[[106.81944444444444, -6.275], [106.83333333333333, -6.275], [106.83333333333333, -6.2625], [106.81944444444444, -6.2625], [106.81944444444444, -6.275]]]}, "properties": {"lst_celsius": 30.7}}, {"type": "Feature", "geometry": {"type": "Polygon", "coordinates": [[[106.83333333333333, -6.275], [106.84722222222223, -6.275], [106.84722222222223, -6.2625], [106.83333333333333, -6.2625], [106.83333333333333, -6.275]]]}, "properties": {"lst_celsius": 30.69}}, {"type": "Feature", "geometry": {"type": "Polygon", "coordinates": [[[106.84722222222223, -6.275], [106.86111111111111, -6.275], [106.86111111111111, -6.2625], [106.84722222222223, -6.2625], [106.84722222222223, -6.275]]]}, "properties": {"lst_celsius": 30.64}}, {"type": "Feature", "geometry": {"type": "Polygon", "coordinates": [[[106.86111111111111, -6.275], [106.875, -6.275], [106.875, -6.2625], [106.86111111111111, -6.2625], [106.86111111111111, -6.275]]]}, "properties": {"lst_celsius": 30.58}}, {"type": "Feature", "geometry": {"type": "Polygon", "coordinates": [[[106.875, -6.275], [106.88888888888889, -6.275], [106.88888888888889, -6.2625], [106.875, -6.2625], [106.875, -6.275]]]}, "properties": {"lst_celsius": 30.49}}, {"type": "Feature", "geometry": {"type": "Polygon", "coordinates": [[[106.88888888888889, -6.275], [106.90277777777777, -6.275], [106.90277777777777, -6.2625], [106.88888888888889, -6.2625], [106.88888888888889, -6.275]]]}, "properties": {"lst_celsius": 30.38}}, {"type": "Feature", "geometry": {"type": "Polygon", "coordinates": [[[106.90277777777777, -6.275], [106.91666666666667, -6.275], [106.91666666666667, -6.2625], [106.90277777777777, -6.2625], [106.90277777777777, -6.275]]]}, "properties": {"lst_celsius": 30.26}}, {"type": "Feature", "geometry": {"type": "Polygon", "coordinates": [[[106.91666666666667, -6.275], [106.93055555555556, -6.275], [106.93055555555556, -6.2625], [106.91666666666667, -6.2625], [106.91666666666667, -6.275]]]}, "properties": {"lst_celsius": 30.13}}, {"type": "Feature", "geometry": {"type": "Polygon", "coordinates": [[[106.93055555555556, -6.275], [106.94444444444444, -6.275], [106.94444444444444, -6.2625], [106.93055555555556, -6.2625], [106.93055555555556, -6.275]]]}, "properties": {"lst_celsius": 29.98}}, {"type": "Feature", "geometry": {"type": "Polygon", "coordinates": [[[106.94444444444444, -6.275], [106.95833333333333, -6.275], [106.95833333333333, -6.2625], [106.94444444444444, -6.2625], [106.94444444444444, -6.275]]]}, "properties": {"lst_celsius": 29.83}}, {"type": "Feature", "geometry": {"type": "Polygon", "coordinates": [[[106.95833333333333, -6.275], [106.97222222222223, -6.275], [106.97222222222223, -6.2625], [106.95833333333333, -6.2625], [106.95833333333333, -6.275]]]}, "properties": {"lst_celsius": 29.67}}, {"type": "Feature", "geometry": {"type": "Polygon", "coordinates": [[[106.97222222222223, -6.275], [106.98611111111111, -6.275], [106.98611111111111, -6.2625], [106.97222222222223, -6.2625], [106.97222222222223, -6.275]]]}, "properties": {"lst_celsius": 29.51}}, {"type": "Feature", "geometry": {"type": "Polygon", "coordinates": [[[106.98611111111111, -6.275], [107.0, -6.275], [107.0, -6.2625], [106.98611111111111, -6.2625], [106.98611111111111, -6.275]]]}, "properties": {"lst_celsius": 29.34}}, {"type": "Feature", "geometry": {"type": "Polygon", "coordinates": [[[107.0, -6.275], [107.01388888888889, -6.275], [107.01388888888889, -6.2625], [107.0, -6.2625], [107.0, -6.275]]]}, "properties": {"lst_celsius": 21.96}}, {"type": "Feature", "geometry": {"type": "Polygon", "coordinates": [[[107.01388888888889, -6.275], [107.02777777777777, -6.275], [107.02777777777777, -6.2625], [107.01388888888889, -6.2625], [107.01388888888889, -6.275]]]}, "properties": {"lst_celsius": 21.96}}, {"type": "Feature", "geometry": {"type": "Polygon", "coordinates": [[[107.02777777777777, -6.275], [107.04166666666667, -6.275], [107.04166666666667, -6.2625], [107.02777777777777, -6.2625], [107.02777777777777, -6.275]]]}, "properties": {"lst_celsius": 21.96}}, {"type": "Feature", "geometry": {"type": "Polygon", "coordinates": [[[107.04166666666667, -6.275], [107.05555555555556, -6.275], [107.05555555555556, -6.2625], [107.04166666666667, -6.2625], [107.04166666666667, -6.275]]]}, "properties": {"lst_celsius": 21.96}}, {"type": "Feature", "geometry": {"type": "Polygon", "coordinates": [[[107.05555555555556, -6.275], [107.06944444444444, -6.275], [107.06944444444444, -6.2625], [107.05555555555556, -6.2625], [107.05555555555556, -6.275]]]}, "properties": {"lst_celsius": 21.96}}, {"type": "Feature", "geometry": {"type": "Polygon", "coordinates": [[[107.06944444444444, -6.275], [107.08333333333333, -6.275], [107.08333333333333, -6.2625], [107.06944444444444, -6.2625], [107.06944444444444, -6.275]]]}, "properties": {"lst_celsius": 21.96}}, {"type": "Feature", "geometry": {"type": "Polygon", "coordinates": [[[107.08333333333333, -6.275], [107.09722222222223, -6.275], [107.09722222222223, -6.2625], [107.08333333333333, -6.2625], [107.08333333333333, -6.275]]]}, "properties": {"lst_celsius": 21.96}}, {"type": "Feature", "geometry": {"type": "Polygon", "coordinates": [[[107.09722222222223, -6.275], [107.11111111111111, -6.275], [107.11111111111111, -6.2625], [107.09722222222223, -6.2625], [107.09722222222223, -6.275]]]}, "properties": {"lst_celsius": 21.96}}, {"type": "Feature", "geometry": {"type": "Polygon", "coordinates": [[[107.11111111111111, -6.275], [107.125, -6.275], [107.125, -6.2625], [107.11111111111111, -6.2625], [107.11111111111111, -6.275]]]}, "properties": {"lst_celsius": 21.96}}, {"type": "Feature", "geometry": {"type": "Polygon", "coordinates": [[[107.125, -6.275], [107.13888888888889, -6.275], [107.13888888888889, -6.2625], [107.125, -6.2625], [107.125, -6.275]]]}, "properties": {"lst_celsius": 21.96}}, {"type": "Feature", "geometry": {"type": "Polygon", "coordinates": [[[107.13888888888889, -6.275], [107.15277777777777, -6.275], [107.15277777777777, -6.2625], [107.13888888888889, -6.2625], [107.13888888888889, -6.275]]]}, "properties": {"lst_celsius": 21.96}}, {"type": "Feature", "geometry": {"type": "Polygon", "coordinates": [[[107.15277777777777, -6.275], [107.16666666666667, -6.275], [107.16666666666667, -6.2625], [107.15277777777777, -6.2625], [107.15277777777777, -6.275]]]}, "properties": {"lst_celsius": 21.96}}, {"type": "Feature", "geometry": {"type": "Polygon", "coordinates": [[[107.16666666666667, -6.275], [107.18055555555556, -6.275], [107.18055555555556, -6.2625], [107.16666666666667, -6.2625], [107.16666666666667, -6.275]]]}, "properties": {"lst_celsius": 21.96}}, {"type": "Feature", "geometry": {"type": "Polygon", "coordinates": [[[107.18055555555556, -6.275], [107.19444444444444, -6.275], [107.19444444444444, -6.2625], [107.18055555555556, -6.2625], [107.18055555555556, -6.275]]]}, "properties": {"lst_celsius": 21.96}}, {"type": "Feature", "geometry": {"type": "Polygon", "coordinates": [[[107.19444444444444, -6.275], [107.20833333333333, -6.275], [107.20833333333333, -6.2625], [107.19444444444444, -6.2625], [107.19444444444444, -6.275]]]}, "properties": {"lst_celsius": 21.96}}, {"type": "Feature", "geometry": {"type": "Polygon", "coordinates": [[[107.20833333333333, -6.275], [107.22222222222223, -6.275], [107.22222222222223, -6.2625], [107.20833333333333, -6.2625], [107.20833333333333, -6.275]]]}, "properties": {"lst_celsius": 21.96}}, {"type": "Feature", "geometry": {"type": "Polygon", "coordinates": [[[107.22222222222223, -6.275], [107.23611111111111, -6.275], [107.23611111111111, -6.2625], [107.22222222222223, -6.2625], [107.22222222222223, -6.275]]]}, "properties": {"lst_celsius": 21.96}}, {"type": "Feature", "geometry": {"type": "Polygon", "coordinates": [[[107.23611111111111, -6.275], [107.25, -6.275], [107.25, -6.2625], [107.23611111111111, -6.2625], [107.23611111111111, -6.275]]]}, "properties": {"lst_celsius": 21.96}}, {"type": "Feature", "geometry": {"type": "Polygon", "coordinates": [[[106.5, -6.2625], [106.51388888888889, -6.2625], [106.51388888888889, -6.25], [106.5, -6.25], [106.5, -6.2625]]]}, "properties": {"lst_celsius": 22.14}}, {"type": "Feature", "geometry": {"type": "Polygon", "coordinates": [[[106.51388888888889, -6.2625], [106.52777777777777, -6.2625], [106.52777777777777, -6.25], [106.51388888888889, -6.25], [106.51388888888889, -6.2625]]]}, "properties": {"lst_celsius": 22.14}}, {"type": "Feature", "geometry": {"type": "Polygon", "coordinates": [[[106.52777777777777, -6.2625], [106.54166666666667, -6.2625], [106.54166666666667, -6.25], [106.52777777777777, -6.25], [106.52777777777777, -6.2625]]]}, "properties": {"lst_celsius": 22.14}}, {"type": "Feature", "geometry": {"type": "Polygon", "coordinates": [[[106.54166666666667, -6.2625], [106.55555555555556, -6.2625], [106.55555555555556, -6.25], [106.54166666666667, -6.25], [106.54166666666667, -6.2625]]]}, "properties": {"lst_celsius": 22.14}}, {"type": "Feature", "geometry": {"type": "Polygon", "coordinates": [[[106.55555555555556, -6.2625], [106.56944444444444, -6.2625], [106.56944444444444, -6.25], [106.55555555555556, -6.25], [106.55555555555556, -6.2625]]]}, "properties": {"lst_celsius": 22.14}}, {"type": "Feature", "geometry": {"type": "Polygon", "coordinates": [[[106.56944444444444, -6.2625], [106.58333333333333, -6.2625], [106.58333333333333, -6.25], [106.56944444444444, -6.25], [106.56944444444444, -6.2625]]]}, "properties": {"lst_celsius": 22.14}}, {"type": "Feature", "geometry": {"type": "Polygon", "coordinates": [[[106.58333333333333, -6.2625], [106.59722222222223, -6.2625], [106.59722222222223, -6.25], [106.58333333333333, -6.25], [106.58333333333333, -6.2625]]]}, "properties": {"lst_celsius": 22.14}}, {"type": "Feature", "geometry": {"type": "Polygon", "coordinates": [[[106.59722222222223, -6.2625], [106.61111111111111, -6.2625], [106.61111111111111, -6.25], [106.59722222222223, -6.25], [106.59722222222223, -6.2625]]]}, "properties": {"lst_celsius": 22.14}}, {"type": "Feature", "geometry": {"type": "Polygon", "coordinates": [[[106.61111111111111, -6.2625], [106.625, -6.2625], [106.625, -6.25], [106.61111111111111, -6.25], [106.61111111111111, -6.2625]]]}, "properties": {"lst_celsius": 22.14}}, {"type": "Feature", "geometry": {"type": "Polygon", "coordinates": [[[106.625, -6.2625], [106.63888888888889, -6.2625], [106.63888888888889, -6.25], [106.625, -6.25], [106.625, -6.2625]]]}, "properties": {"lst_celsius": 22.14}}, {"type": "Feature", "geometry": {"type": "Polygon", "coordinates": [[[106.63888888888889, -6.2625], [106.65277777777777, -6.2625], [106.65277777777777, -6.25], [106.63888888888889, -6.25], [106.63888888888889, -6.2625]]]}, "properties": {"lst_celsius": 29.36}}, {"type": "Feature", "geometry": {"type": "Polygon", "coordinates": [[[106.65277777777777, -6.2625], [106.66666666666667, -6.2625], [106.66666666666667, -6.25], [106.65277777777777, -6.25], [106.65277777777777, -6.2625]]]}, "properties": {"lst_celsius": 29.53}}, {"type": "Feature", "geometry": {"type": "Polygon", "coordinates": [[[106.66666666666667, -6.2625], [106.68055555555556, -6.2625], [106.68055555555556, -6.25], [106.66666666666667, -6.25], [106.66666666666667, -6.2625]]]}, "properties": {"lst_celsius": 29.71}}, {"type": "Feature", "geometry": {"type": "Polygon", "coordinates": [[[106.68055555555556, -6.2625], [106.69444444444444, -6.2625], [106.69444444444444, -6.25], [106.68055555555556, -6.25], [106.68055555555556, -6.2625]]]}, "properties": {"lst_celsius": 29.88}}, {"type": "Feature", "geometry": {"type": "Polygon", "coordinates": [[[106.69444444444444, -6.2625], [106.70833333333333, -6.2625], [106.70833333333333, -6.25], [106.69444444444444, -6.25], [106.69444444444444, -6.2625]]]}, "properties": {"lst_celsius": 30.04}}, {"type": "Feature", "geometry": {"type": "Polygon", "coordinates": [[[106.70833333333333, -6.2625], [106.72222222222223, -6.2625], [106.72222222222223, -6.25], [106.70833333333333, -6.25], [106.70833333333333, -6.2625]]]}, "properties": {"lst_celsius": 30.2}}, {"type": "Feature", "geometry": {"type": "Polygon", "coordinates": [[[106.72222222222223, -6.2625], [106.73611111111111, -6.2625], [106.73611111111111, -6.25], [106.72222222222223, -6.25], [106.72222222222223, -6.2625]]]}, "properties": {"lst_celsius": 30.36}}, {"type": "Feature", "geometry": {"type": "Polygon", "coordinates": [[[106.73611111111111, -6.2625], [106.75, -6.2625], [106.75, -6.25], [106.73611111111111, -6.25], [106.73611111111111, -6.2625]]]}, "properties": {"lst_celsius": 30.5}}, {"type": "Feature", "geometry": {"type": "Polygon", "coordinates": [[[106.75, -6.2625], [106.76388888888889, -6.2625], [106.76388888888889, -6.25], [106.75, -6.25], [106.75, -6.2625]]]}, "properties": {"lst_celsius": 30.64}}, {"type": "Feature", "geometry": {"type": "Polygon", "coordinates": [[[106.76388888888889, -6.2625], [106.77777777777777, -6.2625], [106.77777777777777, -6.25], [106.76388888888889, -6.25], [106.76388888888889, -6.2625]]]}, "properties": {"lst_celsius": 30.76}}, {"type": "Feature", "geometry": {"type": "Polygon", "coordinates": [[[106.77777777777777, -6.2625], [106.79166666666667, -6.2625], [106.79166666666667, -6.25], [106.77777777777777, -6.25], [106.77777777777777, -6.2625]]]}, "properties": {"lst_celsius": 30.86}}, {"type": "Feature", "geometry": {"type": "Polygon", "coordinates": [[[106.79166666666667, -6.2625], [106.80555555555556, -6.2625], [106.80555555555556, -6.25], [106.79166666666667, -6.25], [106.79166666666667, -6.2625]]]}, "properties": {"lst_celsius": 30.93}}, {"type": "Feature", "geometry": {"type": "Polygon", "coordinates": [[[106.80555555555556, -6.2625], [106.81944444444444, -6.2625], [106.81944444444444, -6.25], [106.80555555555556, -6.25], [106.80555555555556, -6.2625]]]}, "properties": {"lst_celsius": 30.98}}, {"type": "Feature", "geometry": {"type": "Polygon", "coordinates": [[[106.81944444444444, -6.2625], [106.83333333333333, -6.2625], [106.83333333333333, -6.25], [106.81944444444444, -6.25], [106.81944444444444, -6.2625]]]}, "properties": {"lst_celsius": 31.0}}, {"type": "Feature", "geometry": {"type": "Polygon", "coordinates": [[[106.83333333333333, -6.2625], [106.84722222222223, -6.2625], [106.84722222222223, -6.25], [106.83333333333333, -6.25], [106.83333333333333, -6.2625]]]}, "properties": {"lst_celsius": 30.99}}, {"type": "Feature", "geometry": {"type": "Polygon", "coordinates": [[[106.84722222222223, -6.2625], [106.86111111111111, -6.2625], [106.86111111111111, -6.25], [106.84722222222223, -6.25], [106.84722222222223, -6.2625]]]}, "properties": {"lst_celsius": 30.94}}, {"type": "Feature", "geometry": {"type": "Polygon", "coordinates": [[[106.86111111111111, -6.2625], [106.875, -6.2625], [106.875, -6.25], [106.86111111111111, -6.25], [106.86111111111111, -6.2625]]]}, "properties": {"lst_celsius": 30.87}}, {"type": "Feature", "geometry": {"type": "Polygon", "coordinates": [[[106.875, -6.2625], [106.88888888888889, -6.2625], [106.88888888888889, -6.25], [106.875, -6.25], [106.875, -6.2625]]]}, "properties": {"lst_celsius": 30.77}}, {"type": "Feature", "geometry": {"type": "Polygon", "coordinates": [[[106.88888888888889, -6.2625], [106.90277777777777, -6.2625], [106.90277777777777, -6.25], [106.88888888888889, -6.25], [106.88888888888889, -6.2625]]]}, "properties": {"lst_celsius": 30.65}}, {"type": "Feature", "geometry": {"type": "Polygon", "coordinates": [[[106.90277777777777, -6.2625], [106.91666666666667, -6.2625], [106.91666666666667, -6.25], [106.90277777777777, -6.25], [106.90277777777777, -6.2625]]]}, "properties": {"lst_celsius": 30.52}}, {"type": "Feature", "geometry": {"type": "Polygon", "coordinates": [[[106.91666666666667, -6.2625], [106.93055555555556, -6.2625], [106.93055555555556, -6.25], [106.91666666666667, -6.25], [106.91666666666667, -6.2625]]]}, "properties": {"lst_celsius": 30.37}}, {"type": "Feature", "geometry": {"type": "Polygon", "coordinates": [[[106.93055555555556, -6.2625], [106.94444444444444, -6.2625], [106.94444444444444, -6.25], [106.93055555555556, -6.25], [106.93055555555556, -6.2625]]]}, "properties": {"lst_celsius": 30.22}}, {"type": "Feature", "geometry": {"type": "Polygon", "coordinates": [[[106.94444444444444, -6.2625], [106.95833333333333, -6.2625], [106.95833333333333, -6.25], [106.94444444444444, -6.25], [106.94444444444444, -6.2625]]]}, "properties": {"lst_celsius": 30.06}}, {"type": "Feature", "geometry": {"type": "Polygon", "coordinates": [[[106.95833333333333, -6.2625], [106.97222222222223, -6.2625], [106.97222222222223, -6.25], [106.95833333333333, -6.25], [106.95833333333333, -6.2625]]]}, "properties": {"lst_celsius": 29.9}}, {"type": "Feature", "geometry": {"type": "Polygon", "coordinates": [[[106.97222222222223, -6.2625], [106.98611111111111, -6.2625], [106.98611111111111, -6.25], [106.97222222222223, -6.25], [106.97222222222223, -6.2625]]]}, "properties": {"lst_celsius": 29.73}}, {"type": "Feature", "geometry": {"type": "Polygon", "coordinates": [[[106.98611111111111, -6.2625], [107.0, -6.2625], [107.0, -6.25], [106.98611111111111, -6.25], [106.98611111111111, -6.2625]]]}, "properties": {"lst_celsius": 29.55}}, {"type": "Feature", "geometry": {"type": "Polygon", "coordinates": [[[107.0, -6.2625], [107.01388888888889, -6.2625], [107.01388888888889, -6.25], [107.0, -6.25], [107.0, -6.2625]]]}, "properties": {"lst_celsius": 29.38}}, {"type": "Feature", "geometry": {"type": "Polygon", "coordinates": [[[107.01388888888889, -6.2625], [107.02777777777777, -6.2625], [107.02777777777777, -6.25], [107.01388888888889, -6.25], [107.01388888888889, -6.2625]]]}, "properties": {"lst_celsius": 22.14}}, {"type": "Feature", "geometry": {"type": "Polygon", "coordinates": [[[107.02777777777777, -6.2625], [107.04166666666667, -6.2625], [107.04166666666667, -6.25], [107.02777777777777, -6.25], [107.02777777777777, -6.2625]]]}, "properties": {"lst_celsius": 22.14}}, {"type": "Feature", "geometry": {"type": "Polygon", "coordinates": [[[107.04166666666667, -6.2625], [107.05555555555556, -6.2625], [107.05555555555556, -6.25], [107.04166666666667, -6.25], [107.04166666666667, -6.2625]]]}, "properties": {"lst_celsius": 22.14}}, {"type": "Feature", "geometry": {"type": "Polygon", "coordinates": [[[107.05555555555556, -6.2625], [107.06944444444444, -6.2625], [107.06944444444444, -6.25], [107.05555555555556, -6.25], [107.05555555555556, -6.2625]]]}, "properties": {"lst_celsius": 22.14}}, {"type": "Feature", "geometry": {"type": "Polygon", "coordinates": [[[107.06944444444444, -6.2625], [107.08333333333333, -6.2625], [107.08333333333333, -6.25], [107.06944444444444, -6.25], [107.06944444444444, -6.2625]]]}, "properties": {"lst_celsius": 22.14}}, {"type": "Feature", "geometry": {"type": "Polygon", "coordinates": [[[107.08333333333333, -6.2625], [107.09722222222223, -6.2625], [107.09722222222223, -6.25], [107.08333333333333, -6.25], [107.08333333333333, -6.2625]]]}, "properties": {"lst_celsius": 22.14}}, {"type": "Feature", "geometry": {"type": "Polygon", "coordinates": [[[107.09722222222223, -6.2625], [107.11111111111111, -6.2625], [107.11111111111111, -6.25], [107.09722222222223, -6.25], [107.09722222222223, -6.2625]]]}, "properties": {"lst_celsius": 22.14}}, {"type": "Feature", "geometry": {"type": "Polygon", "coordinates": [[[107.11111111111111, -6.2625], [107.125, -6.2625], [107.125, -6.25], [107.11111111111111, -6.25], [107.11111111111111, -6.2625]]]}, "properties": {"lst_celsius": 22.14}}, {"type": "Feature", "geometry": {"type": "Polygon", "coordinates": [[[107.125, -6.2625], [107.13888888888889, -6.2625], [107.13888888888889, -6.25], [107.125, -6.25], [107.125, -6.2625]]]}, "properties": {"lst_celsius": 22.14}}, {"type": "Feature", "geometry": {"type": "Polygon", "coordinates": [[[107.13888888888889, -6.2625], [107.15277777777777, -6.2625], [107.15277777777777, -6.25], [107.13888888888889, -6.25], [107.13888888888889, -6.2625]]]}, "properties": {"lst_celsius": 22.14}}, {"type": "Feature", "geometry": {"type": "Polygon", "coordinates": [[[107.15277777777777, -6.2625], [107.16666666666667, -6.2625], [107.16666666666667, -6.25], [107.15277777777777, -6.25], [107.15277777777777, -6.2625]]]}, "properties": {"lst_celsius": 22.14}}, {"type": "Feature", "geometry": {"type": "Polygon", "coordinates": [[[107.16666666666667, -6.2625], [107.18055555555556, -6.2625], [107.18055555555556, -6.25], [107.16666666666667, -6.25], [107.16666666666667, -6.2625]]]}, "properties": {"lst_celsius": 22.14}}, {"type": "Feature", "geometry": {"type": "Polygon", "coordinates": [[[107.18055555555556, -6.2625], [107.19444444444444, -6.2625], [107.19444444444444, -6.25], [107.18055555555556, -6.25], [107.18055555555556, -6.2625]]]}, "properties": {"lst_celsius": 22.14}}, {"type": "Feature", "geometry": {"type": "Polygon", "coordinates": [[[107.19444444444444, -6.2625], [107.20833333333333, -6.2625], [107.20833333333333, -6.25], [107.19444444444444, -6.25], [107.19444444444444, -6.2625]]]}, "properties": {"lst_celsius": 22.14}}, {"type": "Feature", "geometry": {"type": "Polygon", "coordinates": [[[107.20833333333333, -6.2625], [107.22222222222223, -6.2625], [107.22222222222223, -6.25], [107.20833333333333, -6.25], [107.20833333333333, -6.2625]]]}, "properties": {"lst_celsius": 22.14}}, {"type": "Feature", "geometry": {"type": "Polygon", "coordinates": [[[107.22222222222223, -6.2625], [107.23611111111111, -6.2625], [107.23611111111111, -6.25], [107.22222222222223, -6.25], [107.22222222222223, -6.2625]]]}, "properties": {"lst_celsius": 22.14}}, {"type": "Feature", "geometry": {"type": "Polygon", "coordinates": [[[107.23611111111111, -6.2625], [107.25, -6.2625], [107.25, -6.25], [107.23611111111111, -6.25], [107.23611111111111, -6.2625]]]}, "properties": {"lst_celsius": 22.14}}, {"type": "Feature", "geometry": {"type": "Polygon", "coordinates": [[[106.5, -6.25], [106.51388888888889, -6.25], [106.51388888888889, -6.2375], [106.5, -6.2375], [106.5, -6.25]]]}, "properties": {"lst_celsius": 22.31}}, {"type": "Feature", "geometry": {"type": "Polygon", "coordinates": [[[106.51388888888889, -6.25], [106.52777777777777, -6.25], [106.52777777777777, -6.2375], [106.51388888888889, -6.2375], [106.51388888888889, -6.25]]]}, "properties": {"lst_celsius": 22.31}}, {"type": "Feature", "geometry": {"type": "Polygon", "coordinates": [[[106.52777777777777, -6.25], [106.54166666666667, -6.25], [106.54166666666667, -6.2375], [106.52777777777777, -6.2375], [106.52777777777777, -6.25]]]}, "properties": {"lst_celsius": 22.31}}, {"type": "Feature", "geometry": {"type": "Polygon", "coordinates": [[[106.54166666666667, -6.25], [106.55555555555556, -6.25], [106.55555555555556, -6.2375], [106.54166666666667, -6.2375], [106.54166666666667, -6.25]]]}, "properties": {"lst_celsius": 22.31}}, {"type": "Feature", "geometry": {"type": "Polygon", "coordinates": [[[106.55555555555556, -6.25], [106.56944444444444, -6.25], [106.56944444444444, -6.2375], [106.55555555555556, -6.2375], [106.55555555555556, -6.25]]]}, "properties": {"lst_celsius": 22.31}}, {"type": "Feature", "geometry": {"type": "Polygon", "coordinates": [[[106.56944444444444, -6.25], [106.58333333333333, -6.25], [106.58333333333333, -6.2375], [106.56944444444444, -6.2375], [106.56944444444444, -6.25]]]}, "properties": {"lst_celsius": 22.31}}, {"type": "Feature", "geometry": {"type": "Polygon", "coordinates": [[[106.58333333333333, -6.25], [106.59722222222223, -6.25], [106.59722222222223, -6.2375], [106.58333333333333, -6.2375], [106.58333333333333, -6.25]]]}, "properties": {"lst_celsius": 22.31}}, {"type": "Feature", "geometry": {"type": "Polygon", "coordinates": [[[106.59722222222223, -6.25], [106.61111111111111, -6.25], [106.61111111111111, -6.2375], [106.59722222222223, -6.2375], [106.59722222222223, -6.25]]]}, "properties": {"lst_celsius": 22.31}}, {"type": "Feature", "geometry": {"type": "Polygon", "coordinates": [[[106.61111111111111, -6.25], [106.625, -6.25], [106.625, -6.2375], [106.61111111111111, -6.2375], [106.61111111111111, -6.25]]]}, "properties": {"lst_celsius": 22.31}}, {"type": "Feature", "geometry": {"type": "Polygon", "coordinates": [[[106.625, -6.25], [106.63888888888889, -6.25], [106.63888888888889, -6.2375], [106.625, -6.2375], [106.625, -6.25]]]}, "properties": {"lst_celsius": 22.31}}, {"type": "Feature", "geometry": {"type": "Polygon", "coordinates": [[[106.63888888888889, -6.25], [106.65277777777777, -6.25], [106.65277777777777, -6.2375], [106.63888888888889, -6.2375], [106.63888888888889, -6.25]]]}, "properties": {"lst_celsius": 29.55}}, {"type": "Feature", "geometry": {"type": "Polygon", "coordinates": [[[106.65277777777777, -6.25], [106.66666666666667, -6.25], [106.66666666666667, -6.2375], [106.65277777777777, -6.2375], [106.65277777777777, -6.25]]]}, "properties": {"lst_celsius": 29.73}}, {"type": "Feature", "geometry": {"type": "Polygon", "coordinates": [[[106.66666666666667, -6.25], [106.68055555555556, -6.25], [106.68055555555556, -6.2375], [106.66666666666667, -6.2375], [106.66666666666667, -6.25]]]}, "properties": {"lst_celsius": 29.91}}, {"type": "Feature", "geometry": {"type": "Polygon", "coordinates": [[[106.68055555555556, -6.25], [106.69444444444444, -6.25], [106.69444444444444, -6.2375], [106.68055555555556, -6.2375], [106.68055555555556, -6.25]]]}, "properties": {"lst_celsius": 30.09}}, {"type": "Feature", "geometry": {"type": "Polygon", "coordinates": [[[106.69444444444444, -6.25], [106.70833333333333, -6.25], [106.70833333333333, -6.2375], [106.69444444444444, -6.2375], [106.69444444444444, -6.25]]]}, "properties": {"lst_celsius": 30.26}}, {"type": "Feature", "geometry": {"type": "Polygon", "coordinates": [[[106.70833333333333, -6.25], [106.72222222222223, -6.25], [106.72222222222223, -6.2375], [106.70833333333333, -6.2375], [106.70833333333333, -6.25]]]}, "properties": {"lst_celsius": 30.43}}, {"type": "Feature", "geometry": {"type": "Polygon", "coordinates": [[[106.72222222222223, -6.25], [106.73611111111111, -6.25], [106.73611111111111, -6.2375], [106.72222222222223, -6.2375], [106.72222222222223, -6.25]]]}, "properties": {"lst_celsius": 30.59}}, {"type": "Feature", "geometry": {"type": "Polygon", "coordinates": [[[106.73611111111111, -6.25], [106.75, -6.25], [106.75, -6.2375], [106.73611111111111, -6.2375], [106.73611111111111, -6.25]]]}, "properties": {"lst_celsius": 30.75}}, {"type": "Feature", "geometry": {"type": "Polygon", "coordinates": [[[106.75, -6.25], [106.76388888888889, -6.25], [106.76388888888889, -6.2375], [106.75, -6.2375], [106.75, -6.25]]]}, "properties": {"lst_celsius": 30.89}}, {"type": "Feature", "geometry": {"type": "Polygon", "coordinates": [[[106.76388888888889, -6.25], [106.77777777777777, -6.25], [106.77777777777777, -6.2375], [106.76388888888889, -6.2375], [106.76388888888889, -6.25]]]}, "properties": {"lst_celsius": 31.02}}, {"type": "Feature", "geometry": {"type": "Polygon", "coordinates": [[[106.77777777777777, -6.25], [106.79166666666667, -6.25], [106.79166666666667, -6.2375], [106.77777777777777, -6.2375], [106.77777777777777, -6.25]]]}, "properties": {"lst_celsius": 31.14}}, {"type": "Feature", "geometry": {"type": "Polygon", "coordinates": [[[106.79166666666667, -6.25], [106.80555555555556, -6.25], [106.80555555555556, -6.2375], [106.79166666666667, -6.2375], [106.79166666666667, -6.25]]]}, "properties": {"lst_celsius": 31.23}}, {"type": "Feature", "geometry": {"type": "Polygon", "coordinates": [[[106.80555555555556, -6.25], [106.81944444444444, -6.25], [106.81944444444444, -6.2375], [106.80555555555556, -6.2375], [106.80555555555556, -6.25]]]}, "properties": {"lst_celsius": 31.29}}, {"type": "Feature", "geometry": {"type": "Polygon", "coordinates": [[[106.81944444444444, -6.25], [106.83333333333333, -6.25], [106.83333333333333, -6.2375], [106.81944444444444, -6.2375], [106.81944444444444, -6.25]]]}, "properties": {"lst_celsius": 31.31}}, {"type": "Feature", "geometry": {"type": "Polygon", "coordinates": [[[106.83333333333333, -6.25], [106.84722222222223, -6.25], [106.84722222222223, -6.2375], [106.83333333333333, -6.2375], [106.83333333333333, -6.25]]]}, "properties": {"lst_celsius": 31.29}}, {"type": "Feature", "geometry": {"type": "Polygon", "coordinates": [[[106.84722222222223, -6.25], [106.86111111111111, -6.25], [106.86111111111111, -6.2375], [106.84722222222223, -6.2375], [106.84722222222223, -6.25]]]}, "properties": {"lst_celsius": 31.24}}, {"type": "Feature", "geometry": {"type": "Polygon", "coordinates": [[[106.86111111111111, -6.25], [106.875, -6.25], [106.875, -6.2375], [106.86111111111111, -6.2375], [106.86111111111111, -6.25]]]}, "properties": {"lst_celsius": 31.15}}, {"type": "Feature", "geometry": {"type": "Polygon", "coordinates": [[[106.875, -6.25], [106.88888888888889, -6.25], [106.88888888888889, -6.2375], [106.875, -6.2375], [106.875, -6.25]]]}, "properties": {"lst_celsius": 31.04}}, {"type": "Feature", "geometry": {"type": "Polygon", "coordinates": [[[106.88888888888889, -6.25], [106.90277777777777, -6.25], [106.90277777777777, -6.2375], [106.88888888888889, -6.2375], [106.88888888888889, -6.25]]]}, "properties": {"lst_celsius": 30.91}}, {"type": "Feature", "geometry": {"type": "Polygon", "coordinates": [[[106.90277777777777, -6.25], [106.91666666666667, -6.25], [106.91666666666667, -6.2375], [106.90277777777777, -6.2375], [106.90277777777777, -6.25]]]}, "properties": {"lst_celsius": 30.76}}, {"type": "Feature", "geometry": {"type": "Polygon", "coordinates": [[[106.91666666666667, -6.25], [106.93055555555556, -6.25], [106.93055555555556, -6.2375], [106.91666666666667, -6.2375], [106.91666666666667, -6.25]]]}, "properties": {"lst_celsius": 30.61}}, {"type": "Feature", "geometry": {"type": "Polygon", "coordinates": [[[106.93055555555556, -6.25], [106.94444444444444, -6.25], [106.94444444444444, -6.2375], [106.93055555555556, -6.2375], [106.93055555555556, -6.25]]]}, "properties": {"lst_celsius": 30.45}}, {"type": "Feature", "geometry": {"type": "Polygon", "coordinates": [[[106.94444444444444, -6.25], [106.95833333333333, -6.25], [106.95833333333333, -6.2375], [106.94444444444444, -6.2375], [106.94444444444444, -6.25]]]}, "properties": {"lst_celsius": 30.28}}, {"type": "Feature", "geometry": {"type": "Polygon", "coordinates": [[[106.95833333333333, -6.25], [106.97222222222223, -6.25], [106.97222222222223, -6.2375], [106.95833333333333, -6.2375], [106.95833333333333, -6.25]]]}, "properties": {"lst_celsius": 30.11}}, {"type": "Feature", "geometry": {"type": "Polygon", "coordinates": [[[106.97222222222223, -6.25], [106.98611111111111, -6.25], [106.98611111111111, -6.2375], [106.97222222222223, -6.2375], [106.97222222222223, -6.25]]]}, "properties": {"lst_celsius": 29.93}}, {"type": "Feature", "geometry": {"type": "Polygon", "coordinates": [[[106.98611111111111, -6.25], [107.0, -6.25], [107.0, -6.2375], [106.98611111111111, -6.2375], [106.98611111111111, -6.25]]]}, "properties": {"lst_celsius": 29.75}}, {"type": "Feature", "geometry": {"type": "Polygon", "coordinates": [[[107.0, -6.25], [107.01388888888889, -6.25], [107.01388888888889, -6.2375], [107.0, -6.2375], [107.0, -6.25]]]}, "properties": {"lst_celsius": 29.57}}, {"type": "Feature", "geometry": {"type": "Polygon", "coordinates": [[[107.01388888888889, -6.25], [107.02777777777777, -6.25], [107.02777777777777, -6.2375], [107.01388888888889, -6.2375], [107.01388888888889, -6.25]]]}, "properties": {"lst_celsius": 22.31}}, {"type": "Feature", "geometry": {"type": "Polygon", "coordinates": [[[107.02777777777777, -6.25], [107.04166666666667, -6.25], [107.04166666666667, -6.2375], [107.02777777777777, -6.2375], [107.02777777777777, -6.25]]]}, "properties": {"lst_celsius": 22.31}}, {"type": "Feature", "geometry": {"type": "Polygon", "coordinates": [[[107.04166666666667, -6.25], [107.05555555555556, -6.25], [107.05555555555556, -6.2375], [107.04166666666667, -6.2375], [107.04166666666667, -6.25]]]}, "properties": {"lst_celsius": 22.31}}, {"type": "Feature", "geometry": {"type": "Polygon", "coordinates": [[[107.05555555555556, -6.25], [107.06944444444444, -6.25], [107.06944444444444, -6.2375], [107.05555555555556, -6.2375], [107.05555555555556, -6.25]]]}, "properties": {"lst_celsius": 22.31}}, {"type": "Feature", "geometry": {"type": "Polygon", "coordinates": [[[107.06944444444444, -6.25], [107.08333333333333, -6.25], [107.08333333333333, -6.2375], [107.06944444444444, -6.2375], [107.06944444444444, -6.25]]]}, "properties": {"lst_celsius": 22.31}}, {"type": "Feature", "geometry": {"type": "Polygon", "coordinates": [[[107.08333333333333, -6.25], [107.09722222222223, -6.25], [107.09722222222223, -6.2375], [107.08333333333333, -6.2375], [107.08333333333333, -6.25]]]}, "properties": {"lst_celsius": 22.31}}, {"type": "Feature", "geometry": {"type": "Polygon", "coordinates": [[[107.09722222222223, -6.25], [107.11111111111111, -6.25], [107.11111111111111, -6.2375], [107.09722222222223, -6.2375], [107.09722222222223, -6.25]]]}, "properties": {"lst_celsius": 22.31}}, {"type": "Feature", "geometry": {"type": "Polygon", "coordinates": [[[107.11111111111111, -6.25], [107.125, -6.25], [107.125, -6.2375], [107.11111111111111, -6.2375], [107.11111111111111, -6.25]]]}, "properties": {"lst_celsius": 22.31}}, {"type": "Feature", "geometry": {"type": "Polygon", "coordinates": [[[107.125, -6.25], [107.13888888888889, -6.25], [107.13888888888889, -6.2375], [107.125, -6.2375], [107.125, -6.25]]]}, "properties": {"lst_celsius": 22.31}}, {"type": "Feature", "geometry": {"type": "Polygon", "coordinates": [[[107.13888888888889, -6.25], [107.15277777777777, -6.25], [107.15277777777777, -6.2375], [107.13888888888889, -6.2375], [107.13888888888889, -6.25]]]}, "properties": {"lst_celsius": 22.31}}, {"type": "Feature", "geometry": {"type": "Polygon", "coordinates": [[[107.15277777777777, -6.25], [107.16666666666667, -6.25], [107.16666666666667, -6.2375], [107.15277777777777, -6.2375], [107.15277777777777, -6.25]]]}, "properties": {"lst_celsius": 22.31}}, {"type": "Feature", "geometry": {"type": "Polygon", "coordinates": [[[107.16666666666667, -6.25], [107.18055555555556, -6.25], [107.18055555555556, -6.2375], [107.16666666666667, -6.2375], [107.16666666666667, -6.25]]]}, "properties": {"lst_celsius": 22.31}}, {"type": "Feature", "geometry": {"type": "Polygon", "coordinates": [[[107.18055555555556, -6.25], [107.19444444444444, -6.25], [107.19444444444444, -6.2375], [107.18055555555556, -6.2375], [107.18055555555556, -6.25]]]}, "properties": {"lst_celsius": 22.31}}, {"type": "Feature", "geometry": {"type": "Polygon", "coordinates": [[[107.19444444444444, -6.25], [107.20833333333333, -6.25], [107.20833333333333, -6.2375], [107.19444444444444, -6.2375], [107.19444444444444, -6.25]]]}, "properties": {"lst_celsius": 22.31}}, {"type": "Feature", "geometry": {"type": "Polygon", "coordinates": [[[107.20833333333333, -6.25], [107.22222222222223, -6.25], [107.22222222222223, -6.2375], [107.20833333333333, -6.2375], [107.20833333333333, -6.25]]]}, "properties": {"lst_celsius": 22.31}}, {"type": "Feature", "geometry": {"type": "Polygon", "coordinates": [[[107.22222222222223, -6.25], [107.23611111111111, -6.25], [107.23611111111111, -6.2375], [107.22222222222223, -6.2375], [107.22222222222223, -6.25]]]}, "properties": {"lst_celsius": 22.31}}, {"type": "Feature", "geometry": {"type": "Polygon", "coordinates": [[[107.23611111111111, -6.25], [107.25, -6.25], [107.25, -6.2375], [107.23611111111111, -6.2375], [107.23611111111111, -6.25]]]}, "properties": {"lst_celsius": 22.31}}, {"type": "Feature", "geometry": {"type": "Polygon", "coordinates": [[[106.5, -6.2375], [106.51388888888889, -6.2375], [106.51388888888889, -6.225], [106.5, -6.225], [106.5, -6.2375]]]}, "properties": {"lst_celsius": 22.49}}, {"type": "Feature", "geometry": {"type": "Polygon", "coordinates": [[[106.51388888888889, -6.2375], [106.52777777777777, -6.2375], [106.52777777777777, -6.225], [106.51388888888889, -6.225], [106.51388888888889, -6.2375]]]}, "properties": {"lst_celsius": 22.49}}, {"type": "Feature", "geometry": {"type": "Polygon", "coordinates": [[[106.52777777777777, -6.2375], [106.54166666666667, -6.2375], [106.54166666666667, -6.225], [106.52777777777777, -6.225], [106.52777777777777, -6.2375]]]}, "properties": {"lst_celsius": 22.49}}, {"type": "Feature", "geometry": {"type": "Polygon", "coordinates": [[[106.54166666666667, -6.2375], [106.55555555555556, -6.2375], [106.55555555555556, -6.225], [106.54166666666667, -6.225], [106.54166666666667, -6.2375]]]}, "properties": {"lst_celsius": 22.49}}, {"type": "Feature", "geometry": {"type": "Polygon", "coordinates": [[[106.55555555555556, -6.2375], [106.56944444444444, -6.2375], [106.56944444444444, -6.225], [106.55555555555556, -6.225], [106.55555555555556, -6.2375]]]}, "properties": {"lst_celsius": 22.49}}, {"type": "Feature", "geometry": {"type": "Polygon", "coordinates": [[[106.56944444444444, -6.2375], [106.58333333333333, -6.2375], [106.58333333333333, -6.225], [106.56944444444444, -6.225], [106.56944444444444, -6.2375]]]}, "properties": {"lst_celsius": 22.49}}, {"type": "Feature", "geometry": {"type": "Polygon", "coordinates": [[[106.58333333333333, -6.2375], [106.59722222222223, -6.2375], [106.59722222222223, -6.225], [106.58333333333333, -6.225], [106.58333333333333, -6.2375]]]}, "properties": {"lst_celsius": 22.49}}, {"type": "Feature", "geometry": {"type": "Polygon", "coordinates": [[[106.59722222222223, -6.2375], [106.61111111111111, -6.2375], [106.61111111111111, -6.225], [106.59722222222223, -6.225], [106.59722222222223, -6.2375]]]}, "properties": {"lst_celsius": 22.49}}, {"type": "Feature", "geometry": {"type": "Polygon", "coordinates": [[[106.61111111111111, -6.2375], [106.625, -6.2375], [106.625, -6.225], [106.61111111111111, -6.225], [106.61111111111111, -6.2375]]]}, "properties": {"lst_celsius": 22.49}}, {"type": "Feature", "geometry": {"type": "Polygon", "coordinates": [[[106.625, -6.2375], [106.63888888888889, -6.2375], [106.63888888888889, -6.225], [106.625, -6.225], [106.625, -6.2375]]]}, "properties": {"lst_celsius": 22.49}}, {"type": "Feature", "geometry": {"type": "Polygon", "coordinates": [[[106.63888888888889, -6.2375], [106.65277777777777, -6.2375], [106.65277777777777, -6.225], [106.63888888888889, -6.225], [106.63888888888889, -6.2375]]]}, "properties": {"lst_celsius": 29.74}}, {"type": "Feature", "geometry": {"type": "Polygon", "coordinates": [[[106.65277777777777, -6.2375], [106.66666666666667, -6.2375], [106.66666666666667, -6.225], [106.65277777777777, -6.225], [106.65277777777777, -6.2375]]]}, "properties": {"lst_celsius": 29.92}}, {"type": "Feature", "geometry": {"type": "Polygon", "coordinates": [[[106.66666666666667, -6.2375], [106.68055555555556, -6.2375], [106.68055555555556, -6.225], [106.66666666666667, -6.225], [106.66666666666667, -6.2375]]]}, "properties": {"lst_celsius": 30.11}}, {"type": "Feature", "geometry": {"type": "Polygon", "coordinates": [[[106.68055555555556, -6.2375], [106.69444444444444, -6.2375], [106.69444444444444, -6.225], [106.68055555555556, -6.225], [106.68055555555556, -6.2375]]]}, "properties": {"lst_celsius": 30.29}}, {"type": "Feature", "geometry": {"type": "Polygon", "coordinates": [[[106.69444444444444, -6.2375], [106.70833333333333, -6.2375], [106.70833333333333, -6.225], [106.69444444444444, -6.225], [106.69444444444444, -6.2375]]]}, "properties": {"lst_celsius": 30.47}}, {"type": "Feature", "geometry": {"type": "Polygon", "coordinates": [[[106.70833333333333, -6.2375], [106.72222222222223, -6.2375], [106.72222222222223, -6.225], [106.70833333333333, -6.225], [106.70833333333333, -6.2375]]]}, "properties": {"lst_celsius": 30.64}}, {"type": "Feature", "geometry": {"type": "Polygon", "coordinates": [[[106.72222222222223, -6.2375], [106.73611111111111, -6.2375], [106.73611111111111, -6.225], [106.72222222222223, -6.225], [106.72222222222223, -6.2375]]]}, "properties": {"lst_celsius": 30.82}}, {"type": "Feature", "geometry": {"type": "Polygon", "coordinates": [[[106.73611111111111, -6.2375], [106.75, -6.2375], [106.75, -6.225], [106.73611111111111, -6.225], [106.73611111111111, -6.2375]]]}, "properties": {"lst_celsius": 30.98}}, {"type": "Feature", "geometry": {"type": "Polygon", "coordinates": [[[106.75, -6.2375], [106.76388888888889, -6.2375], [106.76388888888889, -6.225], [106.75, -6.225], [106.75, -6.2375]]]}, "properties": {"lst_celsius": 31.14}}, {"type": "Feature", "geometry": {"type": "Polygon", "coordinates": [[[106.76388888888889, -6.2375], [106.77777777777777, -6.2375], [106.77777777777777, -6.225], [106.76388888888889, -6.225], [106.76388888888889, -6.2375]]]}, "properties": {"lst_celsius": 31.28}}, {"type": "Feature", "geometry": {"type": "Polygon", "coordinates": [[[106.77777777777777, -6.2375], [106.79166666666667, -6.2375], [106.79166666666667, -6.225], [106.77777777777777, -6.225], [106.77777777777777, -6.2375]]]}, "properties": {"lst_celsius": 31.41}}, {"type": "Feature", "geometry": {"type": "Polygon", "coordinates": [[[106.79166666666667, -6.2375], [106.80555555555556, -6.2375], [106.80555555555556, -6.225], [106.79166666666667, -6.225], [106.79166666666667, -6.2375]]]}, "properties": {"lst_celsius": 31.52}}, {"type": "Feature", "geometry": {"type": "Polygon", "coordinates": [[[106.80555555555556, -6.2375], [106.81944444444444, -6.2375], [106.81944444444444, -6.225], [106.80555555555556, -6.225], [106.80555555555556, -6.2375]]]}, "properties": {"lst_celsius": 31.59}}, {"type": "Feature", "geometry": {"type": "Polygon", "coordinates": [[[106.81944444444444, -6.2375], [106.83333333333333, -6.2375], [106.83333333333333, -6.225], [106.81944444444444, -6.225], [106.81944444444444, -6.2375]]]}, "properties": {"lst_celsius": 31.61}}, {"type": "Feature", "geometry": {"type": "Polygon", "coordinates": [[[106.83333333333333, -6.2375], [106.84722222222223, -6.2375], [106.84722222222223, -6.225], [106.83333333333333, -6.225], [106.83333333333333, -6.2375]]]}, "properties": {"lst_celsius": 31.59}}, {"type": "Feature", "geometry": {"type": "Polygon", "coordinates": [[[106.84722222222223, -6.2375], [106.86111111111111, -6.2375], [106.86111111111111, -6.225], [106.84722222222223, -6.225], [106.84722222222223, -6.2375]]]}, "properties": {"lst_celsius": 31.53}}, {"type": "Feature", "geometry": {"type": "Polygon", "coordinates": [[[106.86111111111111, -6.2375], [106.875, -6.2375], [106.875, -6.225], [106.86111111111111, -6.225], [106.86111111111111, -6.2375]]]}, "properties": {"lst_celsius": 31.43}}, {"type": "Feature", "geometry": {"type": "Polygon", "coordinates": [[[106.875, -6.2375], [106.88888888888889, -6.2375], [106.88888888888889, -6.225], [106.875, -6.225], [106.875, -6.2375]]]}, "properties": {"lst_celsius": 31.3}}, {"type": "Feature", "geometry": {"type": "Polygon", "coordinates": [[[106.88888888888889, -6.2375], [106.90277777777777, -6.2375], [106.90277777777777, -6.225], [106.88888888888889, -6.225], [106.88888888888889, -6.2375]]]}, "properties": {"lst_celsius": 31.16}}, {"type": "Feature", "geometry": {"type": "Polygon", "coordinates": [[[106.90277777777777, -6.2375], [106.91666666666667, -6.2375], [106.91666666666667, -6.225], [106.90277777777777, -6.225], [106.90277777777777, -6.2375]]]}, "properties": {"lst_celsius": 31.0}}, {"type": "Feature", "geometry": {"type": "Polygon", "coordinates": [[[106.91666666666667, -6.2375], [106.93055555555556, -6.2375], [106.93055555555556, -6.225], [106.91666666666667, -6.225], [106.91666666666667, -6.2375]]]}, "properties": {"lst_celsius": 30.84}}, {"type": "Feature", "geometry": {"type": "Polygon", "coordinates": [[[106.93055555555556, -6.2375], [106.94444444444444, -6.2375], [106.94444444444444, -6.225], [106.93055555555556, -6.225], [106.93055555555556, -6.2375]]]}, "properties": {"lst_celsius": 30.66}}, {"type": "Feature", "geometry": {"type": "Polygon", "coordinates": [[[106.94444444444444, -6.2375], [106.95833333333333, -6.2375], [106.95833333333333, -6.225], [106.94444444444444, -6.225], [106.94444444444444, -6.2375]]]}, "properties": {"lst_celsius": 30.49}}, {"type": "Feature", "geometry": {"type": "Polygon", "coordinates": [[[106.95833333333333, -6.2375], [106.97222222222223, -6.2375], [106.97222222222223, -6.225], [106.95833333333333, -6.225], [106.95833333333333, -6.2375]]]}, "properties": {"lst_celsius": 30.31}}, {"type": "Feature", "geometry": {"type": "Polygon", "coordinates": [[[106.97222222222223, -6.2375], [106.98611111111111, -6.2375], [106.98611111111111, -6.225], [106.97222222222223, -6.225], [106.97222222222223, -6.2375]]]}, "properties": {"lst_celsius": 30.13}}, {"type": "Feature", "geometry": {"type": "Polygon", "coordinates": [[[106.98611111111111, -6.2375], [107.0, -6.2375], [107.0, -6.225], [106.98611111111111, -6.225], [106.98611111111111, -6.2375]]]}, "properties": {"lst_celsius": 29.95}}, {"type": "Feature", "geometry": {"type": "Polygon", "coordinates": [[[107.0, -6.2375], [107.01388888888889, -6.2375], [107.01388888888889, -6.225], [107.0, -6.225], [107.0, -6.2375]]]}, "properties": {"lst_celsius": 29.76}}, {"type": "Feature", "geometry": {"type": "Polygon", "coordinates": [[[107.01388888888889, -6.2375], [107.02777777777777, -6.2375], [107.02777777777777, -6.225], [107.01388888888889, -6.225], [107.01388888888889, -6.2375]]]}, "properties": {"lst_celsius": 22.49}}, {"type": "Feature", "geometry": {"type": "Polygon", "coordinates": [[[107.02777777777777, -6.2375], [107.04166666666667, -6.2375], [107.04166666666667, -6.225], [107.02777777777777, -6.225], [107.02777777777777, -6.2375]]]}, "properties": {"lst_celsius": 22.49}}, {"type": "Feature", "geometry": {"type": "Polygon", "coordinates": [[[107.04166666666667, -6.2375], [107.05555555555556, -6.2375], [107.05555555555556, -6.225], [107.04166666666667, -6.225], [107.04166666666667, -6.2375]]]}, "properties": {"lst_celsius": 22.49}}, {"type": "Feature", "geometry": {"type": "Polygon", "coordinates": [[[107.05555555555556, -6.2375], [107.06944444444444, -6.2375], [107.06944444444444, -6.225], [107.05555555555556, -6.225], [107.05555555555556, -6.2375]]]}, "properties": {"lst_celsius": 22.49}}, {"type": "Feature", "geometry": {"type": "Polygon", "coordinates": [[[107.06944444444444, -6.2375], [107.08333333333333, -6.2375], [107.08333333333333, -6.225], [107.06944444444444, -6.225], [107.06944444444444, -6.2375]]]}, "properties": {"lst_celsius": 22.49}}, {"type": "Feature", "geometry": {"type": "Polygon", "coordinates": [[[107.08333333333333, -6.2375], [107.09722222222223, -6.2375], [107.09722222222223, -6.225], [107.08333333333333, -6.225], [107.08333333333333, -6.2375]]]}, "properties": {"lst_celsius": 22.49}}, {"type": "Feature", "geometry": {"type": "Polygon", "coordinates": [[[107.09722222222223, -6.2375], [107.11111111111111, -6.2375], [107.11111111111111, -6.225], [107.09722222222223, -6.225], [107.09722222222223, -6.2375]]]}, "properties": {"lst_celsius": 22.49}}, {"type": "Feature", "geometry": {"type": "Polygon", "coordinates": [[[107.11111111111111, -6.2375], [107.125, -6.2375], [107.125, -6.225], [107.11111111111111, -6.225], [107.11111111111111, -6.2375]]]}, "properties": {"lst_celsius": 22.49}}, {"type": "Feature", "geometry": {"type": "Polygon", "coordinates": [[[107.125, -6.2375], [107.13888888888889, -6.2375], [107.13888888888889, -6.225], [107.125, -6.225], [107.125, -6.2375]]]}, "properties": {"lst_celsius": 22.49}}, {"type": "Feature", "geometry": {"type": "Polygon", "coordinates": [[[107.13888888888889, -6.2375], [107.15277777777777, -6.2375], [107.15277777777777, -6.225], [107.13888888888889, -6.225], [107.13888888888889, -6.2375]]]}, "properties": {"lst_celsius": 22.49}}, {"type": "Feature", "geometry": {"type": "Polygon", "coordinates": [[[107.15277777777777, -6.2375], [107.16666666666667, -6.2375], [107.16666666666667, -6.225], [107.15277777777777, -6.225], [107.15277777777777, -6.2375]]]}, "properties": {"lst_celsius": 22.49}}, {"type": "Feature", "geometry": {"type": "Polygon", "coordinates": [[[107.16666666666667, -6.2375], [107.18055555555556, -6.2375], [107.18055555555556, -6.225], [107.16666666666667, -6.225], [107.16666666666667, -6.2375]]]}, "properties": {"lst_celsius": 22.49}}, {"type": "Feature", "geometry": {"type": "Polygon", "coordinates": [[[107.18055555555556, -6.2375], [107.19444444444444, -6.2375], [107.19444444444444, -6.225], [107.18055555555556, -6.225], [107.18055555555556, -6.2375]]]}, "properties": {"lst_celsius": 22.49}}, {"type": "Feature", "geometry": {"type": "Polygon", "coordinates": [[[107.19444444444444, -6.2375], [107.20833333333333, -6.2375], [107.20833333333333, -6.225], [107.19444444444444, -6.225], [107.19444444444444, -6.2375]]]}, "properties": {"lst_celsius": 22.49}}, {"type": "Feature", "geometry": {"type": "Polygon", "coordinates": [[[107.20833333333333, -6.2375], [107.22222222222223, -6.2375], [107.22222222222223, -6.225], [107.20833333333333, -6.225], [107.20833333333333, -6.2375]]]}, "properties": {"lst_celsius": 22.49}}, {"type": "Feature", "geometry": {"type": "Polygon", "coordinates": [[[107.22222222222223, -6.2375], [107.23611111111111, -6.2375], [107.23611111111111, -6.225], [107.22222222222223, -6.225], [107.22222222222223, -6.2375]]]}, "properties": {"lst_celsius": 22.49}}, {"type": "Feature", "geometry": {"type": "Polygon", "coordinates": [[[107.23611111111111, -6.2375], [107.25, -6.2375], [107.25, -6.225], [107.23611111111111, -6.225], [107.23611111111111, -6.2375]]]}, "properties": {"lst_celsius": 22.49}}, {"type": "Feature", "geometry": {"type": "Polygon", "coordinates": [[[106.5, -6.225], [106.51388888888889, -6.225], [106.51388888888889, -6.2125], [106.5, -6.2125], [106.5, -6.225]]]}, "properties": {"lst_celsius": 22.67}}, {"type": "Feature", "geometry": {"type": "Polygon", "coordinates": [[[106.51388888888889, -6.225], [106.52777777777777, -6.225], [106.52777777777777, -6.2125], [106.51388888888889, -6.2125], [106.51388888888889, -6.225]]]}, "properties": {"lst_celsius": 22.67}}, {"type": "Feature", "geometry": {"type": "Polygon", "coordinates": [[[106.52777777777777, -6.225], [106.54166666666667, -6.225], [106.54166666666667, -6.2125], [106.52777777777777, -6.2125], [106.52777777777777, -6.225]]]}, "properties": {"lst_celsius": 22.67}}, {"type": "Feature", "geometry": {"type": "Polygon", "coordinates": [[[106.54166666666667, -6.225], [106.55555555555556, -6.225], [106.55555555555556, -6.2125], [106.54166666666667, -6.2125], [106.54166666666667, -6.225]]]}, "properties": {"lst_celsius": 22.67}}, {"type": "Feature", "geometry": {"type": "Polygon", "coordinates": [[[106.55555555555556, -6.225], [106.56944444444444, -6.225], [106.56944444444444, -6.2125], [106.55555555555556, -6.2125], [106.55555555555556, -6.225]]]}, "properties": {"lst_celsius": 22.67}}, {"type": "Feature", "geometry": {"type": "Polygon", "coordinates": [[[106.56944444444444, -6.225], [106.58333333333333, -6.225], [106.58333333333333, -6.2125], [106.56944444444444, -6.2125], [106.56944444444444, -6.225]]]}, "properties": {"lst_celsius": 22.67}}, {"type": "Feature", "geometry": {"type": "Polygon", "coordinates": [[[106.58333333333333, -6.225], [106.59722222222223, -6.225], [106.59722222222223, -6.2125], [106.58333333333333, -6.2125], [106.58333333333333, -6.225]]]}, "properties": {"lst_celsius": 22.67}}, {"type": "Feature", "geometry": {"type": "Polygon", "coordinates": [[[106.59722222222223, -6.225], [106.61111111111111, -6.225], [106.61111111111111, -6.2125], [106.59722222222223, -6.2125], [106.59722222222223, -6.225]]]}, "properties": {"lst_celsius": 22.67}}, {"type": "Feature", "geometry": {"type": "Polygon", "coordinates": [[[106.61111111111111, -6.225], [106.625, -6.225], [106.625, -6.2125], [106.61111111111111, -6.2125], [106.61111111111111, -6.225]]]}, "properties": {"lst_celsius": 22.67}}, {"type": "Feature", "geometry": {"type": "Polygon", "coordinates": [[[106.625, -6.225], [106.63888888888889, -6.225], [106.63888888888889, -6.2125], [106.625, -6.2125], [106.625, -6.225]]]}, "properties": {"lst_celsius": 22.67}}, {"type": "Feature", "geometry": {"type": "Polygon", "coordinates": [[[106.63888888888889, -6.225], [106.65277777777777, -6.225], [106.65277777777777, -6.2125], [106.63888888888889, -6.2125], [106.63888888888889, -6.225]]]}, "properties": {"lst_celsius": 29.91}}, {"type": "Feature", "geometry": {"type": "Polygon", "coordinates": [[[106.65277777777777, -6.225], [106.66666666666667, -6.225], [106.66666666666667, -6.2125], [106.65277777777777, -6.2125], [106.65277777777777, -6.225]]]}, "properties": {"lst_celsius": 30.1}}, {"type": "Feature", "geometry": {"type": "Polygon", "coordinates": [[[106.66666666666667, -6.225], [106.68055555555556, -6.225], [106.68055555555556, -6.2125], [106.66666666666667, -6.2125], [106.66666666666667, -6.225]]]}, "properties": {"lst_celsius": 30.29}}, {"type": "Feature", "geometry": {"type": "Polygon", "coordinates": [[[106.68055555555556, -6.225], [106.69444444444444, -6.225], [106.69444444444444, -6.2125], [106.68055555555556, -6.2125], [106.68055555555556, -6.225]]]}, "properties": {"lst_celsius": 30.48}}, {"type": "Feature", "geometry": {"type": "Polygon", "coordinates": [[[106.69444444444444, -6.225], [106.70833333333333, -6.225], [106.70833333333333, -6.2125], [106.69444444444444, -6.2125], [106.69444444444444, -6.225]]]}, "properties": {"lst_celsius": 30.66}}, {"type": "Feature", "geometry": {"type": "Polygon", "coordinates": [[[106.70833333333333, -6.225], [106.72222222222223, -6.225], [106.72222222222223, -6.2125], [106.70833333333333, -6.2125], [106.70833333333333, -6.225]]]}, "properties": {"lst_celsius": 30.84}}, {"type": "Feature", "geometry": {"type": "Polygon", "coordinates": [[[106.72222222222223, -6.225], [106.73611111111111, -6.225], [106.73611111111111, -6.2125], [106.72222222222223, -6.2125], [106.72222222222223, -6.225]]]}, "properties": {"lst_celsius": 31.02}}, {"type": "Feature", "geometry": {"type": "Polygon", "coordinates": [[[106.73611111111111, -6.225], [106.75, -6.225], [106.75, -6.2125], [106.73611111111111, -6.2125], [106.73611111111111, -6.225]]]}, "properties": {"lst_celsius": 31.2}}, {"type": "Feature", "geometry": {"type": "Polygon", "coordinates": [[[106.75, -6.225], [106.76388888888889, -6.225], [106.76388888888889, -6.2125], [106.75, -6.2125], [106.75, -6.225]]]}, "properties": {"lst_celsius": 31.37}}, {"type": "Feature", "geometry": {"type": "Polygon", "coordinates": [[[106.76388888888889, -6.225], [106.77777777777777, -6.225], [106.77777777777777, -6.2125], [106.76388888888889, -6.2125], [106.76388888888889, -6.225]]]}, "properties": {"lst_celsius": 31.53}}, {"type": "Feature", "geometry": {"type": "Polygon", "coordinates": [[[106.77777777777777, -6.225], [106.79166666666667, -6.225], [106.79166666666667, -6.2125], [106.77777777777777, -6.2125], [106.77777777777777, -6.225]]]}, "properties": {"lst_celsius": 31.68}}, {"type": "Feature", "geometry": {"type": "Polygon", "coordinates": [[[106.79166666666667, -6.225], [106.80555555555556, -6.225], [106.80555555555556, -6.2125], [106.79166666666667, -6.2125], [106.79166666666667, -6.225]]]}, "properties": {"lst_celsius": 31.8}}, {"type": "Feature", "geometry": {"type": "Polygon", "coordinates": [[[106.80555555555556, -6.225], [106.81944444444444, -6.225], [106.81944444444444, -6.2125], [106.80555555555556, -6.2125], [106.80555555555556, -6.225]]]}, "properties": {"lst_celsius": 31.88}}, {"type": "Feature", "geometry": {"type": "Polygon", "coordinates": [[[106.81944444444444, -6.225], [106.83333333333333, -6.225], [106.83333333333333, -6.2125], [106.81944444444444, -6.2125], [106.81944444444444, -6.225]]]}, "properties": {"lst_celsius": 31.92}}, {"type": "Feature", "geometry": {"type": "Polygon", "coordinates": [[[106.83333333333333, -6.225], [106.84722222222223, -6.225], [106.84722222222223, -6.2125], [106.83333333333333, -6.2125], [106.83333333333333, -6.225]]]}, "properties": {"lst_celsius": 31.89}}, {"type": "Feature", "geometry": {"type": "Polygon", "coordinates": [[[106.84722222222223, -6.225], [106.86111111111111, -6.225], [106.86111111111111, -6.2125], [106.84722222222223, -6.2125], [106.84722222222223, -6.225]]]}, "properties": {"lst_celsius": 31.81}}, {"type": "Feature", "geometry": {"type": "Polygon", "coordinates": [[[106.86111111111111, -6.225], [106.875, -6.225], [106.875, -6.2125], [106.86111111111111, -6.2125], [106.86111111111111, -6.225]]]}, "properties": {"lst_celsius": 31.69}}, {"type": "Feature", "geometry": {"type": "Polygon", "coordinates": [[[106.875, -6.225], [106.88888888888889, -6.225], [106.88888888888889, -6.2125], [106.875, -6.2125], [106.875, -6.225]]]}, "properties": {"lst_celsius": 31.55}}, {"type": "Feature", "geometry": {"type": "Polygon", "coordinates": [[[106.88888888888889, -6.225], [106.90277777777777, -6.225], [106.90277777777777, -6.2125], [106.88888888888889, -6.2125], [106.88888888888889, -6.225]]]}, "properties": {"lst_celsius": 31.39}}, {"type": "Feature", "geometry": {"type": "Polygon", "coordinates": [[[106.90277777777777, -6.225], [106.91666666666667, -6.225], [106.91666666666667, -6.2125], [106.90277777777777, -6.2125], [106.90277777777777, -6.225]]]}, "properties": {"lst_celsius": 31.22}}, {"type": "Feature", "geometry": {"type": "Polygon", "coordinates": [[[106.91666666666667, -6.225], [106.93055555555556, -6.225], [106.93055555555556, -6.2125], [106.91666666666667, -6.2125], [106.91666666666667, -6.225]]]}, "properties": {"lst_celsius": 31.04}}, {"type": "Feature", "geometry": {"type": "Polygon", "coordinates": [[[106.93055555555556, -6.225], [106.94444444444444, -6.225], [106.94444444444444, -6.2125], [106.93055555555556, -6.2125], [106.93055555555556, -6.225]]]}, "properties": {"lst_celsius": 30.87}}, {"type": "Feature", "geometry": {"type": "Polygon", "coordinates": [[[106.94444444444444, -6.225], [106.95833333333333, -6.225], [106.95833333333333, -6.2125], [106.94444444444444, -6.2125], [106.94444444444444, -6.225]]]}, "properties": {"lst_celsius": 30.68}}, {"type": "Feature", "geometry": {"type": "Polygon", "coordinates": [[[106.95833333333333, -6.225], [106.97222222222223, -6.225], [106.97222222222223, -6.2125], [106.95833333333333, -6.2125], [106.95833333333333, -6.225]]]}, "properties": {"lst_celsius": 30.5}}, {"type": "Feature", "geometry": {"type": "Polygon", "coordinates": [[[106.97222222222223, -6.225], [106.98611111111111, -6.225], [106.98611111111111, -6.2125], [106.97222222222223, -6.2125], [106.97222222222223, -6.225]]]}, "properties": {"lst_celsius": 30.31}}, {"type": "Feature", "geometry": {"type": "Polygon", "coordinates": [[[106.98611111111111, -6.225], [107.0, -6.225], [107.0, -6.2125], [106.98611111111111, -6.2125], [106.98611111111111, -6.225]]]}, "properties": {"lst_celsius": 30.12}}, {"type": "Feature", "geometry": {"type": "Polygon", "coordinates": [[[107.0, -6.225], [107.01388888888889, -6.225], [107.01388888888889, -6.2125], [107.0, -6.2125], [107.0, -6.225]]]}, "properties": {"lst_celsius": 29.94}}, {"type": "Feature", "geometry": {"type": "Polygon", "coordinates": [[[107.01388888888889, -6.225], [107.02777777777777, -6.225], [107.02777777777777, -6.2125], [107.01388888888889, -6.2125], [107.01388888888889, -6.225]]]}, "properties": {"lst_celsius": 29.75}}, {"type": "Feature", "geometry": {"type": "Polygon", "coordinates": [[[107.02777777777777, -6.225], [107.04166666666667, -6.225], [107.04166666666667, -6.2125], [107.02777777777777, -6.2125], [107.02777777777777, -6.225]]]}, "properties": {"lst_celsius": 22.67}}, {"type": "Feature", "geometry": {"type": "Polygon", "coordinates": [[[107.04166666666667, -6.225], [107.05555555555556, -6.225], [107.05555555555556, -6.2125], [107.04166666666667, -6.2125], [107.04166666666667, -6.225]]]}, "properties": {"lst_celsius": 22.67}}, {"type": "Feature", "geometry": {"type": "Polygon", "coordinates": [[[107.05555555555556, -6.225], [107.06944444444444, -6.225], [107.06944444444444, -6.2125], [107.05555555555556, -6.2125], [107.05555555555556, -6.225]]]}, "properties": {"lst_celsius": 22.67}}, {"type": "Feature", "geometry": {"type": "Polygon", "coordinates": [[[107.06944444444444, -6.225], [107.08333333333333, -6.225], [107.08333333333333, -6.2125], [107.06944444444444, -6.2125], [107.06944444444444, -6.225]]]}, "properties": {"lst_celsius": 22.67}}, {"type": "Feature", "geometry": {"type": "Polygon", "coordinates": [[[107.08333333333333, -6.225], [107.09722222222223, -6.225], [107.09722222222223, -6.2125], [107.08333333333333, -6.2125], [107.08333333333333, -6.225]]]}, "properties": {"lst_celsius": 22.67}}, {"type": "Feature", "geometry": {"type": "Polygon", "coordinates": [[[107.09722222222223, -6.225], [107.11111111111111, -6.225], [107.11111111111111, -6.2125], [107.09722222222223, -6.2125], [107.09722222222223, -6.225]]]}, "properties": {"lst_celsius": 22.67}}, {"type": "Feature", "geometry": {"type": "Polygon", "coordinates": [[[107.11111111111111, -6.225], [107.125, -6.225], [107.125, -6.2125], [107.11111111111111, -6.2125], [107.11111111111111, -6.225]]]}, "properties": {"lst_celsius": 22.67}}, {"type": "Feature", "geometry": {"type": "Polygon", "coordinates": [[[107.125, -6.225], [107.13888888888889, -6.225], [107.13888888888889, -6.2125], [107.125, -6.2125], [107.125, -6.225]]]}, "properties": {"lst_celsius": 22.67}}, {"type": "Feature", "geometry": {"type": "Polygon", "coordinates": [[[107.13888888888889, -6.225], [107.15277777777777, -6.225], [107.15277777777777, -6.2125], [107.13888888888889, -6.2125], [107.13888888888889, -6.225]]]}, "properties": {"lst_celsius": 22.67}}, {"type": "Feature", "geometry": {"type": "Polygon", "coordinates": [[[107.15277777777777, -6.225], [107.16666666666667, -6.225], [107.16666666666667, -6.2125], [107.15277777777777, -6.2125], [107.15277777777777, -6.225]]]}, "properties": {"lst_celsius": 22.67}}, {"type": "Feature", "geometry": {"type": "Polygon", "coordinates": [[[107.16666666666667, -6.225], [107.18055555555556, -6.225], [107.18055555555556, -6.2125], [107.16666666666667, -6.2125], [107.16666666666667, -6.225]]]}, "properties": {"lst_celsius": 22.67}}, {"type": "Feature", "geometry": {"type": "Polygon", "coordinates": [[[107.18055555555556, -6.225], [107.19444444444444, -6.225], [107.19444444444444, -6.2125], [107.18055555555556, -6.2125], [107.18055555555556, -6.225]]]}, "properties": {"lst_celsius": 22.67}}, {"type": "Feature", "geometry": {"type": "Polygon", "coordinates": [[[107.19444444444444, -6.225], [107.20833333333333, -6.225], [107.20833333333333, -6.2125], [107.19444444444444, -6.2125], [107.19444444444444, -6.225]]]}, "properties": {"lst_celsius": 22.67}}, {"type": "Feature", "geometry": {"type": "Polygon", "coordinates": [[[107.20833333333333, -6.225], [107.22222222222223, -6.225], [107.22222222222223, -6.2125], [107.20833333333333, -6.2125], [107.20833333333333, -6.225]]]}, "properties": {"lst_celsius": 22.67}}, {"type": "Feature", "geometry": {"type": "Polygon", "coordinates": [[[107.22222222222223, -6.225], [107.23611111111111, -6.225], [107.23611111111111, -6.2125], [107.22222222222223, -6.2125], [107.22222222222223, -6.225]]]}, "properties": {"lst_celsius": 22.67}}, {"type": "Feature", "geometry": {"type": "Polygon", "coordinates": [[[107.23611111111111, -6.225], [107.25, -6.225], [107.25, -6.2125], [107.23611111111111, -6.2125], [107.23611111111111, -6.225]]]}, "properties": {"lst_celsius": 22.67}}, {"type": "Feature", "geometry": {"type": "Polygon", "coordinates": [[[106.5, -6.2125], [106.51388888888889, -6.2125], [106.51388888888889, -6.2], [106.5, -6.2], [106.5, -6.2125]]]}, "properties": {"lst_celsius": 22.85}}, {"type": "Feature", "geometry": {"type": "Polygon", "coordinates": [[[106.51388888888889, -6.2125], [106.52777777777777, -6.2125], [106.52777777777777, -6.2], [106.51388888888889, -6.2], [106.51388888888889, -6.2125]]]}, "properties": {"lst_celsius": 22.85}}, {"type": "Feature", "geometry": {"type": "Polygon", "coordinates": [[[106.52777777777777, -6.2125], [106.54166666666667, -6.2125], [106.54166666666667, -6.2], [106.52777777777777, -6.2], [106.52777777777777, -6.2125]]]}, "properties": {"lst_celsius": 22.85}}, {"type": "Feature", "geometry": {"type": "Polygon", "coordinates": [[[106.54166666666667, -6.2125], [106.55555555555556, -6.2125], [106.55555555555556, -6.2], [106.54166666666667, -6.2], [106.54166666666667, -6.2125]]]}, "properties": {"lst_celsius": 22.85}}, {"type": "Feature", "geometry": {"type": "Polygon", "coordinates": [[[106.55555555555556, -6.2125], [106.56944444444444, -6.2125], [106.56944444444444, -6.2], [106.55555555555556, -6.2], [106.55555555555556, -6.2125]]]}, "properties": {"lst_celsius": 22.85}}, {"type": "Feature", "geometry": {"type": "Polygon", "coordinates": [[[106.56944444444444, -6.2125], [106.58333333333333, -6.2125], [106.58333333333333, -6.2], [106.56944444444444, -6.2], [106.56944444444444, -6.2125]]]}, "properties": {"lst_celsius": 22.85}}, {"type": "Feature", "geometry": {"type": "Polygon", "coordinates": [[[106.58333333333333, -6.2125], [106.59722222222223, -6.2125], [106.59722222222223, -6.2], [106.58333333333333, -6.2], [106.58333333333333, -6.2125]]]}, "properties": {"lst_celsius": 22.85}}, {"type": "Feature", "geometry": {"type": "Polygon", "coordinates": [[[106.59722222222223, -6.2125], [106.61111111111111, -6.2125], [106.61111111111111, -6.2], [106.59722222222223, -6.2], [106.59722222222223, -6.2125]]]}, "properties": {"lst_celsius": 22.85}}, {"type": "Feature", "geometry": {"type": "Polygon", "coordinates": [[[106.61111111111111, -6.2125], [106.625, -6.2125], [106.625, -6.2], [106.61111111111111, -6.2], [106.61111111111111, -6.2125]]]}, "properties": {"lst_celsius": 22.85}}, {"type": "Feature", "geometry": {"type": "Polygon", "coordinates": [[[106.625, -6.2125], [106.63888888888889, -6.2125], [106.63888888888889, -6.2], [106.625, -6.2], [106.625, -6.2125]]]}, "properties": {"lst_celsius": 29.89}}, {"type": "Feature", "geometry": {"type": "Polygon", "coordinates": [[[106.63888888888889, -6.2125], [106.65277777777777, -6.2125], [106.65277777777777, -6.2], [106.63888888888889, -6.2], [106.63888888888889, -6.2125]]]}, "properties": {"lst_celsius": 30.08}}, {"type": "Feature", "geometry": {"type": "Polygon", "coordinates": [[[106.65277777777777, -6.2125], [106.66666666666667, -6.2125], [106.66666666666667, -6.2], [106.65277777777777, -6.2], [106.65277777777777, -6.2125]]]}, "properties": {"lst_celsius": 30.27}}, {"type": "Feature", "geometry": {"type": "Polygon", "coordinates": [[[106.66666666666667, -6.2125], [106.68055555555556, -6.2125], [106.68055555555556, -6.2], [106.66666666666667, -6.2], [106.66666666666667, -6.2125]]]}, "properties": {"lst_celsius": 30.46}}, {"type": "Feature", "geometry": {"type": "Polygon", "coordinates": [[[106.68055555555556, -6.2125], [106.69444444444444, -6.2125], [106.69444444444444, -6.2], [106.68055555555556, -6.2], [106.68055555555556, -6.2125]]]}, "properties": {"lst_celsius": 30.65}}, {"type": "Feature", "geometry": {"type": "Polygon", "coordinates": [[[106.69444444444444, -6.2125], [106.70833333333333, -6.2125], [106.70833333333333, -6.2], [106.69444444444444, -6.2], [106.69444444444444, -6.2125]]]}, "properties": {"lst_celsius": 30.84}}, {"type": "Feature", "geometry": {"type": "Polygon", "coordinates": [[[106.70833333333333, -6.2125], [106.72222222222223, -6.2125], [106.72222222222223, -6.2], [106.70833333333333, -6.2], [106.70833333333333, -6.2125]]]}, "properties": {"lst_celsius": 31.03}}, {"type": "Feature", "geometry": {"type": "Polygon", "coordinates": [[[106.72222222222223, -6.2125], [106.73611111111111, -6.2125], [106.73611111111111, -6.2], [106.72222222222223, -6.2], [106.72222222222223, -6.2125]]]}, "properties": {"lst_celsius": 31.22}}, {"type": "Feature", "geometry": {"type": "Polygon", "coordinates": [[[106.73611111111111, -6.2125], [106.75, -6.2125], [106.75, -6.2], [106.73611111111111, -6.2], [106.73611111111111, -6.2125]]]}, "properties": {"lst_celsius": 31.4}}, {"type": "Feature", "geometry": {"type": "Polygon", "coordinates": [[[106.75, -6.2125], [106.76388888888889, -6.2125], [106.76388888888889, -6.2], [106.75, -6.2], [106.75, -6.2125]]]}, "properties": {"lst_celsius": 31.58}}, {"type": "Feature", "geometry": {"type": "Polygon", "coordinates": [[[106.76388888888889, -6.2125], [106.77777777777777, -6.2125], [106.77777777777777, -6.2], [106.76388888888889, -6.2], [106.76388888888889, -6.2125]]]}, "properties": {"lst_celsius": 31.76}}, {"type": "Feature", "geometry": {"type": "Polygon", "coordinates": [[[106.77777777777777, -6.2125], [106.79166666666667, -6.2125], [106.79166666666667, -6.2], [106.77777777777777, -6.2], [106.77777777777777, -6.2125]]]}, "properties": {"lst_celsius": 31.92}}, {"type": "Feature", "geometry": {"type": "Polygon", "coordinates": [[[106.79166666666667, -6.2125], [106.80555555555556, -6.2125], [106.80555555555556, -6.2], [106.79166666666667, -6.2], [106.79166666666667, -6.2125]]]}, "properties": {"lst_celsius": 32.07}}, {"type": "Feature", "geometry": {"type": "Polygon", "coordinates": [[[106.80555555555556, -6.2125], [106.81944444444444, -6.2125], [106.81944444444444, -6.2], [106.80555555555556, -6.2], [106.80555555555556, -6.2125]]]}, "properties": {"lst_celsius": 32.18}}, {"type": "Feature", "geometry": {"type": "Polygon", "coordinates": [[[106.81944444444444, -6.2125], [106.83333333333333, -6.2125], [106.83333333333333, -6.2], [106.81944444444444, -6.2], [106.81944444444444, -6.2125]]]}, "properties": {"lst_celsius": 32.22}}, {"type": "Feature", "geometry": {"type": "Polygon", "coordinates": [[[106.83333333333333, -6.2125], [106.84722222222223, -6.2125], [106.84722222222223, -6.2], [106.83333333333333, -6.2], [106.83333333333333, -6.2125]]]}, "properties": {"lst_celsius": 32.19}}, {"type": "Feature", "geometry": {"type": "Polygon", "coordinates": [[[106.84722222222223, -6.2125], [106.86111111111111, -6.2125], [106.86111111111111, -6.2], [106.84722222222223, -6.2], [106.84722222222223, -6.2125]]]}, "properties": {"lst_celsius": 32.08}}, {"type": "Feature", "geometry": {"type": "Polygon", "coordinates": [[[106.86111111111111, -6.2125], [106.875, -6.2125], [106.875, -6.2], [106.86111111111111, -6.2], [106.86111111111111, -6.2125]]]}, "properties": {"lst_celsius": 31.94}}, {"type": "Feature", "geometry": {"type": "Polygon", "coordinates": [[[106.875, -6.2125], [106.88888888888889, -6.2125], [106.88888888888889, -6.2], [106.875, -6.2], [106.875, -6.2125]]]}, "properties": {"lst_celsius": 31.78}}, {"type": "Feature", "geometry": {"type": "Polygon", "coordinates": [[[106.88888888888889, -6.2125], [106.90277777777777, -6.2125], [106.90277777777777, -6.2], [106.88888888888889, -6.2], [106.88888888888889, -6.2125]]]}, "properties": {"lst_celsius": 31.6}}, {"type": "Feature", "geometry": {"type": "Polygon", "coordinates": [[[106.90277777777777, -6.2125], [106.91666666666667, -6.2125], [106.91666666666667, -6.2], [106.90277777777777, -6.2], [106.90277777777777, -6.2125]]]}, "properties": {"lst_celsius": 31.42}}, {"type": "Feature", "geometry": {"type": "Polygon", "coordinates": [[[106.91666666666667, -6.2125], [106.93055555555556, -6.2125], [106.93055555555556, -6.2], [106.91666666666667, -6.2], [106.91666666666667, -6.2125]]]}, "properties": {"lst_celsius": 31.24}}, {"type": "Feature", "geometry": {"type": "Polygon", "coordinates": [[[106.93055555555556, -6.2125], [106.94444444444444, -6.2125], [106.94444444444444, -6.2], [106.93055555555556, -6.2], [106.93055555555556, -6.2125]]]}, "properties": {"lst_celsius": 31.05}}, {"type": "Feature", "geometry": {"type": "Polygon", "coordinates": [[[106.94444444444444, -6.2125], [106.95833333333333, -6.2125], [106.95833333333333, -6.2], [106.94444444444444, -6.2], [106.94444444444444, -6.2125]]]}, "properties": {"lst_celsius": 30.86}}, {"type": "Feature", "geometry": {"type": "Polygon", "coordinates": [[[106.95833333333333, -6.2125], [106.97222222222223, -6.2125], [106.97222222222223, -6.2], [106.95833333333333, -6.2], [106.95833333333333, -6.2125]]]}, "properties": {"lst_celsius": 30.67}}, {"type": "Feature", "geometry": {"type": "Polygon", "coordinates": [[[106.97222222222223, -6.2125], [106.98611111111111, -6.2125], [106.98611111111111, -6.2], [106.97222222222223, -6.2], [106.97222222222223, -6.2125]]]}, "properties": {"lst_celsius": 30.48}}, {"type": "Feature", "geometry": {"type": "Polygon", "coordinates": [[[106.98611111111111, -6.2125], [107.0, -6.2125], [107.0, -6.2], [106.98611111111111, -6.2], [106.98611111111111, -6.2125]]]}, "properties": {"lst_celsius": 30.29}}, {"type": "Feature", "geometry": {"type": "Polygon", "coordinates": [[[107.0, -6.2125], [107.01388888888889, -6.2125], [107.01388888888889, -6.2], [107.0, -6.2], [107.0, -6.2125]]]}, "properties": {"lst_celsius": 30.1}}, {"type": "Feature", "geometry": {"type": "Polygon", "coordinates": [[[107.01388888888889, -6.2125], [107.02777777777777, -6.2125], [107.02777777777777, -6.2], [107.01388888888889, -6.2], [107.01388888888889, -6.2125]]]}, "properties": {"lst_celsius": 29.91}}, {"type": "Feature", "geometry": {"type": "Polygon", "coordinates": [[[107.02777777777777, -6.2125], [107.04166666666667, -6.2125], [107.04166666666667, -6.2], [107.02777777777777, -6.2], [107.02777777777777, -6.2125]]]}, "properties": {"lst_celsius": 22.85}}, {"type": "Feature", "geometry": {"type": "Polygon", "coordinates": [[[107.04166666666667, -6.2125], [107.05555555555556, -6.2125], [107.05555555555556, -6.2], [107.04166666666667, -6.2], [107.04166666666667, -6.2125]]]}, "properties": {"lst_celsius": 22.85}}, {"type": "Feature", "geometry": {"type": "Polygon", "coordinates": [[[107.05555555555556, -6.2125], [107.06944444444444, -6.2125], [107.06944444444444, -6.2], [107.05555555555556, -6.2], [107.05555555555556, -6.2125]]]}, "properties": {"lst_celsius": 22.85}}, {"type": "Feature", "geometry": {"type": "Polygon", "coordinates": [[[107.06944444444444, -6.2125], [107.08333333333333, -6.2125], [107.08333333333333, -6.2], [107.06944444444444, -6.2], [107.06944444444444, -6.2125]]]}, "properties": {"lst_celsius": 22.85}}, {"type": "Feature", "geometry": {"type": "Polygon", "coordinates": [[[107.08333333333333, -6.2125], [107.09722222222223, -6.2125], [107.09722222222223, -6.2], [107.08333333333333, -6.2], [107.08333333333333, -6.2125]]]}, "properties": {"lst_celsius": 22.85}}, {"type": "Feature", "geometry": {"type": "Polygon", "coordinates": [[[107.09722222222223, -6.2125], [107.11111111111111, -6.2125], [107.11111111111111, -6.2], [107.09722222222223, -6.2], [107.09722222222223, -6.2125]]]}, "properties": {"lst_celsius": 22.85}}, {"type": "Feature", "geometry": {"type": "Polygon", "coordinates": [[[107.11111111111111, -6.2125], [107.125, -6.2125], [107.125, -6.2], [107.11111111111111, -6.2], [107.11111111111111, -6.2125]]]}, "properties": {"lst_celsius": 22.85}}, {"type": "Feature", "geometry": {"type": "Polygon", "coordinates": [[[107.125, -6.2125], [107.13888888888889, -6.2125], [107.13888888888889, -6.2], [107.125, -6.2], [107.125, -6.2125]]]}, "properties": {"lst_celsius": 22.85}}, {"type": "Feature", "geometry": {"type": "Polygon", "coordinates": [[[107.13888888888889, -6.2125], [107.15277777777777, -6.2125], [107.15277777777777, -6.2], [107.13888888888889, -6.2], [107.13888888888889, -6.2125]]]}, "properties": {"lst_celsius": 22.85}}, {"type": "Feature", "geometry": {"type": "Polygon", "coordinates": [[[107.15277777777777, -6.2125], [107.16666666666667, -6.2125], [107.16666666666667, -6.2], [107.15277777777777, -6.2], [107.15277777777777, -6.2125]]]}, "properties": {"lst_celsius": 22.85}}, {"type": "Feature", "geometry": {"type": "Polygon", "coordinates": [[[107.16666666666667, -6.2125], [107.18055555555556, -6.2125], [107.18055555555556, -6.2], [107.16666666666667, -6.2], [107.16666666666667, -6.2125]]]}, "properties": {"lst_celsius": 22.85}}, {"type": "Feature", "geometry": {"type": "Polygon", "coordinates": [[[107.18055555555556, -6.2125], [107.19444444444444, -6.2125], [107.19444444444444, -6.2], [107.18055555555556, -6.2], [107.18055555555556, -6.2125]]]}, "properties": {"lst_celsius": 22.85}}, {"type": "Feature", "geometry": {"type": "Polygon", "coordinates": [[[107.19444444444444, -6.2125], [107.20833333333333, -6.2125], [107.20833333333333, -6.2], [107.19444444444444, -6.2], [107.19444444444444, -6.2125]]]}, "properties": {"lst_celsius": 22.85}}, {"type": "Feature", "geometry": {"type": "Polygon", "coordinates": [[[107.20833333333333, -6.2125], [107.22222222222223, -6.2125], [107.22222222222223, -6.2], [107.20833333333333, -6.2], [107.20833333333333, -6.2125]]]}, "properties": {"lst_celsius": 22.85}}, {"type": "Feature", "geometry": {"type": "Polygon", "coordinates": [[[107.22222222222223, -6.2125], [107.23611111111111, -6.2125], [107.23611111111111, -6.2], [107.22222222222223, -6.2], [107.22222222222223, -6.2125]]]}, "properties": {"lst_celsius": 22.85}}, {"type": "Feature", "geometry": {"type": "Polygon", "coordinates": [[[107.23611111111111, -6.2125], [107.25, -6.2125], [107.25, -6.2], [107.23611111111111, -6.2], [107.23611111111111, -6.2125]]]}, "properties": {"lst_celsius": 22.85}}, {"type": "Feature", "geometry": {"type": "Polygon", "coordinates": [[[106.5, -6.2], [106.51388888888889, -6.2], [106.51388888888889, -6.1875], [106.5, -6.1875], [106.5, -6.2]]]}, "properties": {"lst_celsius": 23.03}}, {"type": "Feature", "geometry": {"type": "Polygon", "coordinates": [[[106.51388888888889, -6.2], [106.52777777777777, -6.2], [106.52777777777777, -6.1875], [106.51388888888889, -6.1875], [106.51388888888889, -6.2]]]}, "properties": {"lst_celsius": 23.03}}, {"type": "Feature", "geometry": {"type": "Polygon", "coordinates": [[[106.52777777777777, -6.2], [106.54166666666667, -6.2], [106.54166666666667, -6.1875], [106.52777777777777, -6.1875], [106.52777777777777, -6.2]]]}, "properties": {"lst_celsius": 23.03}}, {"type": "Feature", "geometry": {"type": "Polygon", "coordinates": [[[106.54166666666667, -6.2], [106.55555555555556, -6.2], [106.55555555555556, -6.1875], [106.54166666666667, -6.1875], [106.54166666666667, -6.2]]]}, "properties": {"lst_celsius": 23.03}}, {"type": "Feature", "geometry": {"type": "Polygon", "coordinates": [[[106.55555555555556, -6.2], [106.56944444444444, -6.2], [106.56944444444444, -6.1875], [106.55555555555556, -6.1875], [106.55555555555556, -6.2]]]}, "properties": {"lst_celsius": 23.03}}, {"type": "Feature", "geometry": {"type": "Polygon", "coordinates": [[[106.56944444444444, -6.2], [106.58333333333333, -6.2], [106.58333333333333, -6.1875], [106.56944444444444, -6.1875], [106.56944444444444, -6.2]]]}, "properties": {"lst_celsius": 23.03}}, {"type": "Feature", "geometry": {"type": "Polygon", "coordinates": [[[106.58333333333333, -6.2], [106.59722222222223, -6.2], [106.59722222222223, -6.1875], [106.58333333333333, -6.1875], [106.58333333333333, -6.2]]]}, "properties": {"lst_celsius": 23.03}}, {"type": "Feature", "geometry": {"type": "Polygon", "coordinates": [[[106.59722222222223, -6.2], [106.61111111111111, -6.2], [106.61111111111111, -6.1875], [106.59722222222223, -6.1875], [106.59722222222223, -6.2]]]}, "properties": {"lst_celsius": 23.03}}, {"type": "Feature", "geometry": {"type": "Polygon", "coordinates": [[[106.61111111111111, -6.2], [106.625, -6.2], [106.625, -6.1875], [106.61111111111111, -6.1875], [106.61111111111111, -6.2]]]}, "properties": {"lst_celsius": 23.03}}, {"type": "Feature", "geometry": {"type": "Polygon", "coordinates": [[[106.625, -6.2], [106.63888888888889, -6.2], [106.63888888888889, -6.1875], [106.625, -6.1875], [106.625, -6.2]]]}, "properties": {"lst_celsius": 30.04}}, {"type": "Feature", "geometry": {"type": "Polygon", "coordinates": [[[106.63888888888889, -6.2], [106.65277777777777, -6.2], [106.65277777777777, -6.1875], [106.63888888888889, -6.1875], [106.63888888888889, -6.2]]]}, "properties": {"lst_celsius": 30.23}}, {"type": "Feature", "geometry": {"type": "Polygon", "coordinates": [[[106.65277777777777, -6.2], [106.66666666666667, -6.2], [106.66666666666667, -6.1875], [106.65277777777777, -6.1875], [106.65277777777777, -6.2]]]}, "properties": {"lst_celsius": 30.43}}, {"type": "Feature", "geometry": {"type": "Polygon", "coordinates": [[[106.66666666666667, -6.2], [106.68055555555556, -6.2], [106.68055555555556, -6.1875], [106.66666666666667, -6.1875], [106.66666666666667, -6.2]]]}, "properties": {"lst_celsius": 30.62}}, {"type": "Feature", "geometry": {"type": "Polygon", "coordinates": [[[106.68055555555556, -6.2], [106.69444444444444, -6.2], [106.69444444444444, -6.1875], [106.68055555555556, -6.1875], [106.68055555555556, -6.2]]]}, "properties": {"lst_celsius": 30.81}}, {"type": "Feature", "geometry": {"type": "Polygon", "coordinates": [[[106.69444444444444, -6.2], [106.70833333333333, -6.2], [106.70833333333333, -6.1875], [106.69444444444444, -6.1875], [106.69444444444444, -6.2]]]}, "properties": {"lst_celsius": 31.01}}, {"type": "Feature", "geometry": {"type": "Polygon", "coordinates": [[[106.70833333333333, -6.2], [106.72222222222223, -6.2], [106.72222222222223, -6.1875], [106.70833333333333, -6.1875], [106.70833333333333, -6.2]]]}, "properties": {"lst_celsius": 31.2}}, {"type": "Feature", "geometry": {"type": "Polygon", "coordinates": [[[106.72222222222223, -6.2], [106.73611111111111, -6.2], [106.73611111111111, -6.1875], [106.72222222222223, -6.1875], [106.72222222222223, -6.2]]]}, "properties": {"lst_celsius": 31.39}}, {"type": "Feature", "geometry": {"type": "Polygon", "coordinates": [[[106.73611111111111, -6.2], [106.75, -6.2], [106.75, -6.1875], [106.73611111111111, -6.1875], [106.73611111111111, -6.2]]]}, "properties": {"lst_celsius": 31.58}}, {"type": "Feature", "geometry": {"type": "Polygon", "coordinates": [[[106.75, -6.2], [106.76388888888889, -6.2], [106.76388888888889, -6.1875], [106.75, -6.1875], [106.75, -6.2]]]}, "properties": {"lst_celsius": 31.77}}, {"type": "Feature", "geometry": {"type": "Polygon", "coordinates": [[[106.76388888888889, -6.2], [106.77777777777777, -6.2], [106.77777777777777, -6.1875], [106.76388888888889, -6.1875], [106.76388888888889, -6.2]]]}, "properties": {"lst_celsius": 31.96}}, {"type": "Feature", "geometry": {"type": "Polygon", "coordinates": [[[106.77777777777777, -6.2], [106.79166666666667, -6.2], [106.79166666666667, -6.1875], [106.77777777777777, -6.1875], [106.77777777777777, -6.2]]]}, "properties": {"lst_celsius": 32.14}}, {"type": "Feature", "geometry": {"type": "Polygon", "coordinates": [[[106.79166666666667, -6.2], [106.80555555555556, -6.2], [106.80555555555556, -6.1875], [106.79166666666667, -6.1875], [106.79166666666667, -6.2]]]}, "properties": {"lst_celsius": 32.31}}, {"type": "Feature", "geometry": {"type": "Polygon", "coordinates": [[[106.80555555555556, -6.2], [106.81944444444444, -6.2], [106.81944444444444, -6.1875], [106.80555555555556, -6.1875], [106.80555555555556, -6.2]]]}, "properties": {"lst_celsius": 32.46}}, {"type": "Feature", "geometry": {"type": "Polygon", "coordinates": [[[106.81944444444444, -6.2], [106.83333333333333, -6.2], [106.83333333333333, -6.1875], [106.81944444444444, -6.1875], [106.81944444444444, -6.2]]]}, "properties": {"lst_celsius": 32.53}}, {"type": "Feature", "geometry": {"type": "Polygon", "coordinates": [[[106.83333333333333, -6.2], [106.84722222222223, -6.2], [106.84722222222223, -6.1875], [106.83333333333333, -6.1875], [106.83333333333333, -6.2]]]}, "properties": {"lst_celsius": 32.47}}, {"type": "Feature", "geometry": {"type": "Polygon", "coordinates": [[[106.84722222222223, -6.2], [106.86111111111111, -6.2], [106.86111111111111, -6.1875], [106.84722222222223, -6.1875], [106.84722222222223, -6.2]]]}, "properties": {"lst_celsius": 32.33}}, {"type": "Feature", "geometry": {"type": "Polygon", "coordinates": [[[106.86111111111111, -6.2], [106.875, -6.2], [106.875, -6.1875], [106.86111111111111, -6.1875], [106.86111111111111, -6.2]]]}, "properties": {"lst_celsius": 32.16}}, {"type": "Feature", "geometry": {"type": "Polygon", "coordinates": [[[106.875, -6.2], [106.88888888888889, -6.2], [106.88888888888889, -6.1875], [106.875, -6.1875], [106.875, -6.2]]]}, "properties": {"lst_celsius": 31.98}}, {"type": "Feature", "geometry": {"type": "Polygon", "coordinates": [[[106.88888888888889, -6.2], [106.90277777777777, -6.2], [106.90277777777777, -6.1875], [106.88888888888889, -6.1875], [106.88888888888889, -6.2]]]}, "properties": {"lst_celsius": 31.79}}, {"type": "Feature", "geometry": {"type": "Polygon", "coordinates": [[[106.90277777777777, -6.2], [106.91666666666667, -6.2], [106.91666666666667, -6.1875], [106.90277777777777, -6.1875], [106.90277777777777, -6.2]]]}, "properties": {"lst_celsius": 31.6}}, {"type": "Feature", "geometry": {"type": "Polygon", "coordinates": [[[106.91666666666667, -6.2], [106.93055555555556, -6.2], [106.93055555555556, -6.1875], [106.91666666666667, -6.1875], [106.91666666666667, -6.2]]]}, "properties": {"lst_celsius": 31.41}}, {"type": "Feature", "geometry": {"type": "Polygon", "coordinates": [[[106.93055555555556, -6.2], [106.94444444444444, -6.2], [106.94444444444444, -6.1875], [106.93055555555556, -6.1875], [106.93055555555556, -6.2]]]}, "properties": {"lst_celsius": 31.22}}, {"type": "Feature", "geometry": {"type": "Polygon", "coordinates": [[[106.94444444444444, -6.2], [106.95833333333333, -6.2], [106.95833333333333, -6.1875], [106.94444444444444, -6.1875], [106.94444444444444, -6.2]]]}, "properties": {"lst_celsius": 31.03}}, {"type": "Feature", "geometry": {"type": "Polygon", "coordinates": [[[106.95833333333333, -6.2], [106.97222222222223, -6.2], [106.97222222222223, -6.1875], [106.95833333333333, -6.1875], [106.95833333333333, -6.2]]]}, "properties": {"lst_celsius": 30.84}}, {"type": "Feature", "geometry": {"type": "Polygon", "coordinates": [[[106.97222222222223, -6.2], [106.98611111111111, -6.2], [106.98611111111111, -6.1875], [106.97222222222223, -6.1875], [106.97222222222223, -6.2]]]}, "properties": {"lst_celsius": 30.64}}, {"type": "Feature", "geometry": {"type": "Polygon", "coordinates": [[[106.98611111111111, -6.2], [107.0, -6.2], [107.0, -6.1875], [106.98611111111111, -6.1875], [106.98611111111111, -6.2]]]}, "properties": {"lst_celsius": 30.45}}, {"type": "Feature", "geometry": {"type": "Polygon", "coordinates": [[[107.0, -6.2], [107.01388888888889, -6.2], [107.01388888888889, -6.1875], [107.0, -6.1875], [107.0, -6.2]]]}, "properties": {"lst_celsius": 30.26}}, {"type": "Feature", "geometry": {"type": "Polygon", "coordinates": [[[107.01388888888889, -6.2], [107.02777777777777, -6.2], [107.02777777777777, -6.1875], [107.01388888888889, -6.1875], [107.01388888888889, -6.2]]]}, "properties": {"lst_celsius": 30.06}}, {"type": "Feature", "geometry": {"type": "Polygon", "coordinates": [[[107.02777777777777, -6.2], [107.04166666666667, -6.2], [107.04166666666667, -6.1875], [107.02777777777777, -6.1875], [107.02777777777777, -6.2]]]}, "properties": {"lst_celsius": 23.03}}, {"type": "Feature", "geometry": {"type": "Polygon", "coordinates": [[[107.04166666666667, -6.2], [107.05555555555556, -6.2], [107.05555555555556, -6.1875], [107.04166666666667, -6.1875], [107.04166666666667, -6.2]]]}, "properties": {"lst_celsius": 23.03}}, {"type": "Feature", "geometry": {"type": "Polygon", "coordinates": [[[107.05555555555556, -6.2], [107.06944444444444, -6.2], [107.06944444444444, -6.1875], [107.05555555555556, -6.1875], [107.05555555555556, -6.2]]]}, "properties": {"lst_celsius": 23.03}}, {"type": "Feature", "geometry": {"type": "Polygon", "coordinates": [[[107.06944444444444, -6.2], [107.08333333333333, -6.2], [107.08333333333333, -6.1875], [107.06944444444444, -6.1875], [107.06944444444444, -6.2]]]}, "properties": {"lst_celsius": 23.03}}, {"type": "Feature", "geometry": {"type": "Polygon", "coordinates": [[[107.08333333333333, -6.2], [107.09722222222223, -6.2], [107.09722222222223, -6.1875], [107.08333333333333, -6.1875], [107.08333333333333, -6.2]]]}, "properties": {"lst_celsius": 23.03}}, {"type": "Feature", "geometry": {"type": "Polygon", "coordinates": [[[107.09722222222223, -6.2], [107.11111111111111, -6.2], [107.11111111111111, -6.1875], [107.09722222222223, -6.1875], [107.09722222222223, -6.2]]]}, "properties": {"lst_celsius": 23.03}}, {"type": "Feature", "geometry": {"type": "Polygon", "coordinates": [[[107.11111111111111, -6.2], [107.125, -6.2], [107.125, -6.1875], [107.11111111111111, -6.1875], [107.11111111111111, -6.2]]]}, "properties": {"lst_celsius": 23.03}}, {"type": "Feature", "geometry": {"type": "Polygon", "coordinates": [[[107.125, -6.2], [107.13888888888889, -6.2], [107.13888888888889, -6.1875], [107.125, -6.1875], [107.125, -6.2]]]}, "properties": {"lst_celsius": 23.03}}, {"type": "Feature", "geometry": {"type": "Polygon", "coordinates": [[[107.13888888888889, -6.2], [107.15277777777777, -6.2], [107.15277777777777, -6.1875], [107.13888888888889, -6.1875], [107.13888888888889, -6.2]]]}, "properties": {"lst_celsius": 23.03}}, {"type": "Feature", "geometry": {"type": "Polygon", "coordinates": [[[107.15277777777777, -6.2], [107.16666666666667, -6.2], [107.16666666666667, -6.1875], [107.15277777777777, -6.1875], [107.15277777777777, -6.2]]]}, "properties": {"lst_celsius": 23.03}}, {"type": "Feature", "geometry": {"type": "Polygon", "coordinates": [[[107.16666666666667, -6.2], [107.18055555555556, -6.2], [107.18055555555556, -6.1875], [107.16666666666667, -6.1875], [107.16666666666667, -6.2]]]}, "properties": {"lst_celsius": 23.03}}, {"type": "Feature", "geometry": {"type": "Polygon", "coordinates": [[[107.18055555555556, -6.2], [107.19444444444444, -6.2], [107.19444444444444, -6.1875], [107.18055555555556, -6.1875], [107.18055555555556, -6.2]]]}, "properties": {"lst_celsius": 23.03}}, {"type": "Feature", "geometry": {"type": "Polygon", "coordinates": [[[107.19444444444444, -6.2], [107.20833333333333, -6.2], [107.20833333333333, -6.1875], [107.19444444444444, -6.1875], [107.19444444444444, -6.2]]]}, "properties": {"lst_celsius": 23.03}}, {"type": "Feature", "geometry": {"type": "Polygon", "coordinates": [[[107.20833333333333, -6.2], [107.22222222222223, -6.2], [107.22222222222223, -6.1875], [107.20833333333333, -6.1875], [107.20833333333333, -6.2]]]}, "properties": {"lst_celsius": 23.03}}, {"type": "Feature", "geometry": {"type": "Polygon", "coordinates": [[[107.22222222222223, -6.2], [107.23611111111111, -6.2], [107.23611111111111, -6.1875], [107.22222222222223, -6.1875], [107.22222222222223, -6.2]]]}, "properties": {"lst_celsius": 23.03}}, {"type": "Feature", "geometry": {"type": "Polygon", "coordinates": [[[107.23611111111111, -6.2], [107.25, -6.2], [107.25, -6.1875], [107.23611111111111, -6.1875], [107.23611111111111, -6.2]]]}, "properties": {"lst_celsius": 23.03}}, {"type": "Feature", "geometry": {"type": "Polygon", "coordinates": [[[106.5, -6.1875], [106.51388888888889, -6.1875], [106.51388888888889, -6.175], [106.5, -6.175], [106.5, -6.1875]]]}, "properties": {"lst_celsius": 23.21}}, {"type": "Feature", "geometry": {"type": "Polygon", "coordinates": [[[106.51388888888889, -6.1875], [106.52777777777777, -6.1875], [106.52777777777777, -6.175], [106.51388888888889, -6.175], [106.51388888888889, -6.1875]]]}, "properties": {"lst_celsius": 23.21}}, {"type": "Feature", "geometry": {"type": "Polygon", "coordinates": [[[106.52777777777777, -6.1875], [106.54166666666667, -6.1875], [106.54166666666667, -6.175], [106.52777777777777, -6.175], [106.52777777777777, -6.1875]]]}, "properties": {"lst_celsius": 23.21}}, {"type": "Feature", "geometry": {"type": "Polygon", "coordinates": [[[106.54166666666667, -6.1875], [106.55555555555556, -6.1875], [106.55555555555556, -6.175], [106.54166666666667, -6.175], [106.54166666666667, -6.1875]]]}, "properties": {"lst_celsius": 23.21}}, {"type": "Feature", "geometry": {"type": "Polygon", "coordinates": [[[106.55555555555556, -6.1875], [106.56944444444444, -6.1875], [106.56944444444444, -6.175], [106.55555555555556, -6.175], [106.55555555555556, -6.1875]]]}, "properties": {"lst_celsius": 23.21}}, {"type": "Feature", "geometry": {"type": "Polygon", "coordinates": [[[106.56944444444444, -6.1875], [106.58333333333333, -6.1875], [106.58333333333333, -6.175], [106.56944444444444, -6.175], [106.56944444444444, -6.1875]]]}, "properties": {"lst_celsius": 23.21}}, {"type": "Feature", "geometry": {"type": "Polygon", "coordinates": [[[106.58333333333333, -6.1875], [106.59722222222223, -6.1875], [106.59722222222223, -6.175], [106.58333333333333, -6.175], [106.58333333333333, -6.1875]]]}, "properties": {"lst_celsius": 23.21}}, {"type": "Feature", "geometry": {"type": "Polygon", "coordinates": [[[106.59722222222223, -6.1875], [106.61111111111111, -6.1875], [106.61111111111111, -6.175], [106.59722222222223, -6.175], [106.59722222222223, -6.1875]]]}, "properties": {"lst_celsius": 23.21}}, {"type": "Feature", "geometry": {"type": "Polygon", "coordinates": [[[106.61111111111111, -6.1875], [106.625, -6.1875], [106.625, -6.175], [106.61111111111111, -6.175], [106.61111111111111, -6.1875]]]}, "properties": {"lst_celsius": 23.21}}, {"type": "Feature", "geometry": {"type": "Polygon", "coordinates": [[[106.625, -6.1875], [106.63888888888889, -6.1875], [106.63888888888889, -6.175], [106.625, -6.175], [106.625, -6.1875]]]}, "properties": {"lst_celsius": 30.18}}, {"type": "Feature", "geometry": {"type": "Polygon", "coordinates": [[[106.63888888888889, -6.1875], [106.65277777777777, -6.1875], [106.65277777777777, -6.175], [106.63888888888889, -6.175], [106.63888888888889, -6.1875]]]}, "properties": {"lst_celsius": 30.37}}, {"type": "Feature", "geometry": {"type": "Polygon", "coordinates": [[[106.65277777777777, -6.1875], [106.66666666666667, -6.1875], [106.66666666666667, -6.175], [106.65277777777777, -6.175], [106.65277777777777, -6.1875]]]}, "properties": {"lst_celsius": 30.57}}, {"type": "Feature", "geometry": {"type": "Polygon", "coordinates": [[[106.66666666666667, -6.1875], [106.68055555555556, -6.1875], [106.68055555555556, -6.175], [106.66666666666667, -6.175], [106.66666666666667, -6.1875]]]}, "properties": {"lst_celsius": 30.76}}, {"type": "Feature", "geometry": {"type": "Polygon", "coordinates": [[[106.68055555555556, -6.1875], [106.69444444444444, -6.1875], [106.69444444444444, -6.175], [106.68055555555556, -6.175], [106.68055555555556, -6.1875]]]}, "properties": {"lst_celsius": 30.96}}, {"type": "Feature", "geometry": {"type": "Polygon", "coordinates": [[[106.69444444444444, -6.1875], [106.70833333333333, -6.1875], [106.70833333333333, -6.175], [106.69444444444444, -6.175], [106.69444444444444, -6.1875]]]}, "properties": {"lst_celsius": 31.15}}, {"type": "Feature", "geometry": {"type": "Polygon", "coordinates": [[[106.70833333333333, -6.1875], [106.72222222222223, -6.1875], [106.72222222222223, -6.175], [106.70833333333333, -6.175], [106.70833333333333, -6.1875]]]}, "properties": {"lst_celsius": 31.35}}, {"type": "Feature", "geometry": {"type": "Polygon", "coordinates": [[[106.72222222222223, -6.1875], [106.73611111111111, -6.1875], [106.73611111111111, -6.175], [106.72222222222223, -6.175], [106.72222222222223, -6.1875]]]}, "properties": {"lst_celsius": 31.54}}, {"type": "Feature", "geometry": {"type": "Polygon", "coordinates": [[[106.73611111111111, -6.1875], [106.75, -6.1875], [106.75, -6.175], [106.73611111111111, -6.175], [106.73611111111111, -6.1875]]]}, "properties": {"lst_celsius": 31.73}}, {"type": "Feature", "geometry": {"type": "Polygon", "coordinates": [[[106.75, -6.1875], [106.76388888888889, -6.1875], [106.76388888888889, -6.175], [106.75, -6.175], [106.75, -6.1875]]]}, "properties": {"lst_celsius": 31.93}}, {"type": "Feature", "geometry": {"type": "Polygon", "coordinates": [[[106.76388888888889, -6.1875], [106.77777777777777, -6.1875], [106.77777777777777, -6.175], [106.76388888888889, -6.175], [106.76388888888889, -6.1875]]]}, "properties": {"lst_celsius": 32.12}}, {"type": "Feature", "geometry": {"type": "Polygon", "coordinates": [[[106.77777777777777, -6.1875], [106.79166666666667, -6.1875], [106.79166666666667, -6.175], [106.77777777777777, -6.175], [106.77777777777777, -6.1875]]]}, "properties": {"lst_celsius": 32.31}}, {"type": "Feature", "geometry": {"type": "Polygon", "coordinates": [[[106.79166666666667, -6.1875], [106.80555555555556, -6.1875], [106.80555555555556, -6.175], [106.79166666666667, -6.175], [106.79166666666667, -6.1875]]]}, "properties": {"lst_celsius": 32.51}}, {"type": "Feature", "geometry": {"type": "Polygon", "coordinates": [[[106.80555555555556, -6.1875], [106.81944444444444, -6.1875], [106.81944444444444, -6.175], [106.80555555555556, -6.175], [106.80555555555556, -6.1875]]]}, "properties": {"lst_celsius": 32.69}}, {"type": "Feature", "geometry": {"type": "Polygon", "coordinates": [[[106.81944444444444, -6.1875], [106.83333333333333, -6.1875], [106.83333333333333, -6.175], [106.81944444444444, -6.175], [106.81944444444444, -6.1875]]]}, "properties": {"lst_celsius": 32.83}}, {"type": "Feature", "geometry": {"type": "Polygon", "coordinates": [[[106.83333333333333, -6.1875], [106.84722222222223, -6.1875], [106.84722222222223, -6.175], [106.83333333333333, -6.175], [106.83333333333333, -6.1875]]]}, "properties": {"lst_celsius": 32.71}}, {"type": "Feature", "geometry": {"type": "Polygon", "coordinates": [[[106.84722222222223, -6.1875], [106.86111111111111, -6.1875], [106.86111111111111, -6.175], [106.84722222222223, -6.175], [106.84722222222223, -6.1875]]]}, "properties": {"lst_celsius": 32.53}}, {"type": "Feature", "geometry": {"type": "Polygon", "coordinates": [[[106.86111111111111, -6.1875], [106.875, -6.1875], [106.875, -6.175], [106.86111111111111, -6.175], [106.86111111111111, -6.1875]]]}, "properties": {"lst_celsius": 32.34}}, {"type": "Feature", "geometry": {"type": "Polygon", "coordinates": [[[106.875, -6.1875], [106.88888888888889, -6.1875], [106.88888888888889, -6.175], [106.875, -6.175], [106.875, -6.1875]]]}, "properties": {"lst_celsius": 32.14}}, {"type": "Feature", "geometry": {"type": "Polygon", "coordinates": [[[106.88888888888889, -6.1875], [106.90277777777777, -6.1875], [106.90277777777777, -6.175], [106.88888888888889, -6.175], [106.88888888888889, -6.1875]]]}, "properties": {"lst_celsius": 31.95}}, {"type": "Feature", "geometry": {"type": "Polygon", "coordinates": [[[106.90277777777777, -6.1875], [106.91666666666667, -6.1875], [106.91666666666667, -6.175], [106.90277777777777, -6.175], [106.90277777777777, -6.1875]]]}, "properties": {"lst_celsius": 31.76}}, {"type": "Feature", "geometry": {"type": "Polygon", "coordinates": [[[106.91666666666667, -6.1875], [106.93055555555556, -6.1875], [106.93055555555556, -6.175], [106.91666666666667, -6.175], [106.91666666666667, -6.1875]]]}, "properties": {"lst_celsius": 31.56}}, {"type": "Feature", "geometry": {"type": "Polygon", "coordinates": [[[106.93055555555556, -6.1875], [106.94444444444444, -6.1875], [106.94444444444444, -6.175], [106.93055555555556, -6.175], [106.93055555555556, -6.1875]]]}, "properties": {"lst_celsius": 31.37}}, {"type": "Feature", "geometry": {"type": "Polygon", "coordinates": [[[106.94444444444444, -6.1875], [106.95833333333333, -6.1875], [106.95833333333333, -6.175], [106.94444444444444, -6.175], [106.94444444444444, -6.1875]]]}, "properties": {"lst_celsius": 31.17}}, {"type": "Feature", "geometry": {"type": "Polygon", "coordinates": [[[106.95833333333333, -6.1875], [106.97222222222223, -6.1875], [106.97222222222223, -6.175], [106.95833333333333, -6.175], [106.95833333333333, -6.1875]]]}, "properties": {"lst_celsius": 30.98}}, {"type": "Feature", "geometry": {"type": "Polygon", "coordinates": [[[106.97222222222223, -6.1875], [106.98611111111111, -6.1875], [106.98611111111111, -6.175], [106.97222222222223, -6.175], [106.97222222222223, -6.1875]]]}, "properties": {"lst_celsius": 30.79}}, {"type": "Feature", "geometry": {"type": "Polygon", "coordinates": [[[106.98611111111111, -6.1875], [107.0, -6.1875], [107.0, -6.175], [106.98611111111111, -6.175], [106.98611111111111, -6.1875]]]}, "properties": {"lst_celsius": 30.59}}, {"type": "Feature", "geometry": {"type": "Polygon", "coordinates": [[[107.0, -6.1875], [107.01388888888889, -6.1875], [107.01388888888889, -6.175], [107.0, -6.175], [107.0, -6.1875]]]}, "properties": {"lst_celsius": 30.4}}, {"type": "Feature", "geometry": {"type": "Polygon", "coordinates": [[[107.01388888888889, -6.1875], [107.02777777777777, -6.1875], [107.02777777777777, -6.175], [107.01388888888889, -6.175], [107.01388888888889, -6.1875]]]}, "properties": {"lst_celsius": 30.2}}, {"type": "Feature", "geometry": {"type": "Polygon", "coordinates": [[[107.02777777777777, -6.1875], [107.04166666666667, -6.1875], [107.04166666666667, -6.175], [107.02777777777777, -6.175], [107.02777777777777, -6.1875]]]}, "properties": {"lst_celsius": 23.21}}, {"type": "Feature", "geometry": {"type": "Polygon", "coordinates": [[[107.04166666666667, -6.1875], [107.05555555555556, -6.1875], [107.05555555555556, -6.175], [107.04166666666667, -6.175], [107.04166666666667, -6.1875]]]}, "properties": {"lst_celsius": 23.21}}, {"type": "Feature", "geometry": {"type": "Polygon", "coordinates": [[[107.05555555555556, -6.1875], [107.06944444444444, -6.1875], [107.06944444444444, -6.175], [107.05555555555556, -6.175], [107.05555555555556, -6.1875]]]}, "properties": {"lst_celsius": 23.21}}, {"type": "Feature", "geometry": {"type": "Polygon", "coordinates": [[[107.06944444444444, -6.1875], [107.08333333333333, -6.1875], [107.08333333333333, -6.175], [107.06944444444444, -6.175], [107.06944444444444, -6.1875]]]}, "properties": {"lst_celsius": 23.21}}, {"type": "Feature", "geometry": {"type": "Polygon", "coordinates": [[[107.08333333333333, -6.1875], [107.09722222222223, -6.1875], [107.09722222222223, -6.175], [107.08333333333333, -6.175], [107.08333333333333, -6.1875]]]}, "properties": {"lst_celsius": 23.21}}, {"type": "Feature", "geometry": {"type": "Polygon", "coordinates": [[[107.09722222222223, -6.1875], [107.11111111111111, -6.1875], [107.11111111111111, -6.175], [107.09722222222223, -6.175], [107.09722222222223, -6.1875]]]}, "properties": {"lst_celsius": 23.21}}, {"type": "Feature", "geometry": {"type": "Polygon", "coordinates": [[[107.11111111111111, -6.1875], [107.125, -6.1875], [107.125, -6.175], [107.11111111111111, -6.175], [107.11111111111111, -6.1875]]]}, "properties": {"lst_celsius": 23.21}}, {"type": "Feature", "geometry": {"type": "Polygon", "coordinates": [[[107.125, -6.1875], [107.13888888888889, -6.1875], [107.13888888888889, -6.175], [107.125, -6.175], [107.125, -6.1875]]]}, "properties": {"lst_celsius": 23.21}}, {"type": "Feature", "geometry": {"type": "Polygon", "coordinates": [[[107.13888888888889, -6.1875], [107.15277777777777, -6.1875], [107.15277777777777, -6.175], [107.13888888888889, -6.175], [107.13888888888889, -6.1875]]]}, "properties": {"lst_celsius": 23.21}}, {"type": "Feature", "geometry": {"type": "Polygon", "coordinates": [[[107.15277777777777, -6.1875], [107.16666666666667, -6.1875], [107.16666666666667, -6.175], [107.15277777777777, -6.175], [107.15277777777777, -6.1875]]]}, "properties": {"lst_celsius": 23.21}}, {"type": "Feature", "geometry": {"type": "Polygon", "coordinates": [[[107.16666666666667, -6.1875], [107.18055555555556, -6.1875], [107.18055555555556, -6.175], [107.16666666666667, -6.175], [107.16666666666667, -6.1875]]]}, "properties": {"lst_celsius": 23.21}}, {"type": "Feature", "geometry": {"type": "Polygon", "coordinates": [[[107.18055555555556, -6.1875], [107.19444444444444, -6.1875], [107.19444444444444, -6.175], [107.18055555555556, -6.175], [107.18055555555556, -6.1875]]]}, "properties": {"lst_celsius": 23.21}}, {"type": "Feature", "geometry": {"type": "Polygon", "coordinates": [[[107.19444444444444, -6.1875], [107.20833333333333, -6.1875], [107.20833333333333, -6.175], [107.19444444444444, -6.175], [107.19444444444444, -6.1875]]]}, "properties": {"lst_celsius": 23.21}}, {"type": "Feature", "geometry": {"type": "Polygon", "coordinates": [[[107.20833333333333, -6.1875], [107.22222222222223, -6.1875], [107.22222222222223, -6.175], [107.20833333333333, -6.175], [107.20833333333333, -6.1875]]]}, "properties": {"lst_celsius": 23.21}}, {"type": "Feature", "geometry": {"type": "Polygon", "coordinates": [[[107.22222222222223, -6.1875], [107.23611111111111, -6.1875], [107.23611111111111, -6.175], [107.22222222222223, -6.175], [107.22222222222223, -6.1875]]]}, "properties": {"lst_celsius": 23.21}}, {"type": "Feature", "geometry": {"type": "Polygon", "coordinates": [[[107.23611111111111, -6.1875], [107.25, -6.1875], [107.25, -6.175], [107.23611111111111, -6.175], [107.23611111111111, -6.1875]]]}, "properties": {"lst_celsius": 23.21}}, {"type": "Feature", "geometry": {"type": "Polygon", "coordinates": [[[106.5, -6.175], [106.51388888888889, -6.175], [106.51388888888889, -6.1625], [106.5, -6.1625], [106.5, -6.175]]]}, "properties": {"lst_celsius": 26.48}}, {"type": "Feature", "geometry": {"type": "Polygon", "coordinates": [[[106.51388888888889, -6.175], [106.52777777777777, -6.175], [106.52777777777777, -6.1625], [106.51388888888889, -6.1625], [106.51388888888889, -6.175]]]}, "properties": {"lst_celsius": 26.59}}, {"type": "Feature", "geometry": {"type": "Polygon", "coordinates": [[[106.52777777777777, -6.175], [106.54166666666667, -6.175], [106.54166666666667, -6.1625], [106.52777777777777, -6.1625], [106.52777777777777, -6.175]]]}, "properties": {"lst_celsius": 26.7}}, {"type": "Feature", "geometry": {"type": "Polygon", "coordinates": [[[106.54166666666667, -6.175], [106.55555555555556, -6.175], [106.55555555555556, -6.1625], [106.54166666666667, -6.1625], [106.54166666666667, -6.175]]]}, "properties": {"lst_celsius": 26.82}}, {"type": "Feature", "geometry": {"type": "Polygon", "coordinates": [[[106.55555555555556, -6.175], [106.56944444444444, -6.175], [106.56944444444444, -6.1625], [106.55555555555556, -6.1625], [106.55555555555556, -6.175]]]}, "properties": {"lst_celsius": 26.93}}, {"type": "Feature", "geometry": {"type": "Polygon", "coordinates": [[[106.56944444444444, -6.175], [106.58333333333333, -6.175], [106.58333333333333, -6.1625], [106.56944444444444, -6.1625], [106.56944444444444, -6.175]]]}, "properties": {"lst_celsius": 27.04}}, {"type": "Feature", "geometry": {"type": "Polygon", "coordinates": [[[106.58333333333333, -6.175], [106.59722222222223, -6.175], [106.59722222222223, -6.1625], [106.58333333333333, -6.1625], [106.58333333333333, -6.175]]]}, "properties": {"lst_celsius": 27.15}}, {"type": "Feature", "geometry": {"type": "Polygon", "coordinates": [[[106.59722222222223, -6.175], [106.61111111111111, -6.175], [106.61111111111111, -6.1625], [106.59722222222223, -6.1625], [106.59722222222223, -6.175]]]}, "properties": {"lst_celsius": 27.26}}, {"type": "Feature", "geometry": {"type": "Polygon", "coordinates": [[[106.61111111111111, -6.175], [106.625, -6.175], [106.625, -6.1625], [106.61111111111111, -6.1625], [106.61111111111111, -6.175]]]}, "properties": {"lst_celsius": 27.37}}, {"type": "Feature", "geometry": {"type": "Polygon", "coordinates": [[[106.625, -6.175], [106.63888888888889, -6.175], [106.63888888888889, -6.1625], [106.625, -6.1625], [106.625, -6.175]]]}, "properties": {"lst_celsius": 30.31}}, {"type": "Feature", "geometry": {"type": "Polygon", "coordinates": [[[106.63888888888889, -6.175], [106.65277777777777, -6.175], [106.65277777777777, -6.1625], [106.63888888888889, -6.1625], [106.63888888888889, -6.175]]]}, "properties": {"lst_celsius": 30.5}}, {"type": "Feature", "geometry": {"type": "Polygon", "coordinates": [[[106.65277777777777, -6.175], [106.66666666666667, -6.175], [106.66666666666667, -6.1625], [106.65277777777777, -6.1625], [106.65277777777777, -6.175]]]}, "properties": {"lst_celsius": 30.7}}, {"type": "Feature", "geometry": {"type": "Polygon", "coordinates": [[[106.66666666666667, -6.175], [106.68055555555556, -6.175], [106.68055555555556, -6.1625], [106.66666666666667, -6.1625], [106.66666666666667, -6.175]]]}, "properties": {"lst_celsius": 30.89}}, {"type": "Feature", "geometry": {"type": "Polygon", "coordinates": [[[106.68055555555556, -6.175], [106.69444444444444, -6.175], [106.69444444444444, -6.1625], [106.68055555555556, -6.1625], [106.68055555555556, -6.175]]]}, "properties": {"lst_celsius": 31.09}}, {"type": "Feature", "geometry": {"type": "Polygon", "coordinates": [[[106.69444444444444, -6.175], [106.70833333333333, -6.175], [106.70833333333333, -6.1625], [106.69444444444444, -6.1625], [106.69444444444444, -6.175]]]}, "properties": {"lst_celsius": 31.28}}, {"type": "Feature", "geometry": {"type": "Polygon", "coordinates": [[[106.70833333333333, -6.175], [106.72222222222223, -6.175], [106.72222222222223, -6.1625], [106.70833333333333, -6.1625], [106.70833333333333, -6.175]]]}, "properties": {"lst_celsius": 31.48}}, {"type": "Feature", "geometry": {"type": "Polygon", "coordinates": [[[106.72222222222223, -6.175], [106.73611111111111, -6.175], [106.73611111111111, -6.1625], [106.72222222222223, -6.1625], [106.72222222222223, -6.175]]]}, "properties": {"lst_celsius": 31.67}}, {"type": "Feature", "geometry": {"type": "Polygon", "coordinates": [[[106.73611111111111, -6.175], [106.75, -6.175], [106.75, -6.1625], [106.73611111111111, -6.1625], [106.73611111111111, -6.175]]]}, "properties": {"lst_celsius": 31.86}}, {"type": "Feature", "geometry": {"type": "Polygon", "coordinates": [[[106.75, -6.175], [106.76388888888889, -6.175], [106.76388888888889, -6.1625], [106.75, -6.1625], [106.75, -6.175]]]}, "properties": {"lst_celsius": 32.06}}, {"type": "Feature", "geometry": {"type": "Polygon", "coordinates": [[[106.76388888888889, -6.175], [106.77777777777777, -6.175], [106.77777777777777, -6.1625], [106.76388888888889, -6.1625], [106.76388888888889, -6.175]]]}, "properties": {"lst_celsius": 32.25}}, {"type": "Feature", "geometry": {"type": "Polygon", "coordinates": [[[106.77777777777777, -6.175], [106.79166666666667, -6.175], [106.79166666666667, -6.1625], [106.77777777777777, -6.1625], [106.77777777777777, -6.175]]]}, "properties": {"lst_celsius": 32.44}}, {"type": "Feature", "geometry": {"type": "Polygon", "coordinates": [[[106.79166666666667, -6.175], [106.80555555555556, -6.175], [106.80555555555556, -6.1625], [106.79166666666667, -6.1625], [106.79166666666667, -6.175]]]}, "properties": {"lst_celsius": 32.63}}, {"type": "Feature", "geometry": {"type": "Polygon", "coordinates": [[[106.80555555555556, -6.175], [106.81944444444444, -6.175], [106.81944444444444, -6.1625], [106.80555555555556, -6.1625], [106.80555555555556, -6.175]]]}, "properties": {"lst_celsius": 32.82}}, {"type": "Feature", "geometry": {"type": "Polygon", "coordinates": [[[106.81944444444444, -6.175], [106.83333333333333, -6.175], [106.83333333333333, -6.1625], [106.81944444444444, -6.1625], [106.81944444444444, -6.175]]]}, "properties": {"lst_celsius": 32.95}}, {"type": "Feature", "geometry": {"type": "Polygon", "coordinates": [[[106.83333333333333, -6.175], [106.84722222222223, -6.175], [106.84722222222223, -6.1625], [106.83333333333333, -6.1625], [106.83333333333333, -6.175]]]}, "properties": {"lst_celsius": 32.84}}, {"type": "Feature", "geometry": {"type": "Polygon", "coordinates": [[[106.84722222222223, -6.175], [106.86111111111111, -6.175], [106.86111111111111, -6.1625], [106.84722222222223, -6.1625], [106.84722222222223, -6.175]]]}, "properties": {"lst_celsius": 32.66}}, {"type": "Feature", "geometry": {"type": "Polygon", "coordinates": [[[106.86111111111111, -6.175], [106.875, -6.175], [106.875, -6.1625], [106.86111111111111, -6.1625], [106.86111111111111, -6.175]]]}, "properties": {"lst_celsius": 32.47}}, {"type": "Feature", "geometry": {"type": "Polygon", "coordinates": [[[106.875, -6.175], [106.88888888888889, -6.175], [106.88888888888889, -6.1625], [106.875, -6.1625], [106.875, -6.175]]]}, "properties": {"lst_celsius": 32.27}}, {"type": "Feature", "geometry": {"type": "Polygon", "coordinates": [[[106.88888888888889, -6.175], [106.90277777777777, -6.175], [106.90277777777777, -6.1625], [106.88888888888889, -6.1625], [106.88888888888889, -6.175]]]}, "properties": {"lst_celsius": 32.08}}, {"type": "Feature", "geometry": {"type": "Polygon", "coordinates": [[[106.90277777777777, -6.175], [106.91666666666667, -6.175], [106.91666666666667, -6.1625], [106.90277777777777, -6.1625], [106.90277777777777, -6.175]]]}, "properties": {"lst_celsius": 31.89}}, {"type": "Feature", "geometry": {"type": "Polygon", "coordinates": [[[106.91666666666667, -6.175], [106.93055555555556, -6.175], [106.93055555555556, -6.1625], [106.91666666666667, -6.1625], [106.91666666666667, -6.175]]]}, "properties": {"lst_celsius": 31.69}}, {"type": "Feature", "geometry": {"type": "Polygon", "coordinates": [[[106.93055555555556, -6.175], [106.94444444444444, -6.175], [106.94444444444444, -6.1625], [106.93055555555556, -6.1625], [106.93055555555556, -6.175]]]}, "properties": {"lst_celsius": 31.5}}, {"type": "Feature", "geometry": {"type": "Polygon", "coordinates": [[[106.94444444444444, -6.175], [106.95833333333333, -6.175], [106.95833333333333, -6.1625], [106.94444444444444, -6.1625], [106.94444444444444, -6.175]]]}, "properties": {"lst_celsius": 31.3}}, {"type": "Feature", "geometry": {"type": "Polygon", "coordinates": [[[106.95833333333333, -6.175], [106.97222222222223, -6.175], [106.97222222222223, -6.1625], [106.95833333333333, -6.1625], [106.95833333333333, -6.175]]]}, "properties": {"lst_celsius": 31.11}}, {"type": "Feature", "geometry": {"type": "Polygon", "coordinates": [[[106.97222222222223, -6.175], [106.98611111111111, -6.175], [106.98611111111111, -6.1625], [106.97222222222223, -6.1625], [106.97222222222223, -6.175]]]}, "properties": {"lst_celsius": 30.92}}, {"type": "Feature", "geometry": {"type": "Polygon", "coordinates": [[[106.98611111111111, -6.175], [107.0, -6.175], [107.0, -6.1625], [106.98611111111111, -6.1625], [106.98611111111111, -6.175]]]}, "properties": {"lst_celsius": 30.72}}, {"type": "Feature", "geometry": {"type": "Polygon", "coordinates": [[[107.0, -6.175], [107.01388888888889, -6.175], [107.01388888888889, -6.1625], [107.0, -6.1625], [107.0, -6.175]]]}, "properties": {"lst_celsius": 30.53}}, {"type": "Feature", "geometry": {"type": "Polygon", "coordinates": [[[107.01388888888889, -6.175], [107.02777777777777, -6.175], [107.02777777777777, -6.1625], [107.01388888888889, -6.1625], [107.01388888888889, -6.175]]]}, "properties": {"lst_celsius": 30.33}}, {"type": "Feature", "geometry": {"type": "Polygon", "coordinates": [[[107.02777777777777, -6.175], [107.04166666666667, -6.175], [107.04166666666667, -6.1625], [107.02777777777777, -6.1625], [107.02777777777777, -6.175]]]}, "properties": {"lst_celsius": 27.38}}, {"type": "Feature", "geometry": {"type": "Polygon", "coordinates": [[[107.04166666666667, -6.175], [107.05555555555556, -6.175], [107.05555555555556, -6.1625], [107.04166666666667, -6.1625], [107.04166666666667, -6.175]]]}, "properties": {"lst_celsius": 27.27}}, {"type": "Feature", "geometry": {"type": "Polygon", "coordinates": [[[107.05555555555556, -6.175], [107.06944444444444, -6.175], [107.06944444444444, -6.1625], [107.05555555555556, -6.1625], [107.05555555555556, -6.175]]]}, "properties": {"lst_celsius": 27.16}}, {"type": "Feature", "geometry": {"type": "Polygon", "coordinates": [[[107.06944444444444, -6.175], [107.08333333333333, -6.175], [107.08333333333333, -6.1625], [107.06944444444444, -6.1625], [107.06944444444444, -6.175]]]}, "properties": {"lst_celsius": 27.05}}, {"type": "Feature", "geometry": {"type": "Polygon", "coordinates": [[[107.08333333333333, -6.175], [107.09722222222223, -6.175], [107.09722222222223, -6.1625], [107.08333333333333, -6.1625], [107.08333333333333, -6.175]]]}, "properties": {"lst_celsius": 26.94}}, {"type": "Feature", "geometry": {"type": "Polygon", "coordinates": [[[107.09722222222223, -6.175], [107.11111111111111, -6.175], [107.11111111111111, -6.1625], [107.09722222222223, -6.1625], [107.09722222222223, -6.175]]]}, "properties": {"lst_celsius": 26.83}}, {"type": "Feature", "geometry": {"type": "Polygon", "coordinates": [[[107.11111111111111, -6.175], [107.125, -6.175], [107.125, -6.1625], [107.11111111111111, -6.1625], [107.11111111111111, -6.175]]]}, "properties": {"lst_celsius": 26.72}}, {"type": "Feature", "geometry": {"type": "Polygon", "coordinates": [[[107.125, -6.175], [107.13888888888889, -6.175], [107.13888888888889, -6.1625], [107.125, -6.1625], [107.125, -6.175]]]}, "properties": {"lst_celsius": 26.61}}, {"type": "Feature", "geometry": {"type": "Polygon", "coordinates": [[[107.13888888888889, -6.175], [107.15277777777777, -6.175], [107.15277777777777, -6.1625], [107.13888888888889, -6.1625], [107.13888888888889, -6.175]]]}, "properties": {"lst_celsius": 26.5}}, {"type": "Feature", "geometry": {"type": "Polygon", "coordinates": [[[107.15277777777777, -6.175], [107.16666666666667, -6.175], [107.16666666666667, -6.1625], [107.15277777777777, -6.1625], [107.15277777777777, -6.175]]]}, "properties": {"lst_celsius": 26.38}}, {"type": "Feature", "geometry": {"type": "Polygon", "coordinates": [[[107.16666666666667, -6.175], [107.18055555555556, -6.175], [107.18055555555556, -6.1625], [107.16666666666667, -6.1625], [107.16666666666667, -6.175]]]}, "properties": {"lst_celsius": 26.27}}, {"type": "Feature", "geometry": {"type": "Polygon", "coordinates": [[[107.18055555555556, -6.175], [107.19444444444444, -6.175], [107.19444444444444, -6.1625], [107.18055555555556, -6.1625], [107.18055555555556, -6.175]]]}, "properties": {"lst_celsius": 26.16}}, {"type": "Feature", "geometry": {"type": "Polygon", "coordinates": [[[107.19444444444444, -6.175], [107.20833333333333, -6.175], [107.20833333333333, -6.1625], [107.19444444444444, -6.1625], [107.19444444444444, -6.175]]]}, "properties": {"lst_celsius": 26.05}}, {"type": "Feature", "geometry": {"type": "Polygon", "coordinates": [[[107.20833333333333, -6.175], [107.22222222222223, -6.175], [107.22222222222223, -6.1625], [107.20833333333333, -6.1625], [107.20833333333333, -6.175]]]}, "properties": {"lst_celsius": 25.94}}, {"type": "Feature", "geometry": {"type": "Polygon", "coordinates": [[[107.22222222222223, -6.175], [107.23611111111111, -6.175], [107.23611111111111, -6.1625], [107.22222222222223, -6.1625], [107.22222222222223, -6.175]]]}, "properties": {"lst_celsius": 25.83}}, {"type": "Feature", "geometry": {"type": "Polygon", "coordinates": [[[107.23611111111111, -6.175], [107.25, -6.175], [107.25, -6.1625], [107.23611111111111, -6.1625], [107.23611111111111, -6.175]]]}, "properties": {"lst_celsius": 25.72}}, {"type": "Feature", "geometry": {"type": "Polygon", "coordinates": [[[106.5, -6.1625], [106.51388888888889, -6.1625], [106.51388888888889, -6.15], [106.5, -6.15], [106.5, -6.1625]]]}, "properties": {"lst_celsius": 26.61}}, {"type": "Feature", "geometry": {"type": "Polygon", "coordinates": [[[106.51388888888889, -6.1625], [106.52777777777777, -6.1625], [106.52777777777777, -6.15], [106.51388888888889, -6.15], [106.51388888888889, -6.1625]]]}, "properties": {"lst_celsius": 26.72}}, {"type": "Feature", "geometry": {"type": "Polygon", "coordinates": [[[106.52777777777777, -6.1625], [106.54166666666667, -6.1625], [106.54166666666667, -6.15], [106.52777777777777, -6.15], [106.52777777777777, -6.1625]]]}, "properties": {"lst_celsius": 26.83}}, {"type": "Feature", "geometry": {"type": "Polygon", "coordinates": [[[106.54166666666667, -6.1625], [106.55555555555556, -6.1625], [106.55555555555556, -6.15], [106.54166666666667, -6.15], [106.54166666666667, -6.1625]]]}, "properties": {"lst_celsius": 26.94}}, {"type": "Feature", "geometry": {"type": "Polygon", "coordinates": [[[106.55555555555556, -6.1625], [106.56944444444444, -6.1625], [106.56944444444444, -6.15], [106.55555555555556, -6.15], [106.55555555555556, -6.1625]]]}, "properties": {"lst_celsius": 27.05}}, {"type": "Feature", "geometry": {"type": "Polygon", "coordinates": [[[106.56944444444444, -6.1625], [106.58333333333333, -6.1625], [106.58333333333333, -6.15], [106.56944444444444, -6.15], [106.56944444444444, -6.1625]]]}, "properties": {"lst_celsius": 27.16}}, {"type": "Feature", "geometry": {"type": "Polygon", "coordinates": [[[106.58333333333333, -6.1625], [106.59722222222223, -6.1625], [106.59722222222223, -6.15], [106.58333333333333, -6.15], [106.58333333333333, -6.1625]]]}, "properties": {"lst_celsius": 27.27}}, {"type": "Feature", "geometry": {"type": "Polygon", "coordinates": [[[106.59722222222223, -6.1625], [106.61111111111111, -6.1625], [106.61111111111111, -6.15], [106.59722222222223, -6.15], [106.59722222222223, -6.1625]]]}, "properties": {"lst_celsius": 27.38}}, {"type": "Feature", "geometry": {"type": "Polygon", "coordinates": [[[106.61111111111111, -6.1625], [106.625, -6.1625], [106.625, -6.15], [106.61111111111111, -6.15], [106.61111111111111, -6.1625]]]}, "properties": {"lst_celsius": 27.5}}, {"type": "Feature", "geometry": {"type": "Polygon", "coordinates": [[[106.625, -6.1625], [106.63888888888889, -6.1625], [106.63888888888889, -6.15], [106.625, -6.15], [106.625, -6.1625]]]}, "properties": {"lst_celsius": 30.43}}, {"type": "Feature", "geometry": {"type": "Polygon", "coordinates": [[[106.63888888888889, -6.1625], [106.65277777777777, -6.1625], [106.65277777777777, -6.15], [106.63888888888889, -6.15], [106.63888888888889, -6.1625]]]}, "properties": {"lst_celsius": 30.62}}, {"type": "Feature", "geometry": {"type": "Polygon", "coordinates": [[[106.65277777777777, -6.1625], [106.66666666666667, -6.1625], [106.66666666666667, -6.15], [106.65277777777777, -6.15], [106.65277777777777, -6.1625]]]}, "properties": {"lst_celsius": 30.82}}, {"type": "Feature", "geometry": {"type": "Polygon", "coordinates": [[[106.66666666666667, -6.1625], [106.68055555555556, -6.1625], [106.68055555555556, -6.15], [106.66666666666667, -6.15], [106.66666666666667, -6.1625]]]}, "properties": {"lst_celsius": 31.01}}, {"type": "Feature", "geometry": {"type": "Polygon", "coordinates": [[[106.68055555555556, -6.1625], [106.69444444444444, -6.1625], [106.69444444444444, -6.15], [106.68055555555556, -6.15], [106.68055555555556, -6.1625]]]}, "properties": {"lst_celsius": 31.2}}, {"type": "Feature", "geometry": {"type": "Polygon", "coordinates": [[[106.69444444444444, -6.1625], [106.70833333333333, -6.1625], [106.70833333333333, -6.15], [106.69444444444444, -6.15], [106.69444444444444, -6.1625]]]}, "properties": {"lst_celsius": 31.39}}, {"type": "Feature", "geometry": {"type": "Polygon", "coordinates": [[[106.70833333333333, -6.1625], [106.72222222222223, -6.1625], [106.72222222222223, -6.15], [106.70833333333333, -6.15], [106.70833333333333, -6.1625]]]}, "properties": {"lst_celsius": 31.59}}, {"type": "Feature", "geometry": {"type": "Polygon", "coordinates": [[[106.72222222222223, -6.1625], [106.73611111111111, -6.1625], [106.73611111111111, -6.15], [106.72222222222223, -6.15], [106.72222222222223, -6.1625]]]}, "properties": {"lst_celsius": 31.78}}, {"type": "Feature", "geometry": {"type": "Polygon", "coordinates": [[[106.73611111111111, -6.1625], [106.75, -6.1625], [106.75, -6.15], [106.73611111111111, -6.15], [106.73611111111111, -6.1625]]]}, "properties": {"lst_celsius": 31.97}}, {"type": "Feature", "geometry": {"type": "Polygon", "coordinates": [[[106.75, -6.1625], [106.76388888888889, -6.1625], [106.76388888888889, -6.15], [106.75, -6.15], [106.75, -6.1625]]]}, "properties": {"lst_celsius": 32.16}}, {"type": "Feature", "geometry": {"type": "Polygon", "coordinates": [[[106.76388888888889, -6.1625], [106.77777777777777, -6.1625], [106.77777777777777, -6.15], [106.76388888888889, -6.15], [106.76388888888889, -6.1625]]]}, "properties": {"lst_celsius": 32.34}}, {"type": "Feature", "geometry": {"type": "Polygon", "coordinates": [[[106.77777777777777, -6.1625], [106.79166666666667, -6.1625], [106.79166666666667, -6.15], [106.77777777777777, -6.15], [106.77777777777777, -6.1625]]]}, "properties": {"lst_celsius": 32.52}}, {"type": "Feature", "geometry": {"type": "Polygon", "coordinates": [[[106.79166666666667, -6.1625], [106.80555555555556, -6.1625], [106.80555555555556, -6.15], [106.79166666666667, -6.15], [106.79166666666667, -6.1625]]]}, "properties": {"lst_celsius": 32.69}}, {"type": "Feature", "geometry": {"type": "Polygon", "coordinates": [[[106.80555555555556, -6.1625], [106.81944444444444, -6.1625], [106.81944444444444, -6.15], [106.80555555555556, -6.15], [106.80555555555556, -6.1625]]]}, "properties": {"lst_celsius": 32.84}}, {"type": "Feature", "geometry": {"type": "Polygon", "coordinates": [[[106.81944444444444, -6.1625], [106.83333333333333, -6.1625], [106.83333333333333, -6.15], [106.81944444444444, -6.15], [106.81944444444444, -6.1625]]]}, "properties": {"lst_celsius": 32.91}}, {"type": "Feature", "geometry": {"type": "Polygon", "coordinates": [[[106.83333333333333, -6.1625], [106.84722222222223, -6.1625], [106.84722222222223, -6.15], [106.83333333333333, -6.15], [106.83333333333333, -6.1625]]]}, "properties": {"lst_celsius": 32.85}}, {"type": "Feature", "geometry": {"type": "Polygon", "coordinates": [[[106.84722222222223, -6.1625], [106.86111111111111, -6.1625], [106.86111111111111, -6.15], [106.84722222222223, -6.15], [106.84722222222223, -6.1625]]]}, "properties": {"lst_celsius": 32.71}}, {"type": "Feature", "geometry": {"type": "Polygon", "coordinates": [[[106.86111111111111, -6.1625], [106.875, -6.1625], [106.875, -6.15], [106.86111111111111, -6.15], [106.86111111111111, -6.1625]]]}, "properties": {"lst_celsius": 32.54}}, {"type": "Feature", "geometry": {"type": "Polygon", "coordinates": [[[106.875, -6.1625], [106.88888888888889, -6.1625], [106.88888888888889, -6.15], [106.875, -6.15], [106.875, -6.1625]]]}, "properties": {"lst_celsius": 32.36}}, {"type": "Feature", "geometry": {"type": "Polygon", "coordinates": [[[106.88888888888889, -6.1625], [106.90277777777777, -6.1625], [106.90277777777777, -6.15], [106.88888888888889, -6.15], [106.88888888888889, -6.1625]]]}, "properties": {"lst_celsius": 32.18}}, {"type": "Feature", "geometry": {"type": "Polygon", "coordinates": [[[106.90277777777777, -6.1625], [106.91666666666667, -6.1625], [106.91666666666667, -6.15], [106.90277777777777, -6.15], [106.90277777777777, -6.1625]]]}, "properties": {"lst_celsius": 31.99}}, {"type": "Feature", "geometry": {"type": "Polygon", "coordinates": [[[106.91666666666667, -6.1625], [106.93055555555556, -6.1625], [106.93055555555556, -6.15], [106.91666666666667, -6.15], [106.91666666666667, -6.1625]]]}, "properties": {"lst_celsius": 31.8}}, {"type": "Feature", "geometry": {"type": "Polygon", "coordinates": [[[106.93055555555556, -6.1625], [106.94444444444444, -6.1625], [106.94444444444444, -6.15], [106.93055555555556, -6.15], [106.93055555555556, -6.1625]]]}, "properties": {"lst_celsius": 31.61}}, {"type": "Feature", "geometry": {"type": "Polygon", "coordinates": [[[106.94444444444444, -6.1625], [106.95833333333333, -6.1625], [106.95833333333333, -6.15], [106.94444444444444, -6.15], [106.94444444444444, -6.1625]]]}, "properties": {"lst_celsius": 31.42}}, {"type": "Feature", "geometry": {"type": "Polygon", "coordinates": [[[106.95833333333333, -6.1625], [106.97222222222223, -6.1625], [106.97222222222223, -6.15], [106.95833333333333, -6.15], [106.95833333333333, -6.1625]]]}, "properties": {"lst_celsius": 31.22}}, {"type": "Feature", "geometry": {"type": "Polygon", "coordinates": [[[106.97222222222223, -6.1625], [106.98611111111111, -6.1625], [106.98611111111111, -6.15], [106.97222222222223, -6.15], [106.97222222222223, -6.1625]]]}, "properties": {"lst_celsius": 31.03}}, {"type": "Feature", "geometry": {"type": "Polygon", "coordinates": [[[106.98611111111111, -6.1625], [107.0, -6.1625], [107.0, -6.15], [106.98611111111111, -6.15], [106.98611111111111, -6.1625]]]}, "properties": {"lst_celsius": 30.84}}, {"type": "Feature", "geometry": {"type": "Polygon", "coordinates": [[[107.0, -6.1625], [107.01388888888889, -6.1625], [107.01388888888889, -6.15], [107.0, -6.15], [107.0, -6.1625]]]}, "properties": {"lst_celsius": 30.64}}, {"type": "Feature", "geometry": {"type": "Polygon", "coordinates": [[[107.01388888888889, -6.1625], [107.02777777777777, -6.1625], [107.02777777777777, -6.15], [107.01388888888889, -6.15], [107.01388888888889, -6.1625]]]}, "properties": {"lst_celsius": 30.45}}, {"type": "Feature", "geometry": {"type": "Polygon", "coordinates": [[[107.02777777777777, -6.1625], [107.04166666666667, -6.1625], [107.04166666666667, -6.15], [107.02777777777777, -6.15], [107.02777777777777, -6.1625]]]}, "properties": {"lst_celsius": 27.51}}, {"type": "Feature", "geometry": {"type": "Polygon", "coordinates": [[[107.04166666666667, -6.1625], [107.05555555555556, -6.1625], [107.05555555555556, -6.15], [107.04166666666667, -6.15], [107.04166666666667, -6.1625]]]}, "properties": {"lst_celsius": 27.4}}, {"type": "Feature", "geometry": {"type": "Polygon", "coordinates": [[[107.05555555555556, -6.1625], [107.06944444444444, -6.1625], [107.06944444444444, -6.15], [107.05555555555556, -6.15], [107.05555555555556, -6.1625]]]}, "properties": {"lst_celsius": 27.29}}, {"type": "Feature", "geometry": {"type": "Polygon", "coordinates": [[[107.06944444444444, -6.1625], [107.08333333333333, -6.1625], [107.08333333333333, -6.15], [107.06944444444444, -6.15], [107.06944444444444, -6.1625]]]}, "properties": {"lst_celsius": 27.18}}, {"type": "Feature", "geometry": {"type": "Polygon", "coordinates": [[[107.08333333333333, -6.1625], [107.09722222222223, -6.1625], [107.09722222222223, -6.15], [107.08333333333333, -6.15], [107.08333333333333, -6.1625]]]}, "properties": {"lst_celsius": 27.07}}, {"type": "Feature", "geometry": {"type": "Polygon", "coordinates": [[[107.09722222222223, -6.1625], [107.11111111111111, -6.1625], [107.11111111111111, -6.15], [107.09722222222223, -6.15], [107.09722222222223, -6.1625]]]}, "properties": {"lst_celsius": 26.95}}, {"type": "Feature", "geometry": {"type": "Polygon", "coordinates": [[[107.11111111111111, -6.1625], [107.125, -6.1625], [107.125, -6.15], [107.11111111111111, -6.15], [107.11111111111111, -6.1625]]]}, "properties": {"lst_celsius": 26.84}}, {"type": "Feature", "geometry": {"type": "Polygon", "coordinates": [[[107.125, -6.1625], [107.13888888888889, -6.1625], [107.13888888888889, -6.15], [107.125, -6.15], [107.125, -6.1625]]]}, "properties": {"lst_celsius": 26.73}}, {"type": "Feature", "geometry": {"type": "Polygon", "coordinates": [[[107.13888888888889, -6.1625], [107.15277777777777, -6.1625], [107.15277777777777, -6.15], [107.13888888888889, -6.15], [107.13888888888889, -6.1625]]]}, "properties": {"lst_celsius": 26.62}}, {"type": "Feature", "geometry": {"type": "Polygon", "coordinates": [[[107.15277777777777, -6.1625], [107.16666666666667, -6.1625], [107.16666666666667, -6.15], [107.15277777777777, -6.15], [107.15277777777777, -6.1625]]]}, "properties": {"lst_celsius": 26.51}}, {"type": "Feature", "geometry": {"type": "Polygon", "coordinates": [[[107.16666666666667, -6.1625], [107.18055555555556, -6.1625], [107.18055555555556, -6.15], [107.16666666666667, -6.15], [107.16666666666667, -6.1625]]]}, "properties": {"lst_celsius": 26.4}}, {"type": "Feature", "geometry": {"type": "Polygon", "coordinates": [[[107.18055555555556, -6.1625], [107.19444444444444, -6.1625], [107.19444444444444, -6.15], [107.18055555555556, -6.15], [107.18055555555556, -6.1625]]]}, "properties": {"lst_celsius": 26.29}}, {"type": "Feature", "geometry": {"type": "Polygon", "coordinates": [[[107.19444444444444, -6.1625], [107.20833333333333, -6.1625], [107.20833333333333, -6.15], [107.19444444444444, -6.15], [107.19444444444444, -6.1625]]]}, "properties": {"lst_celsius": 26.18}}, {"type": "Feature", "geometry": {"type": "Polygon", "coordinates": [[[107.20833333333333, -6.1625], [107.22222222222223, -6.1625], [107.22222222222223, -6.15], [107.20833333333333, -6.15], [107.20833333333333, -6.1625]]]}, "properties": {"lst_celsius": 26.07}}, {"type": "Feature", "geometry": {"type": "Polygon", "coordinates": [[[107.22222222222223, -6.1625], [107.23611111111111, -6.1625], [107.23611111111111, -6.15], [107.22222222222223, -6.15], [107.22222222222223, -6.1625]]]}, "properties": {"lst_celsius": 25.96}}, {"type": "Feature", "geometry": {"type": "Polygon", "coordinates": [[[107.23611111111111, -6.1625], [107.25, -6.1625], [107.25, -6.15], [107.23611111111111, -6.15], [107.23611111111111, -6.1625]]]}, "properties": {"lst_celsius": 25.84}}, {"type": "Feature", "geometry": {"type": "Polygon", "coordinates": [[[106.5, -6.15], [106.51388888888889, -6.15], [106.51388888888889, -6.1375], [106.5, -6.1375], [106.5, -6.15]]]}, "properties": {"lst_celsius": 26.73}}, {"type": "Feature", "geometry": {"type": "Polygon", "coordinates": [[[106.51388888888889, -6.15], [106.52777777777777, -6.15], [106.52777777777777, -6.1375], [106.51388888888889, -6.1375], [106.51388888888889, -6.15]]]}, "properties": {"lst_celsius": 26.84}}, {"type": "Feature", "geometry": {"type": "Polygon", "coordinates": [[[106.52777777777777, -6.15], [106.54166666666667, -6.15], [106.54166666666667, -6.1375], [106.52777777777777, -6.1375], [106.52777777777777, -6.15]]]}, "properties": {"lst_celsius": 26.95}}, {"type": "Feature", "geometry": {"type": "Polygon", "coordinates": [[[106.54166666666667, -6.15], [106.55555555555556, -6.15], [106.55555555555556, -6.1375], [106.54166666666667, -6.1375], [106.54166666666667, -6.15]]]}, "properties": {"lst_celsius": 27.06}}, {"type": "Feature", "geometry": {"type": "Polygon", "coordinates": [[[106.55555555555556, -6.15], [106.56944444444444, -6.15], [106.56944444444444, -6.1375], [106.55555555555556, -6.1375], [106.55555555555556, -6.15]]]}, "properties": {"lst_celsius": 27.17}}, {"type": "Feature", "geometry": {"type": "Polygon", "coordinates": [[[106.56944444444444, -6.15], [106.58333333333333, -6.15], [106.58333333333333, -6.1375], [106.56944444444444, -6.1375], [106.56944444444444, -6.15]]]}, "properties": {"lst_celsius": 27.28}}, {"type": "Feature", "geometry": {"type": "Polygon", "coordinates": [[[106.58333333333333, -6.15], [106.59722222222223, -6.15], [106.59722222222223, -6.1375], [106.58333333333333, -6.1375], [106.58333333333333, -6.15]]]}, "properties": {"lst_celsius": 27.39}}, {"type": "Feature", "geometry": {"type": "Polygon", "coordinates": [[[106.59722222222223, -6.15], [106.61111111111111, -6.15], [106.61111111111111, -6.1375], [106.59722222222223, -6.1375], [106.59722222222223, -6.15]]]}, "properties": {"lst_celsius": 27.5}}, {"type": "Feature", "geometry": {"type": "Polygon", "coordinates": [[[106.61111111111111, -6.15], [106.625, -6.15], [106.625, -6.1375], [106.61111111111111, -6.1375], [106.61111111111111, -6.15]]]}, "properties": {"lst_celsius": 27.61}}, {"type": "Feature", "geometry": {"type": "Polygon", "coordinates": [[[106.625, -6.15], [106.63888888888889, -6.15], [106.63888888888889, -6.1375], [106.625, -6.1375], [106.625, -6.15]]]}, "properties": {"lst_celsius": 30.54}}, {"type": "Feature", "geometry": {"type": "Polygon", "coordinates": [[[106.63888888888889, -6.15], [106.65277777777777, -6.15], [106.65277777777777, -6.1375], [106.63888888888889, -6.1375], [106.63888888888889, -6.15]]]}, "properties": {"lst_celsius": 30.73}}, {"type": "Feature", "geometry": {"type": "Polygon", "coordinates": [[[106.65277777777777, -6.15], [106.66666666666667, -6.15], [106.66666666666667, -6.1375], [106.65277777777777, -6.1375], [106.65277777777777, -6.15]]]}, "properties": {"lst_celsius": 30.92}}, {"type": "Feature", "geometry": {"type": "Polygon", "coordinates": [[[106.66666666666667, -6.15], [106.68055555555556, -6.15], [106.68055555555556, -6.1375], [106.66666666666667, -6.1375], [106.66666666666667, -6.15]]]}, "properties": {"lst_celsius": 31.11}}, {"type": "Feature", "geometry": {"type": "Polygon", "coordinates": [[[106.68055555555556, -6.15], [106.69444444444444, -6.15], [106.69444444444444, -6.1375], [106.68055555555556, -6.1375], [106.68055555555556, -6.15]]]}, "properties": {"lst_celsius": 31.3}}, {"type": "Feature", "geometry": {"type": "Polygon", "coordinates": [[[106.69444444444444, -6.15], [106.70833333333333, -6.15], [106.70833333333333, -6.1375], [106.69444444444444, -6.1375], [106.69444444444444, -6.15]]]}, "properties": {"lst_celsius": 31.49}}, {"type": "Feature", "geometry": {"type": "Polygon", "coordinates": [[[106.70833333333333, -6.15], [106.72222222222223, -6.15], [106.72222222222223, -6.1375], [106.70833333333333, -6.1375], [106.70833333333333, -6.15]]]}, "properties": {"lst_celsius": 31.68}}, {"type": "Feature", "geometry": {"type": "Polygon", "coordinates": [[[106.72222222222223, -6.15], [106.73611111111111, -6.15], [106.73611111111111, -6.1375], [106.72222222222223, -6.1375], [106.72222222222223, -6.15]]]}, "properties": {"lst_celsius": 31.86}}, {"type": "Feature", "geometry": {"type": "Polygon", "coordinates": [[[106.73611111111111, -6.15], [106.75, -6.15], [106.75, -6.1375], [106.73611111111111, -6.1375], [106.73611111111111, -6.15]]]}, "properties": {"lst_celsius": 32.05}}, {"type": "Feature", "geometry": {"type": "Polygon", "coordinates": [[[106.75, -6.15], [106.76388888888889, -6.15], [106.76388888888889, -6.1375], [106.75, -6.1375], [106.75, -6.15]]]}, "properties": {"lst_celsius": 32.23}}, {"type": "Feature", "geometry": {"type": "Polygon", "coordinates": [[[106.76388888888889, -6.15], [106.77777777777777, -6.15], [106.77777777777777, -6.1375], [106.76388888888889, -6.1375], [106.76388888888889, -6.15]]]}, "properties": {"lst_celsius": 32.4}}, {"type": "Feature", "geometry": {"type": "Polygon", "coordinates": [[[106.77777777777777, -6.15], [106.79166666666667, -6.15], [106.79166666666667, -6.1375], [106.77777777777777, -6.1375], [106.77777777777777, -6.15]]]}, "properties": {"lst_celsius": 32.56}}, {"type": "Feature", "geometry": {"type": "Polygon", "coordinates": [[[106.79166666666667, -6.15], [106.80555555555556, -6.15], [106.80555555555556, -6.1375], [106.79166666666667, -6.1375], [106.79166666666667, -6.15]]]}, "properties": {"lst_celsius": 32.71}}, {"type": "Feature", "geometry": {"type": "Polygon", "coordinates": [[[106.80555555555556, -6.15], [106.81944444444444, -6.15], [106.81944444444444, -6.1375], [106.80555555555556, -6.1375], [106.80555555555556, -6.15]]]}, "properties": {"lst_celsius": 32.82}}, {"type": "Feature", "geometry": {"type": "Polygon", "coordinates": [[[106.81944444444444, -6.15], [106.83333333333333, -6.15], [106.83333333333333, -6.1375], [106.81944444444444, -6.1375], [106.81944444444444, -6.15]]]}, "properties": {"lst_celsius": 32.86}}, {"type": "Feature", "geometry": {"type": "Polygon", "coordinates": [[[106.83333333333333, -6.15], [106.84722222222223, -6.15], [106.84722222222223, -6.1375], [106.83333333333333, -6.1375], [106.83333333333333, -6.15]]]}, "properties": {"lst_celsius": 32.83}}, {"type": "Feature", "geometry": {"type": "Polygon", "coordinates": [[[106.84722222222223, -6.15], [106.86111111111111, -6.15], [106.86111111111111, -6.1375], [106.84722222222223, -6.1375], [106.84722222222223, -6.15]]]}, "properties": {"lst_celsius": 32.72}}, {"type": "Feature", "geometry": {"type": "Polygon", "coordinates": [[[106.86111111111111, -6.15], [106.875, -6.15], [106.875, -6.1375], [106.86111111111111, -6.1375], [106.86111111111111, -6.15]]]}, "properties": {"lst_celsius": 32.58}}, {"type": "Feature", "geometry": {"type": "Polygon", "coordinates": [[[106.875, -6.15], [106.88888888888889, -6.15], [106.88888888888889, -6.1375], [106.875, -6.1375], [106.875, -6.15]]]}, "properties": {"lst_celsius": 32.42}}, {"type": "Feature", "geometry": {"type": "Polygon", "coordinates": [[[106.88888888888889, -6.15], [106.90277777777777, -6.15], [106.90277777777777, -6.1375], [106.88888888888889, -6.1375], [106.88888888888889, -6.15]]]}, "properties": {"lst_celsius": 32.25}}, {"type": "Feature", "geometry": {"type": "Polygon", "coordinates": [[[106.90277777777777, -6.15], [106.91666666666667, -6.15], [106.91666666666667, -6.1375], [106.90277777777777, -6.1375], [106.90277777777777, -6.15]]]}, "properties": {"lst_celsius": 32.07}}, {"type": "Feature", "geometry": {"type": "Polygon", "coordinates": [[[106.91666666666667, -6.15], [106.93055555555556, -6.15], [106.93055555555556, -6.1375], [106.91666666666667, -6.1375], [106.91666666666667, -6.15]]]}, "properties": {"lst_celsius": 31.88}}, {"type": "Feature", "geometry": {"type": "Polygon", "coordinates": [[[106.93055555555556, -6.15], [106.94444444444444, -6.15], [106.94444444444444, -6.1375], [106.93055555555556, -6.1375], [106.93055555555556, -6.15]]]}, "properties": {"lst_celsius": 31.7}}, {"type": "Feature", "geometry": {"type": "Polygon", "coordinates": [[[106.94444444444444, -6.15], [106.95833333333333, -6.15], [106.95833333333333, -6.1375], [106.94444444444444, -6.1375], [106.94444444444444, -6.15]]]}, "properties": {"lst_celsius": 31.51}}, {"type": "Feature", "geometry": {"type": "Polygon", "coordinates": [[[106.95833333333333, -6.15], [106.97222222222223, -6.15], [106.97222222222223, -6.1375], [106.95833333333333, -6.1375], [106.95833333333333, -6.15]]]}, "properties": {"lst_celsius": 31.32}}, {"type": "Feature", "geometry": {"type": "Polygon", "coordinates": [[[106.97222222222223, -6.15], [106.98611111111111, -6.15], [106.98611111111111, -6.1375], [106.97222222222223, -6.1375], [106.97222222222223, -6.15]]]}, "properties": {"lst_celsius": 31.13}}, {"type": "Feature", "geometry": {"type": "Polygon", "coordinates": [[[106.98611111111111, -6.15], [107.0, -6.15], [107.0, -6.1375], [106.98611111111111, -6.1375], [106.98611111111111, -6.15]]]}, "properties": {"lst_celsius": 30.94}}, {"type": "Feature", "geometry": {"type": "Polygon", "coordinates": [[[107.0, -6.15], [107.01388888888889, -6.15], [107.01388888888889, -6.1375], [107.0, -6.1375], [107.0, -6.15]]]}, "properties": {"lst_celsius": 30.75}}, {"type": "Feature", "geometry": {"type": "Polygon", "coordinates": [[[107.01388888888889, -6.15], [107.02777777777777, -6.15], [107.02777777777777, -6.1375], [107.01388888888889, -6.1375], [107.01388888888889, -6.15]]]}, "properties": {"lst_celsius": 30.56}}, {"type": "Feature", "geometry": {"type": "Polygon", "coordinates": [[[107.02777777777777, -6.15], [107.04166666666667, -6.15], [107.04166666666667, -6.1375], [107.02777777777777, -6.1375], [107.02777777777777, -6.15]]]}, "properties": {"lst_celsius": 27.63}}, {"type": "Feature", "geometry": {"type": "Polygon", "coordinates": [[[107.04166666666667, -6.15], [107.05555555555556, -6.15], [107.05555555555556, -6.1375], [107.04166666666667, -6.1375], [107.04166666666667, -6.15]]]}, "properties": {"lst_celsius": 27.52}}, {"type": "Feature", "geometry": {"type": "Polygon", "coordinates": [[[107.05555555555556, -6.15], [107.06944444444444, -6.15], [107.06944444444444, -6.1375], [107.05555555555556, -6.1375], [107.05555555555556, -6.15]]]}, "properties": {"lst_celsius": 27.41}}, {"type": "Feature", "geometry": {"type": "Polygon", "coordinates": [[[107.06944444444444, -6.15], [107.08333333333333, -6.15], [107.08333333333333, -6.1375], [107.06944444444444, -6.1375], [107.06944444444444, -6.15]]]}, "properties": {"lst_celsius": 27.3}}, {"type": "Feature", "geometry": {"type": "Polygon", "coordinates": [[[107.08333333333333, -6.15], [107.09722222222223, -6.15], [107.09722222222223, -6.1375], [107.08333333333333, -6.1375], [107.08333333333333, -6.15]]]}, "properties": {"lst_celsius": 27.19}}, {"type": "Feature", "geometry": {"type": "Polygon", "coordinates": [[[107.09722222222223, -6.15], [107.11111111111111, -6.15], [107.11111111111111, -6.1375], [107.09722222222223, -6.1375], [107.09722222222223, -6.15]]]}, "properties": {"lst_celsius": 27.07}}, {"type": "Feature", "geometry": {"type": "Polygon", "coordinates": [[[107.11111111111111, -6.15], [107.125, -6.15], [107.125, -6.1375], [107.11111111111111, -6.1375], [107.11111111111111, -6.15]]]}, "properties": {"lst_celsius": 26.96}}, {"type": "Feature", "geometry": {"type": "Polygon", "coordinates": [[[107.125, -6.15], [107.13888888888889, -6.15], [107.13888888888889, -6.1375], [107.125, -6.1375], [107.125, -6.15]]]}, "properties": {"lst_celsius": 26.85}}, {"type": "Feature", "geometry": {"type": "Polygon", "coordinates": [[[107.13888888888889, -6.15], [107.15277777777777, -6.15], [107.15277777777777, -6.1375], [107.13888888888889, -6.1375], [107.13888888888889, -6.15]]]}, "properties": {"lst_celsius": 26.74}}, {"type": "Feature", "geometry": {"type": "Polygon", "coordinates": [[[107.15277777777777, -6.15], [107.16666666666667, -6.15], [107.16666666666667, -6.1375], [107.15277777777777, -6.1375], [107.15277777777777, -6.15]]]}, "properties": {"lst_celsius": 26.63}}, {"type": "Feature", "geometry": {"type": "Polygon", "coordinates": [[[107.16666666666667, -6.15], [107.18055555555556, -6.15], [107.18055555555556, -6.1375], [107.16666666666667, -6.1375], [107.16666666666667, -6.15]]]}, "properties": {"lst_celsius": 26.52}}, {"type": "Feature", "geometry": {"type": "Polygon", "coordinates": [[[107.18055555555556, -6.15], [107.19444444444444, -6.15], [107.19444444444444, -6.1375], [107.18055555555556, -6.1375], [107.18055555555556, -6.15]]]}, "properties": {"lst_celsius": 26.41}}, {"type": "Feature", "geometry": {"type": "Polygon", "coordinates": [[[107.19444444444444, -6.15], [107.20833333333333, -6.15], [107.20833333333333, -6.1375], [107.19444444444444, -6.1375], [107.19444444444444, -6.15]]]}, "properties": {"lst_celsius": 26.3}}, {"type": "Feature", "geometry": {"type": "Polygon", "coordinates": [[[107.20833333333333, -6.15], [107.22222222222223, -6.15], [107.22222222222223, -6.1375], [107.20833333333333, -6.1375], [107.20833333333333, -6.15]]]}, "properties": {"lst_celsius": 26.19}}, {"type": "Feature", "geometry": {"type": "Polygon", "coordinates": [[[107.22222222222223, -6.15], [107.23611111111111, -6.15], [107.23611111111111, -6.1375], [107.22222222222223, -6.1375], [107.22222222222223, -6.15]]]}, "properties": {"lst_celsius": 26.08}}, {"type": "Feature", "geometry": {"type": "Polygon", "coordinates": [[[107.23611111111111, -6.15], [107.25, -6.15], [107.25, -6.1375], [107.23611111111111, -6.1375], [107.23611111111111, -6.15]]]}, "properties": {"lst_celsius": 25.97}}, {"type": "Feature", "geometry": {"type": "Polygon", "coordinates": [[[106.5, -6.1375], [106.51388888888889, -6.1375], [106.51388888888889, -6.125], [106.5, -6.125], [106.5, -6.1375]]]}, "properties": {"lst_celsius": 26.85}}, {"type": "Feature", "geometry": {"type": "Polygon", "coordinates": [[[106.51388888888889, -6.1375], [106.52777777777777, -6.1375], [106.52777777777777, -6.125], [106.51388888888889, -6.125], [106.51388888888889, -6.1375]]]}, "properties": {"lst_celsius": 26.96}}, {"type": "Feature", "geometry": {"type": "Polygon", "coordinates": [[[106.52777777777777, -6.1375], [106.54166666666667, -6.1375], [106.54166666666667, -6.125], [106.52777777777777, -6.125], [106.52777777777777, -6.1375]]]}, "properties": {"lst_celsius": 27.07}}, {"type": "Feature", "geometry": {"type": "Polygon", "coordinates": [[[106.54166666666667, -6.1375], [106.55555555555556, -6.1375], [106.55555555555556, -6.125], [106.54166666666667, -6.125], [106.54166666666667, -6.1375]]]}, "properties": {"lst_celsius": 27.18}}, {"type": "Feature", "geometry": {"type": "Polygon", "coordinates": [[[106.55555555555556, -6.1375], [106.56944444444444, -6.1375], [106.56944444444444, -6.125], [106.55555555555556, -6.125], [106.55555555555556, -6.1375]]]}, "properties": {"lst_celsius": 27.29}}, {"type": "Feature", "geometry": {"type": "Polygon", "coordinates": [[[106.56944444444444, -6.1375], [106.58333333333333, -6.1375], [106.58333333333333, -6.125], [106.56944444444444, -6.125], [106.56944444444444, -6.1375]]]}, "properties": {"lst_celsius": 27.4}}, {"type": "Feature", "geometry": {"type": "Polygon", "coordinates": [[[106.58333333333333, -6.1375], [106.59722222222223, -6.1375], [106.59722222222223, -6.125], [106.58333333333333, -6.125], [106.58333333333333, -6.1375]]]}, "properties": {"lst_celsius": 27.51}}, {"type": "Feature", "geometry": {"type": "Polygon", "coordinates": [[[106.59722222222223, -6.1375], [106.61111111111111, -6.1375], [106.61111111111111, -6.125], [106.59722222222223, -6.125], [106.59722222222223, -6.1375]]]}, "properties": {"lst_celsius": 27.62}}, {"type": "Feature", "geometry": {"type": "Polygon", "coordinates": [[[106.61111111111111, -6.1375], [106.625, -6.1375], [106.625, -6.125], [106.61111111111111, -6.125], [106.61111111111111, -6.1375]]]}, "properties": {"lst_celsius": 27.73}}, {"type": "Feature", "geometry": {"type": "Polygon", "coordinates": [[[106.625, -6.1375], [106.63888888888889, -6.1375], [106.63888888888889, -6.125], [106.625, -6.125], [106.625, -6.1375]]]}, "properties": {"lst_celsius": 27.83}}, {"type": "Feature", "geometry": {"type": "Polygon", "coordinates": [[[106.63888888888889, -6.1375], [106.65277777777777, -6.1375], [106.65277777777777, -6.125], [106.63888888888889, -6.125], [106.63888888888889, -6.1375]]]}, "properties": {"lst_celsius": 30.82}}, {"type": "Feature", "geometry": {"type": "Polygon", "coordinates": [[[106.65277777777777, -6.1375], [106.66666666666667, -6.1375], [106.66666666666667, -6.125], [106.65277777777777, -6.125], [106.65277777777777, -6.1375]]]}, "properties": {"lst_celsius": 31.01}}, {"type": "Feature", "geometry": {"type": "Polygon", "coordinates": [[[106.66666666666667, -6.1375], [106.68055555555556, -6.1375], [106.68055555555556, -6.125], [106.66666666666667, -6.125], [106.66666666666667, -6.1375]]]}, "properties": {"lst_celsius": 31.2}}, {"type": "Feature", "geometry": {"type": "Polygon", "coordinates": [[[106.68055555555556, -6.1375], [106.69444444444444, -6.1375], [106.69444444444444, -6.125], [106.68055555555556, -6.125], [106.68055555555556, -6.1375]]]}, "properties": {"lst_celsius": 31.38}}, {"type": "Feature", "geometry": {"type": "Polygon", "coordinates": [[[106.69444444444444, -6.1375], [106.70833333333333, -6.1375], [106.70833333333333, -6.125], [106.69444444444444, -6.125], [106.69444444444444, -6.1375]]]}, "properties": {"lst_celsius": 31.57}}, {"type": "Feature", "geometry": {"type": "Polygon", "coordinates": [[[106.70833333333333, -6.1375], [106.72222222222223, -6.1375], [106.72222222222223, -6.125], [106.70833333333333, -6.125], [106.70833333333333, -6.1375]]]}, "properties": {"lst_celsius": 31.75}}, {"type": "Feature", "geometry": {"type": "Polygon", "coordinates": [[[106.72222222222223, -6.1375], [106.73611111111111, -6.1375], [106.73611111111111, -6.125], [106.72222222222223, -6.125], [106.72222222222223, -6.1375]]]}, "properties": {"lst_celsius": 31.93}}, {"type": "Feature", "geometry": {"type": "Polygon", "coordinates": [[[106.73611111111111, -6.1375], [106.75, -6.1375], [106.75, -6.125], [106.73611111111111, -6.125], [106.73611111111111, -6.1375]]]}, "properties": {"lst_celsius": 32.1}}, {"type": "Feature", "geometry": {"type": "Polygon", "coordinates": [[[106.75, -6.1375], [106.76388888888889, -6.1375], [106.76388888888889, -6.125], [106.75, -6.125], [106.75, -6.1375]]]}, "properties": {"lst_celsius": 32.27}}, {"type": "Feature", "geometry": {"type": "Polygon", "coordinates": [[[106.76388888888889, -6.1375], [106.77777777777777, -6.1375], [106.77777777777777, -6.125], [106.76388888888889, -6.125], [106.76388888888889, -6.1375]]]}, "properties": {"lst_celsius": 32.43}}, {"type": "Feature", "geometry": {"type": "Polygon", "coordinates": [[[106.77777777777777, -6.1375], [106.79166666666667, -6.1375], [106.79166666666667, -6.125], [106.77777777777777, -6.125], [106.77777777777777, -6.1375]]]}, "properties": {"lst_celsius": 32.58}}, {"type": "Feature", "geometry": {"type": "Polygon", "coordinates": [[[106.79166666666667, -6.1375], [106.80555555555556, -6.1375], [106.80555555555556, -6.125], [106.79166666666667, -6.125], [106.79166666666667, -6.1375]]]}, "properties": {"lst_celsius": 32.7}}, {"type": "Feature", "geometry": {"type": "Polygon", "coordinates": [[[106.80555555555556, -6.1375], [106.81944444444444, -6.1375], [106.81944444444444, -6.125], [106.80555555555556, -6.125], [106.80555555555556, -6.1375]]]}, "properties": {"lst_celsius": 32.78}}, {"type": "Feature", "geometry": {"type": "Polygon", "coordinates": [[[106.81944444444444, -6.1375], [106.83333333333333, -6.1375], [106.83333333333333, -6.125], [106.81944444444444, -6.125], [106.81944444444444, -6.1375]]]}, "properties": {"lst_celsius": 32.82}}, {"type": "Feature", "geometry": {"type": "Polygon", "coordinates": [[[106.83333333333333, -6.1375], [106.84722222222223, -6.1375], [106.84722222222223, -6.125], [106.83333333333333, -6.125], [106.83333333333333, -6.1375]]]}, "properties": {"lst_celsius": 32.79}}, {"type": "Feature", "geometry": {"type": "Polygon", "coordinates": [[[106.84722222222223, -6.1375], [106.86111111111111, -6.1375], [106.86111111111111, -6.125], [106.84722222222223, -6.125], [106.84722222222223, -6.1375]]]}, "properties": {"lst_celsius": 32.71}}, {"type": "Feature", "geometry": {"type": "Polygon", "coordinates": [[[106.86111111111111, -6.1375], [106.875, -6.1375], [106.875, -6.125], [106.86111111111111, -6.125], [106.86111111111111, -6.1375]]]}, "properties": {"lst_celsius": 32.59}}, {"type": "Feature", "geometry": {"type": "Polygon", "coordinates": [[[106.875, -6.1375], [106.88888888888889, -6.1375], [106.88888888888889, -6.125], [106.875, -6.125], [106.875, -6.1375]]]}, "properties": {"lst_celsius": 32.45}}, {"type": "Feature", "geometry": {"type": "Polygon", "coordinates": [[[106.88888888888889, -6.1375], [106.90277777777777, -6.1375], [106.90277777777777, -6.125], [106.88888888888889, -6.125], [106.88888888888889, -6.1375]]]}, "properties": {"lst_celsius": 32.29}}, {"type": "Feature", "geometry": {"type": "Polygon", "coordinates": [[[106.90277777777777, -6.1375], [106.91666666666667, -6.1375], [106.91666666666667, -6.125], [106.90277777777777, -6.125], [106.90277777777777, -6.1375]]]}, "properties": {"lst_celsius": 32.12}}, {"type": "Feature", "geometry": {"type": "Polygon", "coordinates": [[[106.91666666666667, -6.1375], [106.93055555555556, -6.1375], [106.93055555555556, -6.125], [106.91666666666667, -6.125], [106.91666666666667, -6.1375]]]}, "properties": {"lst_celsius": 31.95}}, {"type": "Feature", "geometry": {"type": "Polygon", "coordinates": [[[106.93055555555556, -6.1375], [106.94444444444444, -6.1375], [106.94444444444444, -6.125], [106.93055555555556, -6.125], [106.93055555555556, -6.1375]]]}, "properties": {"lst_celsius": 31.77}}, {"type": "Feature", "geometry": {"type": "Polygon", "coordinates": [[[106.94444444444444, -6.1375], [106.95833333333333, -6.1375], [106.95833333333333, -6.125], [106.94444444444444, -6.125], [106.94444444444444, -6.1375]]]}, "properties": {"lst_celsius": 31.59}}, {"type": "Feature", "geometry": {"type": "Polygon", "coordinates": [[[106.95833333333333, -6.1375], [106.97222222222223, -6.1375], [106.97222222222223, -6.125], [106.95833333333333, -6.125], [106.95833333333333, -6.1375]]]}, "properties": {"lst_celsius": 31.41}}, {"type": "Feature", "geometry": {"type": "Polygon", "coordinates": [[[106.97222222222223, -6.1375], [106.98611111111111, -6.1375], [106.98611111111111, -6.125], [106.97222222222223, -6.125], [106.97222222222223, -6.1375]]]}, "properties": {"lst_celsius": 31.22}}, {"type": "Feature", "geometry": {"type": "Polygon", "coordinates": [[[106.98611111111111, -6.1375], [107.0, -6.1375], [107.0, -6.125], [106.98611111111111, -6.125], [106.98611111111111, -6.1375]]]}, "properties": {"lst_celsius": 31.03}}, {"type": "Feature", "geometry": {"type": "Polygon", "coordinates": [[[107.0, -6.1375], [107.01388888888889, -6.1375], [107.01388888888889, -6.125], [107.0, -6.125], [107.0, -6.1375]]]}, "properties": {"lst_celsius": 30.84}}, {"type": "Feature", "geometry": {"type": "Polygon", "coordinates": [[[107.01388888888889, -6.1375], [107.02777777777777, -6.1375], [107.02777777777777, -6.125], [107.01388888888889, -6.125], [107.01388888888889, -6.1375]]]}, "properties": {"lst_celsius": 30.65}}, {"type": "Feature", "geometry": {"type": "Polygon", "coordinates": [[[107.02777777777777, -6.1375], [107.04166666666667, -6.1375], [107.04166666666667, -6.125], [107.02777777777777, -6.125], [107.02777777777777, -6.1375]]]}, "properties": {"lst_celsius": 27.74}}, {"type": "Feature", "geometry": {"type": "Polygon", "coordinates": [[[107.04166666666667, -6.1375], [107.05555555555556, -6.1375], [107.05555555555556, -6.125], [107.04166666666667, -6.125], [107.04166666666667, -6.1375]]]}, "properties": {"lst_celsius": 27.63}}, {"type": "Feature", "geometry": {"type": "Polygon", "coordinates": [[[107.05555555555556, -6.1375], [107.06944444444444, -6.1375], [107.06944444444444, -6.125], [107.05555555555556, -6.125], [107.05555555555556, -6.1375]]]}, "properties": {"lst_celsius": 27.52}}, {"type": "Feature", "geometry": {"type": "Polygon", "coordinates": [[[107.06944444444444, -6.1375], [107.08333333333333, -6.1375], [107.08333333333333, -6.125], [107.06944444444444, -6.125], [107.06944444444444, -6.1375]]]}, "properties": {"lst_celsius": 27.41}}, {"type": "Feature", "geometry": {"type": "Polygon", "coordinates": [[[107.08333333333333, -6.1375], [107.09722222222223, -6.1375], [107.09722222222223, -6.125], [107.08333333333333, -6.125], [107.08333333333333, -6.1375]]]}, "properties": {"lst_celsius": 27.3}}, {"type": "Feature", "geometry": {"type": "Polygon", "coordinates": [[[107.09722222222223, -6.1375], [107.11111111111111, -6.1375], [107.11111111111111, -6.125], [107.09722222222223, -6.125], [107.09722222222223, -6.1375]]]}, "properties": {"lst_celsius": 27.19}}, {"type": "Feature", "geometry": {"type": "Polygon", "coordinates": [[[107.11111111111111, -6.1375], [107.125, -6.1375], [107.125, -6.125], [107.11111111111111, -6.125], [107.11111111111111, -6.1375]]]}, "properties": {"lst_celsius": 27.08}}, {"type": "Feature", "geometry": {"type": "Polygon", "coordinates": [[[107.125, -6.1375], [107.13888888888889, -6.1375], [107.13888888888889, -6.125], [107.125, -6.125], [107.125, -6.1375]]]}, "properties": {"lst_celsius": 26.97}}, {"type": "Feature", "geometry": {"type": "Polygon", "coordinates": [[[107.13888888888889, -6.1375], [107.15277777777777, -6.1375], [107.15277777777777, -6.125], [107.13888888888889, -6.125], [107.13888888888889, -6.1375]]]}, "properties": {"lst_celsius": 26.86}}, {"type": "Feature", "geometry": {"type": "Polygon", "coordinates": [[[107.15277777777777, -6.1375], [107.16666666666667, -6.1375], [107.16666666666667, -6.125], [107.15277777777777, -6.125], [107.15277777777777, -6.1375]]]}, "properties": {"lst_celsius": 26.75}}, {"type": "Feature", "geometry": {"type": "Polygon", "coordinates": [[[107.16666666666667, -6.1375], [107.18055555555556, -6.1375], [107.18055555555556, -6.125], [107.16666666666667, -6.125], [107.16666666666667, -6.1375]]]}, "properties": {"lst_celsius": 26.64}}, {"type": "Feature", "geometry": {"type": "Polygon", "coordinates": [[[107.18055555555556, -6.1375], [107.19444444444444, -6.1375], [107.19444444444444, -6.125], [107.18055555555556, -6.125], [107.18055555555556, -6.1375]]]}, "properties": {"lst_celsius": 26.53}}, {"type": "Feature", "geometry": {"type": "Polygon", "coordinates": [[[107.19444444444444, -6.1375], [107.20833333333333, -6.1375], [107.20833333333333, -6.125], [107.19444444444444, -6.125], [107.19444444444444, -6.1375]]]}, "properties": {"lst_celsius": 26.42}}, {"type": "Feature", "geometry": {"type": "Polygon", "coordinates": [[[107.20833333333333, -6.1375], [107.22222222222223, -6.1375], [107.22222222222223, -6.125], [107.20833333333333, -6.125], [107.20833333333333, -6.1375]]]}, "properties": {"lst_celsius": 26.31}}, {"type": "Feature", "geometry": {"type": "Polygon", "coordinates": [[[107.22222222222223, -6.1375], [107.23611111111111, -6.1375], [107.23611111111111, -6.125], [107.22222222222223, -6.125], [107.22222222222223, -6.1375]]]}, "properties": {"lst_celsius": 26.2}}, {"type": "Feature", "geometry": {"type": "Polygon", "coordinates": [[[107.23611111111111, -6.1375], [107.25, -6.1375], [107.25, -6.125], [107.23611111111111, -6.125], [107.23611111111111, -6.1375]]]}, "properties": {"lst_celsius": 26.09}}, {"type": "Feature", "geometry": {"type": "Polygon", "coordinates": [[[106.5, -6.125], [106.51388888888889, -6.125], [106.51388888888889, -6.1125], [106.5, -6.1125], [106.5, -6.125]]]}, "properties": {"lst_celsius": 26.96}}, {"type": "Feature", "geometry": {"type": "Polygon", "coordinates": [[[106.51388888888889, -6.125], [106.52777777777777, -6.125], [106.52777777777777, -6.1125], [106.51388888888889, -6.1125], [106.51388888888889, -6.125]]]}, "properties": {"lst_celsius": 27.07}}, {"type": "Feature", "geometry": {"type": "Polygon", "coordinates": [[[106.52777777777777, -6.125], [106.54166666666667, -6.125], [106.54166666666667, -6.1125], [106.52777777777777, -6.1125], [106.52777777777777, -6.125]]]}, "properties": {"lst_celsius": 27.18}}, {"type": "Feature", "geometry": {"type": "Polygon", "coordinates": [[[106.54166666666667, -6.125], [106.55555555555556, -6.125], [106.55555555555556, -6.1125], [106.54166666666667, -6.1125], [106.54166666666667, -6.125]]]}, "properties": {"lst_celsius": 27.29}}, {"type": "Feature", "geometry": {"type": "Polygon", "coordinates": [[[106.55555555555556, -6.125], [106.56944444444444, -6.125], [106.56944444444444, -6.1125], [106.55555555555556, -6.1125], [106.55555555555556, -6.125]]]}, "properties": {"lst_celsius": 27.4}}, {"type": "Feature", "geometry": {"type": "Polygon", "coordinates": [[[106.56944444444444, -6.125], [106.58333333333333, -6.125], [106.58333333333333, -6.1125], [106.56944444444444, -6.1125], [106.56944444444444, -6.125]]]}, "properties": {"lst_celsius": 27.51}}, {"type": "Feature", "geometry": {"type": "Polygon", "coordinates": [[[106.58333333333333, -6.125], [106.59722222222223, -6.125], [106.59722222222223, -6.1125], [106.58333333333333, -6.1125], [106.58333333333333, -6.125]]]}, "properties": {"lst_celsius": 27.62}}, {"type": "Feature", "geometry": {"type": "Polygon", "coordinates": [[[106.59722222222223, -6.125], [106.61111111111111, -6.125], [106.61111111111111, -6.1125], [106.59722222222223, -6.1125], [106.59722222222223, -6.125]]]}, "properties": {"lst_celsius": 27.72}}, {"type": "Feature", "geometry": {"type": "Polygon", "coordinates": [[[106.61111111111111, -6.125], [106.625, -6.125], [106.625, -6.1125], [106.61111111111111, -6.1125], [106.61111111111111, -6.125]]]}, "properties": {"lst_celsius": 27.83}}, {"type": "Feature", "geometry": {"type": "Polygon", "coordinates": [[[106.625, -6.125], [106.63888888888889, -6.125], [106.63888888888889, -6.1125], [106.625, -6.1125], [106.625, -6.125]]]}, "properties": {"lst_celsius": 27.94}}, {"type": "Feature", "geometry": {"type": "Polygon", "coordinates": [[[106.63888888888889, -6.125], [106.65277777777777, -6.125], [106.65277777777777, -6.1125], [106.63888888888889, -6.1125], [106.63888888888889, -6.125]]]}, "properties": {"lst_celsius": 30.9}}, {"type": "Feature", "geometry": {"type": "Polygon", "coordinates": [[[106.65277777777777, -6.125], [106.66666666666667, -6.125], [106.66666666666667, -6.1125], [106.65277777777777, -6.1125], [106.65277777777777, -6.125]]]}, "properties": {"lst_celsius": 31.09}}, {"type": "Feature", "geometry": {"type": "Polygon", "coordinates": [[[106.66666666666667, -6.125], [106.68055555555556, -6.125], [106.68055555555556, -6.1125], [106.66666666666667, -6.1125], [106.66666666666667, -6.125]]]}, "properties": {"lst_celsius": 31.27}}, {"type": "Feature", "geometry": {"type": "Polygon", "coordinates": [[[106.68055555555556, -6.125], [106.69444444444444, -6.125], [106.69444444444444, -6.1125], [106.68055555555556, -6.1125], [106.68055555555556, -6.125]]]}, "properties": {"lst_celsius": 31.45}}, {"type": "Feature", "geometry": {"type": "Polygon", "coordinates": [[[106.69444444444444, -6.125], [106.70833333333333, -6.125], [106.70833333333333, -6.1125], [106.69444444444444, -6.1125], [106.69444444444444, -6.125]]]}, "properties": {"lst_celsius": 31.63}}, {"type": "Feature", "geometry": {"type": "Polygon", "coordinates": [[[106.70833333333333, -6.125], [106.72222222222223, -6.125], [106.72222222222223, -6.1125], [106.70833333333333, -6.1125], [106.70833333333333, -6.125]]]}, "properties": {"lst_celsius": 31.81}}, {"type": "Feature", "geometry": {"type": "Polygon", "coordinates": [[[106.72222222222223, -6.125], [106.73611111111111, -6.125], [106.73611111111111, -6.1125], [106.72222222222223, -6.1125], [106.72222222222223, -6.125]]]}, "properties": {"lst_celsius": 31.98}}, {"type": "Feature", "geometry": {"type": "Polygon", "coordinates": [[[106.73611111111111, -6.125], [106.75, -6.125], [106.75, -6.1125], [106.73611111111111, -6.1125], [106.73611111111111, -6.125]]]}, "properties": {"lst_celsius": 32.14}}, {"type": "Feature", "geometry": {"type": "Polygon", "coordinates": [[[106.75, -6.125], [106.76388888888889, -6.125], [106.76388888888889, -6.1125], [106.75, -6.1125], [106.75, -6.125]]]}, "properties": {"lst_celsius": 32.3}}, {"type": "Feature", "geometry": {"type": "Polygon", "coordinates": [[[106.76388888888889, -6.125], [106.77777777777777, -6.125], [106.77777777777777, -6.1125], [106.76388888888889, -6.1125], [106.76388888888889, -6.125]]]}, "properties": {"lst_celsius": 32.45}}, {"type": "Feature", "geometry": {"type": "Polygon", "coordinates": [[[106.77777777777777, -6.125], [106.79166666666667, -6.125], [106.79166666666667, -6.1125], [106.77777777777777, -6.1125], [106.77777777777777, -6.125]]]}, "properties": {"lst_celsius": 32.57}}, {"type": "Feature", "geometry": {"type": "Polygon", "coordinates": [[[106.79166666666667, -6.125], [106.80555555555556, -6.125], [106.80555555555556, -6.1125], [106.79166666666667, -6.1125], [106.79166666666667, -6.125]]]}, "properties": {"lst_celsius": 32.68}}, {"type": "Feature", "geometry": {"type": "Polygon", "coordinates": [[[106.80555555555556, -6.125], [106.81944444444444, -6.125], [106.81944444444444, -6.1125], [106.80555555555556, -6.1125], [106.80555555555556, -6.125]]]}, "properties": {"lst_celsius": 32.75}}, {"type": "Feature", "geometry": {"type": "Polygon", "coordinates": [[[106.81944444444444, -6.125], [106.83333333333333, -6.125], [106.83333333333333, -6.1125], [106.81944444444444, -6.1125], [106.81944444444444, -6.125]]]}, "properties": {"lst_celsius": 32.77}}, {"type": "Feature", "geometry": {"type": "Polygon", "coordinates": [[[106.83333333333333, -6.125], [106.84722222222223, -6.125], [106.84722222222223, -6.1125], [106.83333333333333, -6.1125], [106.83333333333333, -6.125]]]}, "properties": {"lst_celsius": 32.75}}, {"type": "Feature", "geometry": {"type": "Polygon", "coordinates": [[[106.84722222222223, -6.125], [106.86111111111111, -6.125], [106.86111111111111, -6.1125], [106.84722222222223, -6.1125], [106.84722222222223, -6.125]]]}, "properties": {"lst_celsius": 32.69}}, {"type": "Feature", "geometry": {"type": "Polygon", "coordinates": [[[106.86111111111111, -6.125], [106.875, -6.125], [106.875, -6.1125], [106.86111111111111, -6.1125], [106.86111111111111, -6.125]]]}, "properties": {"lst_celsius": 32.59}}, {"type": "Feature", "geometry": {"type": "Polygon", "coordinates": [[[106.875, -6.125], [106.88888888888889, -6.125], [106.88888888888889, -6.1125], [106.875, -6.1125], [106.875, -6.125]]]}, "properties": {"lst_celsius": 32.46}}, {"type": "Feature", "geometry": {"type": "Polygon", "coordinates": [[[106.88888888888889, -6.125], [106.90277777777777, -6.125], [106.90277777777777, -6.1125], [106.88888888888889, -6.1125], [106.88888888888889, -6.125]]]}, "properties": {"lst_celsius": 32.32}}, {"type": "Feature", "geometry": {"type": "Polygon", "coordinates": [[[106.90277777777777, -6.125], [106.91666666666667, -6.125], [106.91666666666667, -6.1125], [106.90277777777777, -6.1125], [106.90277777777777, -6.125]]]}, "properties": {"lst_celsius": 32.16}}, {"type": "Feature", "geometry": {"type": "Polygon", "coordinates": [[[106.91666666666667, -6.125], [106.93055555555556, -6.125], [106.93055555555556, -6.1125], [106.91666666666667, -6.1125], [106.91666666666667, -6.125]]]}, "properties": {"lst_celsius": 32.0}}, {"type": "Feature", "geometry": {"type": "Polygon", "coordinates": [[[106.93055555555556, -6.125], [106.94444444444444, -6.125], [106.94444444444444, -6.1125], [106.93055555555556, -6.1125], [106.93055555555556, -6.125]]]}, "properties": {"lst_celsius": 31.83}}, {"type": "Feature", "geometry": {"type": "Polygon", "coordinates": [[[106.94444444444444, -6.125], [106.95833333333333, -6.125], [106.95833333333333, -6.1125], [106.94444444444444, -6.1125], [106.94444444444444, -6.125]]]}, "properties": {"lst_celsius": 31.65}}, {"type": "Feature", "geometry": {"type": "Polygon", "coordinates": [[[106.95833333333333, -6.125], [106.97222222222223, -6.125], [106.97222222222223, -6.1125], [106.95833333333333, -6.1125], [106.95833333333333, -6.125]]]}, "properties": {"lst_celsius": 31.48}}, {"type": "Feature", "geometry": {"type": "Polygon", "coordinates": [[[106.97222222222223, -6.125], [106.98611111111111, -6.125], [106.98611111111111, -6.1125], [106.97222222222223, -6.1125], [106.97222222222223, -6.125]]]}, "properties": {"lst_celsius": 31.29}}, {"type": "Feature", "geometry": {"type": "Polygon", "coordinates": [[[106.98611111111111, -6.125], [107.0, -6.125], [107.0, -6.1125], [106.98611111111111, -6.1125], [106.98611111111111, -6.125]]]}, "properties": {"lst_celsius": 31.11}}, {"type": "Feature", "geometry": {"type": "Polygon", "coordinates": [[[107.0, -6.125], [107.01388888888889, -6.125], [107.01388888888889, -6.1125], [107.0, -6.1125], [107.0, -6.125]]]}, "properties": {"lst_celsius": 30.93}}, {"type": "Feature", "geometry": {"type": "Polygon", "coordinates": [[[107.01388888888889, -6.125], [107.02777777777777, -6.125], [107.02777777777777, -6.1125], [107.01388888888889, -6.1125], [107.01388888888889, -6.125]]]}, "properties": {"lst_celsius": 27.95}}, {"type": "Feature", "geometry": {"type": "Polygon", "coordinates": [[[107.02777777777777, -6.125], [107.04166666666667, -6.125], [107.04166666666667, -6.1125], [107.02777777777777, -6.1125], [107.02777777777777, -6.125]]]}, "properties": {"lst_celsius": 27.84}}, {"type": "Feature", "geometry": {"type": "Polygon", "coordinates": [[[107.04166666666667, -6.125], [107.05555555555556, -6.125], [107.05555555555556, -6.1125], [107.04166666666667, -6.1125], [107.04166666666667, -6.125]]]}, "properties": {"lst_celsius": 27.74}}, {"type": "Feature", "geometry": {"type": "Polygon", "coordinates": [[[107.05555555555556, -6.125], [107.06944444444444, -6.125], [107.06944444444444, -6.1125], [107.05555555555556, -6.1125], [107.05555555555556, -6.125]]]}, "properties": {"lst_celsius": 27.63}}, {"type": "Feature", "geometry": {"type": "Polygon", "coordinates": [[[107.06944444444444, -6.125], [107.08333333333333, -6.125], [107.08333333333333, -6.1125], [107.06944444444444, -6.1125], [107.06944444444444, -6.125]]]}, "properties": {"lst_celsius": 27.52}}, {"type": "Feature", "geometry": {"type": "Polygon", "coordinates": [[[107.08333333333333, -6.125], [107.09722222222223, -6.125], [107.09722222222223, -6.1125], [107.08333333333333, -6.1125], [107.08333333333333, -6.125]]]}, "properties": {"lst_celsius": 27.41}}, {"type": "Feature", "geometry": {"type": "Polygon", "coordinates": [[[107.09722222222223, -6.125], [107.11111111111111, -6.125], [107.11111111111111, -6.1125], [107.09722222222223, -6.1125], [107.09722222222223, -6.125]]]}, "properties": {"lst_celsius": 27.3}}, {"type": "Feature", "geometry": {"type": "Polygon", "coordinates": [[[107.11111111111111, -6.125], [107.125, -6.125], [107.125, -6.1125], [107.11111111111111, -6.1125], [107.11111111111111, -6.125]]]}, "properties": {"lst_celsius": 27.19}}, {"type": "Feature", "geometry": {"type": "Polygon", "coordinates": [[[107.125, -6.125], [107.13888888888889, -6.125], [107.13888888888889, -6.1125], [107.125, -6.1125], [107.125, -6.125]]]}, "properties": {"lst_celsius": 27.09}}, {"type": "Feature", "geometry": {"type": "Polygon", "coordinates": [[[107.13888888888889, -6.125], [107.15277777777777, -6.125], [107.15277777777777, -6.1125], [107.13888888888889, -6.1125], [107.13888888888889, -6.125]]]}, "properties": {"lst_celsius": 26.98}}, {"type": "Feature", "geometry": {"type": "Polygon", "coordinates": [[[107.15277777777777, -6.125], [107.16666666666667, -6.125], [107.16666666666667, -6.1125], [107.15277777777777, -6.1125], [107.15277777777777, -6.125]]]}, "properties": {"lst_celsius": 26.87}}, {"type": "Feature", "geometry": {"type": "Polygon", "coordinates": [[[107.16666666666667, -6.125], [107.18055555555556, -6.125], [107.18055555555556, -6.1125], [107.16666666666667, -6.1125], [107.16666666666667, -6.125]]]}, "properties": {"lst_celsius": 26.76}}, {"type": "Feature", "geometry": {"type": "Polygon", "coordinates": [[[107.18055555555556, -6.125], [107.19444444444444, -6.125], [107.19444444444444, -6.1125], [107.18055555555556, -6.1125], [107.18055555555556, -6.125]]]}, "properties": {"lst_celsius": 26.65}}, {"type": "Feature", "geometry": {"type": "Polygon", "coordinates": [[[107.19444444444444, -6.125], [107.20833333333333, -6.125], [107.20833333333333, -6.1125], [107.19444444444444, -6.1125], [107.19444444444444, -6.125]]]}, "properties": {"lst_celsius": 26.54}}, {"type": "Feature", "geometry": {"type": "Polygon", "coordinates": [[[107.20833333333333, -6.125], [107.22222222222223, -6.125], [107.22222222222223, -6.1125], [107.20833333333333, -6.1125], [107.20833333333333, -6.125]]]}, "properties": {"lst_celsius": 26.43}}, {"type": "Feature", "geometry": {"type": "Polygon", "coordinates": [[[107.22222222222223, -6.125], [107.23611111111111, -6.125], [107.23611111111111, -6.1125], [107.22222222222223, -6.1125], [107.22222222222223, -6.125]]]}, "properties": {"lst_celsius": 26.32}}, {"type": "Feature", "geometry": {"type": "Polygon", "coordinates": [[[107.23611111111111, -6.125], [107.25, -6.125], [107.25, -6.1125], [107.23611111111111, -6.1125], [107.23611111111111, -6.125]]]}, "properties": {"lst_celsius": 26.21}}, {"type": "Feature", "geometry": {"type": "Polygon", "coordinates": [[[106.5, -6.1125], [106.51388888888889, -6.1125], [106.51388888888889, -6.1], [106.5, -6.1], [106.5, -6.1125]]]}, "properties": {"lst_celsius": 27.07}}, {"type": "Feature", "geometry": {"type": "Polygon", "coordinates": [[[106.51388888888889, -6.1125], [106.52777777777777, -6.1125], [106.52777777777777, -6.1], [106.51388888888889, -6.1], [106.51388888888889, -6.1125]]]}, "properties": {"lst_celsius": 27.18}}, {"type": "Feature", "geometry": {"type": "Polygon", "coordinates": [[[106.52777777777777, -6.1125], [106.54166666666667, -6.1125], [106.54166666666667, -6.1], [106.52777777777777, -6.1], [106.52777777777777, -6.1125]]]}, "properties": {"lst_celsius": 27.29}}, {"type": "Feature", "geometry": {"type": "Polygon", "coordinates": [[[106.54166666666667, -6.1125], [106.55555555555556, -6.1125], [106.55555555555556, -6.1], [106.54166666666667, -6.1], [106.54166666666667, -6.1125]]]}, "properties": {"lst_celsius": 27.4}}, {"type": "Feature", "geometry": {"type": "Polygon", "coordinates": [[[106.55555555555556, -6.1125], [106.56944444444444, -6.1125], [106.56944444444444, -6.1], [106.55555555555556, -6.1], [106.55555555555556, -6.1125]]]}, "properties": {"lst_celsius": 27.51}}, {"type": "Feature", "geometry": {"type": "Polygon", "coordinates": [[[106.56944444444444, -6.1125], [106.58333333333333, -6.1125], [106.58333333333333, -6.1], [106.56944444444444, -6.1], [106.56944444444444, -6.1125]]]}, "properties": {"lst_celsius": 27.61}}, {"type": "Feature", "geometry": {"type": "Polygon", "coordinates": [[[106.58333333333333, -6.1125], [106.59722222222223, -6.1125], [106.59722222222223, -6.1], [106.58333333333333, -6.1], [106.58333333333333, -6.1125]]]}, "properties": {"lst_celsius": 27.72}}, {"type": "Feature", "geometry": {"type": "Polygon", "coordinates": [[[106.59722222222223, -6.1125], [106.61111111111111, -6.1125], [106.61111111111111, -6.1], [106.59722222222223, -6.1], [106.59722222222223, -6.1125]]]}, "properties": {"lst_celsius": 27.83}}, {"type": "Feature", "geometry": {"type": "Polygon", "coordinates": [[[106.61111111111111, -6.1125], [106.625, -6.1125], [106.625, -6.1], [106.61111111111111, -6.1], [106.61111111111111, -6.1125]]]}, "properties": {"lst_celsius": 27.93}}, {"type": "Feature", "geometry": {"type": "Polygon", "coordinates": [[[106.625, -6.1125], [106.63888888888889, -6.1125], [106.63888888888889, -6.1], [106.625, -6.1], [106.625, -6.1125]]]}, "properties": {"lst_celsius": 28.04}}, {"type": "Feature", "geometry": {"type": "Polygon", "coordinates": [[[106.63888888888889, -6.1125], [106.65277777777777, -6.1125], [106.65277777777777, -6.1], [106.63888888888889, -6.1], [106.63888888888889, -6.1125]]]}, "properties": {"lst_celsius": 30.98}}, {"type": "Feature", "geometry": {"type": "Polygon", "coordinates": [[[106.65277777777777, -6.1125], [106.66666666666667, -6.1125], [106.66666666666667, -6.1], [106.65277777777777, -6.1], [106.65277777777777, -6.1125]]]}, "properties": {"lst_celsius": 31.16}}, {"type": "Feature", "geometry": {"type": "Polygon", "coordinates": [[[106.66666666666667, -6.1125], [106.68055555555556, -6.1125], [106.68055555555556, -6.1], [106.66666666666667, -6.1], [106.66666666666667, -6.1125]]]}, "properties": {"lst_celsius": 31.34}}, {"type": "Feature", "geometry": {"type": "Polygon", "coordinates": [[[106.68055555555556, -6.1125], [106.69444444444444, -6.1125], [106.69444444444444, -6.1], [106.68055555555556, -6.1], [106.68055555555556, -6.1125]]]}, "properties": {"lst_celsius": 31.51}}, {"type": "Feature", "geometry": {"type": "Polygon", "coordinates": [[[106.69444444444444, -6.1125], [106.70833333333333, -6.1125], [106.70833333333333, -6.1], [106.69444444444444, -6.1], [106.69444444444444, -6.1125]]]}, "properties": {"lst_celsius": 31.69}}, {"type": "Feature", "geometry": {"type": "Polygon", "coordinates": [[[106.70833333333333, -6.1125], [106.72222222222223, -6.1125], [106.72222222222223, -6.1], [106.70833333333333, -6.1], [106.70833333333333, -6.1125]]]}, "properties": {"lst_celsius": 31.85}}, {"type": "Feature", "geometry": {"type": "Polygon", "coordinates": [[[106.72222222222223, -6.1125], [106.73611111111111, -6.1125], [106.73611111111111, -6.1], [106.72222222222223, -6.1], [106.72222222222223, -6.1125]]]}, "properties": {"lst_celsius": 32.02}}, {"type": "Feature", "geometry": {"type": "Polygon", "coordinates": [[[106.73611111111111, -6.1125], [106.75, -6.1125], [106.75, -6.1], [106.73611111111111, -6.1], [106.73611111111111, -6.1125]]]}, "properties": {"lst_celsius": 32.17}}, {"type": "Feature", "geometry": {"type": "Polygon", "coordinates": [[[106.75, -6.1125], [106.76388888888889, -6.1125], [106.76388888888889, -6.1], [106.75, -6.1], [106.75, -6.1125]]]}, "properties": {"lst_celsius": 32.32}}, {"type": "Feature", "geometry": {"type": "Polygon", "coordinates": [[[106.76388888888889, -6.1125], [106.77777777777777, -6.1125], [106.77777777777777, -6.1], [106.76388888888889, -6.1], [106.76388888888889, -6.1125]]]}, "properties": {"lst_celsius": 32.45}}, {"type": "Feature", "geometry": {"type": "Polygon", "coordinates": [[[106.77777777777777, -6.1125], [106.79166666666667, -6.1125], [106.79166666666667, -6.1], [106.77777777777777, -6.1], [106.77777777777777, -6.1125]]]}, "properties": {"lst_celsius": 32.56}}, {"type": "Feature", "geometry": {"type": "Polygon", "coordinates": [[[106.79166666666667, -6.1125], [106.80555555555556, -6.1125], [106.80555555555556, -6.1], [106.79166666666667, -6.1], [106.79166666666667, -6.1125]]]}, "properties": {"lst_celsius": 32.65}}, {"type": "Feature", "geometry": {"type": "Polygon", "coordinates": [[[106.80555555555556, -6.1125], [106.81944444444444, -6.1125], [106.81944444444444, -6.1], [106.80555555555556, -6.1], [106.80555555555556, -6.1125]]]}, "properties": {"lst_celsius": 32.71}}, {"type": "Feature", "geometry": {"type": "Polygon", "coordinates": [[[106.81944444444444, -6.1125], [106.83333333333333, -6.1125], [106.83333333333333, -6.1], [106.81944444444444, -6.1], [106.81944444444444, -6.1125]]]}, "properties": {"lst_celsius": 32.73}}, {"type": "Feature", "geometry": {"type": "Polygon", "coordinates": [[[106.83333333333333, -6.1125], [106.84722222222223, -6.1125], [106.84722222222223, -6.1], [106.83333333333333, -6.1], [106.83333333333333, -6.1125]]]}, "properties": {"lst_celsius": 32.71}}, {"type": "Feature", "geometry": {"type": "Polygon", "coordinates": [[[106.84722222222223, -6.1125], [106.86111111111111, -6.1125], [106.86111111111111, -6.1], [106.84722222222223, -6.1], [106.84722222222223, -6.1125]]]}, "properties": {"lst_celsius": 32.66}}, {"type": "Feature", "geometry": {"type": "Polygon", "coordinates": [[[106.86111111111111, -6.1125], [106.875, -6.1125], [106.875, -6.1], [106.86111111111111, -6.1], [106.86111111111111, -6.1125]]]}, "properties": {"lst_celsius": 32.57}}, {"type": "Feature", "geometry": {"type": "Polygon", "coordinates": [[[106.875, -6.1125], [106.88888888888889, -6.1125], [106.88888888888889, -6.1], [106.875, -6.1], [106.875, -6.1125]]]}, "properties": {"lst_celsius": 32.46}}, {"type": "Feature", "geometry": {"type": "Polygon", "coordinates": [[[106.88888888888889, -6.1125], [106.90277777777777, -6.1125], [106.90277777777777, -6.1], [106.88888888888889, -6.1], [106.88888888888889, -6.1125]]]}, "properties": {"lst_celsius": 32.33}}, {"type": "Feature", "geometry": {"type": "Polygon", "coordinates": [[[106.90277777777777, -6.1125], [106.91666666666667, -6.1125], [106.91666666666667, -6.1], [106.90277777777777, -6.1], [106.90277777777777, -6.1125]]]}, "properties": {"lst_celsius": 32.19}}, {"type": "Feature", "geometry": {"type": "Polygon", "coordinates": [[[106.91666666666667, -6.1125], [106.93055555555556, -6.1125], [106.93055555555556, -6.1], [106.91666666666667, -6.1], [106.91666666666667, -6.1125]]]}, "properties": {"lst_celsius": 32.03}}, {"type": "Feature", "geometry": {"type": "Polygon", "coordinates": [[[106.93055555555556, -6.1125], [106.94444444444444, -6.1125], [106.94444444444444, -6.1], [106.93055555555556, -6.1], [106.93055555555556, -6.1125]]]}, "properties": {"lst_celsius": 31.87}}, {"type": "Feature", "geometry": {"type": "Polygon", "coordinates": [[[106.94444444444444, -6.1125], [106.95833333333333, -6.1125], [106.95833333333333, -6.1], [106.94444444444444, -6.1], [106.94444444444444, -6.1125]]]}, "properties": {"lst_celsius": 31.71}}, {"type": "Feature", "geometry": {"type": "Polygon", "coordinates": [[[106.95833333333333, -6.1125], [106.97222222222223, -6.1125], [106.97222222222223, -6.1], [106.95833333333333, -6.1], [106.95833333333333, -6.1125]]]}, "properties": {"lst_celsius": 31.53}}, {"type": "Feature", "geometry": {"type": "Polygon", "coordinates": [[[106.97222222222223, -6.1125], [106.98611111111111, -6.1125], [106.98611111111111, -6.1], [106.97222222222223, -6.1], [106.97222222222223, -6.1125]]]}, "properties": {"lst_celsius": 31.36}}, {"type": "Feature", "geometry": {"type": "Polygon", "coordinates": [[[106.98611111111111, -6.1125], [107.0, -6.1125], [107.0, -6.1], [106.98611111111111, -6.1], [106.98611111111111, -6.1125]]]}, "properties": {"lst_celsius": 31.18}}, {"type": "Feature", "geometry": {"type": "Polygon", "coordinates": [[[107.0, -6.1125], [107.01388888888889, -6.1125], [107.01388888888889, -6.1], [107.0, -6.1], [107.0, -6.1125]]]}, "properties": {"lst_celsius": 31.0}}, {"type": "Feature", "geometry": {"type": "Polygon", "coordinates": [[[107.01388888888889, -6.1125], [107.02777777777777, -6.1125], [107.02777777777777, -6.1], [107.01388888888889, -6.1], [107.01388888888889, -6.1125]]]}, "properties": {"lst_celsius": 28.05}}, {"type": "Feature", "geometry": {"type": "Polygon", "coordinates": [[[107.02777777777777, -6.1125], [107.04166666666667, -6.1125], [107.04166666666667, -6.1], [107.02777777777777, -6.1], [107.02777777777777, -6.1125]]]}, "properties": {"lst_celsius": 27.95}}, {"type": "Feature", "geometry": {"type": "Polygon", "coordinates": [[[107.04166666666667, -6.1125], [107.05555555555556, -6.1125], [107.05555555555556, -6.1], [107.04166666666667, -6.1], [107.04166666666667, -6.1125]]]}, "properties": {"lst_celsius": 27.84}}, {"type": "Feature", "geometry": {"type": "Polygon", "coordinates": [[[107.05555555555556, -6.1125], [107.06944444444444, -6.1125], [107.06944444444444, -6.1], [107.05555555555556, -6.1], [107.05555555555556, -6.1125]]]}, "properties": {"lst_celsius": 27.73}}, {"type": "Feature", "geometry": {"type": "Polygon", "coordinates": [[[107.06944444444444, -6.1125], [107.08333333333333, -6.1125], [107.08333333333333, -6.1], [107.06944444444444, -6.1], [107.06944444444444, -6.1125]]]}, "properties": {"lst_celsius": 27.63}}, {"type": "Feature", "geometry": {"type": "Polygon", "coordinates": [[[107.08333333333333, -6.1125], [107.09722222222223, -6.1125], [107.09722222222223, -6.1], [107.08333333333333, -6.1], [107.08333333333333, -6.1125]]]}, "properties": {"lst_celsius": 27.52}}, {"type": "Feature", "geometry": {"type": "Polygon", "coordinates": [[[107.09722222222223, -6.1125], [107.11111111111111, -6.1125], [107.11111111111111, -6.1], [107.09722222222223, -6.1], [107.09722222222223, -6.1125]]]}, "properties": {"lst_celsius": 27.41}}, {"type": "Feature", "geometry": {"type": "Polygon", "coordinates": [[[107.11111111111111, -6.1125], [107.125, -6.1125], [107.125, -6.1], [107.11111111111111, -6.1], [107.11111111111111, -6.1125]]]}, "properties": {"lst_celsius": 27.3}}, {"type": "Feature", "geometry": {"type": "Polygon", "coordinates": [[[107.125, -6.1125], [107.13888888888889, -6.1125], [107.13888888888889, -6.1], [107.125, -6.1], [107.125, -6.1125]]]}, "properties": {"lst_celsius": 27.2}}, {"type": "Feature", "geometry": {"type": "Polygon", "coordinates": [[[107.13888888888889, -6.1125], [107.15277777777777, -6.1125], [107.15277777777777, -6.1], [107.13888888888889, -6.1], [107.13888888888889, -6.1125]]]}, "properties": {"lst_celsius": 27.09}}, {"type": "Feature", "geometry": {"type": "Polygon", "coordinates": [[[107.15277777777777, -6.1125], [107.16666666666667, -6.1125], [107.16666666666667, -6.1], [107.15277777777777, -6.1], [107.15277777777777, -6.1125]]]}, "properties": {"lst_celsius": 26.98}}, {"type": "Feature", "geometry": {"type": "Polygon", "coordinates": [[[107.16666666666667, -6.1125], [107.18055555555556, -6.1125], [107.18055555555556, -6.1], [107.16666666666667, -6.1], [107.16666666666667, -6.1125]]]}, "properties": {"lst_celsius": 26.87}}, {"type": "Feature", "geometry": {"type": "Polygon", "coordinates": [[[107.18055555555556, -6.1125], [107.19444444444444, -6.1125], [107.19444444444444, -6.1], [107.18055555555556, -6.1], [107.18055555555556, -6.1125]]]}, "properties": {"lst_celsius": 26.76}}, {"type": "Feature", "geometry": {"type": "Polygon", "coordinates": [[[107.19444444444444, -6.1125], [107.20833333333333, -6.1125], [107.20833333333333, -6.1], [107.19444444444444, -6.1], [107.19444444444444, -6.1125]]]}, "properties": {"lst_celsius": 26.65}}, {"type": "Feature", "geometry": {"type": "Polygon", "coordinates": [[[107.20833333333333, -6.1125], [107.22222222222223, -6.1125], [107.22222222222223, -6.1], [107.20833333333333, -6.1], [107.20833333333333, -6.1125]]]}, "properties": {"lst_celsius": 26.54}}, {"type": "Feature", "geometry": {"type": "Polygon", "coordinates": [[[107.22222222222223, -6.1125], [107.23611111111111, -6.1125], [107.23611111111111, -6.1], [107.22222222222223, -6.1], [107.22222222222223, -6.1125]]]}, "properties": {"lst_celsius": 26.43}}, {"type": "Feature", "geometry": {"type": "Polygon", "coordinates": [[[107.23611111111111, -6.1125], [107.25, -6.1125], [107.25, -6.1], [107.23611111111111, -6.1], [107.23611111111111, -6.1125]]]}, "properties": {"lst_celsius": 26.32}}, {"type": "Feature", "geometry": {"type": "Polygon", "coordinates": [[[106.5, -6.1], [106.51388888888889, -6.1], [106.51388888888889, -6.0875], [106.5, -6.0875], [106.5, -6.1]]]}, "properties": {"lst_celsius": 27.18}}, {"type": "Feature", "geometry": {"type": "Polygon", "coordinates": [[[106.51388888888889, -6.1], [106.52777777777777, -6.1], [106.52777777777777, -6.0875], [106.51388888888889, -6.0875], [106.51388888888889, -6.1]]]}, "properties": {"lst_celsius": 27.29}}, {"type": "Feature", "geometry": {"type": "Polygon", "coordinates": [[[106.52777777777777, -6.1], [106.54166666666667, -6.1], [106.54166666666667, -6.0875], [106.52777777777777, -6.0875], [106.52777777777777, -6.1]]]}, "properties": {"lst_celsius": 27.4}}, {"type": "Feature", "geometry": {"type": "Polygon", "coordinates": [[[106.54166666666667, -6.1], [106.55555555555556, -6.1], [106.55555555555556, -6.0875], [106.54166666666667, -6.0875], [106.54166666666667, -6.1]]]}, "properties": {"lst_celsius": 27.5}}, {"type": "Feature", "geometry": {"type": "Polygon", "coordinates": [[[106.55555555555556, -6.1], [106.56944444444444, -6.1], [106.56944444444444, -6.0875], [106.55555555555556, -6.0875], [106.55555555555556, -6.1]]]}, "properties": {"lst_celsius": 27.61}}, {"type": "Feature", "geometry": {"type": "Polygon", "coordinates": [[[106.56944444444444, -6.1], [106.58333333333333, -6.1], [106.58333333333333, -6.0875], [106.56944444444444, -6.0875], [106.56944444444444, -6.1]]]}, "properties": {"lst_celsius": 27.71}}, {"type": "Feature", "geometry": {"type": "Polygon", "coordinates": [[[106.58333333333333, -6.1], [106.59722222222223, -6.1], [106.59722222222223, -6.0875], [106.58333333333333, -6.0875], [106.58333333333333, -6.1]]]}, "properties": {"lst_celsius": 27.82}}, {"type": "Feature", "geometry": {"type": "Polygon", "coordinates": [[[106.59722222222223, -6.1], [106.61111111111111, -6.1], [106.61111111111111, -6.0875], [106.59722222222223, -6.0875], [106.59722222222223, -6.1]]]}, "properties": {"lst_celsius": 27.92}}, {"type": "Feature", "geometry": {"type": "Polygon", "coordinates": [[[106.61111111111111, -6.1], [106.625, -6.1], [106.625, -6.0875], [106.61111111111111, -6.0875], [106.61111111111111, -6.1]]]}, "properties": {"lst_celsius": 28.03}}, {"type": "Feature", "geometry": {"type": "Polygon", "coordinates": [[[106.625, -6.1], [106.63888888888889, -6.1], [106.63888888888889, -6.0875], [106.625, -6.0875], [106.625, -6.1]]]}, "properties": {"lst_celsius": 28.13}}, {"type": "Feature", "geometry": {"type": "Polygon", "coordinates": [[[106.63888888888889, -6.1], [106.65277777777777, -6.1], [106.65277777777777, -6.0875], [106.63888888888889, -6.0875], [106.63888888888889, -6.1]]]}, "properties": {"lst_celsius": 31.04}}, {"type": "Feature", "geometry": {"type": "Polygon", "coordinates": [[[106.65277777777777, -6.1], [106.66666666666667, -6.1], [106.66666666666667, -6.0875], [106.65277777777777, -6.0875], [106.65277777777777, -6.1]]]}, "properties": {"lst_celsius": 31.22}}, {"type": "Feature", "geometry": {"type": "Polygon", "coordinates": [[[106.66666666666667, -6.1], [106.68055555555556, -6.1], [106.68055555555556, -6.0875], [106.66666666666667, -6.0875], [106.66666666666667, -6.1]]]}, "properties": {"lst_celsius": 31.39}}, {"type": "Feature", "geometry": {"type": "Polygon", "coordinates": [[[106.68055555555556, -6.1], [106.69444444444444, -6.1], [106.69444444444444, -6.0875], [106.68055555555556, -6.0875], [106.68055555555556, -6.1]]]}, "properties": {"lst_celsius": 31.56}}, {"type": "Feature", "geometry": {"type": "Polygon", "coordinates": [[[106.69444444444444, -6.1], [106.70833333333333, -6.1], [106.70833333333333, -6.0875], [106.69444444444444, -6.0875], [106.69444444444444, -6.1]]]}, "properties": {"lst_celsius": 31.73}}, {"type": "Feature", "geometry": {"type": "Polygon", "coordinates": [[[106.70833333333333, -6.1], [106.72222222222223, -6.1], [106.72222222222223, -6.0875], [106.70833333333333, -6.0875], [106.70833333333333, -6.1]]]}, "properties": {"lst_celsius": 31.89}}, {"type": "Feature", "geometry": {"type": "Polygon", "coordinates": [[[106.72222222222223, -6.1], [106.73611111111111, -6.1], [106.73611111111111, -6.0875], [106.72222222222223, -6.0875], [106.72222222222223, -6.1]]]}, "properties": {"lst_celsius": 32.04}}, {"type": "Feature", "geometry": {"type": "Polygon", "coordinates": [[[106.73611111111111, -6.1], [106.75, -6.1], [106.75, -6.0875], [106.73611111111111, -6.0875], [106.73611111111111, -6.1]]]}, "properties": {"lst_celsius": 32.18}}, {"type": "Feature", "geometry": {"type": "Polygon", "coordinates": [[[106.75, -6.1], [106.76388888888889, -6.1], [106.76388888888889, -6.0875], [106.75, -6.0875], [106.75, -6.1]]]}, "properties": {"lst_celsius": 32.32}}, {"type": "Feature", "geometry": {"type": "Polygon", "coordinates": [[[106.76388888888889, -6.1], [106.77777777777777, -6.1], [106.77777777777777, -6.0875], [106.76388888888889, -6.0875], [106.76388888888889, -6.1]]]}, "properties": {"lst_celsius": 32.44}}, {"type": "Feature", "geometry": {"type": "Polygon", "coordinates": [[[106.77777777777777, -6.1], [106.79166666666667, -6.1], [106.79166666666667, -6.0875], [106.77777777777777, -6.0875], [106.77777777777777, -6.1]]]}, "properties": {"lst_celsius": 32.54}}, {"type": "Feature", "geometry": {"type": "Polygon", "coordinates": [[[106.79166666666667, -6.1], [106.80555555555556, -6.1], [106.80555555555556, -6.0875], [106.79166666666667, -6.0875], [106.79166666666667, -6.1]]]}, "properties": {"lst_celsius": 32.61}}, {"type": "Feature", "geometry": {"type": "Polygon", "coordinates": [[[106.80555555555556, -6.1], [106.81944444444444, -6.1], [106.81944444444444, -6.0875], [106.80555555555556, -6.0875], [106.80555555555556, -6.1]]]}, "properties": {"lst_celsius": 32.66}}, {"type": "Feature", "geometry": {"type": "Polygon", "coordinates": [[[106.81944444444444, -6.1], [106.83333333333333, -6.1], [106.83333333333333, -6.0875], [106.81944444444444, -6.0875], [106.81944444444444, -6.1]]]}, "properties": {"lst_celsius": 32.68}}, {"type": "Feature", "geometry": {"type": "Polygon", "coordinates": [[[106.83333333333333, -6.1], [106.84722222222223, -6.1], [106.84722222222223, -6.0875], [106.83333333333333, -6.0875], [106.83333333333333, -6.1]]]}, "properties": {"lst_celsius": 32.67}}, {"type": "Feature", "geometry": {"type": "Polygon", "coordinates": [[[106.84722222222223, -6.1], [106.86111111111111, -6.1], [106.86111111111111, -6.0875], [106.84722222222223, -6.0875], [106.84722222222223, -6.1]]]}, "properties": {"lst_celsius": 32.62}}, {"type": "Feature", "geometry": {"type": "Polygon", "coordinates": [[[106.86111111111111, -6.1], [106.875, -6.1], [106.875, -6.0875], [106.86111111111111, -6.0875], [106.86111111111111, -6.1]]]}, "properties": {"lst_celsius": 32.55}}, {"type": "Feature", "geometry": {"type": "Polygon", "coordinates": [[[106.875, -6.1], [106.88888888888889, -6.1], [106.88888888888889, -6.0875], [106.875, -6.0875], [106.875, -6.1]]]}, "properties": {"lst_celsius": 32.45}}, {"type": "Feature", "geometry": {"type": "Polygon", "coordinates": [[[106.88888888888889, -6.1], [106.90277777777777, -6.1], [106.90277777777777, -6.0875], [106.88888888888889, -6.0875], [106.88888888888889, -6.1]]]}, "properties": {"lst_celsius": 32.33}}, {"type": "Feature", "geometry": {"type": "Polygon", "coordinates": [[[106.90277777777777, -6.1], [106.91666666666667, -6.1], [106.91666666666667, -6.0875], [106.90277777777777, -6.0875], [106.90277777777777, -6.1]]]}, "properties": {"lst_celsius": 32.2}}, {"type": "Feature", "geometry": {"type": "Polygon", "coordinates": [[[106.91666666666667, -6.1], [106.93055555555556, -6.1], [106.93055555555556, -6.0875], [106.91666666666667, -6.0875], [106.91666666666667, -6.1]]]}, "properties": {"lst_celsius": 32.06}}, {"type": "Feature", "geometry": {"type": "Polygon", "coordinates": [[[106.93055555555556, -6.1], [106.94444444444444, -6.1], [106.94444444444444, -6.0875], [106.93055555555556, -6.0875], [106.93055555555556, -6.1]]]}, "properties": {"lst_celsius": 31.9}}, {"type": "Feature", "geometry": {"type": "Polygon", "coordinates": [[[106.94444444444444, -6.1], [106.95833333333333, -6.1], [106.95833333333333, -6.0875], [106.94444444444444, -6.0875], [106.94444444444444, -6.1]]]}, "properties": {"lst_celsius": 31.74}}, {"type": "Feature", "geometry": {"type": "Polygon", "coordinates": [[[106.95833333333333, -6.1], [106.97222222222223, -6.1], [106.97222222222223, -6.0875], [106.95833333333333, -6.0875], [106.95833333333333, -6.1]]]}, "properties": {"lst_celsius": 31.58}}, {"type": "Feature", "geometry": {"type": "Polygon", "coordinates": [[[106.97222222222223, -6.1], [106.98611111111111, -6.1], [106.98611111111111, -6.0875], [106.97222222222223, -6.0875], [106.97222222222223, -6.1]]]}, "properties": {"lst_celsius": 31.41}}, {"type": "Feature", "geometry": {"type": "Polygon", "coordinates": [[[106.98611111111111, -6.1], [107.0, -6.1], [107.0, -6.0875], [106.98611111111111, -6.0875], [106.98611111111111, -6.1]]]}, "properties": {"lst_celsius": 31.24}}, {"type": "Feature", "geometry": {"type": "Polygon", "coordinates": [[[107.0, -6.1], [107.01388888888889, -6.1], [107.01388888888889, -6.0875], [107.0, -6.0875], [107.0, -6.1]]]}, "properties": {"lst_celsius": 31.06}}, {"type": "Feature", "geometry": {"type": "Polygon", "coordinates": [[[107.01388888888889, -6.1], [107.02777777777777, -6.1], [107.02777777777777, -6.0875], [107.01388888888889, -6.0875], [107.01388888888889, -6.1]]]}, "properties": {"lst_celsius": 28.14}}, {"type": "Feature", "geometry": {"type": "Polygon", "coordinates": [[[107.02777777777777, -6.1], [107.04166666666667, -6.1], [107.04166666666667, -6.0875], [107.02777777777777, -6.0875], [107.02777777777777, -6.1]]]}, "properties": {"lst_celsius": 28.04}}, {"type": "Feature", "geometry": {"type": "Polygon", "coordinates": [[[107.04166666666667, -6.1], [107.05555555555556, -6.1], [107.05555555555556, -6.0875], [107.04166666666667, -6.0875], [107.04166666666667, -6.1]]]}, "properties": {"lst_celsius": 27.94}}, {"type": "Feature", "geometry": {"type": "Polygon", "coordinates": [[[107.05555555555556, -6.1], [107.06944444444444, -6.1], [107.06944444444444, -6.0875], [107.05555555555556, -6.0875], [107.05555555555556, -6.1]]]}, "properties": {"lst_celsius": 27.83}}, {"type": "Feature", "geometry": {"type": "Polygon", "coordinates": [[[107.06944444444444, -6.1], [107.08333333333333, -6.1], [107.08333333333333, -6.0875], [107.06944444444444, -6.0875], [107.06944444444444, -6.1]]]}, "properties": {"lst_celsius": 27.73}}, {"type": "Feature", "geometry": {"type": "Polygon", "coordinates": [[[107.08333333333333, -6.1], [107.09722222222223, -6.1], [107.09722222222223, -6.0875], [107.08333333333333, -6.0875], [107.08333333333333, -6.1]]]}, "properties": {"lst_celsius": 27.62}}, {"type": "Feature", "geometry": {"type": "Polygon", "coordinates": [[[107.09722222222223, -6.1], [107.11111111111111, -6.1], [107.11111111111111, -6.0875], [107.09722222222223, -6.0875], [107.09722222222223, -6.1]]]}, "properties": {"lst_celsius": 27.51}}, {"type": "Feature", "geometry": {"type": "Polygon", "coordinates": [[[107.11111111111111, -6.1], [107.125, -6.1], [107.125, -6.0875], [107.11111111111111, -6.0875], [107.11111111111111, -6.1]]]}, "properties": {"lst_celsius": 27.41}}, {"type": "Feature", "geometry": {"type": "Polygon", "coordinates": [[[107.125, -6.1], [107.13888888888889, -6.1], [107.13888888888889, -6.0875], [107.125, -6.0875], [107.125, -6.1]]]}, "properties": {"lst_celsius": 27.3}}, {"type": "Feature", "geometry": {"type": "Polygon", "coordinates": [[[107.13888888888889, -6.1], [107.15277777777777, -6.1], [107.15277777777777, -6.0875], [107.13888888888889, -6.0875], [107.13888888888889, -6.1]]]}, "properties": {"lst_celsius": 27.19}}, {"type": "Feature", "geometry": {"type": "Polygon", "coordinates": [[[107.15277777777777, -6.1], [107.16666666666667, -6.1], [107.16666666666667, -6.0875], [107.15277777777777, -6.0875], [107.15277777777777, -6.1]]]}, "properties": {"lst_celsius": 27.09}}, {"type": "Feature", "geometry": {"type": "Polygon", "coordinates": [[[107.16666666666667, -6.1], [107.18055555555556, -6.1], [107.18055555555556, -6.0875], [107.16666666666667, -6.0875], [107.16666666666667, -6.1]]]}, "properties": {"lst_celsius": 26.98}}, {"type": "Feature", "geometry": {"type": "Polygon", "coordinates": [[[107.18055555555556, -6.1], [107.19444444444444, -6.1], [107.19444444444444, -6.0875], [107.18055555555556, -6.0875], [107.18055555555556, -6.1]]]}, "properties": {"lst_celsius": 26.87}}, {"type": "Feature", "geometry": {"type": "Polygon", "coordinates": [[[107.19444444444444, -6.1], [107.20833333333333, -6.1], [107.20833333333333, -6.0875], [107.19444444444444, -6.0875], [107.19444444444444, -6.1]]]}, "properties": {"lst_celsius": 26.76}}, {"type": "Feature", "geometry": {"type": "Polygon", "coordinates": [[[107.20833333333333, -6.1], [107.22222222222223, -6.1], [107.22222222222223, -6.0875], [107.20833333333333, -6.0875], [107.20833333333333, -6.1]]]}, "properties": {"lst_celsius": 26.65}}, {"type": "Feature", "geometry": {"type": "Polygon", "coordinates": [[[107.22222222222223, -6.1], [107.23611111111111, -6.1], [107.23611111111111, -6.0875], [107.22222222222223, -6.0875], [107.22222222222223, -6.1]]]}, "properties": {"lst_celsius": 26.54}}, {"type": "Feature", "geometry": {"type": "Polygon", "coordinates": [[[107.23611111111111, -6.1], [107.25, -6.1], [107.25, -6.0875], [107.23611111111111, -6.0875], [107.23611111111111, -6.1]]]}, "properties": {"lst_celsius": 26.43}}, {"type": "Feature", "geometry": {"type": "Polygon", "coordinates": [[[106.5, -6.0875], [106.51388888888889, -6.0875], [106.51388888888889, -6.075], [106.5, -6.075], [106.5, -6.0875]]]}, "properties": {"lst_celsius": 27.28}}, {"type": "Feature", "geometry": {"type": "Polygon", "coordinates": [[[106.51388888888889, -6.0875], [106.52777777777777, -6.0875], [106.52777777777777, -6.075], [106.51388888888889, -6.075], [106.51388888888889, -6.0875]]]}, "properties": {"lst_celsius": 27.39}}, {"type": "Feature", "geometry": {"type": "Polygon", "coordinates": [[[106.52777777777777, -6.0875], [106.54166666666667, -6.0875], [106.54166666666667, -6.075], [106.52777777777777, -6.075], [106.52777777777777, -6.0875]]]}, "properties": {"lst_celsius": 27.5}}, {"type": "Feature", "geometry": {"type": "Polygon", "coordinates": [[[106.54166666666667, -6.0875], [106.55555555555556, -6.0875], [106.55555555555556, -6.075], [106.54166666666667, -6.075], [106.54166666666667, -6.0875]]]}, "properties": {"lst_celsius": 27.6}}, {"type": "Feature", "geometry": {"type": "Polygon", "coordinates": [[[106.55555555555556, -6.0875], [106.56944444444444, -6.0875], [106.56944444444444, -6.075], [106.55555555555556, -6.075], [106.55555555555556, -6.0875]]]}, "properties": {"lst_celsius": 27.71}}, {"type": "Feature", "geometry": {"type": "Polygon", "coordinates": [[[106.56944444444444, -6.0875], [106.58333333333333, -6.0875], [106.58333333333333, -6.075], [106.56944444444444, -6.075], [106.56944444444444, -6.0875]]]}, "properties": {"lst_celsius": 27.81}}, {"type": "Feature", "geometry": {"type": "Polygon", "coordinates": [[[106.58333333333333, -6.0875], [106.59722222222223, -6.0875], [106.59722222222223, -6.075], [106.58333333333333, -6.075], [106.58333333333333, -6.0875]]]}, "properties": {"lst_celsius": 27.92}}, {"type": "Feature", "geometry": {"type": "Polygon", "coordinates": [[[106.59722222222223, -6.0875], [106.61111111111111, -6.0875], [106.61111111111111, -6.075], [106.59722222222223, -6.075], [106.59722222222223, -6.0875]]]}, "properties": {"lst_celsius": 28.02}}, {"type": "Feature", "geometry": {"type": "Polygon", "coordinates": [[[106.61111111111111, -6.0875], [106.625, -6.0875], [106.625, -6.075], [106.61111111111111, -6.075], [106.61111111111111, -6.0875]]]}, "properties": {"lst_celsius": 28.12}}, {"type": "Feature", "geometry": {"type": "Polygon", "coordinates": [[[106.625, -6.0875], [106.63888888888889, -6.0875], [106.63888888888889, -6.075], [106.625, -6.075], [106.625, -6.0875]]]}, "properties": {"lst_celsius": 28.22}}, {"type": "Feature", "geometry": {"type": "Polygon", "coordinates": [[[106.63888888888889, -6.0875], [106.65277777777777, -6.0875], [106.65277777777777, -6.075], [106.63888888888889, -6.075], [106.63888888888889, -6.0875]]]}, "properties": {"lst_celsius": 28.32}}, {"type": "Feature", "geometry": {"type": "Polygon", "coordinates": [[[106.65277777777777, -6.0875], [106.66666666666667, -6.0875], [106.66666666666667, -6.075], [106.65277777777777, -6.075], [106.65277777777777, -6.0875]]]}, "properties": {"lst_celsius": 31.27}}, {"type": "Feature", "geometry": {"type": "Polygon", "coordinates": [[[106.66666666666667, -6.0875], [106.68055555555556, -6.0875], [106.68055555555556, -6.075], [106.66666666666667, -6.075], [106.66666666666667, -6.0875]]]}, "properties": {"lst_celsius": 31.43}}, {"type": "Feature", "geometry": {"type": "Polygon", "coordinates": [[[106.68055555555556, -6.0875], [106.69444444444444, -6.0875], [106.69444444444444, -6.075], [106.68055555555556, -6.075], [106.68055555555556, -6.0875]]]}, "properties": {"lst_celsius": 31.6}}, {"type": "Feature", "geometry": {"type": "Polygon", "coordinates": [[[106.69444444444444, -6.0875], [106.70833333333333, -6.0875], [106.70833333333333, -6.075], [106.69444444444444, -6.075], [106.69444444444444, -6.0875]]]}, "properties": {"lst_celsius": 31.75}}, {"type": "Feature", "geometry": {"type": "Polygon", "coordinates": [[[106.70833333333333, -6.0875], [106.72222222222223, -6.0875], [106.72222222222223, -6.075], [106.70833333333333, -6.075], [106.70833333333333, -6.0875]]]}, "properties": {"lst_celsius": 31.91}}, {"type": "Feature", "geometry": {"type": "Polygon", "coordinates": [[[106.72222222222223, -6.0875], [106.73611111111111, -6.0875], [106.73611111111111, -6.075], [106.72222222222223, -6.075], [106.72222222222223, -6.0875]]]}, "properties": {"lst_celsius": 32.05}}, {"type": "Feature", "geometry": {"type": "Polygon", "coordinates": [[[106.73611111111111, -6.0875], [106.75, -6.0875], [106.75, -6.075], [106.73611111111111, -6.075], [106.73611111111111, -6.0875]]]}, "properties": {"lst_celsius": 32.19}}, {"type": "Feature", "geometry": {"type": "Polygon", "coordinates": [[[106.75, -6.0875], [106.76388888888889, -6.0875], [106.76388888888889, -6.075], [106.75, -6.075], [106.75, -6.0875]]]}, "properties": {"lst_celsius": 32.31}}, {"type": "Feature", "geometry": {"type": "Polygon", "coordinates": [[[106.76388888888889, -6.0875], [106.77777777777777, -6.0875], [106.77777777777777, -6.075], [106.76388888888889, -6.075], [106.76388888888889, -6.0875]]]}, "properties": {"lst_celsius": 32.42}}, {"type": "Feature", "geometry": {"type": "Polygon", "coordinates": [[[106.77777777777777, -6.0875], [106.79166666666667, -6.0875], [106.79166666666667, -6.075], [106.77777777777777, -6.075], [106.77777777777777, -6.0875]]]}, "properties": {"lst_celsius": 32.51}}, {"type": "Feature", "geometry": {"type": "Polygon", "coordinates": [[[106.79166666666667, -6.0875], [106.80555555555556, -6.0875], [106.80555555555556, -6.075], [106.79166666666667, -6.075], [106.79166666666667, -6.0875]]]}, "properties": {"lst_celsius": 32.58}}, {"type": "Feature", "geometry": {"type": "Polygon", "coordinates": [[[106.80555555555556, -6.0875], [106.81944444444444, -6.0875], [106.81944444444444, -6.075], [106.80555555555556, -6.075], [106.80555555555556, -6.0875]]]}, "properties": {"lst_celsius": 32.62}}, {"type": "Feature", "geometry": {"type": "Polygon", "coordinates": [[[106.81944444444444, -6.0875], [106.83333333333333, -6.0875], [106.83333333333333, -6.075], [106.81944444444444, -6.075], [106.81944444444444, -6.0875]]]}, "properties": {"lst_celsius": 32.64}}, {"type": "Feature", "geometry": {"type": "Polygon", "coordinates": [[[106.83333333333333, -6.0875], [106.84722222222223, -6.0875], [106.84722222222223, -6.075], [106.83333333333333, -6.075], [106.83333333333333, -6.0875]]]}, "properties": {"lst_celsius": 32.62}}, {"type": "Feature", "geometry": {"type": "Polygon", "coordinates": [[[106.84722222222223, -6.0875], [106.86111111111111, -6.0875], [106.86111111111111, -6.075], [106.84722222222223, -6.075], [106.84722222222223, -6.0875]]]}, "properties": {"lst_celsius": 32.58}}, {"type": "Feature", "geometry": {"type": "Polygon", "coordinates": [[[106.86111111111111, -6.0875], [106.875, -6.0875], [106.875, -6.075], [106.86111111111111, -6.075], [106.86111111111111, -6.0875]]]}, "properties": {"lst_celsius": 32.52}}, {"type": "Feature", "geometry": {"type": "Polygon", "coordinates": [[[106.875, -6.0875], [106.88888888888889, -6.0875], [106.88888888888889, -6.075], [106.875, -6.075], [106.875, -6.0875]]]}, "properties": {"lst_celsius": 32.43}}, {"type": "Feature", "geometry": {"type": "Polygon", "coordinates": [[[106.88888888888889, -6.0875], [106.90277777777777, -6.0875], [106.90277777777777, -6.075], [106.88888888888889, -6.075], [106.88888888888889, -6.0875]]]}, "properties": {"lst_celsius": 32.32}}, {"type": "Feature", "geometry": {"type": "Polygon", "coordinates": [[[106.90277777777777, -6.0875], [106.91666666666667, -6.0875], [106.91666666666667, -6.075], [106.90277777777777, -6.075], [106.90277777777777, -6.0875]]]}, "properties": {"lst_celsius": 32.2}}, {"type": "Feature", "geometry": {"type": "Polygon", "coordinates": [[[106.91666666666667, -6.0875], [106.93055555555556, -6.0875], [106.93055555555556, -6.075], [106.91666666666667, -6.075], [106.91666666666667, -6.0875]]]}, "properties": {"lst_celsius": 32.07}}, {"type": "Feature", "geometry": {"type": "Polygon", "coordinates": [[[106.93055555555556, -6.0875], [106.94444444444444, -6.0875], [106.94444444444444, -6.075], [106.93055555555556, -6.075], [106.93055555555556, -6.0875]]]}, "properties": {"lst_celsius": 31.92}}, {"type": "Feature", "geometry": {"type": "Polygon", "coordinates": [[[106.94444444444444, -6.0875], [106.95833333333333, -6.0875], [106.95833333333333, -6.075], [106.94444444444444, -6.075], [106.94444444444444, -6.0875]]]}, "properties": {"lst_celsius": 31.77}}, {"type": "Feature", "geometry": {"type": "Polygon", "coordinates": [[[106.95833333333333, -6.0875], [106.97222222222223, -6.0875], [106.97222222222223, -6.075], [106.95833333333333, -6.075], [106.95833333333333, -6.0875]]]}, "properties": {"lst_celsius": 31.62}}, {"type": "Feature", "geometry": {"type": "Polygon", "coordinates": [[[106.97222222222223, -6.0875], [106.98611111111111, -6.0875], [106.98611111111111, -6.075], [106.97222222222223, -6.075], [106.97222222222223, -6.0875]]]}, "properties": {"lst_celsius": 31.45}}, {"type": "Feature", "geometry": {"type": "Polygon", "coordinates": [[[106.98611111111111, -6.0875], [107.0, -6.0875], [107.0, -6.075], [106.98611111111111, -6.075], [106.98611111111111, -6.0875]]]}, "properties": {"lst_celsius": 31.28}}, {"type": "Feature", "geometry": {"type": "Polygon", "coordinates": [[[107.0, -6.0875], [107.01388888888889, -6.0875], [107.01388888888889, -6.075], [107.0, -6.075], [107.0, -6.0875]]]}, "properties": {"lst_celsius": 28.33}}, {"type": "Feature", "geometry": {"type": "Polygon", "coordinates": [[[107.01388888888889, -6.0875], [107.02777777777777, -6.0875], [107.02777777777777, -6.075], [107.01388888888889, -6.075], [107.01388888888889, -6.0875]]]}, "properties": {"lst_celsius": 28.23}}, {"type": "Feature", "geometry": {"type": "Polygon", "coordinates": [[[107.02777777777777, -6.0875], [107.04166666666667, -6.0875], [107.04166666666667, -6.075], [107.02777777777777, -6.075], [107.02777777777777, -6.0875]]]}, "properties": {"lst_celsius": 28.13}}, {"type": "Feature", "geometry": {"type": "Polygon", "coordinates": [[[107.04166666666667, -6.0875], [107.05555555555556, -6.0875], [107.05555555555556, -6.075], [107.04166666666667, -6.075], [107.04166666666667, -6.0875]]]}, "properties": {"lst_celsius": 28.03}}, {"type": "Feature", "geometry": {"type": "Polygon", "coordinates": [[[107.05555555555556, -6.0875], [107.06944444444444, -6.0875], [107.06944444444444, -6.075], [107.05555555555556, -6.075], [107.05555555555556, -6.0875]]]}, "properties": {"lst_celsius": 27.93}}, {"type": "Feature", "geometry": {"type": "Polygon", "coordinates": [[[107.06944444444444, -6.0875], [107.08333333333333, -6.0875], [107.08333333333333, -6.075], [107.06944444444444, -6.075], [107.06944444444444, -6.0875]]]}, "properties": {"lst_celsius": 27.82}}, {"type": "Feature", "geometry": {"type": "Polygon", "coordinates": [[[107.08333333333333, -6.0875], [107.09722222222223, -6.0875], [107.09722222222223, -6.075], [107.08333333333333, -6.075], [107.08333333333333, -6.0875]]]}, "properties": {"lst_celsius": 27.72}}, {"type": "Feature", "geometry": {"type": "Polygon", "coordinates": [[[107.09722222222223, -6.0875], [107.11111111111111, -6.0875], [107.11111111111111, -6.075], [107.09722222222223, -6.075], [107.09722222222223, -6.0875]]]}, "properties": {"lst_celsius": 27.61}}, {"type": "Feature", "geometry": {"type": "Polygon", "coordinates": [[[107.11111111111111, -6.0875], [107.125, -6.0875], [107.125, -6.075], [107.11111111111111, -6.075], [107.11111111111111, -6.0875]]]}, "properties": {"lst_celsius": 27.51}}, {"type": "Feature", "geometry": {"type": "Polygon", "coordinates": [[[107.125, -6.0875], [107.13888888888889, -6.0875], [107.13888888888889, -6.075], [107.125, -6.075], [107.125, -6.0875]]]}, "properties": {"lst_celsius": 27.4}}, {"type": "Feature", "geometry": {"type": "Polygon", "coordinates": [[[107.13888888888889, -6.0875], [107.15277777777777, -6.0875], [107.15277777777777, -6.075], [107.13888888888889, -6.075], [107.13888888888889, -6.0875]]]}, "properties": {"lst_celsius": 27.3}}, {"type": "Feature", "geometry": {"type": "Polygon", "coordinates": [[[107.15277777777777, -6.0875], [107.16666666666667, -6.0875], [107.16666666666667, -6.075], [107.15277777777777, -6.075], [107.15277777777777, -6.0875]]]}, "properties": {"lst_celsius": 27.19}}, {"type": "Feature", "geometry": {"type": "Polygon", "coordinates": [[[107.16666666666667, -6.0875], [107.18055555555556, -6.0875], [107.18055555555556, -6.075], [107.16666666666667, -6.075], [107.16666666666667, -6.0875]]]}, "properties": {"lst_celsius": 27.08}}, {"type": "Feature", "geometry": {"type": "Polygon", "coordinates": [[[107.18055555555556, -6.0875], [107.19444444444444, -6.0875], [107.19444444444444, -6.075], [107.18055555555556, -6.075], [107.18055555555556, -6.0875]]]}, "properties": {"lst_celsius": 26.98}}, {"type": "Feature", "geometry": {"type": "Polygon", "coordinates": [[[107.19444444444444, -6.0875], [107.20833333333333, -6.0875], [107.20833333333333, -6.075], [107.19444444444444, -6.075], [107.19444444444444, -6.0875]]]}, "properties": {"lst_celsius": 26.87}}, {"type": "Feature", "geometry": {"type": "Polygon", "coordinates": [[[107.20833333333333, -6.0875], [107.22222222222223, -6.0875], [107.22222222222223, -6.075], [107.20833333333333, -6.075], [107.20833333333333, -6.0875]]]}, "properties": {"lst_celsius": 26.76}}, {"type": "Feature", "geometry": {"type": "Polygon", "coordinates": [[[107.22222222222223, -6.0875], [107.23611111111111, -6.0875], [107.23611111111111, -6.075], [107.22222222222223, -6.075], [107.22222222222223, -6.0875]]]}, "properties": {"lst_celsius": 26.65}}, {"type": "Feature", "geometry": {"type": "Polygon", "coordinates": [[[107.23611111111111, -6.0875], [107.25, -6.0875], [107.25, -6.075], [107.23611111111111, -6.075], [107.23611111111111, -6.0875]]]}, "properties": {"lst_celsius": 26.54}}, {"type": "Feature", "geometry": {"type": "Polygon", "coordinates": [[[106.5, -6.075], [106.51388888888889, -6.075], [106.51388888888889, -6.0625], [106.5, -6.0625], [106.5, -6.075]]]}, "properties": {"lst_celsius": 28.2}}, {"type": "Feature", "geometry": {"type": "Polygon", "coordinates": [[[106.51388888888889, -6.075], [106.52777777777777, -6.075], [106.52777777777777, -6.0625], [106.51388888888889, -6.0625], [106.51388888888889, -6.075]]]}, "properties": {"lst_celsius": 28.2}}, {"type": "Feature", "geometry": {"type": "Polygon", "coordinates": [[[106.52777777777777, -6.075], [106.54166666666667, -6.075], [106.54166666666667, -6.0625], [106.52777777777777, -6.0625], [106.52777777777777, -6.075]]]}, "properties": {"lst_celsius": 28.2}}, {"type": "Feature", "geometry": {"type": "Polygon", "coordinates": [[[106.54166666666667, -6.075], [106.55555555555556, -6.075], [106.55555555555556, -6.0625], [106.54166666666667, -6.0625], [106.54166666666667, -6.075]]]}, "properties": {"lst_celsius": 28.2}}, {"type": "Feature", "geometry": {"type": "Polygon", "coordinates": [[[106.55555555555556, -6.075], [106.56944444444444, -6.075], [106.56944444444444, -6.0625], [106.55555555555556, -6.0625], [106.55555555555556, -6.075]]]}, "properties": {"lst_celsius": 28.2}}, {"type": "Feature", "geometry": {"type": "Polygon", "coordinates": [[[106.56944444444444, -6.075], [106.58333333333333, -6.075], [106.58333333333333, -6.0625], [106.56944444444444, -6.0625], [106.56944444444444, -6.075]]]}, "properties": {"lst_celsius": 28.2}}, {"type": "Feature", "geometry": {"type": "Polygon", "coordinates": [[[106.58333333333333, -6.075], [106.59722222222223, -6.075], [106.59722222222223, -6.0625], [106.58333333333333, -6.0625], [106.58333333333333, -6.075]]]}, "properties": {"lst_celsius": 28.2}}, {"type": "Feature", "geometry": {"type": "Polygon", "coordinates": [[[106.59722222222223, -6.075], [106.61111111111111, -6.075], [106.61111111111111, -6.0625], [106.59722222222223, -6.0625], [106.59722222222223, -6.075]]]}, "properties": {"lst_celsius": 28.2}}, {"type": "Feature", "geometry": {"type": "Polygon", "coordinates": [[[106.61111111111111, -6.075], [106.625, -6.075], [106.625, -6.0625], [106.61111111111111, -6.0625], [106.61111111111111, -6.075]]]}, "properties": {"lst_celsius": 28.2}}, {"type": "Feature", "geometry": {"type": "Polygon", "coordinates": [[[106.625, -6.075], [106.63888888888889, -6.075], [106.63888888888889, -6.0625], [106.625, -6.0625], [106.625, -6.075]]]}, "properties": {"lst_celsius": 28.2}}, {"type": "Feature", "geometry": {"type": "Polygon", "coordinates": [[[106.63888888888889, -6.075], [106.65277777777777, -6.075], [106.65277777777777, -6.0625], [106.63888888888889, -6.0625], [106.63888888888889, -6.075]]]}, "properties": {"lst_celsius": 28.2}}, {"type": "Feature", "geometry": {"type": "Polygon", "coordinates": [[[106.65277777777777, -6.075], [106.66666666666667, -6.075], [106.66666666666667, -6.0625], [106.65277777777777, -6.0625], [106.65277777777777, -6.075]]]}, "properties": {"lst_celsius": 28.2}}, {"type": "Feature", "geometry": {"type": "Polygon", "coordinates": [[[106.66666666666667, -6.075], [106.68055555555556, -6.075], [106.68055555555556, -6.0625], [106.66666666666667, -6.0625], [106.66666666666667, -6.075]]]}, "properties": {"lst_celsius": 28.2}}, {"type": "Feature", "geometry": {"type": "Polygon", "coordinates": [[[106.68055555555556, -6.075], [106.69444444444444, -6.075], [106.69444444444444, -6.0625], [106.68055555555556, -6.0625], [106.68055555555556, -6.075]]]}, "properties": {"lst_celsius": 28.2}}, {"type": "Feature", "geometry": {"type": "Polygon", "coordinates": [[[106.69444444444444, -6.075], [106.70833333333333, -6.075], [106.70833333333333, -6.0625], [106.69444444444444, -6.0625], [106.69444444444444, -6.075]]]}, "properties": {"lst_celsius": 28.2}}, {"type": "Feature", "geometry": {"type": "Polygon", "coordinates": [[[106.70833333333333, -6.075], [106.72222222222223, -6.075], [106.72222222222223, -6.0625], [106.70833333333333, -6.0625], [106.70833333333333, -6.075]]]}, "properties": {"lst_celsius": 28.2}}, {"type": "Feature", "geometry": {"type": "Polygon", "coordinates": [[[106.72222222222223, -6.075], [106.73611111111111, -6.075], [106.73611111111111, -6.0625], [106.72222222222223, -6.0625], [106.72222222222223, -6.075]]]}, "properties": {"lst_celsius": 28.2}}, {"type": "Feature", "geometry": {"type": "Polygon", "coordinates": [[[106.73611111111111, -6.075], [106.75, -6.075], [106.75, -6.0625], [106.73611111111111, -6.0625], [106.73611111111111, -6.075]]]}, "properties": {"lst_celsius": 28.2}}, {"type": "Feature", "geometry": {"type": "Polygon", "coordinates": [[[106.75, -6.075], [106.76388888888889, -6.075], [106.76388888888889, -6.0625], [106.75, -6.0625], [106.75, -6.075]]]}, "properties": {"lst_celsius": 28.2}}, {"type": "Feature", "geometry": {"type": "Polygon", "coordinates": [[[106.76388888888889, -6.075], [106.77777777777777, -6.075], [106.77777777777777, -6.0625], [106.76388888888889, -6.0625], [106.76388888888889, -6.075]]]}, "properties": {"lst_celsius": 28.2}}, {"type": "Feature", "geometry": {"type": "Polygon", "coordinates": [[[106.77777777777777, -6.075], [106.79166666666667, -6.075], [106.79166666666667, -6.0625], [106.77777777777777, -6.0625], [106.77777777777777, -6.075]]]}, "properties": {"lst_celsius": 28.2}}, {"type": "Feature", "geometry": {"type": "Polygon", "coordinates": [[[106.79166666666667, -6.075], [106.80555555555556, -6.075], [106.80555555555556, -6.0625], [106.79166666666667, -6.0625], [106.79166666666667, -6.075]]]}, "properties": {"lst_celsius": 28.2}}, {"type": "Feature", "geometry": {"type": "Polygon", "coordinates": [[[106.80555555555556, -6.075], [106.81944444444444, -6.075], [106.81944444444444, -6.0625], [106.80555555555556, -6.0625], [106.80555555555556, -6.075]]]}, "properties": {"lst_celsius": 28.2}}, {"type": "Feature", "geometry": {"type": "Polygon", "coordinates": [[[106.81944444444444, -6.075], [106.83333333333333, -6.075], [106.83333333333333, -6.0625], [106.81944444444444, -6.0625], [106.81944444444444, -6.075]]]}, "properties": {"lst_celsius": 28.2}}, {"type": "Feature", "geometry": {"type": "Polygon", "coordinates": [[[106.83333333333333, -6.075], [106.84722222222223, -6.075], [106.84722222222223, -6.0625], [106.83333333333333, -6.0625], [106.83333333333333, -6.075]]]}, "properties": {"lst_celsius": 28.2}}, {"type": "Feature", "geometry": {"type": "Polygon", "coordinates": [[[106.84722222222223, -6.075], [106.86111111111111, -6.075], [106.86111111111111, -6.0625], [106.84722222222223, -6.0625], [106.84722222222223, -6.075]]]}, "properties": {"lst_celsius": 28.2}}, {"type": "Feature", "geometry": {"type": "Polygon", "coordinates": [[[106.86111111111111, -6.075], [106.875, -6.075], [106.875, -6.0625], [106.86111111111111, -6.0625], [106.86111111111111, -6.075]]]}, "properties": {"lst_celsius": 28.2}}, {"type": "Feature", "geometry": {"type": "Polygon", "coordinates": [[[106.875, -6.075], [106.88888888888889, -6.075], [106.88888888888889, -6.0625], [106.875, -6.0625], [106.875, -6.075]]]}, "properties": {"lst_celsius": 28.2}}, {"type": "Feature", "geometry": {"type": "Polygon", "coordinates": [[[106.88888888888889, -6.075], [106.90277777777777, -6.075], [106.90277777777777, -6.0625], [106.88888888888889, -6.0625], [106.88888888888889, -6.075]]]}, "properties": {"lst_celsius": 28.2}}, {"type": "Feature", "geometry": {"type": "Polygon", "coordinates": [[[106.90277777777777, -6.075], [106.91666666666667, -6.075], [106.91666666666667, -6.0625], [106.90277777777777, -6.0625], [106.90277777777777, -6.075]]]}, "properties": {"lst_celsius": 28.2}}, {"type": "Feature", "geometry": {"type": "Polygon", "coordinates": [[[106.91666666666667, -6.075], [106.93055555555556, -6.075], [106.93055555555556, -6.0625], [106.91666666666667, -6.0625], [106.91666666666667, -6.075]]]}, "properties": {"lst_celsius": 28.2}}, {"type": "Feature", "geometry": {"type": "Polygon", "coordinates": [[[106.93055555555556, -6.075], [106.94444444444444, -6.075], [106.94444444444444, -6.0625], [106.93055555555556, -6.0625], [106.93055555555556, -6.075]]]}, "properties": {"lst_celsius": 28.2}}, {"type": "Feature", "geometry": {"type": "Polygon", "coordinates": [[[106.94444444444444, -6.075], [106.95833333333333, -6.075], [106.95833333333333, -6.0625], [106.94444444444444, -6.0625], [106.94444444444444, -6.075]]]}, "properties": {"lst_celsius": 28.2}}, {"type": "Feature", "geometry": {"type": "Polygon", "coordinates": [[[106.95833333333333, -6.075], [106.97222222222223, -6.075], [106.97222222222223, -6.0625], [106.95833333333333, -6.0625], [106.95833333333333, -6.075]]]}, "properties": {"lst_celsius": 28.2}}, {"type": "Feature", "geometry": {"type": "Polygon", "coordinates": [[[106.97222222222223, -6.075], [106.98611111111111, -6.075], [106.98611111111111, -6.0625], [106.97222222222223, -6.0625], [106.97222222222223, -6.075]]]}, "properties": {"lst_celsius": 28.2}}, {"type": "Feature", "geometry": {"type": "Polygon", "coordinates": [[[106.98611111111111, -6.075], [107.0, -6.075], [107.0, -6.0625], [106.98611111111111, -6.0625], [106.98611111111111, -6.075]]]}, "properties": {"lst_celsius": 28.2}}, {"type": "Feature", "geometry": {"type": "Polygon", "coordinates": [[[107.0, -6.075], [107.01388888888889, -6.075], [107.01388888888889, -6.0625], [107.0, -6.0625], [107.0, -6.075]]]}, "properties": {"lst_celsius": 28.2}}, {"type": "Feature", "geometry": {"type": "Polygon", "coordinates": [[[107.01388888888889, -6.075], [107.02777777777777, -6.075], [107.02777777777777, -6.0625], [107.01388888888889, -6.0625], [107.01388888888889, -6.075]]]}, "properties": {"lst_celsius": 28.2}}, {"type": "Feature", "geometry": {"type": "Polygon", "coordinates": [[[107.02777777777777, -6.075], [107.04166666666667, -6.075], [107.04166666666667, -6.0625], [107.02777777777777, -6.0625], [107.02777777777777, -6.075]]]}, "properties": {"lst_celsius": 28.2}}, {"type": "Feature", "geometry": {"type": "Polygon", "coordinates": [[[107.04166666666667, -6.075], [107.05555555555556, -6.075], [107.05555555555556, -6.0625], [107.04166666666667, -6.0625], [107.04166666666667, -6.075]]]}, "properties": {"lst_celsius": 28.2}}, {"type": "Feature", "geometry": {"type": "Polygon", "coordinates": [[[107.05555555555556, -6.075], [107.06944444444444, -6.075], [107.06944444444444, -6.0625], [107.05555555555556, -6.0625], [107.05555555555556, -6.075]]]}, "properties": {"lst_celsius": 28.2}}, {"type": "Feature", "geometry": {"type": "Polygon", "coordinates": [[[107.06944444444444, -6.075], [107.08333333333333, -6.075], [107.08333333333333, -6.0625], [107.06944444444444, -6.0625], [107.06944444444444, -6.075]]]}, "properties": {"lst_celsius": 28.2}}, {"type": "Feature", "geometry": {"type": "Polygon", "coordinates": [[[107.08333333333333, -6.075], [107.09722222222223, -6.075], [107.09722222222223, -6.0625], [107.08333333333333, -6.0625], [107.08333333333333, -6.075]]]}, "properties": {"lst_celsius": 28.2}}, {"type": "Feature", "geometry": {"type": "Polygon", "coordinates": [[[107.09722222222223, -6.075], [107.11111111111111, -6.075], [107.11111111111111, -6.0625], [107.09722222222223, -6.0625], [107.09722222222223, -6.075]]]}, "properties": {"lst_celsius": 28.2}}, {"type": "Feature", "geometry": {"type": "Polygon", "coordinates": [[[107.11111111111111, -6.075], [107.125, -6.075], [107.125, -6.0625], [107.11111111111111, -6.0625], [107.11111111111111, -6.075]]]}, "properties": {"lst_celsius": 28.2}}, {"type": "Feature", "geometry": {"type": "Polygon", "coordinates": [[[107.125, -6.075], [107.13888888888889, -6.075], [107.13888888888889, -6.0625], [107.125, -6.0625], [107.125, -6.075]]]}, "properties": {"lst_celsius": 28.2}}, {"type": "Feature", "geometry": {"type": "Polygon", "coordinates": [[[107.13888888888889, -6.075], [107.15277777777777, -6.075], [107.15277777777777, -6.0625], [107.13888888888889, -6.0625], [107.13888888888889, -6.075]]]}, "properties": {"lst_celsius": 28.2}}, {"type": "Feature", "geometry": {"type": "Polygon", "coordinates": [[[107.15277777777777, -6.075], [107.16666666666667, -6.075], [107.16666666666667, -6.0625], [107.15277777777777, -6.0625], [107.15277777777777, -6.075]]]}, "properties": {"lst_celsius": 28.2}}, {"type": "Feature", "geometry": {"type": "Polygon", "coordinates": [[[107.16666666666667, -6.075], [107.18055555555556, -6.075], [107.18055555555556, -6.0625], [107.16666666666667, -6.0625], [107.16666666666667, -6.075]]]}, "properties": {"lst_celsius": 28.2}}, {"type": "Feature", "geometry": {"type": "Polygon", "coordinates": [[[107.18055555555556, -6.075], [107.19444444444444, -6.075], [107.19444444444444, -6.0625], [107.18055555555556, -6.0625], [107.18055555555556, -6.075]]]}, "properties": {"lst_celsius": 28.2}}, {"type": "Feature", "geometry": {"type": "Polygon", "coordinates": [[[107.19444444444444, -6.075], [107.20833333333333, -6.075], [107.20833333333333, -6.0625], [107.19444444444444, -6.0625], [107.19444444444444, -6.075]]]}, "properties": {"lst_celsius": 28.2}}, {"type": "Feature", "geometry": {"type": "Polygon", "coordinates": [[[107.20833333333333, -6.075], [107.22222222222223, -6.075], [107.22222222222223, -6.0625], [107.20833333333333, -6.0625], [107.20833333333333, -6.075]]]}, "properties": {"lst_celsius": 28.2}}, {"type": "Feature", "geometry": {"type": "Polygon", "coordinates": [[[107.22222222222223, -6.075], [107.23611111111111, -6.075], [107.23611111111111, -6.0625], [107.22222222222223, -6.0625], [107.22222222222223, -6.075]]]}, "properties": {"lst_celsius": 28.2}}, {"type": "Feature", "geometry": {"type": "Polygon", "coordinates": [[[107.23611111111111, -6.075], [107.25, -6.075], [107.25, -6.0625], [107.23611111111111, -6.0625], [107.23611111111111, -6.075]]]}, "properties": {"lst_celsius": 28.2}}, {"type": "Feature", "geometry": {"type": "Polygon", "coordinates": [[[106.5, -6.0625], [106.51388888888889, -6.0625], [106.51388888888889, -6.05], [106.5, -6.05], [106.5, -6.0625]]]}, "properties": {"lst_celsius": 28.2}}, {"type": "Feature", "geometry": {"type": "Polygon", "coordinates": [[[106.51388888888889, -6.0625], [106.52777777777777, -6.0625], [106.52777777777777, -6.05], [106.51388888888889, -6.05], [106.51388888888889, -6.0625]]]}, "properties": {"lst_celsius": 28.2}}, {"type": "Feature", "geometry": {"type": "Polygon", "coordinates": [[[106.52777777777777, -6.0625], [106.54166666666667, -6.0625], [106.54166666666667, -6.05], [106.52777777777777, -6.05], [106.52777777777777, -6.0625]]]}, "properties": {"lst_celsius": 28.2}}, {"type": "Feature", "geometry": {"type": "Polygon", "coordinates": [[[106.54166666666667, -6.0625], [106.55555555555556, -6.0625], [106.55555555555556, -6.05], [106.54166666666667, -6.05], [106.54166666666667, -6.0625]]]}, "properties": {"lst_celsius": 28.2}}, {"type": "Feature", "geometry": {"type": "Polygon", "coordinates": [[[106.55555555555556, -6.0625], [106.56944444444444, -6.0625], [106.56944444444444, -6.05], [106.55555555555556, -6.05], [106.55555555555556, -6.0625]]]}, "properties": {"lst_celsius": 28.2}}, {"type": "Feature", "geometry": {"type": "Polygon", "coordinates": [[[106.56944444444444, -6.0625], [106.58333333333333, -6.0625], [106.58333333333333, -6.05], [106.56944444444444, -6.05], [106.56944444444444, -6.0625]]]}, "properties": {"lst_celsius": 28.2}}, {"type": "Feature", "geometry": {"type": "Polygon", "coordinates": [[[106.58333333333333, -6.0625], [106.59722222222223, -6.0625], [106.59722222222223, -6.05], [106.58333333333333, -6.05], [106.58333333333333, -6.0625]]]}, "properties": {"lst_celsius": 28.2}}, {"type": "Feature", "geometry": {"type": "Polygon", "coordinates": [[[106.59722222222223, -6.0625], [106.61111111111111, -6.0625], [106.61111111111111, -6.05], [106.59722222222223, -6.05], [106.59722222222223, -6.0625]]]}, "properties": {"lst_celsius": 28.2}}, {"type": "Feature", "geometry": {"type": "Polygon", "coordinates": [[[106.61111111111111, -6.0625], [106.625, -6.0625], [106.625, -6.05], [106.61111111111111, -6.05], [106.61111111111111, -6.0625]]]}, "properties": {"lst_celsius": 28.2}}, {"type": "Feature", "geometry": {"type": "Polygon", "coordinates": [[[106.625, -6.0625], [106.63888888888889, -6.0625], [106.63888888888889, -6.05], [106.625, -6.05], [106.625, -6.0625]]]}, "properties": {"lst_celsius": 28.2}}, {"type": "Feature", "geometry": {"type": "Polygon", "coordinates": [[[106.63888888888889, -6.0625], [106.65277777777777, -6.0625], [106.65277777777777, -6.05], [106.63888888888889, -6.05], [106.63888888888889, -6.0625]]]}, "properties": {"lst_celsius": 28.2}}, {"type": "Feature", "geometry": {"type": "Polygon", "coordinates": [[[106.65277777777777, -6.0625], [106.66666666666667, -6.0625], [106.66666666666667, -6.05], [106.65277777777777, -6.05], [106.65277777777777, -6.0625]]]}, "properties": {"lst_celsius": 28.2}}, {"type": "Feature", "geometry": {"type": "Polygon", "coordinates": [[[106.66666666666667, -6.0625], [106.68055555555556, -6.0625], [106.68055555555556, -6.05], [106.66666666666667, -6.05], [106.66666666666667, -6.0625]]]}, "properties": {"lst_celsius": 28.2}}, {"type": "Feature", "geometry": {"type": "Polygon", "coordinates": [[[106.68055555555556, -6.0625], [106.69444444444444, -6.0625], [106.69444444444444, -6.05], [106.68055555555556, -6.05], [106.68055555555556, -6.0625]]]}, "properties": {"lst_celsius": 28.2}}, {"type": "Feature", "geometry": {"type": "Polygon", "coordinates": [[[106.69444444444444, -6.0625], [106.70833333333333, -6.0625], [106.70833333333333, -6.05], [106.69444444444444, -6.05], [106.69444444444444, -6.0625]]]}, "properties": {"lst_celsius": 28.2}}, {"type": "Feature", "geometry": {"type": "Polygon", "coordinates": [[[106.70833333333333, -6.0625], [106.72222222222223, -6.0625], [106.72222222222223, -6.05], [106.70833333333333, -6.05], [106.70833333333333, -6.0625]]]}, "properties": {"lst_celsius": 28.2}}, {"type": "Feature", "geometry": {"type": "Polygon", "coordinates": [[[106.72222222222223, -6.0625], [106.73611111111111, -6.0625], [106.73611111111111, -6.05], [106.72222222222223, -6.05], [106.72222222222223, -6.0625]]]}, "properties": {"lst_celsius": 28.2}}, {"type": "Feature", "geometry": {"type": "Polygon", "coordinates": [[[106.73611111111111, -6.0625], [106.75, -6.0625], [106.75, -6.05], [106.73611111111111, -6.05], [106.73611111111111, -6.0625]]]}, "properties": {"lst_celsius": 28.2}}, {"type": "Feature", "geometry": {"type": "Polygon", "coordinates": [[[106.75, -6.0625], [106.76388888888889, -6.0625], [106.76388888888889, -6.05], [106.75, -6.05], [106.75, -6.0625]]]}, "properties": {"lst_celsius": 28.2}}, {"type": "Feature", "geometry": {"type": "Polygon", "coordinates": [[[106.76388888888889, -6.0625], [106.77777777777777, -6.0625], [106.77777777777777, -6.05], [106.76388888888889, -6.05], [106.76388888888889, -6.0625]]]}, "properties": {"lst_celsius": 28.2}}, {"type": "Feature", "geometry": {"type": "Polygon", "coordinates": [[[106.77777777777777, -6.0625], [106.79166666666667, -6.0625], [106.79166666666667, -6.05], [106.77777777777777, -6.05], [106.77777777777777, -6.0625]]]}, "properties": {"lst_celsius": 28.2}}, {"type": "Feature", "geometry": {"type": "Polygon", "coordinates": [[[106.79166666666667, -6.0625], [106.80555555555556, -6.0625], [106.80555555555556, -6.05], [106.79166666666667, -6.05], [106.79166666666667, -6.0625]]]}, "properties": {"lst_celsius": 28.2}}, {"type": "Feature", "geometry": {"type": "Polygon", "coordinates": [[[106.80555555555556, -6.0625], [106.81944444444444, -6.0625], [106.81944444444444, -6.05], [106.80555555555556, -6.05], [106.80555555555556, -6.0625]]]}, "properties": {"lst_celsius": 28.2}}, {"type": "Feature", "geometry": {"type": "Polygon", "coordinates": [[[106.81944444444444, -6.0625], [106.83333333333333, -6.0625], [106.83333333333333, -6.05], [106.81944444444444, -6.05], [106.81944444444444, -6.0625]]]}, "properties": {"lst_celsius": 28.2}}, {"type": "Feature", "geometry": {"type": "Polygon", "coordinates": [[[106.83333333333333, -6.0625], [106.84722222222223, -6.0625], [106.84722222222223, -6.05], [106.83333333333333, -6.05], [106.83333333333333, -6.0625]]]}, "properties": {"lst_celsius": 28.2}}, {"type": "Feature", "geometry": {"type": "Polygon", "coordinates": [[[106.84722222222223, -6.0625], [106.86111111111111, -6.0625], [106.86111111111111, -6.05], [106.84722222222223, -6.05], [106.84722222222223, -6.0625]]]}, "properties": {"lst_celsius": 28.2}}, {"type": "Feature", "geometry": {"type": "Polygon", "coordinates": [[[106.86111111111111, -6.0625], [106.875, -6.0625], [106.875, -6.05], [106.86111111111111, -6.05], [106.86111111111111, -6.0625]]]}, "properties": {"lst_celsius": 28.2}}, {"type": "Feature", "geometry": {"type": "Polygon", "coordinates": [[[106.875, -6.0625], [106.88888888888889, -6.0625], [106.88888888888889, -6.05], [106.875, -6.05], [106.875, -6.0625]]]}, "properties": {"lst_celsius": 28.2}}, {"type": "Feature", "geometry": {"type": "Polygon", "coordinates": [[[106.88888888888889, -6.0625], [106.90277777777777, -6.0625], [106.90277777777777, -6.05], [106.88888888888889, -6.05], [106.88888888888889, -6.0625]]]}, "properties": {"lst_celsius": 28.2}}, {"type": "Feature", "geometry": {"type": "Polygon", "coordinates": [[[106.90277777777777, -6.0625], [106.91666666666667, -6.0625], [106.91666666666667, -6.05], [106.90277777777777, -6.05], [106.90277777777777, -6.0625]]]}, "properties": {"lst_celsius": 28.2}}, {"type": "Feature", "geometry": {"type": "Polygon", "coordinates": [[[106.91666666666667, -6.0625], [106.93055555555556, -6.0625], [106.93055555555556, -6.05], [106.91666666666667, -6.05], [106.91666666666667, -6.0625]]]}, "properties": {"lst_celsius": 28.2}}, {"type": "Feature", "geometry": {"type": "Polygon", "coordinates": [[[106.93055555555556, -6.0625], [106.94444444444444, -6.0625], [106.94444444444444, -6.05], [106.93055555555556, -6.05], [106.93055555555556, -6.0625]]]}, "properties": {"lst_celsius": 28.2}}, {"type": "Feature", "geometry": {"type": "Polygon", "coordinates": [[[106.94444444444444, -6.0625], [106.95833333333333, -6.0625], [106.95833333333333, -6.05], [106.94444444444444, -6.05], [106.94444444444444, -6.0625]]]}, "properties": {"lst_celsius": 28.2}}, {"type": "Feature", "geometry": {"type": "Polygon", "coordinates": [[[106.95833333333333, -6.0625], [106.97222222222223, -6.0625], [106.97222222222223, -6.05], [106.95833333333333, -6.05], [106.95833333333333, -6.0625]]]}, "properties": {"lst_celsius": 28.2}}, {"type": "Feature", "geometry": {"type": "Polygon", "coordinates": [[[106.97222222222223, -6.0625], [106.98611111111111, -6.0625], [106.98611111111111, -6.05], [106.97222222222223, -6.05], [106.97222222222223, -6.0625]]]}, "properties": {"lst_celsius": 28.2}}, {"type": "Feature", "geometry": {"type": "Polygon", "coordinates": [[[106.98611111111111, -6.0625], [107.0, -6.0625], [107.0, -6.05], [106.98611111111111, -6.05], [106.98611111111111, -6.0625]]]}, "properties": {"lst_celsius": 28.2}}, {"type": "Feature", "geometry": {"type": "Polygon", "coordinates": [[[107.0, -6.0625], [107.01388888888889, -6.0625], [107.01388888888889, -6.05], [107.0, -6.05], [107.0, -6.0625]]]}, "properties": {"lst_celsius": 28.2}}, {"type": "Feature", "geometry": {"type": "Polygon", "coordinates": [[[107.01388888888889, -6.0625], [107.02777777777777, -6.0625], [107.02777777777777, -6.05], [107.01388888888889, -6.05], [107.01388888888889, -6.0625]]]}, "properties": {"lst_celsius": 28.2}}, {"type": "Feature", "geometry": {"type": "Polygon", "coordinates": [[[107.02777777777777, -6.0625], [107.04166666666667, -6.0625], [107.04166666666667, -6.05], [107.02777777777777, -6.05], [107.02777777777777, -6.0625]]]}, "properties": {"lst_celsius": 28.2}}, {"type": "Feature", "geometry": {"type": "Polygon", "coordinates": [[[107.04166666666667, -6.0625], [107.05555555555556, -6.0625], [107.05555555555556, -6.05], [107.04166666666667, -6.05], [107.04166666666667, -6.0625]]]}, "properties": {"lst_celsius": 28.2}}, {"type": "Feature", "geometry": {"type": "Polygon", "coordinates": [[[107.05555555555556, -6.0625], [107.06944444444444, -6.0625], [107.06944444444444, -6.05], [107.05555555555556, -6.05], [107.05555555555556, -6.0625]]]}, "properties": {"lst_celsius": 28.2}}, {"type": "Feature", "geometry": {"type": "Polygon", "coordinates": [[[107.06944444444444, -6.0625], [107.08333333333333, -6.0625], [107.08333333333333, -6.05], [107.06944444444444, -6.05], [107.06944444444444, -6.0625]]]}, "properties": {"lst_celsius": 28.2}}, {"type": "Feature", "geometry": {"type": "Polygon", "coordinates": [[[107.08333333333333, -6.0625], [107.09722222222223, -6.0625], [107.09722222222223, -6.05], [107.08333333333333, -6.05], [107.08333333333333, -6.0625]]]}, "properties": {"lst_celsius": 28.2}}, {"type": "Feature", "geometry": {"type": "Polygon", "coordinates": [[[107.09722222222223, -6.0625], [107.11111111111111, -6.0625], [107.11111111111111, -6.05], [107.09722222222223, -6.05], [107.09722222222223, -6.0625]]]}, "properties": {"lst_celsius": 28.2}}, {"type": "Feature", "geometry": {"type": "Polygon", "coordinates": [[[107.11111111111111, -6.0625], [107.125, -6.0625], [107.125, -6.05], [107.11111111111111, -6.05], [107.11111111111111, -6.0625]]]}, "properties": {"lst_celsius": 28.2}}, {"type": "Feature", "geometry": {"type": "Polygon", "coordinates": [[[107.125, -6.0625], [107.13888888888889, -6.0625], [107.13888888888889, -6.05], [107.125, -6.05], [107.125, -6.0625]]]}, "properties": {"lst_celsius": 28.2}}, {"type": "Feature", "geometry": {"type": "Polygon", "coordinates": [[[107.13888888888889, -6.0625], [107.15277777777777, -6.0625], [107.15277777777777, -6.05], [107.13888888888889, -6.05], [107.13888888888889, -6.0625]]]}, "properties": {"lst_celsius": 28.2}}, {"type": "Feature", "geometry": {"type": "Polygon", "coordinates": [[[107.15277777777777, -6.0625], [107.16666666666667, -6.0625], [107.16666666666667, -6.05], [107.15277777777777, -6.05], [107.15277777777777, -6.0625]]]}, "properties": {"lst_celsius": 28.2}}, {"type": "Feature", "geometry": {"type": "Polygon", "coordinates": [[[107.16666666666667, -6.0625], [107.18055555555556, -6.0625], [107.18055555555556, -6.05], [107.16666666666667, -6.05], [107.16666666666667, -6.0625]]]}, "properties": {"lst_celsius": 28.2}}, {"type": "Feature", "geometry": {"type": "Polygon", "coordinates": [[[107.18055555555556, -6.0625], [107.19444444444444, -6.0625], [107.19444444444444, -6.05], [107.18055555555556, -6.05], [107.18055555555556, -6.0625]]]}, "properties": {"lst_celsius": 28.2}}, {"type": "Feature", "geometry": {"type": "Polygon", "coordinates": [[[107.19444444444444, -6.0625], [107.20833333333333, -6.0625], [107.20833333333333, -6.05], [107.19444444444444, -6.05], [107.19444444444444, -6.0625]]]}, "properties": {"lst_celsius": 28.2}}, {"type": "Feature", "geometry": {"type": "Polygon", "coordinates": [[[107.20833333333333, -6.0625], [107.22222222222223, -6.0625], [107.22222222222223, -6.05], [107.20833333333333, -6.05], [107.20833333333333, -6.0625]]]}, "properties": {"lst_celsius": 28.2}}, {"type": "Feature", "geometry": {"type": "Polygon", "coordinates": [[[107.22222222222223, -6.0625], [107.23611111111111, -6.0625], [107.23611111111111, -6.05], [107.22222222222223, -6.05], [107.22222222222223, -6.0625]]]}, "properties": {"lst_celsius": 28.2}}, {"type": "Feature", "geometry": {"type": "Polygon", "coordinates": [[[107.23611111111111, -6.0625], [107.25, -6.0625], [107.25, -6.05], [107.23611111111111, -6.05], [107.23611111111111, -6.0625]]]}, "properties": {"lst_celsius": 28.2}}, {"type": "Feature", "geometry": {"type": "Polygon", "coordinates": [[[106.5, -6.05], [106.51388888888889, -6.05], [106.51388888888889, -6.0375], [106.5, -6.0375], [106.5, -6.05]]]}, "properties": {"lst_celsius": 28.2}}, {"type": "Feature", "geometry": {"type": "Polygon", "coordinates": [[[106.51388888888889, -6.05], [106.52777777777777, -6.05], [106.52777777777777, -6.0375], [106.51388888888889, -6.0375], [106.51388888888889, -6.05]]]}, "properties": {"lst_celsius": 28.2}}, {"type": "Feature", "geometry": {"type": "Polygon", "coordinates": [[[106.52777777777777, -6.05], [106.54166666666667, -6.05], [106.54166666666667, -6.0375], [106.52777777777777, -6.0375], [106.52777777777777, -6.05]]]}, "properties": {"lst_celsius": 28.2}}, {"type": "Feature", "geometry": {"type": "Polygon", "coordinates": [[[106.54166666666667, -6.05], [106.55555555555556, -6.05], [106.55555555555556, -6.0375], [106.54166666666667, -6.0375], [106.54166666666667, -6.05]]]}, "properties": {"lst_celsius": 28.2}}, {"type": "Feature", "geometry": {"type": "Polygon", "coordinates": [[[106.55555555555556, -6.05], [106.56944444444444, -6.05], [106.56944444444444, -6.0375], [106.55555555555556, -6.0375], [106.55555555555556, -6.05]]]}, "properties": {"lst_celsius": 28.2}}, {"type": "Feature", "geometry": {"type": "Polygon", "coordinates": [[[106.56944444444444, -6.05], [106.58333333333333, -6.05], [106.58333333333333, -6.0375], [106.56944444444444, -6.0375], [106.56944444444444, -6.05]]]}, "properties": {"lst_celsius": 28.2}}, {"type": "Feature", "geometry": {"type": "Polygon", "coordinates": [[[106.58333333333333, -6.05], [106.59722222222223, -6.05], [106.59722222222223, -6.0375], [106.58333333333333, -6.0375], [106.58333333333333, -6.05]]]}, "properties": {"lst_celsius": 28.2}}, {"type": "Feature", "geometry": {"type": "Polygon", "coordinates": [[[106.59722222222223, -6.05], [106.61111111111111, -6.05], [106.61111111111111, -6.0375], [106.59722222222223, -6.0375], [106.59722222222223, -6.05]]]}, "properties": {"lst_celsius": 28.2}}, {"type": "Feature", "geometry": {"type": "Polygon", "coordinates": [[[106.61111111111111, -6.05], [106.625, -6.05], [106.625, -6.0375], [106.61111111111111, -6.0375], [106.61111111111111, -6.05]]]}, "properties": {"lst_celsius": 28.2}}, {"type": "Feature", "geometry": {"type": "Polygon", "coordinates": [[[106.625, -6.05], [106.63888888888889, -6.05], [106.63888888888889, -6.0375], [106.625, -6.0375], [106.625, -6.05]]]}, "properties": {"lst_celsius": 28.2}}, {"type": "Feature", "geometry": {"type": "Polygon", "coordinates": [[[106.63888888888889, -6.05], [106.65277777777777, -6.05], [106.65277777777777, -6.0375], [106.63888888888889, -6.0375], [106.63888888888889, -6.05]]]}, "properties": {"lst_celsius": 28.2}}, {"type": "Feature", "geometry": {"type": "Polygon", "coordinates": [[[106.65277777777777, -6.05], [106.66666666666667, -6.05], [106.66666666666667, -6.0375], [106.65277777777777, -6.0375], [106.65277777777777, -6.05]]]}, "properties": {"lst_celsius": 28.2}}, {"type": "Feature", "geometry": {"type": "Polygon", "coordinates": [[[106.66666666666667, -6.05], [106.68055555555556, -6.05], [106.68055555555556, -6.0375], [106.66666666666667, -6.0375], [106.66666666666667, -6.05]]]}, "properties": {"lst_celsius": 28.2}}, {"type": "Feature", "geometry": {"type": "Polygon", "coordinates": [[[106.68055555555556, -6.05], [106.69444444444444, -6.05], [106.69444444444444, -6.0375], [106.68055555555556, -6.0375], [106.68055555555556, -6.05]]]}, "properties": {"lst_celsius": 28.2}}, {"type": "Feature", "geometry": {"type": "Polygon", "coordinates": [[[106.69444444444444, -6.05], [106.70833333333333, -6.05], [106.70833333333333, -6.0375], [106.69444444444444, -6.0375], [106.69444444444444, -6.05]]]}, "properties": {"lst_celsius": 28.2}}, {"type": "Feature", "geometry": {"type": "Polygon", "coordinates": [[[106.70833333333333, -6.05], [106.72222222222223, -6.05], [106.72222222222223, -6.0375], [106.70833333333333, -6.0375], [106.70833333333333, -6.05]]]}, "properties": {"lst_celsius": 28.2}}, {"type": "Feature", "geometry": {"type": "Polygon", "coordinates": [[[106.72222222222223, -6.05], [106.73611111111111, -6.05], [106.73611111111111, -6.0375], [106.72222222222223, -6.0375], [106.72222222222223, -6.05]]]}, "properties": {"lst_celsius": 28.2}}, {"type": "Feature", "geometry": {"type": "Polygon", "coordinates": [[[106.73611111111111, -6.05], [106.75, -6.05], [106.75, -6.0375], [106.73611111111111, -6.0375], [106.73611111111111, -6.05]]]}, "properties": {"lst_celsius": 28.2}}, {"type": "Feature", "geometry": {"type": "Polygon", "coordinates": [[[106.75, -6.05], [106.76388888888889, -6.05], [106.76388888888889, -6.0375], [106.75, -6.0375], [106.75, -6.05]]]}, "properties": {"lst_celsius": 28.2}}, {"type": "Feature", "geometry": {"type": "Polygon", "coordinates": [[[106.76388888888889, -6.05], [106.77777777777777, -6.05], [106.77777777777777, -6.0375], [106.76388888888889, -6.0375], [106.76388888888889, -6.05]]]}, "properties": {"lst_celsius": 28.2}}, {"type": "Feature", "geometry": {"type": "Polygon", "coordinates": [[[106.77777777777777, -6.05], [106.79166666666667, -6.05], [106.79166666666667, -6.0375], [106.77777777777777, -6.0375], [106.77777777777777, -6.05]]]}, "properties": {"lst_celsius": 28.2}}, {"type": "Feature", "geometry": {"type": "Polygon", "coordinates": [[[106.79166666666667, -6.05], [106.80555555555556, -6.05], [106.80555555555556, -6.0375], [106.79166666666667, -6.0375], [106.79166666666667, -6.05]]]}, "properties": {"lst_celsius": 28.2}}, {"type": "Feature", "geometry": {"type": "Polygon", "coordinates": [[[106.80555555555556, -6.05], [106.81944444444444, -6.05], [106.81944444444444, -6.0375], [106.80555555555556, -6.0375], [106.80555555555556, -6.05]]]}, "properties": {"lst_celsius": 28.2}}, {"type": "Feature", "geometry": {"type": "Polygon", "coordinates": [[[106.81944444444444, -6.05], [106.83333333333333, -6.05], [106.83333333333333, -6.0375], [106.81944444444444, -6.0375], [106.81944444444444, -6.05]]]}, "properties": {"lst_celsius": 28.2}}, {"type": "Feature", "geometry": {"type": "Polygon", "coordinates": [[[106.83333333333333, -6.05], [106.84722222222223, -6.05], [106.84722222222223, -6.0375], [106.83333333333333, -6.0375], [106.83333333333333, -6.05]]]}, "properties": {"lst_celsius": 28.2}}, {"type": "Feature", "geometry": {"type": "Polygon", "coordinates": [[[106.84722222222223, -6.05], [106.86111111111111, -6.05], [106.86111111111111, -6.0375], [106.84722222222223, -6.0375], [106.84722222222223, -6.05]]]}, "properties": {"lst_celsius": 28.2}}, {"type": "Feature", "geometry": {"type": "Polygon", "coordinates": [[[106.86111111111111, -6.05], [106.875, -6.05], [106.875, -6.0375], [106.86111111111111, -6.0375], [106.86111111111111, -6.05]]]}, "properties": {"lst_celsius": 28.2}}, {"type": "Feature", "geometry": {"type": "Polygon", "coordinates": [[[106.875, -6.05], [106.88888888888889, -6.05], [106.88888888888889, -6.0375], [106.875, -6.0375], [106.875, -6.05]]]}, "properties": {"lst_celsius": 28.2}}, {"type": "Feature", "geometry": {"type": "Polygon", "coordinates": [[[106.88888888888889, -6.05], [106.90277777777777, -6.05], [106.90277777777777, -6.0375], [106.88888888888889, -6.0375], [106.88888888888889, -6.05]]]}, "properties": {"lst_celsius": 28.2}}, {"type": "Feature", "geometry": {"type": "Polygon", "coordinates": [[[106.90277777777777, -6.05], [106.91666666666667, -6.05], [106.91666666666667, -6.0375], [106.90277777777777, -6.0375], [106.90277777777777, -6.05]]]}, "properties": {"lst_celsius": 28.2}}, {"type": "Feature", "geometry": {"type": "Polygon", "coordinates": [[[106.91666666666667, -6.05], [106.93055555555556, -6.05], [106.93055555555556, -6.0375], [106.91666666666667, -6.0375], [106.91666666666667, -6.05]]]}, "properties": {"lst_celsius": 28.2}}, {"type": "Feature", "geometry": {"type": "Polygon", "coordinates": [[[106.93055555555556, -6.05], [106.94444444444444, -6.05], [106.94444444444444, -6.0375], [106.93055555555556, -6.0375], [106.93055555555556, -6.05]]]}, "properties": {"lst_celsius": 28.2}}, {"type": "Feature", "geometry": {"type": "Polygon", "coordinates": [[[106.94444444444444, -6.05], [106.95833333333333, -6.05], [106.95833333333333, -6.0375], [106.94444444444444, -6.0375], [106.94444444444444, -6.05]]]}, "properties": {"lst_celsius": 28.2}}, {"type": "Feature", "geometry": {"type": "Polygon", "coordinates": [[[106.95833333333333, -6.05], [106.97222222222223, -6.05], [106.97222222222223, -6.0375], [106.95833333333333, -6.0375], [106.95833333333333, -6.05]]]}, "properties": {"lst_celsius": 28.2}}, {"type": "Feature", "geometry": {"type": "Polygon", "coordinates": [[[106.97222222222223, -6.05], [106.98611111111111, -6.05], [106.98611111111111, -6.0375], [106.97222222222223, -6.0375], [106.97222222222223, -6.05]]]}, "properties": {"lst_celsius": 28.2}}, {"type": "Feature", "geometry": {"type": "Polygon", "coordinates": [[[106.98611111111111, -6.05], [107.0, -6.05], [107.0, -6.0375], [106.98611111111111, -6.0375], [106.98611111111111, -6.05]]]}, "properties": {"lst_celsius": 28.2}}, {"type": "Feature", "geometry": {"type": "Polygon", "coordinates": [[[107.0, -6.05], [107.01388888888889, -6.05], [107.01388888888889, -6.0375], [107.0, -6.0375], [107.0, -6.05]]]}, "properties": {"lst_celsius": 28.2}}, {"type": "Feature", "geometry": {"type": "Polygon", "coordinates": [[[107.01388888888889, -6.05], [107.02777777777777, -6.05], [107.02777777777777, -6.0375], [107.01388888888889, -6.0375], [107.01388888888889, -6.05]]]}, "properties": {"lst_celsius": 28.2}}, {"type": "Feature", "geometry": {"type": "Polygon", "coordinates": [[[107.02777777777777, -6.05], [107.04166666666667, -6.05], [107.04166666666667, -6.0375], [107.02777777777777, -6.0375], [107.02777777777777, -6.05]]]}, "properties": {"lst_celsius": 28.2}}, {"type": "Feature", "geometry": {"type": "Polygon", "coordinates": [[[107.04166666666667, -6.05], [107.05555555555556, -6.05], [107.05555555555556, -6.0375], [107.04166666666667, -6.0375], [107.04166666666667, -6.05]]]}, "properties": {"lst_celsius": 28.2}}, {"type": "Feature", "geometry": {"type": "Polygon", "coordinates": [[[107.05555555555556, -6.05], [107.06944444444444, -6.05], [107.06944444444444, -6.0375], [107.05555555555556, -6.0375], [107.05555555555556, -6.05]]]}, "properties": {"lst_celsius": 28.2}}, {"type": "Feature", "geometry": {"type": "Polygon", "coordinates": [[[107.06944444444444, -6.05], [107.08333333333333, -6.05], [107.08333333333333, -6.0375], [107.06944444444444, -6.0375], [107.06944444444444, -6.05]]]}, "properties": {"lst_celsius": 28.2}}, {"type": "Feature", "geometry": {"type": "Polygon", "coordinates": [[[107.08333333333333, -6.05], [107.09722222222223, -6.05], [107.09722222222223, -6.0375], [107.08333333333333, -6.0375], [107.08333333333333, -6.05]]]}, "properties": {"lst_celsius": 28.2}}, {"type": "Feature", "geometry": {"type": "Polygon", "coordinates": [[[107.09722222222223, -6.05], [107.11111111111111, -6.05], [107.11111111111111, -6.0375], [107.09722222222223, -6.0375], [107.09722222222223, -6.05]]]}, "properties": {"lst_celsius": 28.2}}, {"type": "Feature", "geometry": {"type": "Polygon", "coordinates": [[[107.11111111111111, -6.05], [107.125, -6.05], [107.125, -6.0375], [107.11111111111111, -6.0375], [107.11111111111111, -6.05]]]}, "properties": {"lst_celsius": 28.2}}, {"type": "Feature", "geometry": {"type": "Polygon", "coordinates": [[[107.125, -6.05], [107.13888888888889, -6.05], [107.13888888888889, -6.0375], [107.125, -6.0375], [107.125, -6.05]]]}, "properties": {"lst_celsius": 28.2}}, {"type": "Feature", "geometry": {"type": "Polygon", "coordinates": [[[107.13888888888889, -6.05], [107.15277777777777, -6.05], [107.15277777777777, -6.0375], [107.13888888888889, -6.0375], [107.13888888888889, -6.05]]]}, "properties": {"lst_celsius": 28.2}}, {"type": "Feature", "geometry": {"type": "Polygon", "coordinates": [[[107.15277777777777, -6.05], [107.16666666666667, -6.05], [107.16666666666667, -6.0375], [107.15277777777777, -6.0375], [107.15277777777777, -6.05]]]}, "properties": {"lst_celsius": 28.2}}, {"type": "Feature", "geometry": {"type": "Polygon", "coordinates": [[[107.16666666666667, -6.05], [107.18055555555556, -6.05], [107.18055555555556, -6.0375], [107.16666666666667, -6.0375], [107.16666666666667, -6.05]]]}, "properties": {"lst_celsius": 28.2}}, {"type": "Feature", "geometry": {"type": "Polygon", "coordinates": [[[107.18055555555556, -6.05], [107.19444444444444, -6.05], [107.19444444444444, -6.0375], [107.18055555555556, -6.0375], [107.18055555555556, -6.05]]]}, "properties": {"lst_celsius": 28.2}}, {"type": "Feature", "geometry": {"type": "Polygon", "coordinates": [[[107.19444444444444, -6.05], [107.20833333333333, -6.05], [107.20833333333333, -6.0375], [107.19444444444444, -6.0375], [107.19444444444444, -6.05]]]}, "properties": {"lst_celsius": 28.2}}, {"type": "Feature", "geometry": {"type": "Polygon", "coordinates": [[[107.20833333333333, -6.05], [107.22222222222223, -6.05], [107.22222222222223, -6.0375], [107.20833333333333, -6.0375], [107.20833333333333, -6.05]]]}, "properties": {"lst_celsius": 28.2}}, {"type": "Feature", "geometry": {"type": "Polygon", "coordinates": [[[107.22222222222223, -6.05], [107.23611111111111, -6.05], [107.23611111111111, -6.0375], [107.22222222222223, -6.0375], [107.22222222222223, -6.05]]]}, "properties": {"lst_celsius": 28.2}}, {"type": "Feature", "geometry": {"type": "Polygon", "coordinates": [[[107.23611111111111, -6.05], [107.25, -6.05], [107.25, -6.0375], [107.23611111111111, -6.0375], [107.23611111111111, -6.05]]]}, "properties": {"lst_celsius": 28.2}}, {"type": "Feature", "geometry": {"type": "Polygon", "coordinates": [[[106.5, -6.0375], [106.51388888888889, -6.0375], [106.51388888888889, -6.025], [106.5, -6.025], [106.5, -6.0375]]]}, "properties": {"lst_celsius": 28.2}}, {"type": "Feature", "geometry": {"type": "Polygon", "coordinates": [[[106.51388888888889, -6.0375], [106.52777777777777, -6.0375], [106.52777777777777, -6.025], [106.51388888888889, -6.025], [106.51388888888889, -6.0375]]]}, "properties": {"lst_celsius": 28.2}}, {"type": "Feature", "geometry": {"type": "Polygon", "coordinates": [[[106.52777777777777, -6.0375], [106.54166666666667, -6.0375], [106.54166666666667, -6.025], [106.52777777777777, -6.025], [106.52777777777777, -6.0375]]]}, "properties": {"lst_celsius": 28.2}}, {"type": "Feature", "geometry": {"type": "Polygon", "coordinates": [[[106.54166666666667, -6.0375], [106.55555555555556, -6.0375], [106.55555555555556, -6.025], [106.54166666666667, -6.025], [106.54166666666667, -6.0375]]]}, "properties": {"lst_celsius": 28.2}}, {"type": "Feature", "geometry": {"type": "Polygon", "coordinates": [[[106.55555555555556, -6.0375], [106.56944444444444, -6.0375], [106.56944444444444, -6.025], [106.55555555555556, -6.025], [106.55555555555556, -6.0375]]]}, "properties": {"lst_celsius": 28.2}}, {"type": "Feature", "geometry": {"type": "Polygon", "coordinates": [[[106.56944444444444, -6.0375], [106.58333333333333, -6.0375], [106.58333333333333, -6.025], [106.56944444444444, -6.025], [106.56944444444444, -6.0375]]]}, "properties": {"lst_celsius": 28.2}}, {"type": "Feature", "geometry": {"type": "Polygon", "coordinates": [[[106.58333333333333, -6.0375], [106.59722222222223, -6.0375], [106.59722222222223, -6.025], [106.58333333333333, -6.025], [106.58333333333333, -6.0375]]]}, "properties": {"lst_celsius": 28.2}}, {"type": "Feature", "geometry": {"type": "Polygon", "coordinates": [[[106.59722222222223, -6.0375], [106.61111111111111, -6.0375], [106.61111111111111, -6.025], [106.59722222222223, -6.025], [106.59722222222223, -6.0375]]]}, "properties": {"lst_celsius": 28.2}}, {"type": "Feature", "geometry": {"type": "Polygon", "coordinates": [[[106.61111111111111, -6.0375], [106.625, -6.0375], [106.625, -6.025], [106.61111111111111, -6.025], [106.61111111111111, -6.0375]]]}, "properties": {"lst_celsius": 28.2}}, {"type": "Feature", "geometry": {"type": "Polygon", "coordinates": [[[106.625, -6.0375], [106.63888888888889, -6.0375], [106.63888888888889, -6.025], [106.625, -6.025], [106.625, -6.0375]]]}, "properties": {"lst_celsius": 28.2}}, {"type": "Feature", "geometry": {"type": "Polygon", "coordinates": [[[106.63888888888889, -6.0375], [106.65277777777777, -6.0375], [106.65277777777777, -6.025], [106.63888888888889, -6.025], [106.63888888888889, -6.0375]]]}, "properties": {"lst_celsius": 28.2}}, {"type": "Feature", "geometry": {"type": "Polygon", "coordinates": [[[106.65277777777777, -6.0375], [106.66666666666667, -6.0375], [106.66666666666667, -6.025], [106.65277777777777, -6.025], [106.65277777777777, -6.0375]]]}, "properties": {"lst_celsius": 28.2}}, {"type": "Feature", "geometry": {"type": "Polygon", "coordinates": [[[106.66666666666667, -6.0375], [106.68055555555556, -6.0375], [106.68055555555556, -6.025], [106.66666666666667, -6.025], [106.66666666666667, -6.0375]]]}, "properties": {"lst_celsius": 28.2}}, {"type": "Feature", "geometry": {"type": "Polygon", "coordinates": [[[106.68055555555556, -6.0375], [106.69444444444444, -6.0375], [106.69444444444444, -6.025], [106.68055555555556, -6.025], [106.68055555555556, -6.0375]]]}, "properties": {"lst_celsius": 28.2}}, {"type": "Feature", "geometry": {"type": "Polygon", "coordinates": [[[106.69444444444444, -6.0375], [106.70833333333333, -6.0375], [106.70833333333333, -6.025], [106.69444444444444, -6.025], [106.69444444444444, -6.0375]]]}, "properties": {"lst_celsius": 28.2}}, {"type": "Feature", "geometry": {"type": "Polygon", "coordinates": [[[106.70833333333333, -6.0375], [106.72222222222223, -6.0375], [106.72222222222223, -6.025], [106.70833333333333, -6.025], [106.70833333333333, -6.0375]]]}, "properties": {"lst_celsius": 28.2}}, {"type": "Feature", "geometry": {"type": "Polygon", "coordinates": [[[106.72222222222223, -6.0375], [106.73611111111111, -6.0375], [106.73611111111111, -6.025], [106.72222222222223, -6.025], [106.72222222222223, -6.0375]]]}, "properties": {"lst_celsius": 28.2}}, {"type": "Feature", "geometry": {"type": "Polygon", "coordinates": [[[106.73611111111111, -6.0375], [106.75, -6.0375], [106.75, -6.025], [106.73611111111111, -6.025], [106.73611111111111, -6.0375]]]}, "properties": {"lst_celsius": 28.2}}, {"type": "Feature", "geometry": {"type": "Polygon", "coordinates": [[[106.75, -6.0375], [106.76388888888889, -6.0375], [106.76388888888889, -6.025], [106.75, -6.025], [106.75, -6.0375]]]}, "properties": {"lst_celsius": 28.2}}, {"type": "Feature", "geometry": {"type": "Polygon", "coordinates": [[[106.76388888888889, -6.0375], [106.77777777777777, -6.0375], [106.77777777777777, -6.025], [106.76388888888889, -6.025], [106.76388888888889, -6.0375]]]}, "properties": {"lst_celsius": 28.2}}, {"type": "Feature", "geometry": {"type": "Polygon", "coordinates": [[[106.77777777777777, -6.0375], [106.79166666666667, -6.0375], [106.79166666666667, -6.025], [106.77777777777777, -6.025], [106.77777777777777, -6.0375]]]}, "properties": {"lst_celsius": 28.2}}, {"type": "Feature", "geometry": {"type": "Polygon", "coordinates": [[[106.79166666666667, -6.0375], [106.80555555555556, -6.0375], [106.80555555555556, -6.025], [106.79166666666667, -6.025], [106.79166666666667, -6.0375]]]}, "properties": {"lst_celsius": 28.2}}, {"type": "Feature", "geometry": {"type": "Polygon", "coordinates": [[[106.80555555555556, -6.0375], [106.81944444444444, -6.0375], [106.81944444444444, -6.025], [106.80555555555556, -6.025], [106.80555555555556, -6.0375]]]}, "properties": {"lst_celsius": 28.2}}, {"type": "Feature", "geometry": {"type": "Polygon", "coordinates": [[[106.81944444444444, -6.0375], [106.83333333333333, -6.0375], [106.83333333333333, -6.025], [106.81944444444444, -6.025], [106.81944444444444, -6.0375]]]}, "properties": {"lst_celsius": 28.2}}, {"type": "Feature", "geometry": {"type": "Polygon", "coordinates": [[[106.83333333333333, -6.0375], [106.84722222222223, -6.0375], [106.84722222222223, -6.025], [106.83333333333333, -6.025], [106.83333333333333, -6.0375]]]}, "properties": {"lst_celsius": 28.2}}, {"type": "Feature", "geometry": {"type": "Polygon", "coordinates": [[[106.84722222222223, -6.0375], [106.86111111111111, -6.0375], [106.86111111111111, -6.025], [106.84722222222223, -6.025], [106.84722222222223, -6.0375]]]}, "properties": {"lst_celsius": 28.2}}, {"type": "Feature", "geometry": {"type": "Polygon", "coordinates": [[[106.86111111111111, -6.0375], [106.875, -6.0375], [106.875, -6.025], [106.86111111111111, -6.025], [106.86111111111111, -6.0375]]]}, "properties": {"lst_celsius": 28.2}}, {"type": "Feature", "geometry": {"type": "Polygon", "coordinates": [[[106.875, -6.0375], [106.88888888888889, -6.0375], [106.88888888888889, -6.025], [106.875, -6.025], [106.875, -6.0375]]]}, "properties": {"lst_celsius": 28.2}}, {"type": "Feature", "geometry": {"type": "Polygon", "coordinates": [[[106.88888888888889, -6.0375], [106.90277777777777, -6.0375], [106.90277777777777, -6.025], [106.88888888888889, -6.025], [106.88888888888889, -6.0375]]]}, "properties": {"lst_celsius": 28.2}}, {"type": "Feature", "geometry": {"type": "Polygon", "coordinates": [[[106.90277777777777, -6.0375], [106.91666666666667, -6.0375], [106.91666666666667, -6.025], [106.90277777777777, -6.025], [106.90277777777777, -6.0375]]]}, "properties": {"lst_celsius": 28.2}}, {"type": "Feature", "geometry": {"type": "Polygon", "coordinates": [[[106.91666666666667, -6.0375], [106.93055555555556, -6.0375], [106.93055555555556, -6.025], [106.91666666666667, -6.025], [106.91666666666667, -6.0375]]]}, "properties": {"lst_celsius": 28.2}}, {"type": "Feature", "geometry": {"type": "Polygon", "coordinates": [[[106.93055555555556, -6.0375], [106.94444444444444, -6.0375], [106.94444444444444, -6.025], [106.93055555555556, -6.025], [106.93055555555556, -6.0375]]]}, "properties": {"lst_celsius": 28.2}}, {"type": "Feature", "geometry": {"type": "Polygon", "coordinates": [[[106.94444444444444, -6.0375], [106.95833333333333, -6.0375], [106.95833333333333, -6.025], [106.94444444444444, -6.025], [106.94444444444444, -6.0375]]]}, "properties": {"lst_celsius": 28.2}}, {"type": "Feature", "geometry": {"type": "Polygon", "coordinates": [[[106.95833333333333, -6.0375], [106.97222222222223, -6.0375], [106.97222222222223, -6.025], [106.95833333333333, -6.025], [106.95833333333333, -6.0375]]]}, "properties": {"lst_celsius": 28.2}}, {"type": "Feature", "geometry": {"type": "Polygon", "coordinates": [[[106.97222222222223, -6.0375], [106.98611111111111, -6.0375], [106.98611111111111, -6.025], [106.97222222222223, -6.025], [106.97222222222223, -6.0375]]]}, "properties": {"lst_celsius": 28.2}}, {"type": "Feature", "geometry": {"type": "Polygon", "coordinates": [[[106.98611111111111, -6.0375], [107.0, -6.0375], [107.0, -6.025], [106.98611111111111, -6.025], [106.98611111111111, -6.0375]]]}, "properties": {"lst_celsius": 28.2}}, {"type": "Feature", "geometry": {"type": "Polygon", "coordinates": [[[107.0, -6.0375], [107.01388888888889, -6.0375], [107.01388888888889, -6.025], [107.0, -6.025], [107.0, -6.0375]]]}, "properties": {"lst_celsius": 28.2}}, {"type": "Feature", "geometry": {"type": "Polygon", "coordinates": [[[107.01388888888889, -6.0375], [107.02777777777777, -6.0375], [107.02777777777777, -6.025], [107.01388888888889, -6.025], [107.01388888888889, -6.0375]]]}, "properties": {"lst_celsius": 28.2}}, {"type": "Feature", "geometry": {"type": "Polygon", "coordinates": [[[107.02777777777777, -6.0375], [107.04166666666667, -6.0375], [107.04166666666667, -6.025], [107.02777777777777, -6.025], [107.02777777777777, -6.0375]]]}, "properties": {"lst_celsius": 28.2}}, {"type": "Feature", "geometry": {"type": "Polygon", "coordinates": [[[107.04166666666667, -6.0375], [107.05555555555556, -6.0375], [107.05555555555556, -6.025], [107.04166666666667, -6.025], [107.04166666666667, -6.0375]]]}, "properties": {"lst_celsius": 28.2}}, {"type": "Feature", "geometry": {"type": "Polygon", "coordinates": [[[107.05555555555556, -6.0375], [107.06944444444444, -6.0375], [107.06944444444444, -6.025], [107.05555555555556, -6.025], [107.05555555555556, -6.0375]]]}, "properties": {"lst_celsius": 28.2}}, {"type": "Feature", "geometry": {"type": "Polygon", "coordinates": [[[107.06944444444444, -6.0375], [107.08333333333333, -6.0375], [107.08333333333333, -6.025], [107.06944444444444, -6.025], [107.06944444444444, -6.0375]]]}, "properties": {"lst_celsius": 28.2}}, {"type": "Feature", "geometry": {"type": "Polygon", "coordinates": [[[107.08333333333333, -6.0375], [107.09722222222223, -6.0375], [107.09722222222223, -6.025], [107.08333333333333, -6.025], [107.08333333333333, -6.0375]]]}, "properties": {"lst_celsius": 28.2}}, {"type": "Feature", "geometry": {"type": "Polygon", "coordinates": [[[107.09722222222223, -6.0375], [107.11111111111111, -6.0375], [107.11111111111111, -6.025], [107.09722222222223, -6.025], [107.09722222222223, -6.0375]]]}, "properties": {"lst_celsius": 28.2}}, {"type": "Feature", "geometry": {"type": "Polygon", "coordinates": [[[107.11111111111111, -6.0375], [107.125, -6.0375], [107.125, -6.025], [107.11111111111111, -6.025], [107.11111111111111, -6.0375]]]}, "properties": {"lst_celsius": 28.2}}, {"type": "Feature", "geometry": {"type": "Polygon", "coordinates": [[[107.125, -6.0375], [107.13888888888889, -6.0375], [107.13888888888889, -6.025], [107.125, -6.025], [107.125, -6.0375]]]}, "properties": {"lst_celsius": 28.2}}, {"type": "Feature", "geometry": {"type": "Polygon", "coordinates": [[[107.13888888888889, -6.0375], [107.15277777777777, -6.0375], [107.15277777777777, -6.025], [107.13888888888889, -6.025], [107.13888888888889, -6.0375]]]}, "properties": {"lst_celsius": 28.2}}, {"type": "Feature", "geometry": {"type": "Polygon", "coordinates": [[[107.15277777777777, -6.0375], [107.16666666666667, -6.0375], [107.16666666666667, -6.025], [107.15277777777777, -6.025], [107.15277777777777, -6.0375]]]}, "properties": {"lst_celsius": 28.2}}, {"type": "Feature", "geometry": {"type": "Polygon", "coordinates": [[[107.16666666666667, -6.0375], [107.18055555555556, -6.0375], [107.18055555555556, -6.025], [107.16666666666667, -6.025], [107.16666666666667, -6.0375]]]}, "properties": {"lst_celsius": 28.2}}, {"type": "Feature", "geometry": {"type": "Polygon", "coordinates": [[[107.18055555555556, -6.0375], [107.19444444444444, -6.0375], [107.19444444444444, -6.025], [107.18055555555556, -6.025], [107.18055555555556, -6.0375]]]}, "properties": {"lst_celsius": 28.2}}, {"type": "Feature", "geometry": {"type": "Polygon", "coordinates": [[[107.19444444444444, -6.0375], [107.20833333333333, -6.0375], [107.20833333333333, -6.025], [107.19444444444444, -6.025], [107.19444444444444, -6.0375]]]}, "properties": {"lst_celsius": 28.2}}, {"type": "Feature", "geometry": {"type": "Polygon", "coordinates": [[[107.20833333333333, -6.0375], [107.22222222222223, -6.0375], [107.22222222222223, -6.025], [107.20833333333333, -6.025], [107.20833333333333, -6.0375]]]}, "properties": {"lst_celsius": 28.2}}, {"type": "Feature", "geometry": {"type": "Polygon", "coordinates": [[[107.22222222222223, -6.0375], [107.23611111111111, -6.0375], [107.23611111111111, -6.025], [107.22222222222223, -6.025], [107.22222222222223, -6.0375]]]}, "properties": {"lst_celsius": 28.2}}, {"type": "Feature", "geometry": {"type": "Polygon", "coordinates": [[[107.23611111111111, -6.0375], [107.25, -6.0375], [107.25, -6.025], [107.23611111111111, -6.025], [107.23611111111111, -6.0375]]]}, "properties": {"lst_celsius": 28.2}}, {"type": "Feature", "geometry": {"type": "Polygon", "coordinates": [[[106.5, -6.025], [106.51388888888889, -6.025], [106.51388888888889, -6.0125], [106.5, -6.0125], [106.5, -6.025]]]}, "properties": {"lst_celsius": 28.2}}, {"type": "Feature", "geometry": {"type": "Polygon", "coordinates": [[[106.51388888888889, -6.025], [106.52777777777777, -6.025], [106.52777777777777, -6.0125], [106.51388888888889, -6.0125], [106.51388888888889, -6.025]]]}, "properties": {"lst_celsius": 28.2}}, {"type": "Feature", "geometry": {"type": "Polygon", "coordinates": [[[106.52777777777777, -6.025], [106.54166666666667, -6.025], [106.54166666666667, -6.0125], [106.52777777777777, -6.0125], [106.52777777777777, -6.025]]]}, "properties": {"lst_celsius": 28.2}}, {"type": "Feature", "geometry": {"type": "Polygon", "coordinates": [[[106.54166666666667, -6.025], [106.55555555555556, -6.025], [106.55555555555556, -6.0125], [106.54166666666667, -6.0125], [106.54166666666667, -6.025]]]}, "properties": {"lst_celsius": 28.2}}, {"type": "Feature", "geometry": {"type": "Polygon", "coordinates": [[[106.55555555555556, -6.025], [106.56944444444444, -6.025], [106.56944444444444, -6.0125], [106.55555555555556, -6.0125], [106.55555555555556, -6.025]]]}, "properties": {"lst_celsius": 28.2}}, {"type": "Feature", "geometry": {"type": "Polygon", "coordinates": [[[106.56944444444444, -6.025], [106.58333333333333, -6.025], [106.58333333333333, -6.0125], [106.56944444444444, -6.0125], [106.56944444444444, -6.025]]]}, "properties": {"lst_celsius": 28.2}}, {"type": "Feature", "geometry": {"type": "Polygon", "coordinates": [[[106.58333333333333, -6.025], [106.59722222222223, -6.025], [106.59722222222223, -6.0125], [106.58333333333333, -6.0125], [106.58333333333333, -6.025]]]}, "properties": {"lst_celsius": 28.2}}, {"type": "Feature", "geometry": {"type": "Polygon", "coordinates": [[[106.59722222222223, -6.025], [106.61111111111111, -6.025], [106.61111111111111, -6.0125], [106.59722222222223, -6.0125], [106.59722222222223, -6.025]]]}, "properties": {"lst_celsius": 28.2}}, {"type": "Feature", "geometry": {"type": "Polygon", "coordinates": [[[106.61111111111111, -6.025], [106.625, -6.025], [106.625, -6.0125], [106.61111111111111, -6.0125], [106.61111111111111, -6.025]]]}, "properties": {"lst_celsius": 28.2}}, {"type": "Feature", "geometry": {"type": "Polygon", "coordinates": [[[106.625, -6.025], [106.63888888888889, -6.025], [106.63888888888889, -6.0125], [106.625, -6.0125], [106.625, -6.025]]]}, "properties": {"lst_celsius": 28.2}}, {"type": "Feature", "geometry": {"type": "Polygon", "coordinates": [[[106.63888888888889, -6.025], [106.65277777777777, -6.025], [106.65277777777777, -6.0125], [106.63888888888889, -6.0125], [106.63888888888889, -6.025]]]}, "properties": {"lst_celsius": 28.2}}, {"type": "Feature", "geometry": {"type": "Polygon", "coordinates": [[[106.65277777777777, -6.025], [106.66666666666667, -6.025], [106.66666666666667, -6.0125], [106.65277777777777, -6.0125], [106.65277777777777, -6.025]]]}, "properties": {"lst_celsius": 28.2}}, {"type": "Feature", "geometry": {"type": "Polygon", "coordinates": [[[106.66666666666667, -6.025], [106.68055555555556, -6.025], [106.68055555555556, -6.0125], [106.66666666666667, -6.0125], [106.66666666666667, -6.025]]]}, "properties": {"lst_celsius": 28.2}}, {"type": "Feature", "geometry": {"type": "Polygon", "coordinates": [[[106.68055555555556, -6.025], [106.69444444444444, -6.025], [106.69444444444444, -6.0125], [106.68055555555556, -6.0125], [106.68055555555556, -6.025]]]}, "properties": {"lst_celsius": 28.2}}, {"type": "Feature", "geometry": {"type": "Polygon", "coordinates": [[[106.69444444444444, -6.025], [106.70833333333333, -6.025], [106.70833333333333, -6.0125], [106.69444444444444, -6.0125], [106.69444444444444, -6.025]]]}, "properties": {"lst_celsius": 28.2}}, {"type": "Feature", "geometry": {"type": "Polygon", "coordinates": [[[106.70833333333333, -6.025], [106.72222222222223, -6.025], [106.72222222222223, -6.0125], [106.70833333333333, -6.0125], [106.70833333333333, -6.025]]]}, "properties": {"lst_celsius": 28.2}}, {"type": "Feature", "geometry": {"type": "Polygon", "coordinates": [[[106.72222222222223, -6.025], [106.73611111111111, -6.025], [106.73611111111111, -6.0125], [106.72222222222223, -6.0125], [106.72222222222223, -6.025]]]}, "properties": {"lst_celsius": 28.2}}, {"type": "Feature", "geometry": {"type": "Polygon", "coordinates": [[[106.73611111111111, -6.025], [106.75, -6.025], [106.75, -6.0125], [106.73611111111111, -6.0125], [106.73611111111111, -6.025]]]}, "properties": {"lst_celsius": 28.2}}, {"type": "Feature", "geometry": {"type": "Polygon", "coordinates": [[[106.75, -6.025], [106.76388888888889, -6.025], [106.76388888888889, -6.0125], [106.75, -6.0125], [106.75, -6.025]]]}, "properties": {"lst_celsius": 28.2}}, {"type": "Feature", "geometry": {"type": "Polygon", "coordinates": [[[106.76388888888889, -6.025], [106.77777777777777, -6.025], [106.77777777777777, -6.0125], [106.76388888888889, -6.0125], [106.76388888888889, -6.025]]]}, "properties": {"lst_celsius": 28.2}}, {"type": "Feature", "geometry": {"type": "Polygon", "coordinates": [[[106.77777777777777, -6.025], [106.79166666666667, -6.025], [106.79166666666667, -6.0125], [106.77777777777777, -6.0125], [106.77777777777777, -6.025]]]}, "properties": {"lst_celsius": 28.2}}, {"type": "Feature", "geometry": {"type": "Polygon", "coordinates": [[[106.79166666666667, -6.025], [106.80555555555556, -6.025], [106.80555555555556, -6.0125], [106.79166666666667, -6.0125], [106.79166666666667, -6.025]]]}, "properties": {"lst_celsius": 28.2}}, {"type": "Feature", "geometry": {"type": "Polygon", "coordinates": [[[106.80555555555556, -6.025], [106.81944444444444, -6.025], [106.81944444444444, -6.0125], [106.80555555555556, -6.0125], [106.80555555555556, -6.025]]]}, "properties": {"lst_celsius": 28.2}}, {"type": "Feature", "geometry": {"type": "Polygon", "coordinates": [[[106.81944444444444, -6.025], [106.83333333333333, -6.025], [106.83333333333333, -6.0125], [106.81944444444444, -6.0125], [106.81944444444444, -6.025]]]}, "properties": {"lst_celsius": 28.2}}, {"type": "Feature", "geometry": {"type": "Polygon", "coordinates": [[[106.83333333333333, -6.025], [106.84722222222223, -6.025], [106.84722222222223, -6.0125], [106.83333333333333, -6.0125], [106.83333333333333, -6.025]]]}, "properties": {"lst_celsius": 28.2}}, {"type": "Feature", "geometry": {"type": "Polygon", "coordinates": [[[106.84722222222223, -6.025], [106.86111111111111, -6.025], [106.86111111111111, -6.0125], [106.84722222222223, -6.0125], [106.84722222222223, -6.025]]]}, "properties": {"lst_celsius": 28.2}}, {"type": "Feature", "geometry": {"type": "Polygon", "coordinates": [[[106.86111111111111, -6.025], [106.875, -6.025], [106.875, -6.0125], [106.86111111111111, -6.0125], [106.86111111111111, -6.025]]]}, "properties": {"lst_celsius": 28.2}}, {"type": "Feature", "geometry": {"type": "Polygon", "coordinates": [[[106.875, -6.025], [106.88888888888889, -6.025], [106.88888888888889, -6.0125], [106.875, -6.0125], [106.875, -6.025]]]}, "properties": {"lst_celsius": 28.2}}, {"type": "Feature", "geometry": {"type": "Polygon", "coordinates": [[[106.88888888888889, -6.025], [106.90277777777777, -6.025], [106.90277777777777, -6.0125], [106.88888888888889, -6.0125], [106.88888888888889, -6.025]]]}, "properties": {"lst_celsius": 28.2}}, {"type": "Feature", "geometry": {"type": "Polygon", "coordinates": [[[106.90277777777777, -6.025], [106.91666666666667, -6.025], [106.91666666666667, -6.0125], [106.90277777777777, -6.0125], [106.90277777777777, -6.025]]]}, "properties": {"lst_celsius": 28.2}}, {"type": "Feature", "geometry": {"type": "Polygon", "coordinates": [[[106.91666666666667, -6.025], [106.93055555555556, -6.025], [106.93055555555556, -6.0125], [106.91666666666667, -6.0125], [106.91666666666667, -6.025]]]}, "properties": {"lst_celsius": 28.2}}, {"type": "Feature", "geometry": {"type": "Polygon", "coordinates": [[[106.93055555555556, -6.025], [106.94444444444444, -6.025], [106.94444444444444, -6.0125], [106.93055555555556, -6.0125], [106.93055555555556, -6.025]]]}, "properties": {"lst_celsius": 28.2}}, {"type": "Feature", "geometry": {"type": "Polygon", "coordinates": [[[106.94444444444444, -6.025], [106.95833333333333, -6.025], [106.95833333333333, -6.0125], [106.94444444444444, -6.0125], [106.94444444444444, -6.025]]]}, "properties": {"lst_celsius": 28.2}}, {"type": "Feature", "geometry": {"type": "Polygon", "coordinates": [[[106.95833333333333, -6.025], [106.97222222222223, -6.025], [106.97222222222223, -6.0125], [106.95833333333333, -6.0125], [106.95833333333333, -6.025]]]}, "properties": {"lst_celsius": 28.2}}, {"type": "Feature", "geometry": {"type": "Polygon", "coordinates": [[[106.97222222222223, -6.025], [106.98611111111111, -6.025], [106.98611111111111, -6.0125], [106.97222222222223, -6.0125], [106.97222222222223, -6.025]]]}, "properties": {"lst_celsius": 28.2}}, {"type": "Feature", "geometry": {"type": "Polygon", "coordinates": [[[106.98611111111111, -6.025], [107.0, -6.025], [107.0, -6.0125], [106.98611111111111, -6.0125], [106.98611111111111, -6.025]]]}, "properties": {"lst_celsius": 28.2}}, {"type": "Feature", "geometry": {"type": "Polygon", "coordinates": [[[107.0, -6.025], [107.01388888888889, -6.025], [107.01388888888889, -6.0125], [107.0, -6.0125], [107.0, -6.025]]]}, "properties": {"lst_celsius": 28.2}}, {"type": "Feature", "geometry": {"type": "Polygon", "coordinates": [[[107.01388888888889, -6.025], [107.02777777777777, -6.025], [107.02777777777777, -6.0125], [107.01388888888889, -6.0125], [107.01388888888889, -6.025]]]}, "properties": {"lst_celsius": 28.2}}, {"type": "Feature", "geometry": {"type": "Polygon", "coordinates": [[[107.02777777777777, -6.025], [107.04166666666667, -6.025], [107.04166666666667, -6.0125], [107.02777777777777, -6.0125], [107.02777777777777, -6.025]]]}, "properties": {"lst_celsius": 28.2}}, {"type": "Feature", "geometry": {"type": "Polygon", "coordinates": [[[107.04166666666667, -6.025], [107.05555555555556, -6.025], [107.05555555555556, -6.0125], [107.04166666666667, -6.0125], [107.04166666666667, -6.025]]]}, "properties": {"lst_celsius": 28.2}}, {"type": "Feature", "geometry": {"type": "Polygon", "coordinates": [[[107.05555555555556, -6.025], [107.06944444444444, -6.025], [107.06944444444444, -6.0125], [107.05555555555556, -6.0125], [107.05555555555556, -6.025]]]}, "properties": {"lst_celsius": 28.2}}, {"type": "Feature", "geometry": {"type": "Polygon", "coordinates": [[[107.06944444444444, -6.025], [107.08333333333333, -6.025], [107.08333333333333, -6.0125], [107.06944444444444, -6.0125], [107.06944444444444, -6.025]]]}, "properties": {"lst_celsius": 28.2}}, {"type": "Feature", "geometry": {"type": "Polygon", "coordinates": [[[107.08333333333333, -6.025], [107.09722222222223, -6.025], [107.09722222222223, -6.0125], [107.08333333333333, -6.0125], [107.08333333333333, -6.025]]]}, "properties": {"lst_celsius": 28.2}}, {"type": "Feature", "geometry": {"type": "Polygon", "coordinates": [[[107.09722222222223, -6.025], [107.11111111111111, -6.025], [107.11111111111111, -6.0125], [107.09722222222223, -6.0125], [107.09722222222223, -6.025]]]}, "properties": {"lst_celsius": 28.2}}, {"type": "Feature", "geometry": {"type": "Polygon", "coordinates": [[[107.11111111111111, -6.025], [107.125, -6.025], [107.125, -6.0125], [107.11111111111111, -6.0125], [107.11111111111111, -6.025]]]}, "properties": {"lst_celsius": 28.2}}, {"type": "Feature", "geometry": {"type": "Polygon", "coordinates": [[[107.125, -6.025], [107.13888888888889, -6.025], [107.13888888888889, -6.0125], [107.125, -6.0125], [107.125, -6.025]]]}, "properties": {"lst_celsius": 28.2}}, {"type": "Feature", "geometry": {"type": "Polygon", "coordinates": [[[107.13888888888889, -6.025], [107.15277777777777, -6.025], [107.15277777777777, -6.0125], [107.13888888888889, -6.0125], [107.13888888888889, -6.025]]]}, "properties": {"lst_celsius": 28.2}}, {"type": "Feature", "geometry": {"type": "Polygon", "coordinates": [[[107.15277777777777, -6.025], [107.16666666666667, -6.025], [107.16666666666667, -6.0125], [107.15277777777777, -6.0125], [107.15277777777777, -6.025]]]}, "properties": {"lst_celsius": 28.2}}, {"type": "Feature", "geometry": {"type": "Polygon", "coordinates": [[[107.16666666666667, -6.025], [107.18055555555556, -6.025], [107.18055555555556, -6.0125], [107.16666666666667, -6.0125], [107.16666666666667, -6.025]]]}, "properties": {"lst_celsius": 28.2}}, {"type": "Feature", "geometry": {"type": "Polygon", "coordinates": [[[107.18055555555556, -6.025], [107.19444444444444, -6.025], [107.19444444444444, -6.0125], [107.18055555555556, -6.0125], [107.18055555555556, -6.025]]]}, "properties": {"lst_celsius": 28.2}}, {"type": "Feature", "geometry": {"type": "Polygon", "coordinates": [[[107.19444444444444, -6.025], [107.20833333333333, -6.025], [107.20833333333333, -6.0125], [107.19444444444444, -6.0125], [107.19444444444444, -6.025]]]}, "properties": {"lst_celsius": 28.2}}, {"type": "Feature", "geometry": {"type": "Polygon", "coordinates": [[[107.20833333333333, -6.025], [107.22222222222223, -6.025], [107.22222222222223, -6.0125], [107.20833333333333, -6.0125], [107.20833333333333, -6.025]]]}, "properties": {"lst_celsius": 28.2}}, {"type": "Feature", "geometry": {"type": "Polygon", "coordinates": [[[107.22222222222223, -6.025], [107.23611111111111, -6.025], [107.23611111111111, -6.0125], [107.22222222222223, -6.0125], [107.22222222222223, -6.025]]]}, "properties": {"lst_celsius": 28.2}}, {"type": "Feature", "geometry": {"type": "Polygon", "coordinates": [[[107.23611111111111, -6.025], [107.25, -6.025], [107.25, -6.0125], [107.23611111111111, -6.0125], [107.23611111111111, -6.025]]]}, "properties": {"lst_celsius": 28.2}}, {"type": "Feature", "geometry": {"type": "Polygon", "coordinates": [[[106.5, -6.0125], [106.51388888888889, -6.0125], [106.51388888888889, -6.0], [106.5, -6.0], [106.5, -6.0125]]]}, "properties": {"lst_celsius": 28.2}}, {"type": "Feature", "geometry": {"type": "Polygon", "coordinates": [[[106.51388888888889, -6.0125], [106.52777777777777, -6.0125], [106.52777777777777, -6.0], [106.51388888888889, -6.0], [106.51388888888889, -6.0125]]]}, "properties": {"lst_celsius": 28.2}}, {"type": "Feature", "geometry": {"type": "Polygon", "coordinates": [[[106.52777777777777, -6.0125], [106.54166666666667, -6.0125], [106.54166666666667, -6.0], [106.52777777777777, -6.0], [106.52777777777777, -6.0125]]]}, "properties": {"lst_celsius": 28.2}}, {"type": "Feature", "geometry": {"type": "Polygon", "coordinates": [[[106.54166666666667, -6.0125], [106.55555555555556, -6.0125], [106.55555555555556, -6.0], [106.54166666666667, -6.0], [106.54166666666667, -6.0125]]]}, "properties": {"lst_celsius": 28.2}}, {"type": "Feature", "geometry": {"type": "Polygon", "coordinates": [[[106.55555555555556, -6.0125], [106.56944444444444, -6.0125], [106.56944444444444, -6.0], [106.55555555555556, -6.0], [106.55555555555556, -6.0125]]]}, "properties": {"lst_celsius": 28.2}}, {"type": "Feature", "geometry": {"type": "Polygon", "coordinates": [[[106.56944444444444, -6.0125], [106.58333333333333, -6.0125], [106.58333333333333, -6.0], [106.56944444444444, -6.0], [106.56944444444444, -6.0125]]]}, "properties": {"lst_celsius": 28.2}}, {"type": "Feature", "geometry": {"type": "Polygon", "coordinates": [[[106.58333333333333, -6.0125], [106.59722222222223, -6.0125], [106.59722222222223, -6.0], [106.58333333333333, -6.0], [106.58333333333333, -6.0125]]]}, "properties": {"lst_celsius": 28.2}}, {"type": "Feature", "geometry": {"type": "Polygon", "coordinates": [[[106.59722222222223, -6.0125], [106.61111111111111, -6.0125], [106.61111111111111, -6.0], [106.59722222222223, -6.0], [106.59722222222223, -6.0125]]]}, "properties": {"lst_celsius": 28.2}}, {"type": "Feature", "geometry": {"type": "Polygon", "coordinates": [[[106.61111111111111, -6.0125], [106.625, -6.0125], [106.625, -6.0], [106.61111111111111, -6.0], [106.61111111111111, -6.0125]]]}, "properties": {"lst_celsius": 28.2}}, {"type": "Feature", "geometry": {"type": "Polygon", "coordinates": [[[106.625, -6.0125], [106.63888888888889, -6.0125], [106.63888888888889, -6.0], [106.625, -6.0], [106.625, -6.0125]]]}, "properties": {"lst_celsius": 28.2}}, {"type": "Feature", "geometry": {"type": "Polygon", "coordinates": [[[106.63888888888889, -6.0125], [106.65277777777777, -6.0125], [106.65277777777777, -6.0], [106.63888888888889, -6.0], [106.63888888888889, -6.0125]]]}, "properties": {"lst_celsius": 28.2}}, {"type": "Feature", "geometry": {"type": "Polygon", "coordinates": [[[106.65277777777777, -6.0125], [106.66666666666667, -6.0125], [106.66666666666667, -6.0], [106.65277777777777, -6.0], [106.65277777777777, -6.0125]]]}, "properties": {"lst_celsius": 28.2}}, {"type": "Feature", "geometry": {"type": "Polygon", "coordinates": [[[106.66666666666667, -6.0125], [106.68055555555556, -6.0125], [106.68055555555556, -6.0], [106.66666666666667, -6.0], [106.66666666666667, -6.0125]]]}, "properties": {"lst_celsius": 28.2}}, {"type": "Feature", "geometry": {"type": "Polygon", "coordinates": [[[106.68055555555556, -6.0125], [106.69444444444444, -6.0125], [106.69444444444444, -6.0], [106.68055555555556, -6.0], [106.68055555555556, -6.0125]]]}, "properties": {"lst_celsius": 28.2}}, {"type": "Feature", "geometry": {"type": "Polygon", "coordinates": [[[106.69444444444444, -6.0125], [106.70833333333333, -6.0125], [106.70833333333333, -6.0], [106.69444444444444, -6.0], [106.69444444444444, -6.0125]]]}, "properties": {"lst_celsius": 28.2}}, {"type": "Feature", "geometry": {"type": "Polygon", "coordinates": [[[106.70833333333333, -6.0125], [106.72222222222223, -6.0125], [106.72222222222223, -6.0], [106.70833333333333, -6.0], [106.70833333333333, -6.0125]]]}, "properties": {"lst_celsius": 28.2}}, {"type": "Feature", "geometry": {"type": "Polygon", "coordinates": [[[106.72222222222223, -6.0125], [106.73611111111111, -6.0125], [106.73611111111111, -6.0], [106.72222222222223, -6.0], [106.72222222222223, -6.0125]]]}, "properties": {"lst_celsius": 28.2}}, {"type": "Feature", "geometry": {"type": "Polygon", "coordinates": [[[106.73611111111111, -6.0125], [106.75, -6.0125], [106.75, -6.0], [106.73611111111111, -6.0], [106.73611111111111, -6.0125]]]}, "properties": {"lst_celsius": 28.2}}, {"type": "Feature", "geometry": {"type": "Polygon", "coordinates": [[[106.75, -6.0125], [106.76388888888889, -6.0125], [106.76388888888889, -6.0], [106.75, -6.0], [106.75, -6.0125]]]}, "properties": {"lst_celsius": 28.2}}, {"type": "Feature", "geometry": {"type": "Polygon", "coordinates": [[[106.76388888888889, -6.0125], [106.77777777777777, -6.0125], [106.77777777777777, -6.0], [106.76388888888889, -6.0], [106.76388888888889, -6.0125]]]}, "properties": {"lst_celsius": 28.2}}, {"type": "Feature", "geometry": {"type": "Polygon", "coordinates": [[[106.77777777777777, -6.0125], [106.79166666666667, -6.0125], [106.79166666666667, -6.0], [106.77777777777777, -6.0], [106.77777777777777, -6.0125]]]}, "properties": {"lst_celsius": 28.2}}, {"type": "Feature", "geometry": {"type": "Polygon", "coordinates": [[[106.79166666666667, -6.0125], [106.80555555555556, -6.0125], [106.80555555555556, -6.0], [106.79166666666667, -6.0], [106.79166666666667, -6.0125]]]}, "properties": {"lst_celsius": 28.2}}, {"type": "Feature", "geometry": {"type": "Polygon", "coordinates": [[[106.80555555555556, -6.0125], [106.81944444444444, -6.0125], [106.81944444444444, -6.0], [106.80555555555556, -6.0], [106.80555555555556, -6.0125]]]}, "properties": {"lst_celsius": 28.2}}, {"type": "Feature", "geometry": {"type": "Polygon", "coordinates": [[[106.81944444444444, -6.0125], [106.83333333333333, -6.0125], [106.83333333333333, -6.0], [106.81944444444444, -6.0], [106.81944444444444, -6.0125]]]}, "properties": {"lst_celsius": 28.2}}, {"type": "Feature", "geometry": {"type": "Polygon", "coordinates": [[[106.83333333333333, -6.0125], [106.84722222222223, -6.0125], [106.84722222222223, -6.0], [106.83333333333333, -6.0], [106.83333333333333, -6.0125]]]}, "properties": {"lst_celsius": 28.2}}, {"type": "Feature", "geometry": {"type": "Polygon", "coordinates": [[[106.84722222222223, -6.0125], [106.86111111111111, -6.0125], [106.86111111111111, -6.0], [106.84722222222223, -6.0], [106.84722222222223, -6.0125]]]}, "properties": {"lst_celsius": 28.2}}, {"type": "Feature", "geometry": {"type": "Polygon", "coordinates": [[[106.86111111111111, -6.0125], [106.875, -6.0125], [106.875, -6.0], [106.86111111111111, -6.0], [106.86111111111111, -6.0125]]]}, "properties": {"lst_celsius": 28.2}}, {"type": "Feature", "geometry": {"type": "Polygon", "coordinates": [[[106.875, -6.0125], [106.88888888888889, -6.0125], [106.88888888888889, -6.0], [106.875, -6.0], [106.875, -6.0125]]]}, "properties": {"lst_celsius": 28.2}}, {"type": "Feature", "geometry": {"type": "Polygon", "coordinates": [[[106.88888888888889, -6.0125], [106.90277777777777, -6.0125], [106.90277777777777, -6.0], [106.88888888888889, -6.0], [106.88888888888889, -6.0125]]]}, "properties": {"lst_celsius": 28.2}}, {"type": "Feature", "geometry": {"type": "Polygon", "coordinates": [[[106.90277777777777, -6.0125], [106.91666666666667, -6.0125], [106.91666666666667, -6.0], [106.90277777777777, -6.0], [106.90277777777777, -6.0125]]]}, "properties": {"lst_celsius": 28.2}}, {"type": "Feature", "geometry": {"type": "Polygon", "coordinates": [[[106.91666666666667, -6.0125], [106.93055555555556, -6.0125], [106.93055555555556, -6.0], [106.91666666666667, -6.0], [106.91666666666667, -6.0125]]]}, "properties": {"lst_celsius": 28.2}}, {"type": "Feature", "geometry": {"type": "Polygon", "coordinates": [[[106.93055555555556, -6.0125], [106.94444444444444, -6.0125], [106.94444444444444, -6.0], [106.93055555555556, -6.0], [106.93055555555556, -6.0125]]]}, "properties": {"lst_celsius": 28.2}}, {"type": "Feature", "geometry": {"type": "Polygon", "coordinates": [[[106.94444444444444, -6.0125], [106.95833333333333, -6.0125], [106.95833333333333, -6.0], [106.94444444444444, -6.0], [106.94444444444444, -6.0125]]]}, "properties": {"lst_celsius": 28.2}}, {"type": "Feature", "geometry": {"type": "Polygon", "coordinates": [[[106.95833333333333, -6.0125], [106.97222222222223, -6.0125], [106.97222222222223, -6.0], [106.95833333333333, -6.0], [106.95833333333333, -6.0125]]]}, "properties": {"lst_celsius": 28.2}}, {"type": "Feature", "geometry": {"type": "Polygon", "coordinates": [[[106.97222222222223, -6.0125], [106.98611111111111, -6.0125], [106.98611111111111, -6.0], [106.97222222222223, -6.0], [106.97222222222223, -6.0125]]]}, "properties": {"lst_celsius": 28.2}}, {"type": "Feature", "geometry": {"type": "Polygon", "coordinates": [[[106.98611111111111, -6.0125], [107.0, -6.0125], [107.0, -6.0], [106.98611111111111, -6.0], [106.98611111111111, -6.0125]]]}, "properties": {"lst_celsius": 28.2}}, {"type": "Feature", "geometry": {"type": "Polygon", "coordinates": [[[107.0, -6.0125], [107.01388888888889, -6.0125], [107.01388888888889, -6.0], [107.0, -6.0], [107.0, -6.0125]]]}, "properties": {"lst_celsius": 28.2}}, {"type": "Feature", "geometry": {"type": "Polygon", "coordinates": [[[107.01388888888889, -6.0125], [107.02777777777777, -6.0125], [107.02777777777777, -6.0], [107.01388888888889, -6.0], [107.01388888888889, -6.0125]]]}, "properties": {"lst_celsius": 28.2}}, {"type": "Feature", "geometry": {"type": "Polygon", "coordinates": [[[107.02777777777777, -6.0125], [107.04166666666667, -6.0125], [107.04166666666667, -6.0], [107.02777777777777, -6.0], [107.02777777777777, -6.0125]]]}, "properties": {"lst_celsius": 28.2}}, {"type": "Feature", "geometry": {"type": "Polygon", "coordinates": [[[107.04166666666667, -6.0125], [107.05555555555556, -6.0125], [107.05555555555556, -6.0], [107.04166666666667, -6.0], [107.04166666666667, -6.0125]]]}, "properties": {"lst_celsius": 28.2}}, {"type": "Feature", "geometry": {"type": "Polygon", "coordinates": [[[107.05555555555556, -6.0125], [107.06944444444444, -6.0125], [107.06944444444444, -6.0], [107.05555555555556, -6.0], [107.05555555555556, -6.0125]]]}, "properties": {"lst_celsius": 28.2}}, {"type": "Feature", "geometry": {"type": "Polygon", "coordinates": [[[107.06944444444444, -6.0125], [107.08333333333333, -6.0125], [107.08333333333333, -6.0], [107.06944444444444, -6.0], [107.06944444444444, -6.0125]]]}, "properties": {"lst_celsius": 28.2}}, {"type": "Feature", "geometry": {"type": "Polygon", "coordinates": [[[107.08333333333333, -6.0125], [107.09722222222223, -6.0125], [107.09722222222223, -6.0], [107.08333333333333, -6.0], [107.08333333333333, -6.0125]]]}, "properties": {"lst_celsius": 28.2}}, {"type": "Feature", "geometry": {"type": "Polygon", "coordinates": [[[107.09722222222223, -6.0125], [107.11111111111111, -6.0125], [107.11111111111111, -6.0], [107.09722222222223, -6.0], [107.09722222222223, -6.0125]]]}, "properties": {"lst_celsius": 28.2}}, {"type": "Feature", "geometry": {"type": "Polygon", "coordinates": [[[107.11111111111111, -6.0125], [107.125, -6.0125], [107.125, -6.0], [107.11111111111111, -6.0], [107.11111111111111, -6.0125]]]}, "properties": {"lst_celsius": 28.2}}, {"type": "Feature", "geometry": {"type": "Polygon", "coordinates": [[[107.125, -6.0125], [107.13888888888889, -6.0125], [107.13888888888889, -6.0], [107.125, -6.0], [107.125, -6.0125]]]}, "properties": {"lst_celsius": 28.2}}, {"type": "Feature", "geometry": {"type": "Polygon", "coordinates": [[[107.13888888888889, -6.0125], [107.15277777777777, -6.0125], [107.15277777777777, -6.0], [107.13888888888889, -6.0], [107.13888888888889, -6.0125]]]}, "properties": {"lst_celsius": 28.2}}, {"type": "Feature", "geometry": {"type": "Polygon", "coordinates": [[[107.15277777777777, -6.0125], [107.16666666666667, -6.0125], [107.16666666666667, -6.0], [107.15277777777777, -6.0], [107.15277777777777, -6.0125]]]}, "properties": {"lst_celsius": 28.2}}, {"type": "Feature", "geometry": {"type": "Polygon", "coordinates": [[[107.16666666666667, -6.0125], [107.18055555555556, -6.0125], [107.18055555555556, -6.0], [107.16666666666667, -6.0], [107.16666666666667, -6.0125]]]}, "properties": {"lst_celsius": 28.2}}, {"type": "Feature", "geometry": {"type": "Polygon", "coordinates": [[[107.18055555555556, -6.0125], [107.19444444444444, -6.0125], [107.19444444444444, -6.0], [107.18055555555556, -6.0], [107.18055555555556, -6.0125]]]}, "properties": {"lst_celsius": 28.2}}, {"type": "Feature", "geometry": {"type": "Polygon", "coordinates": [[[107.19444444444444, -6.0125], [107.20833333333333, -6.0125], [107.20833333333333, -6.0], [107.19444444444444, -6.0], [107.19444444444444, -6.0125]]]}, "properties": {"lst_celsius": 28.2}}, {"type": "Feature", "geometry": {"type": "Polygon", "coordinates": [[[107.20833333333333, -6.0125], [107.22222222222223, -6.0125], [107.22222222222223, -6.0], [107.20833333333333, -6.0], [107.20833333333333, -6.0125]]]}, "properties": {"lst_celsius": 28.2}}, {"type": "Feature", "geometry": {"type": "Polygon", "coordinates": [[[107.22222222222223, -6.0125], [107.23611111111111, -6.0125], [107.23611111111111, -6.0], [107.22222222222223, -6.0], [107.22222222222223, -6.0125]]]}, "properties": {"lst_celsius": 28.2}}, {"type": "Feature", "geometry": {"type": "Polygon", "coordinates": [[[107.23611111111111, -6.0125], [107.25, -6.0125], [107.25, -6.0], [107.23611111111111, -6.0], [107.23611111111111, -6.0125]]]}, "properties": {"lst_celsius": 28.2}}]}