{"type":"FeatureCollection","properties":{"region_type":"region","region_unit_label":"region","min_count":4,"max_count":9},"features":[{"type":"Feature","geometry":{"type":"Polygon","coordinates":[[[94.52121043826082,4.70833482253388],[94.52121043826082,5.1803637076811775],[95.1430605069336,5.1803637076811775],[95.1430605069336,4.70833482253388],[94.52121043826082,4.70833482253388]]]},"properties":{"region_code":"x152y010","label":"x152y010","count":9}},{"type":"Feature","geometry":{"type":"Polygon","coordinates":[[[94.52121043826082,5.1803637076811775],[94.52121043826082,5.652736052095529],[95.1430605069336,5.652736052095529],[95.1430605069336,5.1803637076811775],[94.52121043826082,5.1803637076811775]]]},"properties":{"region_code":"x152y011","label":"x152y011","count":9}},{"type":"Feature","geometry":{"type":"Polygon","coordinates":[[[94.52121043826082,5.652736052095529],[94.52121043826082,6.125483956889549],[95.1430605069336,6.125483956889549],[95.1430605069336,5.652736052095529],[94.52121043826082,5.652736052095529]]]},"properties":{"region_code":"x152y012","label":"x152y012","count":9}},{"type":"Feature","geometry":{"type":"Polygon","coordinates":[[[94.52121043826082,6.125483956889549],[94.52121043826082,6.5986397562945305],[95.1430605069336,6.5986397562945305],[95.1430605069336,6.125483956889549],[94.52121043826082,6.125483956889549]]]},"properties":{"region_code":"x152y013","label":"x152y013","count":9}},{"type":"Feature","geometry":{"type":"Polygon","coordinates":[[[95.1430605069336,2.352232473781689],[95.1430605069336,2.823018856660936],[95.76491057560638,2.823018856660936],[95.76491057560638,2.352232473781689],[95.1430605069336,2.352232473781689]]]},"properties":{"region_code":"x153y005","label":"x153y005","count":9}},{"type":"Feature","geometry":{"type":"Polygon","coordinates":[[[95.1430605069336,2.823018856660936],[95.1430605069336,3.2939909740681896],[95.76491057560638,3.2939909740681896],[95.76491057560638,2.823018856660936],[95.1430605069336,2.823018856660936]]]},"properties":{"region_code":"x153y006","label":"x153y006","count":9}},{"type":"Feature","geometry":{"type":"Polygon","coordinates":[[[95.1430605069336,3.2939909740681896],[95.1430605069336,3.765180066747398],[95.76491057560638,3.765180066747398],[95.76491057560638,3.2939909740681896],[95.1430605069336,3.2939909740681896]]]},"properties":{"region_code":"x153y007","label":"x153y007","count":9}},{"type":"Feature","geometry":{"type":"Polygon","coordinates":[[[95.1430605069336,3.765180066747398],[95.1430605069336,4.236617507859302],[95.76491057560638,4.236617507859302],[95.76491057560638,3.765180066747398],[95.1430605069336,3.765180066747398]]]},"properties":{"region_code":"x153y008","label":"x153y008","count":9}},{"type":"Feature","geometry":{"type":"Polygon","coordinates":[[[95.1430605069336,4.236617507859302],[95.1430605069336,4.70833482253388],[95.76491057560638,4.70833482253388],[95.76491057560638,4.236617507859302],[95.1430605069336,4.236617507859302]]]},"properties":{"region_code":"x153y009","label":"x153y009","count":9}},{"type":"Feature","geometry":{"type":"Polygon","coordinates":[[[95.1430605069336,4.70833482253388],[95.1430605069336,5.1803637076811775],[95.76491057560638,5.1803637076811775],[95.76491057560638,4.70833482253388],[95.1430605069336,4.70833482253388]]]},"properties":{"region_code":"x153y010","label":"x153y010","count":9}},{"type":"Feature","geometry":{"type":"Polygon","coordinates":[[[95.1430605069336,5.1803637076811775],[95.1430605069336,5.652736052095529],[95.76491057560638,5.652736052095529],[95.76491057560638,5.1803637076811775],[95.1430605069336,5.1803637076811775]]]},"properties":{"region_code":"x153y011","label":"x153y011","count":9}},{"type":"Feature","geometry":{"type":"Polygon","coordinates":[[[95.1430605069336,5.652736052095529],[95.1430605069336,6.125483956889549],[95.76491057560638,6.125483956889549],[95.76491057560638,5.652736052095529],[95.1430605069336,5.652736052095529]]]},"properties":{"region_code":"x153y012","label":"x153y012","count":9}},{"type":"Feature","geometry":{"type":"Polygon","coordinates":[[[95.1430605069336,6.125483956889549],[95.1430605069336,6.5986397562945305],[95.76491057560638,6.5986397562945305],[95.76491057560638,6.125483956889549],[95.1430605069336,6.125483956889549]]]},"properties":{"region_code":"x153y013","label":"x153y013","count":9}},{"type":"Feature","geometry":{"type":"Polygon","coordinates":[[[95.76491057560638,1.411092494939981],[95.76491057560638,1.881600697775704],[96.38676064427916,1.881600697775704],[96.38676064427916,1.411092494939981],[95.76491057560638,1.411092494939981]]]},"properties":{"region_code":"x154y003","label":"x154y003","count":9}},{"type":"Feature","geometry":{"type":"Polygon","coordinates":[[[95.76491057560638,1.881600697775704],[95.76491057560638,2.352232473781689],[96.38676064427916,2.352232473781689],[96.38676064427916,1.881600697775704],[95.76491057560638,1.881600697775704]]]},"properties":{"region_code":"x154y004","label":"x154y004","count":9}},{"type":"Feature","geometry":{"type":"Polygon","coordinates":[[[95.76491057560638,2.352232473781689],[95.76491057560638,2.823018856660936],[96.38676064427916,2.823018856660936],[96.38676064427916,2.352232473781689],[95.76491057560638,2.352232473781689]]]},"properties":{"region_code":"x154y005","label":"x154y005","count":9}},{"type":"Feature","geometry":{"type":"Polygon","coordinates":[[[95.76491057560638,2.823018856660936],[95.76491057560638,3.2939909740681896],[96.38676064427916,3.2939909740681896],[96.38676064427916,2.823018856660936],[95.76491057560638,2.823018856660936]]]},"properties":{"region_code":"x154y006","label":"x154y006","count":9}},{"type":"Feature","geometry":{"type":"Polygon","coordinates":[[[95.76491057560638,3.2939909740681896],[95.76491057560638,3.765180066747398],[96.38676064427916,3.765180066747398],[96.38676064427916,3.2939909740681896],[95.76491057560638,3.2939909740681896]]]},"properties":{"region_code":"x154y007","label":"x154y007","count":9}},{"type":"Feature","geometry":{"type":"Polygon","coordinates":[[[95.76491057560638,3.765180066747398],[95.76491057560638,4.236617507859302],[96.38676064427916,4.236617507859302],[96.38676064427916,3.765180066747398],[95.76491057560638,3.765180066747398]]]},"properties":{"region_code":"x154y008","label":"x154y008","count":9}},{"type":"Feature","geometry":{"type":"Polygon","coordinates":[[[95.76491057560638,4.236617507859302],[95.76491057560638,4.70833482253388],[96.38676064427916,4.70833482253388],[96.38676064427916,4.236617507859302],[95.76491057560638,4.236617507859302]]]},"properties":{"region_code":"x154y009","label":"x154y009","count":9}},{"type":"Feature","geometry":{"type":"Polygon","coordinates":[[[95.76491057560638,4.70833482253388],[95.76491057560638,5.1803637076811775],[96.38676064427916,5.1803637076811775],[96.38676064427916,4.70833482253388],[95.76491057560638,4.70833482253388]]]},"properties":{"region_code":"x154y010","label":"x154y010","count":9}},{"type":"Feature","geometry":{"type":"Polygon","coordinates":[[[95.76491057560638,5.1803637076811775],[95.76491057560638,5.652736052095529],[96.38676064427916,5.652736052095529],[96.38676064427916,5.1803637076811775],[95.76491057560638,5.1803637076811775]]]},"properties":{"region_code":"x154y011","label":"x154y011","count":9}},{"type":"Feature","geometry":{"type":"Polygon","coordinates":[[[95.76491057560638,5.652736052095529],[95.76491057560638,6.125483956889549],[96.38676064427916,6.125483956889549],[96.38676064427916,5.652736052095529],[95.76491057560638,5.652736052095529]]]},"properties":{"region_code":"x154y012","label":"x154y012","count":9}},{"type":"Feature","geometry":{"type":"Polygon","coordinates":[[[96.38676064427916,0.4703230299809363],[96.38676064427916,0.9406769065449422],[97.0086107129519,0.9406769065449422],[97.0086107129519,0.4703230299809363],[96.38676064427916,0.4703230299809363]]]},"properties":{"region_code":"x155y001","label":"x155y001","count":9}},{"type":"Feature","geometry":{"type":"Polygon","coordinates":[[[96.38676064427916,0.9406769065449422],[96.38676064427916,1.411092494939981],[97.0086107129519,1.411092494939981],[97.0086107129519,0.9406769065449422],[96.38676064427916,0.9406769065449422]]]},"properties":{"region_code":"x155y002","label":"x155y002","count":9}},{"type":"Feature","geometry":{"type":"Polygon","coordinates":[[[96.38676064427916,1.411092494939981],[96.38676064427916,1.881600697775704],[97.0086107129519,1.881600697775704],[97.0086107129519,1.411092494939981],[96.38676064427916,1.411092494939981]]]},"properties":{"region_code":"x155y003","label":"x155y003","count":9}},{"type":"Feature","geometry":{"type":"Polygon","coordinates":[[[96.38676064427916,1.881600697775704],[96.38676064427916,2.352232473781689],[97.0086107129519,2.352232473781689],[97.0086107129519,1.881600697775704],[96.38676064427916,1.881600697775704]]]},"properties":{"region_code":"x155y004","label":"x155y004","count":9}},{"type":"Feature","geometry":{"type":"Polygon","coordinates":[[[96.38676064427916,2.352232473781689],[96.38676064427916,2.823018856660936],[97.0086107129519,2.823018856660936],[97.0086107129519,2.352232473781689],[96.38676064427916,2.352232473781689]]]},"properties":{"region_code":"x155y005","label":"x155y005","count":9}},{"type":"Feature","geometry":{"type":"Polygon","coordinates":[[[96.38676064427916,2.823018856660936],[96.38676064427916,3.2939909740681896],[97.0086107129519,3.2939909740681896],[97.0086107129519,2.823018856660936],[96.38676064427916,2.823018856660936]]]},"properties":{"region_code":"x155y006","label":"x155y006","count":9}},{"type":"Feature","geometry":{"type":"Polygon","coordinates":[[[96.38676064427916,3.2939909740681896],[96.38676064427916,3.765180066747398],[97.0086107129519,3.765180066747398],[97.0086107129519,3.2939909740681896],[96.38676064427916,3.2939909740681896]]]},"properties":{"region_code":"x155y007","label":"x155y007","count":9}},{"type":"Feature","geometry":{"type":"Polygon","coordinates":[[[96.38676064427916,3.765180066747398],[96.38676064427916,4.236617507859302],[97.0086107129519,4.236617507859302],[97.0086107129519,3.765180066747398],[96.38676064427916,3.765180066747398]]]},"properties":{"region_code":"x155y008","label":"x155y008","count":9}},{"type":"Feature","geometry":{"type":"Polygon","coordinates":[[[96.38676064427916,4.236617507859302],[96.38676064427916,4.70833482253388],[97.0086107129519,4.70833482253388],[97.0086107129519,4.236617507859302],[96.38676064427916,4.236617507859302]]]},"properties":{"region_code":"x155y009","label":"x155y009","count":9}},{"type":"Feature","geometry":{"type":"Polygon","coordinates":[[[96.38676064427916,4.70833482253388],[96.38676064427916,5.1803637076811775],[97.0086107129519,5.1803637076811775],[97.0086107129519,4.70833482253388],[96.38676064427916,4.70833482253388]]]},"properties":{"region_code":"x155y010","label":"x155y010","count":9}},{"type":"Feature","geometry":{"type":"Polygon","coordinates":[[[96.38676064427916,5.1803637076811775],[96.38676064427916,5.652736052095529],[97.0086107129519,5.652736052095529],[97.0086107129519,5.1803637076811775],[96.38676064427916,5.1803637076811775]]]},"properties":{"region_code":"x155y011","label":"x155y011","count":9}},{"type":"Feature","geometry":{"type":"Polygon","coordinates":[[[97.0086107129519,-0.47032302998093656],[97.0086107129519,0.0],[97.63046078162465,0.0],[97.63046078162465,-0.47032302998093656],[97.0086107129519,-0.47032302998093656]]]},"properties":{"region_code":"x156y-01","label":"x156y-01","count":9}},{"type":"Feature","geometry":{"type":"Polygon","coordinates":[[[97.0086107129519,0.0],[97.0086107129519,0.4703230299809363],[97.63046078162465,0.4703230299809363],[97.63046078162465,0.0],[97.0086107129519,0.0]]]},"properties":{"region_code":"x156y000","label":"x156y000","count":9}},{"type":"Feature","geometry":{"type":"Polygon","coordinates":[[[97.0086107129519,0.4703230299809363],[97.0086107129519,0.9406769065449422],[97.63046078162465,0.9406769065449422],[97.63046078162465,0.4703230299809363],[97.0086107129519,0.4703230299809363]]]},"properties":{"region_code":"x156y001","label":"x156y001","count":9}},{"type":"Feature","geometry":{"type":"Polygon","coordinates":[[[97.0086107129519,0.9406769065449422],[97.0086107129519,1.411092494939981],[97.63046078162465,1.411092494939981],[97.63046078162465,0.9406769065449422],[97.0086107129519,0.9406769065449422]]]},"properties":{"region_code":"x156y002","label":"x156y002","count":9}},{"type":"Feature","geometry":{"type":"Polygon","coordinates":[[[97.0086107129519,1.411092494939981],[97.0086107129519,1.881600697775704],[97.63046078162465,1.881600697775704],[97.63046078162465,1.411092494939981],[97.0086107129519,1.411092494939981]]]},"properties":{"region_code":"x156y003","label":"x156y003","count":9}},{"type":"Feature","geometry":{"type":"Polygon","coordinates":[[[97.0086107129519,1.881600697775704],[97.0086107129519,2.352232473781689],[97.63046078162465,2.352232473781689],[97.63046078162465,1.881600697775704],[97.0086107129519,1.881600697775704]]]},"properties":{"region_code":"x156y004","label":"x156y004","count":9}},{"type":"Feature","geometry":{"type":"Polygon","coordinates":[[[97.0086107129519,2.352232473781689],[97.0086107129519,2.823018856660936],[97.63046078162465,2.823018856660936],[97.63046078162465,2.352232473781689],[97.0086107129519,2.352232473781689]]]},"properties":{"region_code":"x156y005","label":"x156y005","count":9}},{"type":"Feature","geometry":{"type":"Polygon","coordinates":[[[97.0086107129519,2.823018856660936],[97.0086107129519,3.2939909740681896],[97.63046078162465,3.2939909740681896],[97.63046078162465,2.823018856660936],[97.0086107129519,2.823018856660936]]]},"properties":{"region_code":"x156y006","label":"x156y006","count":9}},{"type":"Feature","geometry":{"type":"Polygon","coordinates":[[[97.0086107129519,3.2939909740681896],[97.0086107129519,3.765180066747398],[97.63046078162465,3.765180066747398],[97.63046078162465,3.2939909740681896],[97.0086107129519,3.2939909740681896]]]},"properties":{"region_code":"x156y007","label":"x156y007","count":9}},{"type":"Feature","geometry":{"type":"Polygon","coordinates":[[[97.0086107129519,3.765180066747398],[97.0086107129519,4.236617507859302],[97.63046078162465,4.236617507859302],[97.63046078162465,3.765180066747398],[97.0086107129519,3.765180066747398]]]},"properties":{"region_code":"x156y008","label":"x156y008","count":9}},{"type":"Feature","geometry":{"type":"Polygon","coordinates":[[[97.0086107129519,4.236617507859302],[97.0086107129519,4.70833482253388],[97.63046078162465,4.70833482253388],[97.63046078162465,4.236617507859302],[97.0086107129519,4.236617507859302]]]},"properties":{"region_code":"x156y009","label":"x156y009","count":9}},{"type":"Feature","geometry":{"type":"Polygon","coordinates":[[[97.0086107129519,4.70833482253388],[97.0086107129519,5.1803637076811775],[97.63046078162465,5.1803637076811775],[97.63046078162465,4.70833482253388],[97.0086107129519,4.70833482253388]]]},"properties":{"region_code":"x156y010","label":"x156y010","count":9}},{"type":"Feature","geometry":{"type":"Polygon","coordinates":[[[97.0086107129519,5.1803637076811775],[97.0086107129519,5.652736052095529],[97.63046078162465,5.652736052095529],[97.63046078162465,5.1803637076811775],[97.0086107129519,5.1803637076811775]]]},"properties":{"region_code":"x156y011","label":"x156y011","count":9}},{"type":"Feature","geometry":{"type":"Polygon","coordinates":[[[97.63046078162465,-0.47032302998093656],[97.63046078162465,0.0],[98.25231085029745,0.0],[98.25231085029745,-0.47032302998093656],[97.63046078162465,-0.47032302998093656]]]},"properties":{"region_code":"x157y-01","label":"x157y-01","count":9}},{"type":"Feature","geometry":{"type":"Polygon","coordinates":[[[97.63046078162465,-0.9406769065449366],[97.63046078162465,-0.47032302998093656],[98.25231085029745,-0.47032302998093656],[98.25231085029745,-0.9406769065449366],[97.63046078162465,-0.9406769065449366]]]},"properties":{"region_code":"x157y-02","label":"x157y-02","count":9}},{"type":"Feature","geometry":{"type":"Polygon","coordinates":[[[97.63046078162465,-1.411092494939997],[97.63046078162465,-0.9406769065449366],[98.25231085029745,-0.9406769065449366],[98.25231085029745,-1.411092494939997],[97.63046078162465,-1.411092494939997]]]},"properties":{"region_code":"x157y-03","label":"x157y-03","count":9}},{"type":"Feature","geometry":{"type":"Polygon","coordinates":[[[97.63046078162465,0.0],[97.63046078162465,0.4703230299809363],[98.25231085029745,0.4703230299809363],[98.25231085029745,0.0],[97.63046078162465,0.0]]]},"properties":{"region_code":"x157y000","label":"x157y000","count":9}},{"type":"Feature","geometry":{"type":"Polygon","coordinates":[[[97.63046078162465,0.4703230299809363],[97.63046078162465,0.9406769065449422],[98.25231085029745,0.9406769065449422],[98.25231085029745,0.4703230299809363],[97.63046078162465,0.4703230299809363]]]},"properties":{"region_code":"x157y001","label":"x157y001","count":9}},{"type":"Feature","geometry":{"type":"Polygon","coordinates":[[[97.63046078162465,0.9406769065449422],[97.63046078162465,1.411092494939981],[98.25231085029745,1.411092494939981],[98.25231085029745,0.9406769065449422],[97.63046078162465,0.9406769065449422]]]},"properties":{"region_code":"x157y002","label":"x157y002","count":9}},{"type":"Feature","geometry":{"type":"Polygon","coordinates":[[[97.63046078162465,1.411092494939981],[97.63046078162465,1.881600697775704],[98.25231085029745,1.881600697775704],[98.25231085029745,1.411092494939981],[97.63046078162465,1.411092494939981]]]},"properties":{"region_code":"x157y003","label":"x157y003","count":9}},{"type":"Feature","geometry":{"type":"Polygon","coordinates":[[[97.63046078162465,1.881600697775704],[97.63046078162465,2.352232473781689],[98.25231085029745,2.352232473781689],[98.25231085029745,1.881600697775704],[97.63046078162465,1.881600697775704]]]},"properties":{"region_code":"x157y004","label":"x157y004","count":9}},{"type":"Feature","geometry":{"type":"Polygon","coordinates":[[[97.63046078162465,2.352232473781689],[97.63046078162465,2.823018856660936],[98.25231085029745,2.823018856660936],[98.25231085029745,2.352232473781689],[97.63046078162465,2.352232473781689]]]},"properties":{"region_code":"x157y005","label":"x157y005","count":9}},{"type":"Feature","geometry":{"type":"Polygon","coordinates":[[[97.63046078162465,2.823018856660936],[97.63046078162465,3.2939909740681896],[98.25231085029745,3.2939909740681896],[98.25231085029745,2.823018856660936],[97.63046078162465,2.823018856660936]]]},"properties":{"region_code":"x157y006","label":"x157y006","count":9}},{"type":"Feature","geometry":{"type":"Polygon","coordinates":[[[97.63046078162465,3.2939909740681896],[97.63046078162465,3.765180066747398],[98.25231085029745,3.765180066747398],[98.25231085029745,3.2939909740681896],[97.63046078162465,3.2939909740681896]]]},"properties":{"region_code":"x157y007","label":"x157y007","count":9}},{"type":"Feature","geometry":{"type":"Polygon","coordinates":[[[97.63046078162465,3.765180066747398],[97.63046078162465,4.236617507859302],[98.25231085029745,4.236617507859302],[98.25231085029745,3.765180066747398],[97.63046078162465,3.765180066747398]]]},"properties":{"region_code":"x157y008","label":"x157y008","count":9}},{"type":"Feature","geometry":{"type":"Polygon","coordinates":[[[97.63046078162465,4.236617507859302],[97.63046078162465,4.70833482253388],[98.25231085029745,4.70833482253388],[98.25231085029745,4.236617507859302],[97.63046078162465,4.236617507859302]]]},"properties":{"region_code":"x157y009","label":"x157y009","count":9}},{"type":"Feature","geometry":{"type":"Polygon","coordinates":[[[97.63046078162465,4.70833482253388],[97.63046078162465,5.1803637076811775],[98.25231085029745,5.1803637076811775],[98.25231085029745,4.70833482253388],[97.63046078162465,4.70833482253388]]]},"properties":{"region_code":"x157y010","label":"x157y010","count":9}},{"type":"Feature","geometry":{"type":"Polygon","coordinates":[[[97.63046078162465,5.1803637076811775],[97.63046078162465,5.652736052095529],[98.25231085029745,5.652736052095529],[98.25231085029745,5.1803637076811775],[97.63046078162465,5.1803637076811775]]]},"properties":{"region_code":"x157y011","label":"x157y011","count":9}},{"type":"Feature","geometry":{"type":"Polygon","coordinates":[[[98.25231085029745,-0.47032302998093656],[98.25231085029745,0.0],[98.87416091897022,0.0],[98.87416091897022,-0.47032302998093656],[98.25231085029745,-0.47032302998093656]]]},"properties":{"region_code":"x158y-01","label":"x158y-01","count":9}},{"type":"Feature","geometry":{"type":"Polygon","coordinates":[[[98.25231085029745,-0.9406769065449366],[98.25231085029745,-0.47032302998093656],[98.87416091897022,-0.47032302998093656],[98.87416091897022,-0.9406769065449366],[98.25231085029745,-0.9406769065449366]]]},"properties":{"region_code":"x158y-02","label":"x158y-02","count":9}},{"type":"Feature","geometry":{"type":"Polygon","coordinates":[[[98.25231085029745,-1.411092494939997],[98.25231085029745,-0.9406769065449366],[98.87416091897022,-0.9406769065449366],[98.87416091897022,-1.411092494939997],[98.25231085029745,-1.411092494939997]]]},"properties":{"region_code":"x158y-03","label":"x158y-03","count":9}},{"type":"Feature","geometry":{"type":"Polygon","coordinates":[[[98.25231085029745,-1.881600697775689],[98.25231085029745,-1.411092494939997],[98.87416091897022,-1.411092494939997],[98.87416091897022,-1.881600697775689],[98.25231085029745,-1.881600697775689]]]},"properties":{"region_code":"x158y-04","label":"x158y-04","count":9}},{"type":"Feature","geometry":{"type":"Polygon","coordinates":[[[98.25231085029745,-2.3522324737816986],[98.25231085029745,-1.881600697775689],[98.87416091897022,-1.881600697775689],[98.87416091897022,-2.3522324737816986],[98.25231085029745,-2.3522324737816986]]]},"properties":{"region_code":"x158y-05","label":"x158y-05","count":9}},{"type":"Feature","geometry":{"type":"Polygon","coordinates":[[[98.25231085029745,0.0],[98.25231085029745,0.4703230299809363],[98.87416091897022,0.4703230299809363],[98.87416091897022,0.0],[98.25231085029745,0.0]]]},"properties":{"region_code":"x158y000","label":"x158y000","count":9}},{"type":"Feature","geometry":{"type":"Polygon","coordinates":[[[98.25231085029745,0.4703230299809363],[98.25231085029745,0.9406769065449422],[98.87416091897022,0.9406769065449422],[98.87416091897022,0.4703230299809363],[98.25231085029745,0.4703230299809363]]]},"properties":{"region_code":"x158y001","label":"x158y001","count":9}},{"type":"Feature","geometry":{"type":"Polygon","coordinates":[[[98.25231085029745,0.9406769065449422],[98.25231085029745,1.411092494939981],[98.87416091897022,1.411092494939981],[98.87416091897022,0.9406769065449422],[98.25231085029745,0.9406769065449422]]]},"properties":{"region_code":"x158y002","label":"x158y002","count":9}},{"type":"Feature","geometry":{"type":"Polygon","coordinates":[[[98.25231085029745,1.411092494939981],[98.25231085029745,1.881600697775704],[98.87416091897022,1.881600697775704],[98.87416091897022,1.411092494939981],[98.25231085029745,1.411092494939981]]]},"properties":{"region_code":"x158y003","label":"x158y003","count":9}},{"type":"Feature","geometry":{"type":"Polygon","coordinates":[[[98.25231085029745,1.881600697775704],[98.25231085029745,2.352232473781689],[98.87416091897022,2.352232473781689],[98.87416091897022,1.881600697775704],[98.25231085029745,1.881600697775704]]]},"properties":{"region_code":"x158y004","label":"x158y004","count":9}},{"type":"Feature","geometry":{"type":"Polygon","coordinates":[[[98.25231085029745,2.352232473781689],[98.25231085029745,2.823018856660936],[98.87416091897022,2.823018856660936],[98.87416091897022,2.352232473781689],[98.25231085029745,2.352232473781689]]]},"properties":{"region_code":"x158y005","label":"x158y005","count":9}},{"type":"Feature","geometry":{"type":"Polygon","coordinates":[[[98.25231085029745,2.823018856660936],[98.25231085029745,3.2939909740681896],[98.87416091897022,3.2939909740681896],[98.87416091897022,2.823018856660936],[98.25231085029745,2.823018856660936]]]},"properties":{"region_code":"x158y006","label":"x158y006","count":9}},{"type":"Feature","geometry":{"type":"Polygon","coordinates":[[[98.25231085029745,3.2939909740681896],[98.25231085029745,3.765180066747398],[98.87416091897022,3.765180066747398],[98.87416091897022,3.2939909740681896],[98.25231085029745,3.2939909740681896]]]},"properties":{"region_code":"x158y007","label":"x158y007","count":9}},{"type":"Feature","geometry":{"type":"Polygon","coordinates":[[[98.25231085029745,3.765180066747398],[98.25231085029745,4.236617507859302],[98.87416091897022,4.236617507859302],[98.87416091897022,3.765180066747398],[98.25231085029745,3.765180066747398]]]},"properties":{"region_code":"x158y008","label":"x158y008","count":9}},{"type":"Feature","geometry":{"type":"Polygon","coordinates":[[[98.25231085029745,4.236617507859302],[98.25231085029745,4.70833482253388],[98.87416091897022,4.70833482253388],[98.87416091897022,4.236617507859302],[98.25231085029745,4.236617507859302]]]},"properties":{"region_code":"x158y009","label":"x158y009","count":9}},{"type":"Feature","geometry":{"type":"Polygon","coordinates":[[[98.25231085029745,4.70833482253388],[98.25231085029745,5.1803637076811775],[98.87416091897022,5.1803637076811775],[98.87416091897022,4.70833482253388],[98.25231085029745,4.70833482253388]]]},"properties":{"region_code":"x158y010","label":"x158y010","count":8}},{"type":"Feature","geometry":{"type":"Polygon","coordinates":[[[98.87416091897022,-0.47032302998093656],[98.87416091897022,0.0],[99.49601098764298,0.0],[99.49601098764298,-0.47032302998093656],[98.87416091897022,-0.47032302998093656]]]},"properties":{"region_code":"x159y-01","label":"x159y-01","count":9}},{"type":"Feature","geometry":{"type":"Polygon","coordinates":[[[98.87416091897022,-0.9406769065449366],[98.87416091897022,-0.47032302998093656],[99.49601098764298,-0.47032302998093656],[99.49601098764298,-0.9406769065449366],[98.87416091897022,-0.9406769065449366]]]},"properties":{"region_code":"x159y-02","label":"x159y-02","count":9}},{"type":"Feature","geometry":{"type":"Polygon","coordinates":[[[98.87416091897022,-1.411092494939997],[98.87416091897022,-0.9406769065449366],[99.49601098764298,-0.9406769065449366],[99.49601098764298,-1.411092494939997],[98.87416091897022,-1.411092494939997]]]},"properties":{"region_code":"x159y-03","label":"x159y-03","count":9}},{"type":"Feature","geometry":{"type":"Polygon","coordinates":[[[98.87416091897022,-1.881600697775689],[98.87416091897022,-1.411092494939997],[99.49601098764298,-1.411092494939997],[99.49601098764298,-1.881600697775689],[98.87416091897022,-1.881600697775689]]]},"properties":{"region_code":"x159y-04","label":"x159y-04","count":9}},{"type":"Feature","geometry":{"type":"Polygon","coordinates":[[[98.87416091897022,-2.3522324737816986],[98.87416091897022,-1.881600697775689],[99.49601098764298,-1.881600697775689],[99.49601098764298,-2.3522324737816986],[98.87416091897022,-2.3522324737816986]]]},"properties":{"region_code":"x159y-05","label":"x159y-05","count":9}},{"type":"Feature","geometry":{"type":"Polygon","coordinates":[[[98.87416091897022,-2.8230188566609358],[98.87416091897022,-2.3522324737816986],[99.49601098764298,-2.3522324737816986],[99.49601098764298,-2.8230188566609358],[98.87416091897022,-2.8230188566609358]]]},"properties":{"region_code":"x159y-06","label":"x159y-06","count":9}},{"type":"Feature","geometry":{"type":"Polygon","coordinates":[[[98.87416091897022,0.0],[98.87416091897022,0.4703230299809363],[99.49601098764298,0.4703230299809363],[99.49601098764298,0.0],[98.87416091897022,0.0]]]},"properties":{"region_code":"x159y000","label":"x159y000","count":9}},{"type":"Feature","geometry":{"type":"Polygon","coordinates":[[[98.87416091897022,0.4703230299809363],[98.87416091897022,0.9406769065449422],[99.49601098764298,0.9406769065449422],[99.49601098764298,0.4703230299809363],[98.87416091897022,0.4703230299809363]]]},"properties":{"region_code":"x159y001","label":"x159y001","count":9}},{"type":"Feature","geometry":{"type":"Polygon","coordinates":[[[98.87416091897022,0.9406769065449422],[98.87416091897022,1.411092494939981],[99.49601098764298,1.411092494939981],[99.49601098764298,0.9406769065449422],[98.87416091897022,0.9406769065449422]]]},"properties":{"region_code":"x159y002","label":"x159y002","count":9}},{"type":"Feature","geometry":{"type":"Polygon","coordinates":[[[98.87416091897022,1.411092494939981],[98.87416091897022,1.881600697775704],[99.49601098764298,1.881600697775704],[99.49601098764298,1.411092494939981],[98.87416091897022,1.411092494939981]]]},"properties":{"region_code":"x159y003","label":"x159y003","count":9}},{"type":"Feature","geometry":{"type":"Polygon","coordinates":[[[98.87416091897022,1.881600697775704],[98.87416091897022,2.352232473781689],[99.49601098764298,2.352232473781689],[99.49601098764298,1.881600697775704],[98.87416091897022,1.881600697775704]]]},"properties":{"region_code":"x159y004","label":"x159y004","count":9}},{"type":"Feature","geometry":{"type":"Polygon","coordinates":[[[98.87416091897022,2.352232473781689],[98.87416091897022,2.823018856660936],[99.49601098764298,2.823018856660936],[99.49601098764298,2.352232473781689],[98.87416091897022,2.352232473781689]]]},"properties":{"region_code":"x159y005","label":"x159y005","count":9}},{"type":"Feature","geometry":{"type":"Polygon","coordinates":[[[98.87416091897022,2.823018856660936],[98.87416091897022,3.2939909740681896],[99.49601098764298,3.2939909740681896],[99.49601098764298,2.823018856660936],[98.87416091897022,2.823018856660936]]]},"properties":{"region_code":"x159y006","label":"x159y006","count":9}},{"type":"Feature","geometry":{"type":"Polygon","coordinates":[[[98.87416091897022,3.2939909740681896],[98.87416091897022,3.765180066747398],[99.49601098764298,3.765180066747398],[99.49601098764298,3.2939909740681896],[98.87416091897022,3.2939909740681896]]]},"properties":{"region_code":"x159y007","label":"x159y007","count":9}},{"type":"Feature","geometry":{"type":"Polygon","coordinates":[[[98.87416091897022,3.765180066747398],[98.87416091897022,4.236617507859302],[99.49601098764298,4.236617507859302],[99.49601098764298,3.765180066747398],[98.87416091897022,3.765180066747398]]]},"properties":{"region_code":"x159y008","label":"x159y008","count":9}},{"type":"Feature","geometry":{"type":"Polygon","coordinates":[[[98.87416091897022,4.236617507859302],[98.87416091897022,4.70833482253388],[99.49601098764298,4.70833482253388],[99.49601098764298,4.236617507859302],[98.87416091897022,4.236617507859302]]]},"properties":{"region_code":"x159y009","label":"x159y009","count":8}},{"type":"Feature","geometry":{"type":"Polygon","coordinates":[[[99.49601098764298,-0.47032302998093656],[99.49601098764298,0.0],[100.11786105631572,0.0],[100.11786105631572,-0.47032302998093656],[99.49601098764298,-0.47032302998093656]]]},"properties":{"region_code":"x160y-01","label":"x160y-01","count":9}},{"type":"Feature","geometry":{"type":"Polygon","coordinates":[[[99.49601098764298,-0.9406769065449366],[99.49601098764298,-0.47032302998093656],[100.11786105631572,-0.47032302998093656],[100.11786105631572,-0.9406769065449366],[99.49601098764298,-0.9406769065449366]]]},"properties":{"region_code":"x160y-02","label":"x160y-02","count":9}},{"type":"Feature","geometry":{"type":"Polygon","coordinates":[[[99.49601098764298,-1.411092494939997],[99.49601098764298,-0.9406769065449366],[100.11786105631572,-0.9406769065449366],[100.11786105631572,-1.411092494939997],[99.49601098764298,-1.411092494939997]]]},"properties":{"region_code":"x160y-03","label":"x160y-03","count":9}},{"type":"Feature","geometry":{"type":"Polygon","coordinates":[[[99.49601098764298,-1.881600697775689],[99.49601098764298,-1.411092494939997],[100.11786105631572,-1.411092494939997],[100.11786105631572,-1.881600697775689],[99.49601098764298,-1.881600697775689]]]},"properties":{"region_code":"x160y-04","label":"x160y-04","count":9}},{"type":"Feature","geometry":{"type":"Polygon","coordinates":[[[99.49601098764298,-2.3522324737816986],[99.49601098764298,-1.881600697775689],[100.11786105631572,-1.881600697775689],[100.11786105631572,-2.3522324737816986],[99.49601098764298,-2.3522324737816986]]]},"properties":{"region_code":"x160y-05","label":"x160y-05","count":9}},{"type":"Feature","geometry":{"type":"Polygon","coordinates":[[[99.49601098764298,-2.8230188566609358],[99.49601098764298,-2.3522324737816986],[100.11786105631572,-2.3522324737816986],[100.11786105631572,-2.8230188566609358],[99.49601098764298,-2.8230188566609358]]]},"properties":{"region_code":"x160y-06","label":"x160y-06","count":9}},{"type":"Feature","geometry":{"type":"Polygon","coordinates":[[[99.49601098764298,-3.293990974068208],[99.49601098764298,-2.8230188566609358],[100.11786105631572,-2.8230188566609358],[100.11786105631572,-3.293990974068208],[99.49601098764298,-3.293990974068208]]]},"properties":{"region_code":"x160y-07","label":"x160y-07","count":9}},{"type":"Feature","geometry":{"type":"Polygon","coordinates":[[[99.49601098764298,-3.765180066747392],[99.49601098764298,-3.293990974068208],[100.11786105631572,-3.293990974068208],[100.11786105631572,-3.765180066747392],[99.49601098764298,-3.765180066747392]]]},"properties":{"region_code":"x160y-08","label":"x160y-08","count":9}},{"type":"Feature","geometry":{"type":"Polygon","coordinates":[[[99.49601098764298,0.0],[99.49601098764298,0.4703230299809363],[100.11786105631572,0.4703230299809363],[100.11786105631572,0.0],[99.49601098764298,0.0]]]},"properties":{"region_code":"x160y000","label":"x160y000","count":9}},{"type":"Feature","geometry":{"type":"Polygon","coordinates":[[[99.49601098764298,0.4703230299809363],[99.49601098764298,0.9406769065449422],[100.11786105631572,0.9406769065449422],[100.11786105631572,0.4703230299809363],[99.49601098764298,0.4703230299809363]]]},"properties":{"region_code":"x160y001","label":"x160y001","count":9}},{"type":"Feature","geometry":{"type":"Polygon","coordinates":[[[99.49601098764298,0.9406769065449422],[99.49601098764298,1.411092494939981],[100.11786105631572,1.411092494939981],[100.11786105631572,0.9406769065449422],[99.49601098764298,0.9406769065449422]]]},"properties":{"region_code":"x160y002","label":"x160y002","count":9}},{"type":"Feature","geometry":{"type":"Polygon","coordinates":[[[99.49601098764298,1.411092494939981],[99.49601098764298,1.881600697775704],[100.11786105631572,1.881600697775704],[100.11786105631572,1.411092494939981],[99.49601098764298,1.411092494939981]]]},"properties":{"region_code":"x160y003","label":"x160y003","count":9}},{"type":"Feature","geometry":{"type":"Polygon","coordinates":[[[99.49601098764298,1.881600697775704],[99.49601098764298,2.352232473781689],[100.11786105631572,2.352232473781689],[100.11786105631572,1.881600697775704],[99.49601098764298,1.881600697775704]]]},"properties":{"region_code":"x160y004","label":"x160y004","count":9}},{"type":"Feature","geometry":{"type":"Polygon","coordinates":[[[99.49601098764298,2.352232473781689],[99.49601098764298,2.823018856660936],[100.11786105631572,2.823018856660936],[100.11786105631572,2.352232473781689],[99.49601098764298,2.352232473781689]]]},"properties":{"region_code":"x160y005","label":"x160y005","count":9}},{"type":"Feature","geometry":{"type":"Polygon","coordinates":[[[99.49601098764298,2.823018856660936],[99.49601098764298,3.2939909740681896],[100.11786105631572,3.2939909740681896],[100.11786105631572,2.823018856660936],[99.49601098764298,2.823018856660936]]]},"properties":{"region_code":"x160y006","label":"x160y006","count":9}},{"type":"Feature","geometry":{"type":"Polygon","coordinates":[[[99.49601098764298,3.2939909740681896],[99.49601098764298,3.765180066747398],[100.11786105631572,3.765180066747398],[100.11786105631572,3.2939909740681896],[99.49601098764298,3.2939909740681896]]]},"properties":{"region_code":"x160y007","label":"x160y007","count":9}},{"type":"Feature","geometry":{"type":"Polygon","coordinates":[[[99.49601098764298,3.765180066747398],[99.49601098764298,4.236617507859302],[100.11786105631572,4.236617507859302],[100.11786105631572,3.765180066747398],[99.49601098764298,3.765180066747398]]]},"properties":{"region_code":"x160y008","label":"x160y008","count":9}},{"type":"Feature","geometry":{"type":"Polygon","coordinates":[[[100.11786105631572,-0.47032302998093656],[100.11786105631572,0.0],[100.7397111249885,0.0],[100.7397111249885,-0.47032302998093656],[100.11786105631572,-0.47032302998093656]]]},"properties":{"region_code":"x161y-01","label":"x161y-01","count":9}},{"type":"Feature","geometry":{"type":"Polygon","coordinates":[[[100.11786105631572,-0.9406769065449366],[100.11786105631572,-0.47032302998093656],[100.7397111249885,-0.47032302998093656],[100.7397111249885,-0.9406769065449366],[100.11786105631572,-0.9406769065449366]]]},"properties":{"region_code":"x161y-02","label":"x161y-02","count":9}},{"type":"Feature","geometry":{"type":"Polygon","coordinates":[[[100.11786105631572,-1.411092494939997],[100.11786105631572,-0.9406769065449366],[100.7397111249885,-0.9406769065449366],[100.7397111249885,-1.411092494939997],[100.11786105631572,-1.411092494939997]]]},"properties":{"region_code":"x161y-03","label":"x161y-03","count":9}},{"type":"Feature","geometry":{"type":"Polygon","coordinates":[[[100.11786105631572,-1.881600697775689],[100.11786105631572,-1.411092494939997],[100.7397111249885,-1.411092494939997],[100.7397111249885,-1.881600697775689],[100.11786105631572,-1.881600697775689]]]},"properties":{"region_code":"x161y-04","label":"x161y-04","count":9}},{"type":"Feature","geometry":{"type":"Polygon","coordinates":[[[100.11786105631572,-2.3522324737816986],[100.11786105631572,-1.881600697775689],[100.7397111249885,-1.881600697775689],[100.7397111249885,-2.3522324737816986],[100.11786105631572,-2.3522324737816986]]]},"properties":{"region_code":"x161y-05","label":"x161y-05","count":9}},{"type":"Feature","geometry":{"type":"Polygon","coordinates":[[[100.11786105631572,-2.8230188566609358],[100.11786105631572,-2.3522324737816986],[100.7397111249885,-2.3522324737816986],[100.7397111249885,-2.8230188566609358],[100.11786105631572,-2.8230188566609358]]]},"properties":{"region_code":"x161y-06","label":"x161y-06","count":9}},{"type":"Feature","geometry":{"type":"Polygon","coordinates":[[[100.11786105631572,-3.293990974068208],[100.11786105631572,-2.8230188566609358],[100.7397111249885,-2.8230188566609358],[100.7397111249885,-3.293990974068208],[100.11786105631572,-3.293990974068208]]]},"properties":{"region_code":"x161y-07","label":"x161y-07","count":9}},{"type":"Feature","geometry":{"type":"Polygon","coordinates":[[[100.11786105631572,-3.765180066747392],[100.11786105631572,-3.293990974068208],[100.7397111249885,-3.293990974068208],[100.7397111249885,-3.765180066747392],[100.11786105631572,-3.765180066747392]]]},"properties":{"region_code":"x161y-08","label":"x161y-08","count":9}},{"type":"Feature","geometry":{"type":"Polygon","coordinates":[[[100.11786105631572,-4.236617507859314],[100.11786105631572,-3.765180066747392],[100.7397111249885,-3.765180066747392],[100.7397111249885,-4.236617507859314],[100.11786105631572,-4.236617507859314]]]},"properties":{"region_code":"x161y-09","label":"x161y-09","count":9}},{"type":"Feature","geometry":{"type":"Polygon","coordinates":[[[100.11786105631572,0.0],[100.11786105631572,0.4703230299809363],[100.7397111249885,0.4703230299809363],[100.7397111249885,0.0],[100.11786105631572,0.0]]]},"properties":{"region_code":"x161y000","label":"x161y000","count":9}},{"type":"Feature","geometry":{"type":"Polygon","coordinates":[[[100.11786105631572,0.4703230299809363],[100.11786105631572,0.9406769065449422],[100.7397111249885,0.9406769065449422],[100.7397111249885,0.4703230299809363],[100.11786105631572,0.4703230299809363]]]},"properties":{"region_code":"x161y001","label":"x161y001","count":9}},{"type":"Feature","geometry":{"type":"Polygon","coordinates":[[[100.11786105631572,0.9406769065449422],[100.11786105631572,1.411092494939981],[100.7397111249885,1.411092494939981],[100.7397111249885,0.9406769065449422],[100.11786105631572,0.9406769065449422]]]},"properties":{"region_code":"x161y002","label":"x161y002","count":9}},{"type":"Feature","geometry":{"type":"Polygon","coordinates":[[[100.11786105631572,1.411092494939981],[100.11786105631572,1.881600697775704],[100.7397111249885,1.881600697775704],[100.7397111249885,1.411092494939981],[100.11786105631572,1.411092494939981]]]},"properties":{"region_code":"x161y003","label":"x161y003","count":9}},{"type":"Feature","geometry":{"type":"Polygon","coordinates":[[[100.11786105631572,1.881600697775704],[100.11786105631572,2.352232473781689],[100.7397111249885,2.352232473781689],[100.7397111249885,1.881600697775704],[100.11786105631572,1.881600697775704]]]},"properties":{"region_code":"x161y004","label":"x161y004","count":9}},{"type":"Feature","geometry":{"type":"Polygon","coordinates":[[[100.11786105631572,2.352232473781689],[100.11786105631572,2.823018856660936],[100.7397111249885,2.823018856660936],[100.7397111249885,2.352232473781689],[100.11786105631572,2.352232473781689]]]},"properties":{"region_code":"x161y005","label":"x161y005","count":9}},{"type":"Feature","geometry":{"type":"Polygon","coordinates":[[[100.11786105631572,2.823018856660936],[100.11786105631572,3.2939909740681896],[100.7397111249885,3.2939909740681896],[100.7397111249885,2.823018856660936],[100.11786105631572,2.823018856660936]]]},"properties":{"region_code":"x161y006","label":"x161y006","count":9}},{"type":"Feature","geometry":{"type":"Polygon","coordinates":[[[100.11786105631572,3.2939909740681896],[100.11786105631572,3.765180066747398],[100.7397111249885,3.765180066747398],[100.7397111249885,3.2939909740681896],[100.11786105631572,3.2939909740681896]]]},"properties":{"region_code":"x161y007","label":"x161y007","count":9}},{"type":"Feature","geometry":{"type":"Polygon","coordinates":[[[100.7397111249885,-0.47032302998093656],[100.7397111249885,0.0],[101.36156119366129,0.0],[101.36156119366129,-0.47032302998093656],[100.7397111249885,-0.47032302998093656]]]},"properties":{"region_code":"x162y-01","label":"x162y-01","count":9}},{"type":"Feature","geometry":{"type":"Polygon","coordinates":[[[100.7397111249885,-0.9406769065449366],[100.7397111249885,-0.47032302998093656],[101.36156119366129,-0.47032302998093656],[101.36156119366129,-0.9406769065449366],[100.7397111249885,-0.9406769065449366]]]},"properties":{"region_code":"x162y-02","label":"x162y-02","count":9}},{"type":"Feature","geometry":{"type":"Polygon","coordinates":[[[100.7397111249885,-1.411092494939997],[100.7397111249885,-0.9406769065449366],[101.36156119366129,-0.9406769065449366],[101.36156119366129,-1.411092494939997],[100.7397111249885,-1.411092494939997]]]},"properties":{"region_code":"x162y-03","label":"x162y-03","count":9}},{"type":"Feature","geometry":{"type":"Polygon","coordinates":[[[100.7397111249885,-1.881600697775689],[100.7397111249885,-1.411092494939997],[101.36156119366129,-1.411092494939997],[101.36156119366129,-1.881600697775689],[100.7397111249885,-1.881600697775689]]]},"properties":{"region_code":"x162y-04","label":"x162y-04","count":9}},{"type":"Feature","geometry":{"type":"Polygon","coordinates":[[[100.7397111249885,-2.3522324737816986],[100.7397111249885,-1.881600697775689],[101.36156119366129,-1.881600697775689],[101.36156119366129,-2.3522324737816986],[100.7397111249885,-2.3522324737816986]]]},"properties":{"region_code":"x162y-05","label":"x162y-05","count":9}},{"type":"Feature","geometry":{"type":"Polygon","coordinates":[[[100.7397111249885,-2.8230188566609358],[100.7397111249885,-2.3522324737816986],[101.36156119366129,-2.3522324737816986],[101.36156119366129,-2.8230188566609358],[100.7397111249885,-2.8230188566609358]]]},"properties":{"region_code":"x162y-06","label":"x162y-06","count":9}},{"type":"Feature","geometry":{"type":"Polygon","coordinates":[[[100.7397111249885,-3.293990974068208],[100.7397111249885,-2.8230188566609358],[101.36156119366129,-2.8230188566609358],[101.36156119366129,-3.293990974068208],[100.7397111249885,-3.293990974068208]]]},"properties":{"region_code":"x162y-07","label":"x162y-07","count":9}},{"type":"Feature","geometry":{"type":"Polygon","coordinates":[[[100.7397111249885,-3.765180066747392],[100.7397111249885,-3.293990974068208],[101.36156119366129,-3.293990974068208],[101.36156119366129,-3.765180066747392],[100.7397111249885,-3.765180066747392]]]},"properties":{"region_code":"x162y-08","label":"x162y-08","count":9}},{"type":"Feature","geometry":{"type":"Polygon","coordinates":[[[100.7397111249885,-4.236617507859314],[100.7397111249885,-3.765180066747392],[101.36156119366129,-3.765180066747392],[101.36156119366129,-4.236617507859314],[100.7397111249885,-4.236617507859314]]]},"properties":{"region_code":"x162y-09","label":"x162y-09","count":9}},{"type":"Feature","geometry":{"type":"Polygon","coordinates":[[[100.7397111249885,-4.708334822533896],[100.7397111249885,-4.236617507859314],[101.36156119366129,-4.236617507859314],[101.36156119366129,-4.708334822533896],[100.7397111249885,-4.708334822533896]]]},"properties":{"region_code":"x162y-10","label":"x162y-10","count":9}},{"type":"Feature","geometry":{"type":"Polygon","coordinates":[[[100.7397111249885,-5.1803637076811935],[100.7397111249885,-4.708334822533896],[101.36156119366129,-4.708334822533896],[101.36156119366129,-5.1803637076811935],[100.7397111249885,-5.1803637076811935]]]},"properties":{"region_code":"x162y-11","label":"x162y-11","count":9}},{"type":"Feature","geometry":{"type":"Polygon","coordinates":[[[100.7397111249885,0.0],[100.7397111249885,0.4703230299809363],[101.36156119366129,0.4703230299809363],[101.36156119366129,0.0],[100.7397111249885,0.0]]]},"properties":{"region_code":"x162y000","label":"x162y000","count":9}},{"type":"Feature","geometry":{"type":"Polygon","coordinates":[[[100.7397111249885,0.4703230299809363],[100.7397111249885,0.9406769065449422],[101.36156119366129,0.9406769065449422],[101.36156119366129,0.4703230299809363],[100.7397111249885,0.4703230299809363]]]},"properties":{"region_code":"x162y001","label":"x162y001","count":9}},{"type":"Feature","geometry":{"type":"Polygon","coordinates":[[[100.7397111249885,0.9406769065449422],[100.7397111249885,1.411092494939981],[101.36156119366129,1.411092494939981],[101.36156119366129,0.9406769065449422],[100.7397111249885,0.9406769065449422]]]},"properties":{"region_code":"x162y002","label":"x162y002","count":9}},{"type":"Feature","geometry":{"type":"Polygon","coordinates":[[[100.7397111249885,1.411092494939981],[100.7397111249885,1.881600697775704],[101.36156119366129,1.881600697775704],[101.36156119366129,1.411092494939981],[100.7397111249885,1.411092494939981]]]},"properties":{"region_code":"x162y003","label":"x162y003","count":9}},{"type":"Feature","geometry":{"type":"Polygon","coordinates":[[[100.7397111249885,1.881600697775704],[100.7397111249885,2.352232473781689],[101.36156119366129,2.352232473781689],[101.36156119366129,1.881600697775704],[100.7397111249885,1.881600697775704]]]},"properties":{"region_code":"x162y004","label":"x162y004","count":9}},{"type":"Feature","geometry":{"type":"Polygon","coordinates":[[[100.7397111249885,2.352232473781689],[100.7397111249885,2.823018856660936],[101.36156119366129,2.823018856660936],[101.36156119366129,2.352232473781689],[100.7397111249885,2.352232473781689]]]},"properties":{"region_code":"x162y005","label":"x162y005","count":9}},{"type":"Feature","geometry":{"type":"Polygon","coordinates":[[[100.7397111249885,2.823018856660936],[100.7397111249885,3.2939909740681896],[101.36156119366129,3.2939909740681896],[101.36156119366129,2.823018856660936],[100.7397111249885,2.823018856660936]]]},"properties":{"region_code":"x162y006","label":"x162y006","count":9}},{"type":"Feature","geometry":{"type":"Polygon","coordinates":[[[101.36156119366129,-0.47032302998093656],[101.36156119366129,0.0],[101.98341126233406,0.0],[101.98341126233406,-0.47032302998093656],[101.36156119366129,-0.47032302998093656]]]},"properties":{"region_code":"x163y-01","label":"x163y-01","count":9}},{"type":"Feature","geometry":{"type":"Polygon","coordinates":[[[101.36156119366129,-0.9406769065449366],[101.36156119366129,-0.47032302998093656],[101.98341126233406,-0.47032302998093656],[101.98341126233406,-0.9406769065449366],[101.36156119366129,-0.9406769065449366]]]},"properties":{"region_code":"x163y-02","label":"x163y-02","count":9}},{"type":"Feature","geometry":{"type":"Polygon","coordinates":[[[101.36156119366129,-1.411092494939997],[101.36156119366129,-0.9406769065449366],[101.98341126233406,-0.9406769065449366],[101.98341126233406,-1.411092494939997],[101.36156119366129,-1.411092494939997]]]},"properties":{"region_code":"x163y-03","label":"x163y-03","count":9}},{"type":"Feature","geometry":{"type":"Polygon","coordinates":[[[101.36156119366129,-1.881600697775689],[101.36156119366129,-1.411092494939997],[101.98341126233406,-1.411092494939997],[101.98341126233406,-1.881600697775689],[101.36156119366129,-1.881600697775689]]]},"properties":{"region_code":"x163y-04","label":"x163y-04","count":9}},{"type":"Feature","geometry":{"type":"Polygon","coordinates":[[[101.36156119366129,-2.3522324737816986],[101.36156119366129,-1.881600697775689],[101.98341126233406,-1.881600697775689],[101.98341126233406,-2.3522324737816986],[101.36156119366129,-2.3522324737816986]]]},"properties":{"region_code":"x163y-05","label":"x163y-05","count":9}},{"type":"Feature","geometry":{"type":"Polygon","coordinates":[[[101.36156119366129,-2.8230188566609358],[101.36156119366129,-2.3522324737816986],[101.98341126233406,-2.3522324737816986],[101.98341126233406,-2.8230188566609358],[101.36156119366129,-2.8230188566609358]]]},"properties":{"region_code":"x163y-06","label":"x163y-06","count":9}},{"type":"Feature","geometry":{"type":"Polygon","coordinates":[[[101.36156119366129,-3.293990974068208],[101.36156119366129,-2.8230188566609358],[101.98341126233406,-2.8230188566609358],[101.98341126233406,-3.293990974068208],[101.36156119366129,-3.293990974068208]]]},"properties":{"region_code":"x163y-07","label":"x163y-07","count":9}},{"type":"Feature","geometry":{"type":"Polygon","coordinates":[[[101.36156119366129,-3.765180066747392],[101.36156119366129,-3.293990974068208],[101.98341126233406,-3.293990974068208],[101.98341126233406,-3.765180066747392],[101.36156119366129,-3.765180066747392]]]},"properties":{"region_code":"x163y-08","label":"x163y-08","count":9}},{"type":"Feature","geometry":{"type":"Polygon","coordinates":[[[101.36156119366129,-4.236617507859314],[101.36156119366129,-3.765180066747392],[101.98341126233406,-3.765180066747392],[101.98341126233406,-4.236617507859314],[101.36156119366129,-4.236617507859314]]]},"properties":{"region_code":"x163y-09","label":"x163y-09","count":9}},{"type":"Feature","geometry":{"type":"Polygon","coordinates":[[[101.36156119366129,-4.708334822533896],[101.36156119366129,-4.236617507859314],[101.98341126233406,-4.236617507859314],[101.98341126233406,-4.708334822533896],[101.36156119366129,-4.708334822533896]]]},"properties":{"region_code":"x163y-10","label":"x163y-10","count":9}},{"type":"Feature","geometry":{"type":"Polygon","coordinates":[[[101.36156119366129,-5.1803637076811935],[101.36156119366129,-4.708334822533896],[101.98341126233406,-4.708334822533896],[101.98341126233406,-5.1803637076811935],[101.36156119366129,-5.1803637076811935]]]},"properties":{"region_code":"x163y-11","label":"x163y-11","count":9}},{"type":"Feature","geometry":{"type":"Polygon","coordinates":[[[101.36156119366129,-5.6527360520955305],[101.36156119366129,-5.1803637076811935],[101.98341126233406,-5.1803637076811935],[101.98341126233406,-5.6527360520955305],[101.36156119366129,-5.6527360520955305]]]},"properties":{"region_code":"x163y-12","label":"x163y-12","count":9}},{"type":"Feature","geometry":{"type":"Polygon","coordinates":[[[101.36156119366129,0.0],[101.36156119366129,0.4703230299809363],[101.98341126233406,0.4703230299809363],[101.98341126233406,0.0],[101.36156119366129,0.0]]]},"properties":{"region_code":"x163y000","label":"x163y000","count":9}},{"type":"Feature","geometry":{"type":"Polygon","coordinates":[[[101.36156119366129,0.4703230299809363],[101.36156119366129,0.9406769065449422],[101.98341126233406,0.9406769065449422],[101.98341126233406,0.4703230299809363],[101.36156119366129,0.4703230299809363]]]},"properties":{"region_code":"x163y001","label":"x163y001","count":9}},{"type":"Feature","geometry":{"type":"Polygon","coordinates":[[[101.36156119366129,0.9406769065449422],[101.36156119366129,1.411092494939981],[101.98341126233406,1.411092494939981],[101.98341126233406,0.9406769065449422],[101.36156119366129,0.9406769065449422]]]},"properties":{"region_code":"x163y002","label":"x163y002","count":9}},{"type":"Feature","geometry":{"type":"Polygon","coordinates":[[[101.36156119366129,1.411092494939981],[101.36156119366129,1.881600697775704],[101.98341126233406,1.881600697775704],[101.98341126233406,1.411092494939981],[101.36156119366129,1.411092494939981]]]},"properties":{"region_code":"x163y003","label":"x163y003","count":9}},{"type":"Feature","geometry":{"type":"Polygon","coordinates":[[[101.36156119366129,1.881600697775704],[101.36156119366129,2.352232473781689],[101.98341126233406,2.352232473781689],[101.98341126233406,1.881600697775704],[101.36156119366129,1.881600697775704]]]},"properties":{"region_code":"x163y004","label":"x163y004","count":9}},{"type":"Feature","geometry":{"type":"Polygon","coordinates":[[[101.36156119366129,2.352232473781689],[101.36156119366129,2.823018856660936],[101.98341126233406,2.823018856660936],[101.98341126233406,2.352232473781689],[101.36156119366129,2.352232473781689]]]},"properties":{"region_code":"x163y005","label":"x163y005","count":9}},{"type":"Feature","geometry":{"type":"Polygon","coordinates":[[[101.98341126233406,-0.47032302998093656],[101.98341126233406,0.0],[102.60526133100683,0.0],[102.60526133100683,-0.47032302998093656],[101.98341126233406,-0.47032302998093656]]]},"properties":{"region_code":"x164y-01","label":"x164y-01","count":9}},{"type":"Feature","geometry":{"type":"Polygon","coordinates":[[[101.98341126233406,-0.9406769065449366],[101.98341126233406,-0.47032302998093656],[102.60526133100683,-0.47032302998093656],[102.60526133100683,-0.9406769065449366],[101.98341126233406,-0.9406769065449366]]]},"properties":{"region_code":"x164y-02","label":"x164y-02","count":9}},{"type":"Feature","geometry":{"type":"Polygon","coordinates":[[[101.98341126233406,-1.411092494939997],[101.98341126233406,-0.9406769065449366],[102.60526133100683,-0.9406769065449366],[102.60526133100683,-1.411092494939997],[101.98341126233406,-1.411092494939997]]]},"properties":{"region_code":"x164y-03","label":"x164y-03","count":9}},{"type":"Feature","geometry":{"type":"Polygon","coordinates":[[[101.98341126233406,-1.881600697775689],[101.98341126233406,-1.411092494939997],[102.60526133100683,-1.411092494939997],[102.60526133100683,-1.881600697775689],[101.98341126233406,-1.881600697775689]]]},"properties":{"region_code":"x164y-04","label":"x164y-04","count":9}},{"type":"Feature","geometry":{"type":"Polygon","coordinates":[[[101.98341126233406,-2.3522324737816986],[101.98341126233406,-1.881600697775689],[102.60526133100683,-1.881600697775689],[102.60526133100683,-2.3522324737816986],[101.98341126233406,-2.3522324737816986]]]},"properties":{"region_code":"x164y-05","label":"x164y-05","count":9}},{"type":"Feature","geometry":{"type":"Polygon","coordinates":[[[101.98341126233406,-2.8230188566609358],[101.98341126233406,-2.3522324737816986],[102.60526133100683,-2.3522324737816986],[102.60526133100683,-2.8230188566609358],[101.98341126233406,-2.8230188566609358]]]},"properties":{"region_code":"x164y-06","label":"x164y-06","count":9}},{"type":"Feature","geometry":{"type":"Polygon","coordinates":[[[101.98341126233406,-3.293990974068208],[101.98341126233406,-2.8230188566609358],[102.60526133100683,-2.8230188566609358],[102.60526133100683,-3.293990974068208],[101.98341126233406,-3.293990974068208]]]},"properties":{"region_code":"x164y-07","label":"x164y-07","count":9}},{"type":"Feature","geometry":{"type":"Polygon","coordinates":[[[101.98341126233406,-3.765180066747392],[101.98341126233406,-3.293990974068208],[102.60526133100683,-3.293990974068208],[102.60526133100683,-3.765180066747392],[101.98341126233406,-3.765180066747392]]]},"properties":{"region_code":"x164y-08","label":"x164y-08","count":9}},{"type":"Feature","geometry":{"type":"Polygon","coordinates":[[[101.98341126233406,-4.236617507859314],[101.98341126233406,-3.765180066747392],[102.60526133100683,-3.765180066747392],[102.60526133100683,-4.236617507859314],[101.98341126233406,-4.236617507859314]]]},"properties":{"region_code":"x164y-09","label":"x164y-09","count":9}},{"type":"Feature","geometry":{"type":"Polygon","coordinates":[[[101.98341126233406,-4.708334822533896],[101.98341126233406,-4.236617507859314],[102.60526133100683,-4.236617507859314],[102.60526133100683,-4.708334822533896],[101.98341126233406,-4.708334822533896]]]},"properties":{"region_code":"x164y-10","label":"x164y-10","count":9}},{"type":"Feature","geometry":{"type":"Polygon","coordinates":[[[101.98341126233406,-5.1803637076811935],[101.98341126233406,-4.708334822533896],[102.60526133100683,-4.708334822533896],[102.60526133100683,-5.1803637076811935],[101.98341126233406,-5.1803637076811935]]]},"properties":{"region_code":"x164y-11","label":"x164y-11","count":9}},{"type":"Feature","geometry":{"type":"Polygon","coordinates":[[[101.98341126233406,-5.6527360520955305],[101.98341126233406,-5.1803637076811935],[102.60526133100683,-5.1803637076811935],[102.60526133100683,-5.6527360520955305],[101.98341126233406,-5.6527360520955305]]]},"properties":{"region_code":"x164y-12","label":"x164y-12","count":9}},{"type":"Feature","geometry":{"type":"Polygon","coordinates":[[[101.98341126233406,-6.125483956889529],[101.98341126233406,-5.6527360520955305],[102.60526133100683,-5.6527360520955305],[102.60526133100683,-6.125483956889529],[101.98341126233406,-6.125483956889529]]]},"properties":{"region_code":"x164y-13","label":"x164y-13","count":9}},{"type":"Feature","geometry":{"type":"Polygon","coordinates":[[[101.98341126233406,0.0],[101.98341126233406,0.4703230299809363],[102.60526133100683,0.4703230299809363],[102.60526133100683,0.0],[101.98341126233406,0.0]]]},"properties":{"region_code":"x164y000","label":"x164y000","count":9}},{"type":"Feature","geometry":{"type":"Polygon","coordinates":[[[101.98341126233406,0.4703230299809363],[101.98341126233406,0.9406769065449422],[102.60526133100683,0.9406769065449422],[102.60526133100683,0.4703230299809363],[101.98341126233406,0.4703230299809363]]]},"properties":{"region_code":"x164y001","label":"x164y001","count":9}},{"type":"Feature","geometry":{"type":"Polygon","coordinates":[[[101.98341126233406,0.9406769065449422],[101.98341126233406,1.411092494939981],[102.60526133100683,1.411092494939981],[102.60526133100683,0.9406769065449422],[101.98341126233406,0.9406769065449422]]]},"properties":{"region_code":"x164y002","label":"x164y002","count":9}},{"type":"Feature","geometry":{"type":"Polygon","coordinates":[[[101.98341126233406,1.411092494939981],[101.98341126233406,1.881600697775704],[102.60526133100683,1.881600697775704],[102.60526133100683,1.411092494939981],[101.98341126233406,1.411092494939981]]]},"properties":{"region_code":"x164y003","label":"x164y003","count":9}},{"type":"Feature","geometry":{"type":"Polygon","coordinates":[[[101.98341126233406,1.881600697775704],[101.98341126233406,2.352232473781689],[102.60526133100683,2.352232473781689],[102.60526133100683,1.881600697775704],[101.98341126233406,1.881600697775704]]]},"properties":{"region_code":"x164y004","label":"x164y004","count":9}},{"type":"Feature","geometry":{"type":"Polygon","coordinates":[[[102.60526133100683,-0.47032302998093656],[102.60526133100683,0.0],[103.2271113996796,0.0],[103.2271113996796,-0.47032302998093656],[102.60526133100683,-0.47032302998093656]]]},"properties":{"region_code":"x165y-01","label":"x165y-01","count":9}},{"type":"Feature","geometry":{"type":"Polygon","coordinates":[[[102.60526133100683,-0.9406769065449366],[102.60526133100683,-0.47032302998093656],[103.2271113996796,-0.47032302998093656],[103.2271113996796,-0.9406769065449366],[102.60526133100683,-0.9406769065449366]]]},"properties":{"region_code":"x165y-02","label":"x165y-02","count":9}},{"type":"Feature","geometry":{"type":"Polygon","coordinates":[[[102.60526133100683,-1.411092494939997],[102.60526133100683,-0.9406769065449366],[103.2271113996796,-0.9406769065449366],[103.2271113996796,-1.411092494939997],[102.60526133100683,-1.411092494939997]]]},"properties":{"region_code":"x165y-03","label":"x165y-03","count":9}},{"type":"Feature","geometry":{"type":"Polygon","coordinates":[[[102.60526133100683,-1.881600697775689],[102.60526133100683,-1.411092494939997],[103.2271113996796,-1.411092494939997],[103.2271113996796,-1.881600697775689],[102.60526133100683,-1.881600697775689]]]},"properties":{"region_code":"x165y-04","label":"x165y-04","count":9}},{"type":"Feature","geometry":{"type":"Polygon","coordinates":[[[102.60526133100683,-2.3522324737816986],[102.60526133100683,-1.881600697775689],[103.2271113996796,-1.881600697775689],[103.2271113996796,-2.3522324737816986],[102.60526133100683,-2.3522324737816986]]]},"properties":{"region_code":"x165y-05","label":"x165y-05","count":9}},{"type":"Feature","geometry":{"type":"Polygon","coordinates":[[[102.60526133100683,-2.8230188566609358],[102.60526133100683,-2.3522324737816986],[103.2271113996796,-2.3522324737816986],[103.2271113996796,-2.8230188566609358],[102.60526133100683,-2.8230188566609358]]]},"properties":{"region_code":"x165y-06","label":"x165y-06","count":9}},{"type":"Feature","geometry":{"type":"Polygon","coordinates":[[[102.60526133100683,-3.293990974068208],[102.60526133100683,-2.8230188566609358],[103.2271113996796,-2.8230188566609358],[103.2271113996796,-3.293990974068208],[102.60526133100683,-3.293990974068208]]]},"properties":{"region_code":"x165y-07","label":"x165y-07","count":9}},{"type":"Feature","geometry":{"type":"Polygon","coordinates":[[[102.60526133100683,-3.765180066747392],[102.60526133100683,-3.293990974068208],[103.2271113996796,-3.293990974068208],[103.2271113996796,-3.765180066747392],[102.60526133100683,-3.765180066747392]]]},"properties":{"region_code":"x165y-08","label":"x165y-08","count":9}},{"type":"Feature","geometry":{"type":"Polygon","coordinates":[[[102.60526133100683,-4.236617507859314],[102.60526133100683,-3.765180066747392],[103.2271113996796,-3.765180066747392],[103.2271113996796,-4.236617507859314],[102.60526133100683,-4.236617507859314]]]},"properties":{"region_code":"x165y-09","label":"x165y-09","count":9}},{"type":"Feature","geometry":{"type":"Polygon","coordinates":[[[102.60526133100683,-4.708334822533896],[102.60526133100683,-4.236617507859314],[103.2271113996796,-4.236617507859314],[103.2271113996796,-4.708334822533896],[102.60526133100683,-4.708334822533896]]]},"properties":{"region_code":"x165y-10","label":"x165y-10","count":9}},{"type":"Feature","geometry":{"type":"Polygon","coordinates":[[[102.60526133100683,-5.1803637076811935],[102.60526133100683,-4.708334822533896],[103.2271113996796,-4.708334822533896],[103.2271113996796,-5.1803637076811935],[102.60526133100683,-5.1803637076811935]]]},"properties":{"region_code":"x165y-11","label":"x165y-11","count":9}},{"type":"Feature","geometry":{"type":"Polygon","coordinates":[[[102.60526133100683,-5.6527360520955305],[102.60526133100683,-5.1803637076811935],[103.2271113996796,-5.1803637076811935],[103.2271113996796,-5.6527360520955305],[102.60526133100683,-5.6527360520955305]]]},"properties":{"region_code":"x165y-12","label":"x165y-12","count":9}},{"type":"Feature","geometry":{"type":"Polygon","coordinates":[[[102.60526133100683,-6.125483956889529],[102.60526133100683,-5.6527360520955305],[103.2271113996796,-5.6527360520955305],[103.2271113996796,-6.125483956889529],[102.60526133100683,-6.125483956889529]]]},"properties":{"region_code":"x165y-13","label":"x165y-13","count":9}},{"type":"Feature","geometry":{"type":"Polygon","coordinates":[[[102.60526133100683,0.0],[102.60526133100683,0.4703230299809363],[103.2271113996796,0.4703230299809363],[103.2271113996796,0.0],[102.60526133100683,0.0]]]},"properties":{"region_code":"x165y000","label":"x165y000","count":9}},{"type":"Feature","geometry":{"type":"Polygon","coordinates":[[[102.60526133100683,0.4703230299809363],[102.60526133100683,0.9406769065449422],[103.2271113996796,0.9406769065449422],[103.2271113996796,0.4703230299809363],[102.60526133100683,0.4703230299809363]]]},"properties":{"region_code":"x165y001","label":"x165y001","count":9}},{"type":"Feature","geometry":{"type":"Polygon","coordinates":[[[102.60526133100683,0.9406769065449422],[102.60526133100683,1.411092494939981],[103.2271113996796,1.411092494939981],[103.2271113996796,0.9406769065449422],[102.60526133100683,0.9406769065449422]]]},"properties":{"region_code":"x165y002","label":"x165y002","count":9}},{"type":"Feature","geometry":{"type":"Polygon","coordinates":[[[102.60526133100683,1.411092494939981],[102.60526133100683,1.881600697775704],[103.2271113996796,1.881600697775704],[103.2271113996796,1.411092494939981],[102.60526133100683,1.411092494939981]]]},"properties":{"region_code":"x165y003","label":"x165y003","count":9}},{"type":"Feature","geometry":{"type":"Polygon","coordinates":[[[103.2271113996796,-0.47032302998093656],[103.2271113996796,0.0],[103.84896146835234,0.0],[103.84896146835234,-0.47032302998093656],[103.2271113996796,-0.47032302998093656]]]},"properties":{"region_code":"x166y-01","label":"x166y-01","count":9}},{"type":"Feature","geometry":{"type":"Polygon","coordinates":[[[103.2271113996796,-0.9406769065449366],[103.2271113996796,-0.47032302998093656],[103.84896146835234,-0.47032302998093656],[103.84896146835234,-0.9406769065449366],[103.2271113996796,-0.9406769065449366]]]},"properties":{"region_code":"x166y-02","label":"x166y-02","count":9}},{"type":"Feature","geometry":{"type":"Polygon","coordinates":[[[103.2271113996796,-1.411092494939997],[103.2271113996796,-0.9406769065449366],[103.84896146835234,-0.9406769065449366],[103.84896146835234,-1.411092494939997],[103.2271113996796,-1.411092494939997]]]},"properties":{"region_code":"x166y-03","label":"x166y-03","count":9}},{"type":"Feature","geometry":{"type":"Polygon","coordinates":[[[103.2271113996796,-1.881600697775689],[103.2271113996796,-1.411092494939997],[103.84896146835234,-1.411092494939997],[103.84896146835234,-1.881600697775689],[103.2271113996796,-1.881600697775689]]]},"properties":{"region_code":"x166y-04","label":"x166y-04","count":9}},{"type":"Feature","geometry":{"type":"Polygon","coordinates":[[[103.2271113996796,-2.3522324737816986],[103.2271113996796,-1.881600697775689],[103.84896146835234,-1.881600697775689],[103.84896146835234,-2.3522324737816986],[103.2271113996796,-2.3522324737816986]]]},"properties":{"region_code":"x166y-05","label":"x166y-05","count":9}},{"type":"Feature","geometry":{"type":"Polygon","coordinates":[[[103.2271113996796,-2.8230188566609358],[103.2271113996796,-2.3522324737816986],[103.84896146835234,-2.3522324737816986],[103.84896146835234,-2.8230188566609358],[103.2271113996796,-2.8230188566609358]]]},"properties":{"region_code":"x166y-06","label":"x166y-06","count":9}},{"type":"Feature","geometry":{"type":"Polygon","coordinates":[[[103.2271113996796,-3.293990974068208],[103.2271113996796,-2.8230188566609358],[103.84896146835234,-2.8230188566609358],[103.84896146835234,-3.293990974068208],[103.2271113996796,-3.293990974068208]]]},"properties":{"region_code":"x166y-07","label":"x166y-07","count":9}},{"type":"Feature","geometry":{"type":"Polygon","coordinates":[[[103.2271113996796,-3.765180066747392],[103.2271113996796,-3.293990974068208],[103.84896146835234,-3.293990974068208],[103.84896146835234,-3.765180066747392],[103.2271113996796,-3.765180066747392]]]},"properties":{"region_code":"x166y-08","label":"x166y-08","count":9}},{"type":"Feature","geometry":{"type":"Polygon","coordinates":[[[103.2271113996796,-4.236617507859314],[103.2271113996796,-3.765180066747392],[103.84896146835234,-3.765180066747392],[103.84896146835234,-4.236617507859314],[103.2271113996796,-4.236617507859314]]]},"properties":{"region_code":"x166y-09","label":"x166y-09","count":9}},{"type":"Feature","geometry":{"type":"Polygon","coordinates":[[[103.2271113996796,-4.708334822533896],[103.2271113996796,-4.236617507859314],[103.84896146835234,-4.236617507859314],[103.84896146835234,-4.708334822533896],[103.2271113996796,-4.708334822533896]]]},"properties":{"region_code":"x166y-10","label":"x166y-10","count":9}},{"type":"Feature","geometry":{"type":"Polygon","coordinates":[[[103.2271113996796,-5.1803637076811935],[103.2271113996796,-4.708334822533896],[103.84896146835234,-4.708334822533896],[103.84896146835234,-5.1803637076811935],[103.2271113996796,-5.1803637076811935]]]},"properties":{"region_code":"x166y-11","label":"x166y-11","count":9}},{"type":"Feature","geometry":{"type":"Polygon","coordinates":[[[103.2271113996796,-5.6527360520955305],[103.2271113996796,-5.1803637076811935],[103.84896146835234,-5.1803637076811935],[103.84896146835234,-5.6527360520955305],[103.2271113996796,-5.6527360520955305]]]},"properties":{"region_code":"x166y-12","label":"x166y-12","count":9}},{"type":"Feature","geometry":{"type":"Polygon","coordinates":[[[103.2271113996796,0.0],[103.2271113996796,0.4703230299809363],[103.84896146835234,0.4703230299809363],[103.84896146835234,0.0],[103.2271113996796,0.0]]]},"properties":{"region_code":"x166y000","label":"x166y000","count":9}},{"type":"Feature","geometry":{"type":"Polygon","coordinates":[[[103.2271113996796,0.4703230299809363],[103.2271113996796,0.9406769065449422],[103.84896146835234,0.9406769065449422],[103.84896146835234,0.4703230299809363],[103.2271113996796,0.4703230299809363]]]},"properties":{"region_code":"x166y001","label":"x166y001","count":9}},{"type":"Feature","geometry":{"type":"Polygon","coordinates":[[[103.2271113996796,0.9406769065449422],[103.2271113996796,1.411092494939981],[103.84896146835234,1.411092494939981],[103.84896146835234,0.9406769065449422],[103.2271113996796,0.9406769065449422]]]},"properties":{"region_code":"x166y002","label":"x166y002","count":9}},{"type":"Feature","geometry":{"type":"Polygon","coordinates":[[[103.84896146835234,-0.47032302998093656],[103.84896146835234,0.0],[104.47081153702513,0.0],[104.47081153702513,-0.47032302998093656],[103.84896146835234,-0.47032302998093656]]]},"properties":{"region_code":"x167y-01","label":"x167y-01","count":9}},{"type":"Feature","geometry":{"type":"Polygon","coordinates":[[[103.84896146835234,-0.9406769065449366],[103.84896146835234,-0.47032302998093656],[104.47081153702513,-0.47032302998093656],[104.47081153702513,-0.9406769065449366],[103.84896146835234,-0.9406769065449366]]]},"properties":{"region_code":"x167y-02","label":"x167y-02","count":9}},{"type":"Feature","geometry":{"type":"Polygon","coordinates":[[[103.84896146835234,-1.411092494939997],[103.84896146835234,-0.9406769065449366],[104.47081153702513,-0.9406769065449366],[104.47081153702513,-1.411092494939997],[103.84896146835234,-1.411092494939997]]]},"properties":{"region_code":"x167y-03","label":"x167y-03","count":9}},{"type":"Feature","geometry":{"type":"Polygon","coordinates":[[[103.84896146835234,-1.881600697775689],[103.84896146835234,-1.411092494939997],[104.47081153702513,-1.411092494939997],[104.47081153702513,-1.881600697775689],[103.84896146835234,-1.881600697775689]]]},"properties":{"region_code":"x167y-04","label":"x167y-04","count":9}},{"type":"Feature","geometry":{"type":"Polygon","coordinates":[[[103.84896146835234,-2.3522324737816986],[103.84896146835234,-1.881600697775689],[104.47081153702513,-1.881600697775689],[104.47081153702513,-2.3522324737816986],[103.84896146835234,-2.3522324737816986]]]},"properties":{"region_code":"x167y-05","label":"x167y-05","count":9}},{"type":"Feature","geometry":{"type":"Polygon","coordinates":[[[103.84896146835234,-2.8230188566609358],[103.84896146835234,-2.3522324737816986],[104.47081153702513,-2.3522324737816986],[104.47081153702513,-2.8230188566609358],[103.84896146835234,-2.8230188566609358]]]},"properties":{"region_code":"x167y-06","label":"x167y-06","count":9}},{"type":"Feature","geometry":{"type":"Polygon","coordinates":[[[103.84896146835234,-3.293990974068208],[103.84896146835234,-2.8230188566609358],[104.47081153702513,-2.8230188566609358],[104.47081153702513,-3.293990974068208],[103.84896146835234,-3.293990974068208]]]},"properties":{"region_code":"x167y-07","label":"x167y-07","count":9}},{"type":"Feature","geometry":{"type":"Polygon","coordinates":[[[103.84896146835234,-3.765180066747392],[103.84896146835234,-3.293990974068208],[104.47081153702513,-3.293990974068208],[104.47081153702513,-3.765180066747392],[103.84896146835234,-3.765180066747392]]]},"properties":{"region_code":"x167y-08","label":"x167y-08","count":9}},{"type":"Feature","geometry":{"type":"Polygon","coordinates":[[[103.84896146835234,-4.236617507859314],[103.84896146835234,-3.765180066747392],[104.47081153702513,-3.765180066747392],[104.47081153702513,-4.236617507859314],[103.84896146835234,-4.236617507859314]]]},"properties":{"region_code":"x167y-09","label":"x167y-09","count":9}},{"type":"Feature","geometry":{"type":"Polygon","coordinates":[[[103.84896146835234,-4.708334822533896],[103.84896146835234,-4.236617507859314],[104.47081153702513,-4.236617507859314],[104.47081153702513,-4.708334822533896],[103.84896146835234,-4.708334822533896]]]},"properties":{"region_code":"x167y-10","label":"x167y-10","count":9}},{"type":"Feature","geometry":{"type":"Polygon","coordinates":[[[103.84896146835234,-5.1803637076811935],[103.84896146835234,-4.708334822533896],[104.47081153702513,-4.708334822533896],[104.47081153702513,-5.1803637076811935],[103.84896146835234,-5.1803637076811935]]]},"properties":{"region_code":"x167y-11","label":"x167y-11","count":9}},{"type":"Feature","geometry":{"type":"Polygon","coordinates":[[[103.84896146835234,-5.6527360520955305],[103.84896146835234,-5.1803637076811935],[104.47081153702513,-5.1803637076811935],[104.47081153702513,-5.6527360520955305],[103.84896146835234,-5.6527360520955305]]]},"properties":{"region_code":"x167y-12","label":"x167y-12","count":9}},{"type":"Feature","geometry":{"type":"Polygon","coordinates":[[[103.84896146835234,-6.125483956889529],[103.84896146835234,-5.6527360520955305],[104.47081153702513,-5.6527360520955305],[104.47081153702513,-6.125483956889529],[103.84896146835234,-6.125483956889529]]]},"properties":{"region_code":"x167y-13","label":"x167y-13","count":9}},{"type":"Feature","geometry":{"type":"Polygon","coordinates":[[[103.84896146835234,-6.598639756294533],[103.84896146835234,-6.125483956889529],[104.47081153702513,-6.125483956889529],[104.47081153702513,-6.598639756294533],[103.84896146835234,-6.598639756294533]]]},"properties":{"region_code":"x167y-14","label":"x167y-14","count":9}},{"type":"Feature","geometry":{"type":"Polygon","coordinates":[[[103.84896146835234,0.0],[103.84896146835234,0.4703230299809363],[104.47081153702513,0.4703230299809363],[104.47081153702513,0.0],[103.84896146835234,0.0]]]},"properties":{"region_code":"x167y000","label":"x167y000","count":9}},{"type":"Feature","geometry":{"type":"Polygon","coordinates":[[[103.84896146835234,0.4703230299809363],[103.84896146835234,0.9406769065449422],[104.47081153702513,0.9406769065449422],[104.47081153702513,0.4703230299809363],[103.84896146835234,0.4703230299809363]]]},"properties":{"region_code":"x167y001","label":"x167y001","count":9}},{"type":"Feature","geometry":{"type":"Polygon","coordinates":[[[103.84896146835234,0.9406769065449422],[103.84896146835234,1.411092494939981],[104.47081153702513,1.411092494939981],[104.47081153702513,0.9406769065449422],[103.84896146835234,0.9406769065449422]]]},"properties":{"region_code":"x167y002","label":"x167y002","count":9}},{"type":"Feature","geometry":{"type":"Polygon","coordinates":[[[104.47081153702513,-0.47032302998093656],[104.47081153702513,0.0],[105.0926616056979,0.0],[105.0926616056979,-0.47032302998093656],[104.47081153702513,-0.47032302998093656]]]},"properties":{"region_code":"x168y-01","label":"x168y-01","count":9}},{"type":"Feature","geometry":{"type":"Polygon","coordinates":[[[104.47081153702513,-0.9406769065449366],[104.47081153702513,-0.47032302998093656],[105.0926616056979,-0.47032302998093656],[105.0926616056979,-0.9406769065449366],[104.47081153702513,-0.9406769065449366]]]},"properties":{"region_code":"x168y-02","label":"x168y-02","count":9}},{"type":"Feature","geometry":{"type":"Polygon","coordinates":[[[104.47081153702513,-1.411092494939997],[104.47081153702513,-0.9406769065449366],[105.0926616056979,-0.9406769065449366],[105.0926616056979,-1.411092494939997],[104.47081153702513,-1.411092494939997]]]},"properties":{"region_code":"x168y-03","label":"x168y-03","count":9}},{"type":"Feature","geometry":{"type":"Polygon","coordinates":[[[104.47081153702513,-1.881600697775689],[104.47081153702513,-1.411092494939997],[105.0926616056979,-1.411092494939997],[105.0926616056979,-1.881600697775689],[104.47081153702513,-1.881600697775689]]]},"properties":{"region_code":"x168y-04","label":"x168y-04","count":9}},{"type":"Feature","geometry":{"type":"Polygon","coordinates":[[[104.47081153702513,-2.3522324737816986],[104.47081153702513,-1.881600697775689],[105.0926616056979,-1.881600697775689],[105.0926616056979,-2.3522324737816986],[104.47081153702513,-2.3522324737816986]]]},"properties":{"region_code":"x168y-05","label":"x168y-05","count":9}},{"type":"Feature","geometry":{"type":"Polygon","coordinates":[[[104.47081153702513,-2.8230188566609358],[104.47081153702513,-2.3522324737816986],[105.0926616056979,-2.3522324737816986],[105.0926616056979,-2.8230188566609358],[104.47081153702513,-2.8230188566609358]]]},"properties":{"region_code":"x168y-06","label":"x168y-06","count":9}},{"type":"Feature","geometry":{"type":"Polygon","coordinates":[[[104.47081153702513,-3.293990974068208],[104.47081153702513,-2.8230188566609358],[105.0926616056979,-2.8230188566609358],[105.0926616056979,-3.293990974068208],[104.47081153702513,-3.293990974068208]]]},"properties":{"region_code":"x168y-07","label":"x168y-07","count":9}},{"type":"Feature","geometry":{"type":"Polygon","coordinates":[[[104.47081153702513,-3.765180066747392],[104.47081153702513,-3.293990974068208],[105.0926616056979,-3.293990974068208],[105.0926616056979,-3.765180066747392],[104.47081153702513,-3.765180066747392]]]},"properties":{"region_code":"x168y-08","label":"x168y-08","count":9}},{"type":"Feature","geometry":{"type":"Polygon","coordinates":[[[104.47081153702513,-4.236617507859314],[104.47081153702513,-3.765180066747392],[105.0926616056979,-3.765180066747392],[105.0926616056979,-4.236617507859314],[104.47081153702513,-4.236617507859314]]]},"properties":{"region_code":"x168y-09","label":"x168y-09","count":9}},{"type":"Feature","geometry":{"type":"Polygon","coordinates":[[[104.47081153702513,-4.708334822533896],[104.47081153702513,-4.236617507859314],[105.0926616056979,-4.236617507859314],[105.0926616056979,-4.708334822533896],[104.47081153702513,-4.708334822533896]]]},"properties":{"region_code":"x168y-10","label":"x168y-10","count":9}},{"type":"Feature","geometry":{"type":"Polygon","coordinates":[[[104.47081153702513,-5.1803637076811935],[104.47081153702513,-4.708334822533896],[105.0926616056979,-4.708334822533896],[105.0926616056979,-5.1803637076811935],[104.47081153702513,-5.1803637076811935]]]},"properties":{"region_code":"x168y-11","label":"x168y-11","count":9}},{"type":"Feature","geometry":{"type":"Polygon","coordinates":[[[104.47081153702513,-5.6527360520955305],[104.47081153702513,-5.1803637076811935],[105.0926616056979,-5.1803637076811935],[105.0926616056979,-5.6527360520955305],[104.47081153702513,-5.6527360520955305]]]},"properties":{"region_code":"x168y-12","label":"x168y-12","count":9}},{"type":"Feature","geometry":{"type":"Polygon","coordinates":[[[104.47081153702513,-6.125483956889529],[104.47081153702513,-5.6527360520955305],[105.0926616056979,-5.6527360520955305],[105.0926616056979,-6.125483956889529],[104.47081153702513,-6.125483956889529]]]},"properties":{"region_code":"x168y-13","label":"x168y-13","count":9}},{"type":"Feature","geometry":{"type":"Polygon","coordinates":[[[104.47081153702513,-6.598639756294533],[104.47081153702513,-6.125483956889529],[105.0926616056979,-6.125483956889529],[105.0926616056979,-6.598639756294533],[104.47081153702513,-6.598639756294533]]]},"properties":{"region_code":"x168y-14","label":"x168y-14","count":9}},{"type":"Feature","geometry":{"type":"Polygon","coordinates":[[[104.47081153702513,-7.072236038866301],[104.47081153702513,-6.598639756294533],[105.0926616056979,-6.598639756294533],[105.0926616056979,-7.072236038866301],[104.47081153702513,-7.072236038866301]]]},"properties":{"region_code":"x168y-15","label":"x168y-15","count":9}},{"type":"Feature","geometry":{"type":"Polygon","coordinates":[[[104.47081153702513,0.0],[104.47081153702513,0.4703230299809363],[105.0926616056979,0.4703230299809363],[105.0926616056979,0.0],[104.47081153702513,0.0]]]},"properties":{"region_code":"x168y000","label":"x168y000","count":9}},{"type":"Feature","geometry":{"type":"Polygon","coordinates":[[[104.47081153702513,0.4703230299809363],[104.47081153702513,0.9406769065449422],[105.0926616056979,0.9406769065449422],[105.0926616056979,0.4703230299809363],[104.47081153702513,0.4703230299809363]]]},"properties":{"region_code":"x168y001","label":"x168y001","count":9}},{"type":"Feature","geometry":{"type":"Polygon","coordinates":[[[104.47081153702513,0.9406769065449422],[104.47081153702513,1.411092494939981],[105.0926616056979,1.411092494939981],[105.0926616056979,0.9406769065449422],[104.47081153702513,0.9406769065449422]]]},"properties":{"region_code":"x168y002","label":"x168y002","count":9}},{"type":"Feature","geometry":{"type":"Polygon","coordinates":[[[104.47081153702513,1.411092494939981],[104.47081153702513,1.881600697775704],[105.0926616056979,1.881600697775704],[105.0926616056979,1.411092494939981],[104.47081153702513,1.411092494939981]]]},"properties":{"region_code":"x168y003","label":"x168y003","count":9}},{"type":"Feature","geometry":{"type":"Polygon","coordinates":[[[105.0926616056979,-0.47032302998093656],[105.0926616056979,0.0],[105.71451167437067,0.0],[105.71451167437067,-0.47032302998093656],[105.0926616056979,-0.47032302998093656]]]},"properties":{"region_code":"x169y-01","label":"x169y-01","count":9}},{"type":"Feature","geometry":{"type":"Polygon","coordinates":[[[105.0926616056979,-0.9406769065449366],[105.0926616056979,-0.47032302998093656],[105.71451167437067,-0.47032302998093656],[105.71451167437067,-0.9406769065449366],[105.0926616056979,-0.9406769065449366]]]},"properties":{"region_code":"x169y-02","label":"x169y-02","count":9}},{"type":"Feature","geometry":{"type":"Polygon","coordinates":[[[105.0926616056979,-1.411092494939997],[105.0926616056979,-0.9406769065449366],[105.71451167437067,-0.9406769065449366],[105.71451167437067,-1.411092494939997],[105.0926616056979,-1.411092494939997]]]},"properties":{"region_code":"x169y-03","label":"x169y-03","count":9}},{"type":"Feature","geometry":{"type":"Polygon","coordinates":[[[105.0926616056979,-1.881600697775689],[105.0926616056979,-1.411092494939997],[105.71451167437067,-1.411092494939997],[105.71451167437067,-1.881600697775689],[105.0926616056979,-1.881600697775689]]]},"properties":{"region_code":"x169y-04","label":"x169y-04","count":9}},{"type":"Feature","geometry":{"type":"Polygon","coordinates":[[[105.0926616056979,-2.3522324737816986],[105.0926616056979,-1.881600697775689],[105.71451167437067,-1.881600697775689],[105.71451167437067,-2.3522324737816986],[105.0926616056979,-2.3522324737816986]]]},"properties":{"region_code":"x169y-05","label":"x169y-05","count":9}},{"type":"Feature","geometry":{"type":"Polygon","coordinates":[[[105.0926616056979,-2.8230188566609358],[105.0926616056979,-2.3522324737816986],[105.71451167437067,-2.3522324737816986],[105.71451167437067,-2.8230188566609358],[105.0926616056979,-2.8230188566609358]]]},"properties":{"region_code":"x169y-06","label":"x169y-06","count":9}},{"type":"Feature","geometry":{"type":"Polygon","coordinates":[[[105.0926616056979,-3.293990974068208],[105.0926616056979,-2.8230188566609358],[105.71451167437067,-2.8230188566609358],[105.71451167437067,-3.293990974068208],[105.0926616056979,-3.293990974068208]]]},"properties":{"region_code":"x169y-07","label":"x169y-07","count":9}},{"type":"Feature","geometry":{"type":"Polygon","coordinates":[[[105.0926616056979,-3.765180066747392],[105.0926616056979,-3.293990974068208],[105.71451167437067,-3.293990974068208],[105.71451167437067,-3.765180066747392],[105.0926616056979,-3.765180066747392]]]},"properties":{"region_code":"x169y-08","label":"x169y-08","count":9}},{"type":"Feature","geometry":{"type":"Polygon","coordinates":[[[105.0926616056979,-4.236617507859314],[105.0926616056979,-3.765180066747392],[105.71451167437067,-3.765180066747392],[105.71451167437067,-4.236617507859314],[105.0926616056979,-4.236617507859314]]]},"properties":{"region_code":"x169y-09","label":"x169y-09","count":9}},{"type":"Feature","geometry":{"type":"Polygon","coordinates":[[[105.0926616056979,-4.708334822533896],[105.0926616056979,-4.236617507859314],[105.71451167437067,-4.236617507859314],[105.71451167437067,-4.708334822533896],[105.0926616056979,-4.708334822533896]]]},"properties":{"region_code":"x169y-10","label":"x169y-10","count":9}},{"type":"Feature","geometry":{"type":"Polygon","coordinates":[[[105.0926616056979,-5.1803637076811935],[105.0926616056979,-4.708334822533896],[105.71451167437067,-4.708334822533896],[105.71451167437067,-5.1803637076811935],[105.0926616056979,-5.1803637076811935]]]},"properties":{"region_code":"x169y-11","label":"x169y-11","count":9}},{"type":"Feature","geometry":{"type":"Polygon","coordinates":[[[105.0926616056979,-5.6527360520955305],[105.0926616056979,-5.1803637076811935],[105.71451167437067,-5.1803637076811935],[105.71451167437067,-5.6527360520955305],[105.0926616056979,-5.6527360520955305]]]},"properties":{"region_code":"x169y-12","label":"x169y-12","count":9}},{"type":"Feature","geometry":{"type":"Polygon","coordinates":[[[105.0926616056979,-6.125483956889529],[105.0926616056979,-5.6527360520955305],[105.71451167437067,-5.6527360520955305],[105.71451167437067,-6.125483956889529],[105.0926616056979,-6.125483956889529]]]},"properties":{"region_code":"x169y-13","label":"x169y-13","count":9}},{"type":"Feature","geometry":{"type":"Polygon","coordinates":[[[105.0926616056979,-6.598639756294533],[105.0926616056979,-6.125483956889529],[105.71451167437067,-6.125483956889529],[105.71451167437067,-6.598639756294533],[105.0926616056979,-6.598639756294533]]]},"properties":{"region_code":"x169y-14","label":"x169y-14","count":9}},{"type":"Feature","geometry":{"type":"Polygon","coordinates":[[[105.0926616056979,-7.072236038866301],[105.0926616056979,-6.598639756294533],[105.71451167437067,-6.598639756294533],[105.71451167437067,-7.072236038866301],[105.0926616056979,-7.072236038866301]]]},"properties":{"region_code":"x169y-15","label":"x169y-15","count":9}},{"type":"Feature","geometry":{"type":"Polygon","coordinates":[[[105.0926616056979,-7.546305669135457],[105.0926616056979,-7.072236038866301],[105.71451167437067,-7.072236038866301],[105.71451167437067,-7.546305669135457],[105.0926616056979,-7.546305669135457]]]},"properties":{"region_code":"x169y-16","label":"x169y-16","count":9}},{"type":"Feature","geometry":{"type":"Polygon","coordinates":[[[105.0926616056979,0.0],[105.0926616056979,0.4703230299809363],[105.71451167437067,0.4703230299809363],[105.71451167437067,0.0],[105.0926616056979,0.0]]]},"properties":{"region_code":"x169y000","label":"x169y000","count":8}},{"type":"Feature","geometry":{"type":"Polygon","coordinates":[[[105.0926616056979,0.4703230299809363],[105.0926616056979,0.9406769065449422],[105.71451167437067,0.9406769065449422],[105.71451167437067,0.4703230299809363],[105.0926616056979,0.4703230299809363]]]},"properties":{"region_code":"x169y001","label":"x169y001","count":9}},{"type":"Feature","geometry":{"type":"Polygon","coordinates":[[[105.0926616056979,0.9406769065449422],[105.0926616056979,1.411092494939981],[105.71451167437067,1.411092494939981],[105.71451167437067,0.9406769065449422],[105.0926616056979,0.9406769065449422]]]},"properties":{"region_code":"x169y002","label":"x169y002","count":9}},{"type":"Feature","geometry":{"type":"Polygon","coordinates":[[[105.0926616056979,1.411092494939981],[105.0926616056979,1.881600697775704],[105.71451167437067,1.881600697775704],[105.71451167437067,1.411092494939981],[105.0926616056979,1.411092494939981]]]},"properties":{"region_code":"x169y003","label":"x169y003","count":9}},{"type":"Feature","geometry":{"type":"Polygon","coordinates":[[[105.0926616056979,1.881600697775704],[105.0926616056979,2.352232473781689],[105.71451167437067,2.352232473781689],[105.71451167437067,1.881600697775704],[105.0926616056979,1.881600697775704]]]},"properties":{"region_code":"x169y004","label":"x169y004","count":9}},{"type":"Feature","geometry":{"type":"Polygon","coordinates":[[[105.0926616056979,2.352232473781689],[105.0926616056979,2.823018856660936],[105.71451167437067,2.823018856660936],[105.71451167437067,2.352232473781689],[105.0926616056979,2.352232473781689]]]},"properties":{"region_code":"x169y005","label":"x169y005","count":9}},{"type":"Feature","geometry":{"type":"Polygon","coordinates":[[[105.0926616056979,2.823018856660936],[105.0926616056979,3.2939909740681896],[105.71451167437067,3.2939909740681896],[105.71451167437067,2.823018856660936],[105.0926616056979,2.823018856660936]]]},"properties":{"region_code":"x169y006","label":"x169y006","count":9}},{"type":"Feature","geometry":{"type":"Polygon","coordinates":[[[105.0926616056979,3.2939909740681896],[105.0926616056979,3.765180066747398],[105.71451167437067,3.765180066747398],[105.71451167437067,3.2939909740681896],[105.0926616056979,3.2939909740681896]]]},"properties":{"region_code":"x169y007","label":"x169y007","count":9}},{"type":"Feature","geometry":{"type":"Polygon","coordinates":[[[105.71451167437067,-0.47032302998093656],[105.71451167437067,0.0],[106.33636174304344,0.0],[106.33636174304344,-0.47032302998093656],[105.71451167437067,-0.47032302998093656]]]},"properties":{"region_code":"x170y-01","label":"x170y-01","count":9}},{"type":"Feature","geometry":{"type":"Polygon","coordinates":[[[105.71451167437067,-0.9406769065449366],[105.71451167437067,-0.47032302998093656],[106.33636174304344,-0.47032302998093656],[106.33636174304344,-0.9406769065449366],[105.71451167437067,-0.9406769065449366]]]},"properties":{"region_code":"x170y-02","label":"x170y-02","count":9}},{"type":"Feature","geometry":{"type":"Polygon","coordinates":[[[105.71451167437067,-1.411092494939997],[105.71451167437067,-0.9406769065449366],[106.33636174304344,-0.9406769065449366],[106.33636174304344,-1.411092494939997],[105.71451167437067,-1.411092494939997]]]},"properties":{"region_code":"x170y-03","label":"x170y-03","count":9}},{"type":"Feature","geometry":{"type":"Polygon","coordinates":[[[105.71451167437067,-1.881600697775689],[105.71451167437067,-1.411092494939997],[106.33636174304344,-1.411092494939997],[106.33636174304344,-1.881600697775689],[105.71451167437067,-1.881600697775689]]]},"properties":{"region_code":"x170y-04","label":"x170y-04","count":9}},{"type":"Feature","geometry":{"type":"Polygon","coordinates":[[[105.71451167437067,-2.3522324737816986],[105.71451167437067,-1.881600697775689],[106.33636174304344,-1.881600697775689],[106.33636174304344,-2.3522324737816986],[105.71451167437067,-2.3522324737816986]]]},"properties":{"region_code":"x170y-05","label":"x170y-05","count":9}},{"type":"Feature","geometry":{"type":"Polygon","coordinates":[[[105.71451167437067,-2.8230188566609358],[105.71451167437067,-2.3522324737816986],[106.33636174304344,-2.3522324737816986],[106.33636174304344,-2.8230188566609358],[105.71451167437067,-2.8230188566609358]]]},"properties":{"region_code":"x170y-06","label":"x170y-06","count":9}},{"type":"Feature","geometry":{"type":"Polygon","coordinates":[[[105.71451167437067,-3.293990974068208],[105.71451167437067,-2.8230188566609358],[106.33636174304344,-2.8230188566609358],[106.33636174304344,-3.293990974068208],[105.71451167437067,-3.293990974068208]]]},"properties":{"region_code":"x170y-07","label":"x170y-07","count":9}},{"type":"Feature","geometry":{"type":"Polygon","coordinates":[[[105.71451167437067,-3.765180066747392],[105.71451167437067,-3.293990974068208],[106.33636174304344,-3.293990974068208],[106.33636174304344,-3.765180066747392],[105.71451167437067,-3.765180066747392]]]},"properties":{"region_code":"x170y-08","label":"x170y-08","count":9}},{"type":"Feature","geometry":{"type":"Polygon","coordinates":[[[105.71451167437067,-4.236617507859314],[105.71451167437067,-3.765180066747392],[106.33636174304344,-3.765180066747392],[106.33636174304344,-4.236617507859314],[105.71451167437067,-4.236617507859314]]]},"properties":{"region_code":"x170y-09","label":"x170y-09","count":9}},{"type":"Feature","geometry":{"type":"Polygon","coordinates":[[[105.71451167437067,-4.708334822533896],[105.71451167437067,-4.236617507859314],[106.33636174304344,-4.236617507859314],[106.33636174304344,-4.708334822533896],[105.71451167437067,-4.708334822533896]]]},"properties":{"region_code":"x170y-10","label":"x170y-10","count":9}},{"type":"Feature","geometry":{"type":"Polygon","coordinates":[[[105.71451167437067,-5.1803637076811935],[105.71451167437067,-4.708334822533896],[106.33636174304344,-4.708334822533896],[106.33636174304344,-5.1803637076811935],[105.71451167437067,-5.1803637076811935]]]},"properties":{"region_code":"x170y-11","label":"x170y-11","count":9}},{"type":"Feature","geometry":{"type":"Polygon","coordinates":[[[105.71451167437067,-5.6527360520955305],[105.71451167437067,-5.1803637076811935],[106.33636174304344,-5.1803637076811935],[106.33636174304344,-5.6527360520955305],[105.71451167437067,-5.6527360520955305]]]},"properties":{"region_code":"x170y-12","label":"x170y-12","count":9}},{"type":"Feature","geometry":{"type":"Polygon","coordinates":[[[105.71451167437067,-6.125483956889529],[105.71451167437067,-5.6527360520955305],[106.33636174304344,-5.6527360520955305],[106.33636174304344,-6.125483956889529],[105.71451167437067,-6.125483956889529]]]},"properties":{"region_code":"x170y-13","label":"x170y-13","count":9}},{"type":"Feature","geometry":{"type":"Polygon","coordinates":[[[105.71451167437067,-6.598639756294533],[105.71451167437067,-6.125483956889529],[106.33636174304344,-6.125483956889529],[106.33636174304344,-6.598639756294533],[105.71451167437067,-6.598639756294533]]]},"properties":{"region_code":"x170y-14","label":"x170y-14","count":9}},{"type":"Feature","geometry":{"type":"Polygon","coordinates":[[[105.71451167437067,-7.072236038866301],[105.71451167437067,-6.598639756294533],[106.33636174304344,-6.598639756294533],[106.33636174304344,-7.072236038866301],[105.71451167437067,-7.072236038866301]]]},"properties":{"region_code":"x170y-15","label":"x170y-15","count":9}},{"type":"Feature","geometry":{"type":"Polygon","coordinates":[[[105.71451167437067,-7.546305669135457],[105.71451167437067,-7.072236038866301],[106.33636174304344,-7.072236038866301],[106.33636174304344,-7.546305669135457],[105.71451167437067,-7.546305669135457]]]},"properties":{"region_code":"x170y-16","label":"x170y-16","count":9}},{"type":"Feature","geometry":{"type":"Polygon","coordinates":[[[105.71451167437067,-8.020881809744264],[105.71451167437067,-7.546305669135457],[106.33636174304344,-7.546305669135457],[106.33636174304344,-8.020881809744264],[105.71451167437067,-8.020881809744264]]]},"properties":{"region_code":"x170y-17","label":"x170y-17","count":9}},{"type":"Feature","geometry":{"type":"Polygon","coordinates":[[[105.71451167437067,0.0],[105.71451167437067,0.4703230299809363],[106.33636174304344,0.4703230299809363],[106.33636174304344,0.0],[105.71451167437067,0.0]]]},"properties":{"region_code":"x170y000","label":"x170y000","count":9}},{"type":"Feature","geometry":{"type":"Polygon","coordinates":[[[105.71451167437067,0.4703230299809363],[105.71451167437067,0.9406769065449422],[106.33636174304344,0.9406769065449422],[106.33636174304344,0.4703230299809363],[105.71451167437067,0.4703230299809363]]]},"properties":{"region_code":"x170y001","label":"x170y001","count":9}},{"type":"Feature","geometry":{"type":"Polygon","coordinates":[[[105.71451167437067,0.9406769065449422],[105.71451167437067,1.411092494939981],[106.33636174304344,1.411092494939981],[106.33636174304344,0.9406769065449422],[105.71451167437067,0.9406769065449422]]]},"properties":{"region_code":"x170y002","label":"x170y002","count":9}},{"type":"Feature","geometry":{"type":"Polygon","coordinates":[[[105.71451167437067,1.411092494939981],[105.71451167437067,1.881600697775704],[106.33636174304344,1.881600697775704],[106.33636174304344,1.411092494939981],[105.71451167437067,1.411092494939981]]]},"properties":{"region_code":"x170y003","label":"x170y003","count":9}},{"type":"Feature","geometry":{"type":"Polygon","coordinates":[[[105.71451167437067,1.881600697775704],[105.71451167437067,2.352232473781689],[106.33636174304344,2.352232473781689],[106.33636174304344,1.881600697775704],[105.71451167437067,1.881600697775704]]]},"properties":{"region_code":"x170y004","label":"x170y004","count":9}},{"type":"Feature","geometry":{"type":"Polygon","coordinates":[[[105.71451167437067,2.352232473781689],[105.71451167437067,2.823018856660936],[106.33636174304344,2.823018856660936],[106.33636174304344,2.352232473781689],[105.71451167437067,2.352232473781689]]]},"properties":{"region_code":"x170y005","label":"x170y005","count":9}},{"type":"Feature","geometry":{"type":"Polygon","coordinates":[[[105.71451167437067,2.823018856660936],[105.71451167437067,3.2939909740681896],[106.33636174304344,3.2939909740681896],[106.33636174304344,2.823018856660936],[105.71451167437067,2.823018856660936]]]},"properties":{"region_code":"x170y006","label":"x170y006","count":9}},{"type":"Feature","geometry":{"type":"Polygon","coordinates":[[[105.71451167437067,3.2939909740681896],[105.71451167437067,3.765180066747398],[106.33636174304344,3.765180066747398],[106.33636174304344,3.2939909740681896],[105.71451167437067,3.2939909740681896]]]},"properties":{"region_code":"x170y007","label":"x170y007","count":9}},{"type":"Feature","geometry":{"type":"Polygon","coordinates":[[[106.33636174304344,-0.47032302998093656],[106.33636174304344,0.0],[106.95821181171618,0.0],[106.95821181171618,-0.47032302998093656],[106.33636174304344,-0.47032302998093656]]]},"properties":{"region_code":"x171y-01","label":"x171y-01","count":9}},{"type":"Feature","geometry":{"type":"Polygon","coordinates":[[[106.33636174304344,-0.9406769065449366],[106.33636174304344,-0.47032302998093656],[106.95821181171618,-0.47032302998093656],[106.95821181171618,-0.9406769065449366],[106.33636174304344,-0.9406769065449366]]]},"properties":{"region_code":"x171y-02","label":"x171y-02","count":9}},{"type":"Feature","geometry":{"type":"Polygon","coordinates":[[[106.33636174304344,-1.411092494939997],[106.33636174304344,-0.9406769065449366],[106.95821181171618,-0.9406769065449366],[106.95821181171618,-1.411092494939997],[106.33636174304344,-1.411092494939997]]]},"properties":{"region_code":"x171y-03","label":"x171y-03","count":9}},{"type":"Feature","geometry":{"type":"Polygon","coordinates":[[[106.33636174304344,-1.881600697775689],[106.33636174304344,-1.411092494939997],[106.95821181171618,-1.411092494939997],[106.95821181171618,-1.881600697775689],[106.33636174304344,-1.881600697775689]]]},"properties":{"region_code":"x171y-04","label":"x171y-04","count":9}},{"type":"Feature","geometry":{"type":"Polygon","coordinates":[[[106.33636174304344,-2.3522324737816986],[106.33636174304344,-1.881600697775689],[106.95821181171618,-1.881600697775689],[106.95821181171618,-2.3522324737816986],[106.33636174304344,-2.3522324737816986]]]},"properties":{"region_code":"x171y-05","label":"x171y-05","count":9}},{"type":"Feature","geometry":{"type":"Polygon","coordinates":[[[106.33636174304344,-2.8230188566609358],[106.33636174304344,-2.3522324737816986],[106.95821181171618,-2.3522324737816986],[106.95821181171618,-2.8230188566609358],[106.33636174304344,-2.8230188566609358]]]},"properties":{"region_code":"x171y-06","label":"x171y-06","count":9}},{"type":"Feature","geometry":{"type":"Polygon","coordinates":[[[106.33636174304344,-3.293990974068208],[106.33636174304344,-2.8230188566609358],[106.95821181171618,-2.8230188566609358],[106.95821181171618,-3.293990974068208],[106.33636174304344,-3.293990974068208]]]},"properties":{"region_code":"x171y-07","label":"x171y-07","count":9}},{"type":"Feature","geometry":{"type":"Polygon","coordinates":[[[106.33636174304344,-3.765180066747392],[106.33636174304344,-3.293990974068208],[106.95821181171618,-3.293990974068208],[106.95821181171618,-3.765180066747392],[106.33636174304344,-3.765180066747392]]]},"properties":{"region_code":"x171y-08","label":"x171y-08","count":9}},{"type":"Feature","geometry":{"type":"Polygon","coordinates":[[[106.33636174304344,-4.236617507859314],[106.33636174304344,-3.765180066747392],[106.95821181171618,-3.765180066747392],[106.95821181171618,-4.236617507859314],[106.33636174304344,-4.236617507859314]]]},"properties":{"region_code":"x171y-09","label":"x171y-09","count":9}},{"type":"Feature","geometry":{"type":"Polygon","coordinates":[[[106.33636174304344,-4.708334822533896],[106.33636174304344,-4.236617507859314],[106.95821181171618,-4.236617507859314],[106.95821181171618,-4.708334822533896],[106.33636174304344,-4.708334822533896]]]},"properties":{"region_code":"x171y-10","label":"x171y-10","count":9}},{"type":"Feature","geometry":{"type":"Polygon","coordinates":[[[106.33636174304344,-5.1803637076811935],[106.33636174304344,-4.708334822533896],[106.95821181171618,-4.708334822533896],[106.95821181171618,-5.1803637076811935],[106.33636174304344,-5.1803637076811935]]]},"properties":{"region_code":"x171y-11","label":"x171y-11","count":9}},{"type":"Feature","geometry":{"type":"Polygon","coordinates":[[[106.33636174304344,-5.6527360520955305],[106.33636174304344,-5.1803637076811935],[106.95821181171618,-5.1803637076811935],[106.95821181171618,-5.6527360520955305],[106.33636174304344,-5.6527360520955305]]]},"properties":{"region_code":"x171y-12","label":"x171y-12","count":9}},{"type":"Feature","geometry":{"type":"Polygon","coordinates":[[[106.33636174304344,-6.125483956889529],[106.33636174304344,-5.6527360520955305],[106.95821181171618,-5.6527360520955305],[106.95821181171618,-6.125483956889529],[106.33636174304344,-6.125483956889529]]]},"properties":{"region_code":"x171y-13","label":"x171y-13","count":9}},{"type":"Feature","geometry":{"type":"Polygon","coordinates":[[[106.33636174304344,-6.598639756294533],[106.33636174304344,-6.125483956889529],[106.95821181171618,-6.125483956889529],[106.95821181171618,-6.598639756294533],[106.33636174304344,-6.598639756294533]]]},"properties":{"region_code":"x171y-14","label":"x171y-14","count":9}},{"type":"Feature","geometry":{"type":"Polygon","coordinates":[[[106.33636174304344,-7.072236038866301],[106.33636174304344,-6.598639756294533],[106.95821181171618,-6.598639756294533],[106.95821181171618,-7.072236038866301],[106.33636174304344,-7.072236038866301]]]},"properties":{"region_code":"x171y-15","label":"x171y-15","count":9}},{"type":"Feature","geometry":{"type":"Polygon","coordinates":[[[106.33636174304344,-7.546305669135457],[106.33636174304344,-7.072236038866301],[106.95821181171618,-7.072236038866301],[106.95821181171618,-7.546305669135457],[106.33636174304344,-7.546305669135457]]]},"properties":{"region_code":"x171y-16","label":"x171y-16","count":9}},{"type":"Feature","geometry":{"type":"Polygon","coordinates":[[[106.33636174304344,-8.020881809744264],[106.33636174304344,-7.546305669135457],[106.95821181171618,-7.546305669135457],[106.95821181171618,-8.020881809744264],[106.33636174304344,-8.020881809744264]]]},"properties":{"region_code":"x171y-17","label":"x171y-17","count":9}},{"type":"Feature","geometry":{"type":"Polygon","coordinates":[[[106.33636174304344,0.0],[106.33636174304344,0.4703230299809363],[106.95821181171618,0.4703230299809363],[106.95821181171618,0.0],[106.33636174304344,0.0]]]},"properties":{"region_code":"x171y000","label":"x171y000","count":9}},{"type":"Feature","geometry":{"type":"Polygon","coordinates":[[[106.33636174304344,0.4703230299809363],[106.33636174304344,0.9406769065449422],[106.95821181171618,0.9406769065449422],[106.95821181171618,0.4703230299809363],[106.33636174304344,0.4703230299809363]]]},"properties":{"region_code":"x171y001","label":"x171y001","count":9}},{"type":"Feature","geometry":{"type":"Polygon","coordinates":[[[106.33636174304344,0.9406769065449422],[106.33636174304344,1.411092494939981],[106.95821181171618,1.411092494939981],[106.95821181171618,0.9406769065449422],[106.33636174304344,0.9406769065449422]]]},"properties":{"region_code":"x171y002","label":"x171y002","count":9}},{"type":"Feature","geometry":{"type":"Polygon","coordinates":[[[106.33636174304344,1.411092494939981],[106.33636174304344,1.881600697775704],[106.95821181171618,1.881600697775704],[106.95821181171618,1.411092494939981],[106.33636174304344,1.411092494939981]]]},"properties":{"region_code":"x171y003","label":"x171y003","count":9}},{"type":"Feature","geometry":{"type":"Polygon","coordinates":[[[106.33636174304344,1.881600697775704],[106.33636174304344,2.352232473781689],[106.95821181171618,2.352232473781689],[106.95821181171618,1.881600697775704],[106.33636174304344,1.881600697775704]]]},"properties":{"region_code":"x171y004","label":"x171y004","count":9}},{"type":"Feature","geometry":{"type":"Polygon","coordinates":[[[106.33636174304344,2.352232473781689],[106.33636174304344,2.823018856660936],[106.95821181171618,2.823018856660936],[106.95821181171618,2.352232473781689],[106.33636174304344,2.352232473781689]]]},"properties":{"region_code":"x171y005","label":"x171y005","count":9}},{"type":"Feature","geometry":{"type":"Polygon","coordinates":[[[106.33636174304344,2.823018856660936],[106.33636174304344,3.2939909740681896],[106.95821181171618,3.2939909740681896],[106.95821181171618,2.823018856660936],[106.33636174304344,2.823018856660936]]]},"properties":{"region_code":"x171y006","label":"x171y006","count":9}},{"type":"Feature","geometry":{"type":"Polygon","coordinates":[[[106.33636174304344,3.2939909740681896],[106.33636174304344,3.765180066747398],[106.95821181171618,3.765180066747398],[106.95821181171618,3.2939909740681896],[106.33636174304344,3.2939909740681896]]]},"properties":{"region_code":"x171y007","label":"x171y007","count":9}},{"type":"Feature","geometry":{"type":"Polygon","coordinates":[[[106.33636174304344,3.765180066747398],[106.33636174304344,4.236617507859302],[106.95821181171618,4.236617507859302],[106.95821181171618,3.765180066747398],[106.33636174304344,3.765180066747398]]]},"properties":{"region_code":"x171y008","label":"x171y008","count":9}},{"type":"Feature","geometry":{"type":"Polygon","coordinates":[[[106.95821181171618,-0.47032302998093656],[106.95821181171618,0.0],[107.58006188038895,0.0],[107.58006188038895,-0.47032302998093656],[106.95821181171618,-0.47032302998093656]]]},"properties":{"region_code":"x172y-01","label":"x172y-01","count":9}},{"type":"Feature","geometry":{"type":"Polygon","coordinates":[[[106.95821181171618,-0.9406769065449366],[106.95821181171618,-0.47032302998093656],[107.58006188038895,-0.47032302998093656],[107.58006188038895,-0.9406769065449366],[106.95821181171618,-0.9406769065449366]]]},"properties":{"region_code":"x172y-02","label":"x172y-02","count":9}},{"type":"Feature","geometry":{"type":"Polygon","coordinates":[[[106.95821181171618,-1.411092494939997],[106.95821181171618,-0.9406769065449366],[107.58006188038895,-0.9406769065449366],[107.58006188038895,-1.411092494939997],[106.95821181171618,-1.411092494939997]]]},"properties":{"region_code":"x172y-03","label":"x172y-03","count":9}},{"type":"Feature","geometry":{"type":"Polygon","coordinates":[[[106.95821181171618,-1.881600697775689],[106.95821181171618,-1.411092494939997],[107.58006188038895,-1.411092494939997],[107.58006188038895,-1.881600697775689],[106.95821181171618,-1.881600697775689]]]},"properties":{"region_code":"x172y-04","label":"x172y-04","count":9}},{"type":"Feature","geometry":{"type":"Polygon","coordinates":[[[106.95821181171618,-2.3522324737816986],[106.95821181171618,-1.881600697775689],[107.58006188038895,-1.881600697775689],[107.58006188038895,-2.3522324737816986],[106.95821181171618,-2.3522324737816986]]]},"properties":{"region_code":"x172y-05","label":"x172y-05","count":9}},{"type":"Feature","geometry":{"type":"Polygon","coordinates":[[[106.95821181171618,-2.8230188566609358],[106.95821181171618,-2.3522324737816986],[107.58006188038895,-2.3522324737816986],[107.58006188038895,-2.8230188566609358],[106.95821181171618,-2.8230188566609358]]]},"properties":{"region_code":"x172y-06","label":"x172y-06","count":9}},{"type":"Feature","geometry":{"type":"Polygon","coordinates":[[[106.95821181171618,-3.293990974068208],[106.95821181171618,-2.8230188566609358],[107.58006188038895,-2.8230188566609358],[107.58006188038895,-3.293990974068208],[106.95821181171618,-3.293990974068208]]]},"properties":{"region_code":"x172y-07","label":"x172y-07","count":9}},{"type":"Feature","geometry":{"type":"Polygon","coordinates":[[[106.95821181171618,-3.765180066747392],[106.95821181171618,-3.293990974068208],[107.58006188038895,-3.293990974068208],[107.58006188038895,-3.765180066747392],[106.95821181171618,-3.765180066747392]]]},"properties":{"region_code":"x172y-08","label":"x172y-08","count":9}},{"type":"Feature","geometry":{"type":"Polygon","coordinates":[[[106.95821181171618,-4.236617507859314],[106.95821181171618,-3.765180066747392],[107.58006188038895,-3.765180066747392],[107.58006188038895,-4.236617507859314],[106.95821181171618,-4.236617507859314]]]},"properties":{"region_code":"x172y-09","label":"x172y-09","count":9}},{"type":"Feature","geometry":{"type":"Polygon","coordinates":[[[106.95821181171618,-4.708334822533896],[106.95821181171618,-4.236617507859314],[107.58006188038895,-4.236617507859314],[107.58006188038895,-4.708334822533896],[106.95821181171618,-4.708334822533896]]]},"properties":{"region_code":"x172y-10","label":"x172y-10","count":9}},{"type":"Feature","geometry":{"type":"Polygon","coordinates":[[[106.95821181171618,-5.1803637076811935],[106.95821181171618,-4.708334822533896],[107.58006188038895,-4.708334822533896],[107.58006188038895,-5.1803637076811935],[106.95821181171618,-5.1803637076811935]]]},"properties":{"region_code":"x172y-11","label":"x172y-11","count":9}},{"type":"Feature","geometry":{"type":"Polygon","coordinates":[[[106.95821181171618,-5.6527360520955305],[106.95821181171618,-5.1803637076811935],[107.58006188038895,-5.1803637076811935],[107.58006188038895,-5.6527360520955305],[106.95821181171618,-5.6527360520955305]]]},"properties":{"region_code":"x172y-12","label":"x172y-12","count":9}},{"type":"Feature","geometry":{"type":"Polygon","coordinates":[[[106.95821181171618,-6.125483956889529],[106.95821181171618,-5.6527360520955305],[107.58006188038895,-5.6527360520955305],[107.58006188038895,-6.125483956889529],[106.95821181171618,-6.125483956889529]]]},"properties":{"region_code":"x172y-13","label":"x172y-13","count":9}},{"type":"Feature","geometry":{"type":"Polygon","coordinates":[[[106.95821181171618,-6.598639756294533],[106.95821181171618,-6.125483956889529],[107.58006188038895,-6.125483956889529],[107.58006188038895,-6.598639756294533],[106.95821181171618,-6.598639756294533]]]},"properties":{"region_code":"x172y-14","label":"x172y-14","count":9}},{"type":"Feature","geometry":{"type":"Polygon","coordinates":[[[106.95821181171618,-7.072236038866301],[106.95821181171618,-6.598639756294533],[107.58006188038895,-6.598639756294533],[107.58006188038895,-7.072236038866301],[106.95821181171618,-7.072236038866301]]]},"properties":{"region_code":"x172y-15","label":"x172y-15","count":9}},{"type":"Feature","geometry":{"type":"Polygon","coordinates":[[[106.95821181171618,-7.546305669135457],[106.95821181171618,-7.072236038866301],[107.58006188038895,-7.072236038866301],[107.58006188038895,-7.546305669135457],[106.95821181171618,-7.546305669135457]]]},"properties":{"region_code":"x172y-16","label":"x172y-16","count":9}},{"type":"Feature","geometry":{"type":"Polygon","coordinates":[[[106.95821181171618,-8.020881809744264],[106.95821181171618,-7.546305669135457],[107.58006188038895,-7.546305669135457],[107.58006188038895,-8.020881809744264],[106.95821181171618,-8.020881809744264]]]},"properties":{"region_code":"x172y-17","label":"x172y-17","count":9}},{"type":"Feature","geometry":{"type":"Polygon","coordinates":[[[106.95821181171618,0.0],[106.95821181171618,0.4703230299809363],[107.58006188038895,0.4703230299809363],[107.58006188038895,0.0],[106.95821181171618,0.0]]]},"properties":{"region_code":"x172y000","label":"x172y000","count":9}},{"type":"Feature","geometry":{"type":"Polygon","coordinates":[[[106.95821181171618,0.4703230299809363],[106.95821181171618,0.9406769065449422],[107.58006188038895,0.9406769065449422],[107.58006188038895,0.4703230299809363],[106.95821181171618,0.4703230299809363]]]},"properties":{"region_code":"x172y001","label":"x172y001","count":9}},{"type":"Feature","geometry":{"type":"Polygon","coordinates":[[[106.95821181171618,0.9406769065449422],[106.95821181171618,1.411092494939981],[107.58006188038895,1.411092494939981],[107.58006188038895,0.9406769065449422],[106.95821181171618,0.9406769065449422]]]},"properties":{"region_code":"x172y002","label":"x172y002","count":9}},{"type":"Feature","geometry":{"type":"Polygon","coordinates":[[[106.95821181171618,1.411092494939981],[106.95821181171618,1.881600697775704],[107.58006188038895,1.881600697775704],[107.58006188038895,1.411092494939981],[106.95821181171618,1.411092494939981]]]},"properties":{"region_code":"x172y003","label":"x172y003","count":9}},{"type":"Feature","geometry":{"type":"Polygon","coordinates":[[[106.95821181171618,1.881600697775704],[106.95821181171618,2.352232473781689],[107.58006188038895,2.352232473781689],[107.58006188038895,1.881600697775704],[106.95821181171618,1.881600697775704]]]},"properties":{"region_code":"x172y004","label":"x172y004","count":9}},{"type":"Feature","geometry":{"type":"Polygon","coordinates":[[[106.95821181171618,2.352232473781689],[106.95821181171618,2.823018856660936],[107.58006188038895,2.823018856660936],[107.58006188038895,2.352232473781689],[106.95821181171618,2.352232473781689]]]},"properties":{"region_code":"x172y005","label":"x172y005","count":9}},{"type":"Feature","geometry":{"type":"Polygon","coordinates":[[[106.95821181171618,2.823018856660936],[106.95821181171618,3.2939909740681896],[107.58006188038895,3.2939909740681896],[107.58006188038895,2.823018856660936],[106.95821181171618,2.823018856660936]]]},"properties":{"region_code":"x172y006","label":"x172y006","count":9}},{"type":"Feature","geometry":{"type":"Polygon","coordinates":[[[106.95821181171618,3.2939909740681896],[106.95821181171618,3.765180066747398],[107.58006188038895,3.765180066747398],[107.58006188038895,3.2939909740681896],[106.95821181171618,3.2939909740681896]]]},"properties":{"region_code":"x172y007","label":"x172y007","count":9}},{"type":"Feature","geometry":{"type":"Polygon","coordinates":[[[106.95821181171618,3.765180066747398],[106.95821181171618,4.236617507859302],[107.58006188038895,4.236617507859302],[107.58006188038895,3.765180066747398],[106.95821181171618,3.765180066747398]]]},"properties":{"region_code":"x172y008","label":"x172y008","count":9}},{"type":"Feature","geometry":{"type":"Polygon","coordinates":[[[106.95821181171618,4.236617507859302],[106.95821181171618,4.70833482253388],[107.58006188038895,4.70833482253388],[107.58006188038895,4.236617507859302],[106.95821181171618,4.236617507859302]]]},"properties":{"region_code":"x172y009","label":"x172y009","count":9}},{"type":"Feature","geometry":{"type":"Polygon","coordinates":[[[107.58006188038895,-0.47032302998093656],[107.58006188038895,0.0],[108.20191194906174,0.0],[108.20191194906174,-0.47032302998093656],[107.58006188038895,-0.47032302998093656]]]},"properties":{"region_code":"x173y-01","label":"x173y-01","count":9}},{"type":"Feature","geometry":{"type":"Polygon","coordinates":[[[107.58006188038895,-0.9406769065449366],[107.58006188038895,-0.47032302998093656],[108.20191194906174,-0.47032302998093656],[108.20191194906174,-0.9406769065449366],[107.58006188038895,-0.9406769065449366]]]},"properties":{"region_code":"x173y-02","label":"x173y-02","count":9}},{"type":"Feature","geometry":{"type":"Polygon","coordinates":[[[107.58006188038895,-1.411092494939997],[107.58006188038895,-0.9406769065449366],[108.20191194906174,-0.9406769065449366],[108.20191194906174,-1.411092494939997],[107.58006188038895,-1.411092494939997]]]},"properties":{"region_code":"x173y-03","label":"x173y-03","count":9}},{"type":"Feature","geometry":{"type":"Polygon","coordinates":[[[107.58006188038895,-1.881600697775689],[107.58006188038895,-1.411092494939997],[108.20191194906174,-1.411092494939997],[108.20191194906174,-1.881600697775689],[107.58006188038895,-1.881600697775689]]]},"properties":{"region_code":"x173y-04","label":"x173y-04","count":9}},{"type":"Feature","geometry":{"type":"Polygon","coordinates":[[[107.58006188038895,-2.3522324737816986],[107.58006188038895,-1.881600697775689],[108.20191194906174,-1.881600697775689],[108.20191194906174,-2.3522324737816986],[107.58006188038895,-2.3522324737816986]]]},"properties":{"region_code":"x173y-05","label":"x173y-05","count":9}},{"type":"Feature","geometry":{"type":"Polygon","coordinates":[[[107.58006188038895,-2.8230188566609358],[107.58006188038895,-2.3522324737816986],[108.20191194906174,-2.3522324737816986],[108.20191194906174,-2.8230188566609358],[107.58006188038895,-2.8230188566609358]]]},"properties":{"region_code":"x173y-06","label":"x173y-06","count":9}},{"type":"Feature","geometry":{"type":"Polygon","coordinates":[[[107.58006188038895,-3.293990974068208],[107.58006188038895,-2.8230188566609358],[108.20191194906174,-2.8230188566609358],[108.20191194906174,-3.293990974068208],[107.58006188038895,-3.293990974068208]]]},"properties":{"region_code":"x173y-07","label":"x173y-07","count":9}},{"type":"Feature","geometry":{"type":"Polygon","coordinates":[[[107.58006188038895,-3.765180066747392],[107.58006188038895,-3.293990974068208],[108.20191194906174,-3.293990974068208],[108.20191194906174,-3.765180066747392],[107.58006188038895,-3.765180066747392]]]},"properties":{"region_code":"x173y-08","label":"x173y-08","count":9}},{"type":"Feature","geometry":{"type":"Polygon","coordinates":[[[107.58006188038895,-4.236617507859314],[107.58006188038895,-3.765180066747392],[108.20191194906174,-3.765180066747392],[108.20191194906174,-4.236617507859314],[107.58006188038895,-4.236617507859314]]]},"properties":{"region_code":"x173y-09","label":"x173y-09","count":9}},{"type":"Feature","geometry":{"type":"Polygon","coordinates":[[[107.58006188038895,-4.708334822533896],[107.58006188038895,-4.236617507859314],[108.20191194906174,-4.236617507859314],[108.20191194906174,-4.708334822533896],[107.58006188038895,-4.708334822533896]]]},"properties":{"region_code":"x173y-10","label":"x173y-10","count":9}},{"type":"Feature","geometry":{"type":"Polygon","coordinates":[[[107.58006188038895,-5.1803637076811935],[107.58006188038895,-4.708334822533896],[108.20191194906174,-4.708334822533896],[108.20191194906174,-5.1803637076811935],[107.58006188038895,-5.1803637076811935]]]},"properties":{"region_code":"x173y-11","label":"x173y-11","count":9}},{"type":"Feature","geometry":{"type":"Polygon","coordinates":[[[107.58006188038895,-5.6527360520955305],[107.58006188038895,-5.1803637076811935],[108.20191194906174,-5.1803637076811935],[108.20191194906174,-5.6527360520955305],[107.58006188038895,-5.6527360520955305]]]},"properties":{"region_code":"x173y-12","label":"x173y-12","count":9}},{"type":"Feature","geometry":{"type":"Polygon","coordinates":[[[107.58006188038895,-6.125483956889529],[107.58006188038895,-5.6527360520955305],[108.20191194906174,-5.6527360520955305],[108.20191194906174,-6.125483956889529],[107.58006188038895,-6.125483956889529]]]},"properties":{"region_code":"x173y-13","label":"x173y-13","count":9}},{"type":"Feature","geometry":{"type":"Polygon","coordinates":[[[107.58006188038895,-6.598639756294533],[107.58006188038895,-6.125483956889529],[108.20191194906174,-6.125483956889529],[108.20191194906174,-6.598639756294533],[107.58006188038895,-6.598639756294533]]]},"properties":{"region_code":"x173y-14","label":"x173y-14","count":9}},{"type":"Feature","geometry":{"type":"Polygon","coordinates":[[[107.58006188038895,-7.072236038866301],[107.58006188038895,-6.598639756294533],[108.20191194906174,-6.598639756294533],[108.20191194906174,-7.072236038866301],[107.58006188038895,-7.072236038866301]]]},"properties":{"region_code":"x173y-15","label":"x173y-15","count":9}},{"type":"Feature","geometry":{"type":"Polygon","coordinates":[[[107.58006188038895,-7.546305669135457],[107.58006188038895,-7.072236038866301],[108.20191194906174,-7.072236038866301],[108.20191194906174,-7.546305669135457],[107.58006188038895,-7.546305669135457]]]},"properties":{"region_code":"x173y-16","label":"x173y-16","count":9}},{"type":"Feature","geometry":{"type":"Polygon","coordinates":[[[107.58006188038895,-8.020881809744264],[107.58006188038895,-7.546305669135457],[108.20191194906174,-7.546305669135457],[108.20191194906174,-8.020881809744264],[107.58006188038895,-8.020881809744264]]]},"properties":{"region_code":"x173y-17","label":"x173y-17","count":9}},{"type":"Feature","geometry":{"type":"Polygon","coordinates":[[[107.58006188038895,0.0],[107.58006188038895,0.4703230299809363],[108.20191194906174,0.4703230299809363],[108.20191194906174,0.0],[107.58006188038895,0.0]]]},"properties":{"region_code":"x173y000","label":"x173y000","count":9}},{"type":"Feature","geometry":{"type":"Polygon","coordinates":[[[107.58006188038895,0.4703230299809363],[107.58006188038895,0.9406769065449422],[108.20191194906174,0.9406769065449422],[108.20191194906174,0.4703230299809363],[107.58006188038895,0.4703230299809363]]]},"properties":{"region_code":"x173y001","label":"x173y001","count":9}},{"type":"Feature","geometry":{"type":"Polygon","coordinates":[[[107.58006188038895,0.9406769065449422],[107.58006188038895,1.411092494939981],[108.20191194906174,1.411092494939981],[108.20191194906174,0.9406769065449422],[107.58006188038895,0.9406769065449422]]]},"properties":{"region_code":"x173y002","label":"x173y002","count":9}},{"type":"Feature","geometry":{"type":"Polygon","coordinates":[[[107.58006188038895,1.411092494939981],[107.58006188038895,1.881600697775704],[108.20191194906174,1.881600697775704],[108.20191194906174,1.411092494939981],[107.58006188038895,1.411092494939981]]]},"properties":{"region_code":"x173y003","label":"x173y003","count":9}},{"type":"Feature","geometry":{"type":"Polygon","coordinates":[[[107.58006188038895,1.881600697775704],[107.58006188038895,2.352232473781689],[108.20191194906174,2.352232473781689],[108.20191194906174,1.881600697775704],[107.58006188038895,1.881600697775704]]]},"properties":{"region_code":"x173y004","label":"x173y004","count":9}},{"type":"Feature","geometry":{"type":"Polygon","coordinates":[[[107.58006188038895,2.352232473781689],[107.58006188038895,2.823018856660936],[108.20191194906174,2.823018856660936],[108.20191194906174,2.352232473781689],[107.58006188038895,2.352232473781689]]]},"properties":{"region_code":"x173y005","label":"x173y005","count":9}},{"type":"Feature","geometry":{"type":"Polygon","coordinates":[[[107.58006188038895,2.823018856660936],[107.58006188038895,3.2939909740681896],[108.20191194906174,3.2939909740681896],[108.20191194906174,2.823018856660936],[107.58006188038895,2.823018856660936]]]},"properties":{"region_code":"x173y006","label":"x173y006","count":9}},{"type":"Feature","geometry":{"type":"Polygon","coordinates":[[[107.58006188038895,3.2939909740681896],[107.58006188038895,3.765180066747398],[108.20191194906174,3.765180066747398],[108.20191194906174,3.2939909740681896],[107.58006188038895,3.2939909740681896]]]},"properties":{"region_code":"x173y007","label":"x173y007","count":9}},{"type":"Feature","geometry":{"type":"Polygon","coordinates":[[[107.58006188038895,3.765180066747398],[107.58006188038895,4.236617507859302],[108.20191194906174,4.236617507859302],[108.20191194906174,3.765180066747398],[107.58006188038895,3.765180066747398]]]},"properties":{"region_code":"x173y008","label":"x173y008","count":9}},{"type":"Feature","geometry":{"type":"Polygon","coordinates":[[[107.58006188038895,4.236617507859302],[107.58006188038895,4.70833482253388],[108.20191194906174,4.70833482253388],[108.20191194906174,4.236617507859302],[107.58006188038895,4.236617507859302]]]},"properties":{"region_code":"x173y009","label":"x173y009","count":9}},{"type":"Feature","geometry":{"type":"Polygon","coordinates":[[[107.58006188038895,4.70833482253388],[107.58006188038895,5.1803637076811775],[108.20191194906174,5.1803637076811775],[108.20191194906174,4.70833482253388],[107.58006188038895,4.70833482253388]]]},"properties":{"region_code":"x173y010","label":"x173y010","count":9}},{"type":"Feature","geometry":{"type":"Polygon","coordinates":[[[108.20191194906174,-0.47032302998093656],[108.20191194906174,0.0],[108.82376201773451,0.0],[108.82376201773451,-0.47032302998093656],[108.20191194906174,-0.47032302998093656]]]},"properties":{"region_code":"x174y-01","label":"x174y-01","count":9}},{"type":"Feature","geometry":{"type":"Polygon","coordinates":[[[108.20191194906174,-0.9406769065449366],[108.20191194906174,-0.47032302998093656],[108.82376201773451,-0.47032302998093656],[108.82376201773451,-0.9406769065449366],[108.20191194906174,-0.9406769065449366]]]},"properties":{"region_code":"x174y-02","label":"x174y-02","count":9}},{"type":"Feature","geometry":{"type":"Polygon","coordinates":[[[108.20191194906174,-1.411092494939997],[108.20191194906174,-0.9406769065449366],[108.82376201773451,-0.9406769065449366],[108.82376201773451,-1.411092494939997],[108.20191194906174,-1.411092494939997]]]},"properties":{"region_code":"x174y-03","label":"x174y-03","count":9}},{"type":"Feature","geometry":{"type":"Polygon","coordinates":[[[108.20191194906174,-1.881600697775689],[108.20191194906174,-1.411092494939997],[108.82376201773451,-1.411092494939997],[108.82376201773451,-1.881600697775689],[108.20191194906174,-1.881600697775689]]]},"properties":{"region_code":"x174y-04","label":"x174y-04","count":9}},{"type":"Feature","geometry":{"type":"Polygon","coordinates":[[[108.20191194906174,-2.3522324737816986],[108.20191194906174,-1.881600697775689],[108.82376201773451,-1.881600697775689],[108.82376201773451,-2.3522324737816986],[108.20191194906174,-2.3522324737816986]]]},"properties":{"region_code":"x174y-05","label":"x174y-05","count":9}},{"type":"Feature","geometry":{"type":"Polygon","coordinates":[[[108.20191194906174,-2.8230188566609358],[108.20191194906174,-2.3522324737816986],[108.82376201773451,-2.3522324737816986],[108.82376201773451,-2.8230188566609358],[108.20191194906174,-2.8230188566609358]]]},"properties":{"region_code":"x174y-06","label":"x174y-06","count":9}},{"type":"Feature","geometry":{"type":"Polygon","coordinates":[[[108.20191194906174,-3.293990974068208],[108.20191194906174,-2.8230188566609358],[108.82376201773451,-2.8230188566609358],[108.82376201773451,-3.293990974068208],[108.20191194906174,-3.293990974068208]]]},"properties":{"region_code":"x174y-07","label":"x174y-07","count":9}},{"type":"Feature","geometry":{"type":"Polygon","coordinates":[[[108.20191194906174,-3.765180066747392],[108.20191194906174,-3.293990974068208],[108.82376201773451,-3.293990974068208],[108.82376201773451,-3.765180066747392],[108.20191194906174,-3.765180066747392]]]},"properties":{"region_code":"x174y-08","label":"x174y-08","count":9}},{"type":"Feature","geometry":{"type":"Polygon","coordinates":[[[108.20191194906174,-4.236617507859314],[108.20191194906174,-3.765180066747392],[108.82376201773451,-3.765180066747392],[108.82376201773451,-4.236617507859314],[108.20191194906174,-4.236617507859314]]]},"properties":{"region_code":"x174y-09","label":"x174y-09","count":9}},{"type":"Feature","geometry":{"type":"Polygon","coordinates":[[[108.20191194906174,-4.708334822533896],[108.20191194906174,-4.236617507859314],[108.82376201773451,-4.236617507859314],[108.82376201773451,-4.708334822533896],[108.20191194906174,-4.708334822533896]]]},"properties":{"region_code":"x174y-10","label":"x174y-10","count":9}},{"type":"Feature","geometry":{"type":"Polygon","coordinates":[[[108.20191194906174,-5.1803637076811935],[108.20191194906174,-4.708334822533896],[108.82376201773451,-4.708334822533896],[108.82376201773451,-5.1803637076811935],[108.20191194906174,-5.1803637076811935]]]},"properties":{"region_code":"x174y-11","label":"x174y-11","count":9}},{"type":"Feature","geometry":{"type":"Polygon","coordinates":[[[108.20191194906174,-5.6527360520955305],[108.20191194906174,-5.1803637076811935],[108.82376201773451,-5.1803637076811935],[108.82376201773451,-5.6527360520955305],[108.20191194906174,-5.6527360520955305]]]},"properties":{"region_code":"x174y-12","label":"x174y-12","count":9}},{"type":"Feature","geometry":{"type":"Polygon","coordinates":[[[108.20191194906174,-6.125483956889529],[108.20191194906174,-5.6527360520955305],[108.82376201773451,-5.6527360520955305],[108.82376201773451,-6.125483956889529],[108.20191194906174,-6.125483956889529]]]},"properties":{"region_code":"x174y-13","label":"x174y-13","count":9}},{"type":"Feature","geometry":{"type":"Polygon","coordinates":[[[108.20191194906174,-6.598639756294533],[108.20191194906174,-6.125483956889529],[108.82376201773451,-6.125483956889529],[108.82376201773451,-6.598639756294533],[108.20191194906174,-6.598639756294533]]]},"properties":{"region_code":"x174y-14","label":"x174y-14","count":9}},{"type":"Feature","geometry":{"type":"Polygon","coordinates":[[[108.20191194906174,-7.072236038866301],[108.20191194906174,-6.598639756294533],[108.82376201773451,-6.598639756294533],[108.82376201773451,-7.072236038866301],[108.20191194906174,-7.072236038866301]]]},"properties":{"region_code":"x174y-15","label":"x174y-15","count":9}},{"type":"Feature","geometry":{"type":"Polygon","coordinates":[[[108.20191194906174,-7.546305669135457],[108.20191194906174,-7.072236038866301],[108.82376201773451,-7.072236038866301],[108.82376201773451,-7.546305669135457],[108.20191194906174,-7.546305669135457]]]},"properties":{"region_code":"x174y-16","label":"x174y-16","count":9}},{"type":"Feature","geometry":{"type":"Polygon","coordinates":[[[108.20191194906174,-8.020881809744264],[108.20191194906174,-7.546305669135457],[108.82376201773451,-7.546305669135457],[108.82376201773451,-8.020881809744264],[108.20191194906174,-8.020881809744264]]]},"properties":{"region_code":"x174y-17","label":"x174y-17","count":9}},{"type":"Feature","geometry":{"type":"Polygon","coordinates":[[[108.20191194906174,-8.495997944112283],[108.20191194906174,-8.020881809744264],[108.82376201773451,-8.020881809744264],[108.82376201773451,-8.495997944112283],[108.20191194906174,-8.495997944112283]]]},"properties":{"region_code":"x174y-18","label":"x174y-18","count":9}},{"type":"Feature","geometry":{"type":"Polygon","coordinates":[[[108.20191194906174,0.0],[108.20191194906174,0.4703230299809363],[108.82376201773451,0.4703230299809363],[108.82376201773451,0.0],[108.20191194906174,0.0]]]},"properties":{"region_code":"x174y000","label":"x174y000","count":9}},{"type":"Feature","geometry":{"type":"Polygon","coordinates":[[[108.20191194906174,0.4703230299809363],[108.20191194906174,0.9406769065449422],[108.82376201773451,0.9406769065449422],[108.82376201773451,0.4703230299809363],[108.20191194906174,0.4703230299809363]]]},"properties":{"region_code":"x174y001","label":"x174y001","count":9}},{"type":"Feature","geometry":{"type":"Polygon","coordinates":[[[108.20191194906174,0.9406769065449422],[108.20191194906174,1.411092494939981],[108.82376201773451,1.411092494939981],[108.82376201773451,0.9406769065449422],[108.20191194906174,0.9406769065449422]]]},"properties":{"region_code":"x174y002","label":"x174y002","count":9}},{"type":"Feature","geometry":{"type":"Polygon","coordinates":[[[108.20191194906174,1.411092494939981],[108.20191194906174,1.881600697775704],[108.82376201773451,1.881600697775704],[108.82376201773451,1.411092494939981],[108.20191194906174,1.411092494939981]]]},"properties":{"region_code":"x174y003","label":"x174y003","count":9}},{"type":"Feature","geometry":{"type":"Polygon","coordinates":[[[108.20191194906174,1.881600697775704],[108.20191194906174,2.352232473781689],[108.82376201773451,2.352232473781689],[108.82376201773451,1.881600697775704],[108.20191194906174,1.881600697775704]]]},"properties":{"region_code":"x174y004","label":"x174y004","count":9}},{"type":"Feature","geometry":{"type":"Polygon","coordinates":[[[108.20191194906174,2.352232473781689],[108.20191194906174,2.823018856660936],[108.82376201773451,2.823018856660936],[108.82376201773451,2.352232473781689],[108.20191194906174,2.352232473781689]]]},"properties":{"region_code":"x174y005","label":"x174y005","count":9}},{"type":"Feature","geometry":{"type":"Polygon","coordinates":[[[108.20191194906174,2.823018856660936],[108.20191194906174,3.2939909740681896],[108.82376201773451,3.2939909740681896],[108.82376201773451,2.823018856660936],[108.20191194906174,2.823018856660936]]]},"properties":{"region_code":"x174y006","label":"x174y006","count":9}},{"type":"Feature","geometry":{"type":"Polygon","coordinates":[[[108.20191194906174,3.2939909740681896],[108.20191194906174,3.765180066747398],[108.82376201773451,3.765180066747398],[108.82376201773451,3.2939909740681896],[108.20191194906174,3.2939909740681896]]]},"properties":{"region_code":"x174y007","label":"x174y007","count":9}},{"type":"Feature","geometry":{"type":"Polygon","coordinates":[[[108.20191194906174,3.765180066747398],[108.20191194906174,4.236617507859302],[108.82376201773451,4.236617507859302],[108.82376201773451,3.765180066747398],[108.20191194906174,3.765180066747398]]]},"properties":{"region_code":"x174y008","label":"x174y008","count":9}},{"type":"Feature","geometry":{"type":"Polygon","coordinates":[[[108.20191194906174,4.236617507859302],[108.20191194906174,4.70833482253388],[108.82376201773451,4.70833482253388],[108.82376201773451,4.236617507859302],[108.20191194906174,4.236617507859302]]]},"properties":{"region_code":"x174y009","label":"x174y009","count":9}},{"type":"Feature","geometry":{"type":"Polygon","coordinates":[[[108.20191194906174,4.70833482253388],[108.20191194906174,5.1803637076811775],[108.82376201773451,5.1803637076811775],[108.82376201773451,4.70833482253388],[108.20191194906174,4.70833482253388]]]},"properties":{"region_code":"x174y010","label":"x174y010","count":9}},{"type":"Feature","geometry":{"type":"Polygon","coordinates":[[[108.82376201773451,-0.47032302998093656],[108.82376201773451,0.0],[109.4456120864073,0.0],[109.4456120864073,-0.47032302998093656],[108.82376201773451,-0.47032302998093656]]]},"properties":{"region_code":"x175y-01","label":"x175y-01","count":9}},{"type":"Feature","geometry":{"type":"Polygon","coordinates":[[[108.82376201773451,-0.9406769065449366],[108.82376201773451,-0.47032302998093656],[109.4456120864073,-0.47032302998093656],[109.4456120864073,-0.9406769065449366],[108.82376201773451,-0.9406769065449366]]]},"properties":{"region_code":"x175y-02","label":"x175y-02","count":9}},{"type":"Feature","geometry":{"type":"Polygon","coordinates":[[[108.82376201773451,-1.411092494939997],[108.82376201773451,-0.9406769065449366],[109.4456120864073,-0.9406769065449366],[109.4456120864073,-1.411092494939997],[108.82376201773451,-1.411092494939997]]]},"properties":{"region_code":"x175y-03","label":"x175y-03","count":9}},{"type":"Feature","geometry":{"type":"Polygon","coordinates":[[[108.82376201773451,-1.881600697775689],[108.82376201773451,-1.411092494939997],[109.4456120864073,-1.411092494939997],[109.4456120864073,-1.881600697775689],[108.82376201773451,-1.881600697775689]]]},"properties":{"region_code":"x175y-04","label":"x175y-04","count":9}},{"type":"Feature","geometry":{"type":"Polygon","coordinates":[[[108.82376201773451,-2.3522324737816986],[108.82376201773451,-1.881600697775689],[109.4456120864073,-1.881600697775689],[109.4456120864073,-2.3522324737816986],[108.82376201773451,-2.3522324737816986]]]},"properties":{"region_code":"x175y-05","label":"x175y-05","count":9}},{"type":"Feature","geometry":{"type":"Polygon","coordinates":[[[108.82376201773451,-2.8230188566609358],[108.82376201773451,-2.3522324737816986],[109.4456120864073,-2.3522324737816986],[109.4456120864073,-2.8230188566609358],[108.82376201773451,-2.8230188566609358]]]},"properties":{"region_code":"x175y-06","label":"x175y-06","count":9}},{"type":"Feature","geometry":{"type":"Polygon","coordinates":[[[108.82376201773451,-3.293990974068208],[108.82376201773451,-2.8230188566609358],[109.4456120864073,-2.8230188566609358],[109.4456120864073,-3.293990974068208],[108.82376201773451,-3.293990974068208]]]},"properties":{"region_code":"x175y-07","label":"x175y-07","count":9}},{"type":"Feature","geometry":{"type":"Polygon","coordinates":[[[108.82376201773451,-3.765180066747392],[108.82376201773451,-3.293990974068208],[109.4456120864073,-3.293990974068208],[109.4456120864073,-3.765180066747392],[108.82376201773451,-3.765180066747392]]]},"properties":{"region_code":"x175y-08","label":"x175y-08","count":9}},{"type":"Feature","geometry":{"type":"Polygon","coordinates":[[[108.82376201773451,-4.236617507859314],[108.82376201773451,-3.765180066747392],[109.4456120864073,-3.765180066747392],[109.4456120864073,-4.236617507859314],[108.82376201773451,-4.236617507859314]]]},"properties":{"region_code":"x175y-09","label":"x175y-09","count":9}},{"type":"Feature","geometry":{"type":"Polygon","coordinates":[[[108.82376201773451,-4.708334822533896],[108.82376201773451,-4.236617507859314],[109.4456120864073,-4.236617507859314],[109.4456120864073,-4.708334822533896],[108.82376201773451,-4.708334822533896]]]},"properties":{"region_code":"x175y-10","label":"x175y-10","count":9}},{"type":"Feature","geometry":{"type":"Polygon","coordinates":[[[108.82376201773451,-5.1803637076811935],[108.82376201773451,-4.708334822533896],[109.4456120864073,-4.708334822533896],[109.4456120864073,-5.1803637076811935],[108.82376201773451,-5.1803637076811935]]]},"properties":{"region_code":"x175y-11","label":"x175y-11","count":9}},{"type":"Feature","geometry":{"type":"Polygon","coordinates":[[[108.82376201773451,-5.6527360520955305],[108.82376201773451,-5.1803637076811935],[109.4456120864073,-5.1803637076811935],[109.4456120864073,-5.6527360520955305],[108.82376201773451,-5.6527360520955305]]]},"properties":{"region_code":"x175y-12","label":"x175y-12","count":9}},{"type":"Feature","geometry":{"type":"Polygon","coordinates":[[[108.82376201773451,-6.125483956889529],[108.82376201773451,-5.6527360520955305],[109.4456120864073,-5.6527360520955305],[109.4456120864073,-6.125483956889529],[108.82376201773451,-6.125483956889529]]]},"properties":{"region_code":"x175y-13","label":"x175y-13","count":9}},{"type":"Feature","geometry":{"type":"Polygon","coordinates":[[[108.82376201773451,-6.598639756294533],[108.82376201773451,-6.125483956889529],[109.4456120864073,-6.125483956889529],[109.4456120864073,-6.598639756294533],[108.82376201773451,-6.598639756294533]]]},"properties":{"region_code":"x175y-14","label":"x175y-14","count":9}},{"type":"Feature","geometry":{"type":"Polygon","coordinates":[[[108.82376201773451,-7.072236038866301],[108.82376201773451,-6.598639756294533],[109.4456120864073,-6.598639756294533],[109.4456120864073,-7.072236038866301],[108.82376201773451,-7.072236038866301]]]},"properties":{"region_code":"x175y-15","label":"x175y-15","count":9}},{"type":"Feature","geometry":{"type":"Polygon","coordinates":[[[108.82376201773451,-7.546305669135457],[108.82376201773451,-7.072236038866301],[109.4456120864073,-7.072236038866301],[109.4456120864073,-7.546305669135457],[108.82376201773451,-7.546305669135457]]]},"properties":{"region_code":"x175y-16","label":"x175y-16","count":9}},{"type":"Feature","geometry":{"type":"Polygon","coordinates":[[[108.82376201773451,-8.020881809744264],[108.82376201773451,-7.546305669135457],[109.4456120864073,-7.546305669135457],[109.4456120864073,-8.020881809744264],[108.82376201773451,-8.020881809744264]]]},"properties":{"region_code":"x175y-17","label":"x175y-17","count":9}},{"type":"Feature","geometry":{"type":"Polygon","coordinates":[[[108.82376201773451,0.0],[108.82376201773451,0.4703230299809363],[109.4456120864073,0.4703230299809363],[109.4456120864073,0.0],[108.82376201773451,0.0]]]},"properties":{"region_code":"x175y000","label":"x175y000","count":9}},{"type":"Feature","geometry":{"type":"Polygon","coordinates":[[[108.82376201773451,0.4703230299809363],[108.82376201773451,0.9406769065449422],[109.4456120864073,0.9406769065449422],[109.4456120864073,0.4703230299809363],[108.82376201773451,0.4703230299809363]]]},"properties":{"region_code":"x175y001","label":"x175y001","count":9}},{"type":"Feature","geometry":{"type":"Polygon","coordinates":[[[108.82376201773451,0.9406769065449422],[108.82376201773451,1.411092494939981],[109.4456120864073,1.411092494939981],[109.4456120864073,0.9406769065449422],[108.82376201773451,0.9406769065449422]]]},"properties":{"region_code":"x175y002","label":"x175y002","count":9}},{"type":"Feature","geometry":{"type":"Polygon","coordinates":[[[108.82376201773451,1.411092494939981],[108.82376201773451,1.881600697775704],[109.4456120864073,1.881600697775704],[109.4456120864073,1.411092494939981],[108.82376201773451,1.411092494939981]]]},"properties":{"region_code":"x175y003","label":"x175y003","count":9}},{"type":"Feature","geometry":{"type":"Polygon","coordinates":[[[108.82376201773451,1.881600697775704],[108.82376201773451,2.352232473781689],[109.4456120864073,2.352232473781689],[109.4456120864073,1.881600697775704],[108.82376201773451,1.881600697775704]]]},"properties":{"region_code":"x175y004","label":"x175y004","count":9}},{"type":"Feature","geometry":{"type":"Polygon","coordinates":[[[108.82376201773451,2.352232473781689],[108.82376201773451,2.823018856660936],[109.4456120864073,2.823018856660936],[109.4456120864073,2.352232473781689],[108.82376201773451,2.352232473781689]]]},"properties":{"region_code":"x175y005","label":"x175y005","count":9}},{"type":"Feature","geometry":{"type":"Polygon","coordinates":[[[108.82376201773451,2.823018856660936],[108.82376201773451,3.2939909740681896],[109.4456120864073,3.2939909740681896],[109.4456120864073,2.823018856660936],[108.82376201773451,2.823018856660936]]]},"properties":{"region_code":"x175y006","label":"x175y006","count":9}},{"type":"Feature","geometry":{"type":"Polygon","coordinates":[[[108.82376201773451,3.2939909740681896],[108.82376201773451,3.765180066747398],[109.4456120864073,3.765180066747398],[109.4456120864073,3.2939909740681896],[108.82376201773451,3.2939909740681896]]]},"properties":{"region_code":"x175y007","label":"x175y007","count":9}},{"type":"Feature","geometry":{"type":"Polygon","coordinates":[[[109.4456120864073,-0.47032302998093656],[109.4456120864073,0.0],[110.06746215508005,0.0],[110.06746215508005,-0.47032302998093656],[109.4456120864073,-0.47032302998093656]]]},"properties":{"region_code":"x176y-01","label":"x176y-01","count":9}},{"type":"Feature","geometry":{"type":"Polygon","coordinates":[[[109.4456120864073,-0.9406769065449366],[109.4456120864073,-0.47032302998093656],[110.06746215508005,-0.47032302998093656],[110.06746215508005,-0.9406769065449366],[109.4456120864073,-0.9406769065449366]]]},"properties":{"region_code":"x176y-02","label":"x176y-02","count":9}},{"type":"Feature","geometry":{"type":"Polygon","coordinates":[[[109.4456120864073,-1.411092494939997],[109.4456120864073,-0.9406769065449366],[110.06746215508005,-0.9406769065449366],[110.06746215508005,-1.411092494939997],[109.4456120864073,-1.411092494939997]]]},"properties":{"region_code":"x176y-03","label":"x176y-03","count":9}},{"type":"Feature","geometry":{"type":"Polygon","coordinates":[[[109.4456120864073,-1.881600697775689],[109.4456120864073,-1.411092494939997],[110.06746215508005,-1.411092494939997],[110.06746215508005,-1.881600697775689],[109.4456120864073,-1.881600697775689]]]},"properties":{"region_code":"x176y-04","label":"x176y-04","count":9}},{"type":"Feature","geometry":{"type":"Polygon","coordinates":[[[109.4456120864073,-2.3522324737816986],[109.4456120864073,-1.881600697775689],[110.06746215508005,-1.881600697775689],[110.06746215508005,-2.3522324737816986],[109.4456120864073,-2.3522324737816986]]]},"properties":{"region_code":"x176y-05","label":"x176y-05","count":9}},{"type":"Feature","geometry":{"type":"Polygon","coordinates":[[[109.4456120864073,-2.8230188566609358],[109.4456120864073,-2.3522324737816986],[110.06746215508005,-2.3522324737816986],[110.06746215508005,-2.8230188566609358],[109.4456120864073,-2.8230188566609358]]]},"properties":{"region_code":"x176y-06","label":"x176y-06","count":9}},{"type":"Feature","geometry":{"type":"Polygon","coordinates":[[[109.4456120864073,-3.293990974068208],[109.4456120864073,-2.8230188566609358],[110.06746215508005,-2.8230188566609358],[110.06746215508005,-3.293990974068208],[109.4456120864073,-3.293990974068208]]]},"properties":{"region_code":"x176y-07","label":"x176y-07","count":9}},{"type":"Feature","geometry":{"type":"Polygon","coordinates":[[[109.4456120864073,-3.765180066747392],[109.4456120864073,-3.293990974068208],[110.06746215508005,-3.293990974068208],[110.06746215508005,-3.765180066747392],[109.4456120864073,-3.765180066747392]]]},"properties":{"region_code":"x176y-08","label":"x176y-08","count":9}},{"type":"Feature","geometry":{"type":"Polygon","coordinates":[[[109.4456120864073,-4.236617507859314],[109.4456120864073,-3.765180066747392],[110.06746215508005,-3.765180066747392],[110.06746215508005,-4.236617507859314],[109.4456120864073,-4.236617507859314]]]},"properties":{"region_code":"x176y-09","label":"x176y-09","count":9}},{"type":"Feature","geometry":{"type":"Polygon","coordinates":[[[109.4456120864073,-4.708334822533896],[109.4456120864073,-4.236617507859314],[110.06746215508005,-4.236617507859314],[110.06746215508005,-4.708334822533896],[109.4456120864073,-4.708334822533896]]]},"properties":{"region_code":"x176y-10","label":"x176y-10","count":9}},{"type":"Feature","geometry":{"type":"Polygon","coordinates":[[[109.4456120864073,-5.1803637076811935],[109.4456120864073,-4.708334822533896],[110.06746215508005,-4.708334822533896],[110.06746215508005,-5.1803637076811935],[109.4456120864073,-5.1803637076811935]]]},"properties":{"region_code":"x176y-11","label":"x176y-11","count":9}},{"type":"Feature","geometry":{"type":"Polygon","coordinates":[[[109.4456120864073,-5.6527360520955305],[109.4456120864073,-5.1803637076811935],[110.06746215508005,-5.1803637076811935],[110.06746215508005,-5.6527360520955305],[109.4456120864073,-5.6527360520955305]]]},"properties":{"region_code":"x176y-12","label":"x176y-12","count":9}},{"type":"Feature","geometry":{"type":"Polygon","coordinates":[[[109.4456120864073,-6.125483956889529],[109.4456120864073,-5.6527360520955305],[110.06746215508005,-5.6527360520955305],[110.06746215508005,-6.125483956889529],[109.4456120864073,-6.125483956889529]]]},"properties":{"region_code":"x176y-13","label":"x176y-13","count":9}},{"type":"Feature","geometry":{"type":"Polygon","coordinates":[[[109.4456120864073,-6.598639756294533],[109.4456120864073,-6.125483956889529],[110.06746215508005,-6.125483956889529],[110.06746215508005,-6.598639756294533],[109.4456120864073,-6.598639756294533]]]},"properties":{"region_code":"x176y-14","label":"x176y-14","count":9}},{"type":"Feature","geometry":{"type":"Polygon","coordinates":[[[109.4456120864073,-7.072236038866301],[109.4456120864073,-6.598639756294533],[110.06746215508005,-6.598639756294533],[110.06746215508005,-7.072236038866301],[109.4456120864073,-7.072236038866301]]]},"properties":{"region_code":"x176y-15","label":"x176y-15","count":9}},{"type":"Feature","geometry":{"type":"Polygon","coordinates":[[[109.4456120864073,-7.546305669135457],[109.4456120864073,-7.072236038866301],[110.06746215508005,-7.072236038866301],[110.06746215508005,-7.546305669135457],[109.4456120864073,-7.546305669135457]]]},"properties":{"region_code":"x176y-16","label":"x176y-16","count":9}},{"type":"Feature","geometry":{"type":"Polygon","coordinates":[[[109.4456120864073,-8.020881809744264],[109.4456120864073,-7.546305669135457],[110.06746215508005,-7.546305669135457],[110.06746215508005,-8.020881809744264],[109.4456120864073,-8.020881809744264]]]},"properties":{"region_code":"x176y-17","label":"x176y-17","count":9}},{"type":"Feature","geometry":{"type":"Polygon","coordinates":[[[109.4456120864073,-8.495997944112283],[109.4456120864073,-8.020881809744264],[110.06746215508005,-8.020881809744264],[110.06746215508005,-8.495997944112283],[109.4456120864073,-8.495997944112283]]]},"properties":{"region_code":"x176y-18","label":"x176y-18","count":9}},{"type":"Feature","geometry":{"type":"Polygon","coordinates":[[[109.4456120864073,0.0],[109.4456120864073,0.4703230299809363],[110.06746215508005,0.4703230299809363],[110.06746215508005,0.0],[109.4456120864073,0.0]]]},"properties":{"region_code":"x176y000","label":"x176y000","count":9}},{"type":"Feature","geometry":{"type":"Polygon","coordinates":[[[109.4456120864073,0.4703230299809363],[109.4456120864073,0.9406769065449422],[110.06746215508005,0.9406769065449422],[110.06746215508005,0.4703230299809363],[109.4456120864073,0.4703230299809363]]]},"properties":{"region_code":"x176y001","label":"x176y001","count":9}},{"type":"Feature","geometry":{"type":"Polygon","coordinates":[[[109.4456120864073,0.9406769065449422],[109.4456120864073,1.411092494939981],[110.06746215508005,1.411092494939981],[110.06746215508005,0.9406769065449422],[109.4456120864073,0.9406769065449422]]]},"properties":{"region_code":"x176y002","label":"x176y002","count":9}},{"type":"Feature","geometry":{"type":"Polygon","coordinates":[[[109.4456120864073,1.411092494939981],[109.4456120864073,1.881600697775704],[110.06746215508005,1.881600697775704],[110.06746215508005,1.411092494939981],[109.4456120864073,1.411092494939981]]]},"properties":{"region_code":"x176y003","label":"x176y003","count":9}},{"type":"Feature","geometry":{"type":"Polygon","coordinates":[[[109.4456120864073,1.881600697775704],[109.4456120864073,2.352232473781689],[110.06746215508005,2.352232473781689],[110.06746215508005,1.881600697775704],[109.4456120864073,1.881600697775704]]]},"properties":{"region_code":"x176y004","label":"x176y004","count":9}},{"type":"Feature","geometry":{"type":"Polygon","coordinates":[[[109.4456120864073,2.352232473781689],[109.4456120864073,2.823018856660936],[110.06746215508005,2.823018856660936],[110.06746215508005,2.352232473781689],[109.4456120864073,2.352232473781689]]]},"properties":{"region_code":"x176y005","label":"x176y005","count":9}},{"type":"Feature","geometry":{"type":"Polygon","coordinates":[[[110.06746215508005,-0.47032302998093656],[110.06746215508005,0.0],[110.6893122237528,0.0],[110.6893122237528,-0.47032302998093656],[110.06746215508005,-0.47032302998093656]]]},"properties":{"region_code":"x177y-01","label":"x177y-01","count":9}},{"type":"Feature","geometry":{"type":"Polygon","coordinates":[[[110.06746215508005,-0.9406769065449366],[110.06746215508005,-0.47032302998093656],[110.6893122237528,-0.47032302998093656],[110.6893122237528,-0.9406769065449366],[110.06746215508005,-0.9406769065449366]]]},"properties":{"region_code":"x177y-02","label":"x177y-02","count":9}},{"type":"Feature","geometry":{"type":"Polygon","coordinates":[[[110.06746215508005,-1.411092494939997],[110.06746215508005,-0.9406769065449366],[110.6893122237528,-0.9406769065449366],[110.6893122237528,-1.411092494939997],[110.06746215508005,-1.411092494939997]]]},"properties":{"region_code":"x177y-03","label":"x177y-03","count":9}},{"type":"Feature","geometry":{"type":"Polygon","coordinates":[[[110.06746215508005,-1.881600697775689],[110.06746215508005,-1.411092494939997],[110.6893122237528,-1.411092494939997],[110.6893122237528,-1.881600697775689],[110.06746215508005,-1.881600697775689]]]},"properties":{"region_code":"x177y-04","label":"x177y-04","count":9}},{"type":"Feature","geometry":{"type":"Polygon","coordinates":[[[110.06746215508005,-2.3522324737816986],[110.06746215508005,-1.881600697775689],[110.6893122237528,-1.881600697775689],[110.6893122237528,-2.3522324737816986],[110.06746215508005,-2.3522324737816986]]]},"properties":{"region_code":"x177y-05","label":"x177y-05","count":9}},{"type":"Feature","geometry":{"type":"Polygon","coordinates":[[[110.06746215508005,-2.8230188566609358],[110.06746215508005,-2.3522324737816986],[110.6893122237528,-2.3522324737816986],[110.6893122237528,-2.8230188566609358],[110.06746215508005,-2.8230188566609358]]]},"properties":{"region_code":"x177y-06","label":"x177y-06","count":9}},{"type":"Feature","geometry":{"type":"Polygon","coordinates":[[[110.06746215508005,-3.293990974068208],[110.06746215508005,-2.8230188566609358],[110.6893122237528,-2.8230188566609358],[110.6893122237528,-3.293990974068208],[110.06746215508005,-3.293990974068208]]]},"properties":{"region_code":"x177y-07","label":"x177y-07","count":9}},{"type":"Feature","geometry":{"type":"Polygon","coordinates":[[[110.06746215508005,-3.765180066747392],[110.06746215508005,-3.293990974068208],[110.6893122237528,-3.293990974068208],[110.6893122237528,-3.765180066747392],[110.06746215508005,-3.765180066747392]]]},"properties":{"region_code":"x177y-08","label":"x177y-08","count":9}},{"type":"Feature","geometry":{"type":"Polygon","coordinates":[[[110.06746215508005,-4.236617507859314],[110.06746215508005,-3.765180066747392],[110.6893122237528,-3.765180066747392],[110.6893122237528,-4.236617507859314],[110.06746215508005,-4.236617507859314]]]},"properties":{"region_code":"x177y-09","label":"x177y-09","count":9}},{"type":"Feature","geometry":{"type":"Polygon","coordinates":[[[110.06746215508005,-4.708334822533896],[110.06746215508005,-4.236617507859314],[110.6893122237528,-4.236617507859314],[110.6893122237528,-4.708334822533896],[110.06746215508005,-4.708334822533896]]]},"properties":{"region_code":"x177y-10","label":"x177y-10","count":9}},{"type":"Feature","geometry":{"type":"Polygon","coordinates":[[[110.06746215508005,-5.1803637076811935],[110.06746215508005,-4.708334822533896],[110.6893122237528,-4.708334822533896],[110.6893122237528,-5.1803637076811935],[110.06746215508005,-5.1803637076811935]]]},"properties":{"region_code":"x177y-11","label":"x177y-11","count":9}},{"type":"Feature","geometry":{"type":"Polygon","coordinates":[[[110.06746215508005,-5.6527360520955305],[110.06746215508005,-5.1803637076811935],[110.6893122237528,-5.1803637076811935],[110.6893122237528,-5.6527360520955305],[110.06746215508005,-5.6527360520955305]]]},"properties":{"region_code":"x177y-12","label":"x177y-12","count":9}},{"type":"Feature","geometry":{"type":"Polygon","coordinates":[[[110.06746215508005,-6.125483956889529],[110.06746215508005,-5.6527360520955305],[110.6893122237528,-5.6527360520955305],[110.6893122237528,-6.125483956889529],[110.06746215508005,-6.125483956889529]]]},"properties":{"region_code":"x177y-13","label":"x177y-13","count":9}},{"type":"Feature","geometry":{"type":"Polygon","coordinates":[[[110.06746215508005,-6.598639756294533],[110.06746215508005,-6.125483956889529],[110.6893122237528,-6.125483956889529],[110.6893122237528,-6.598639756294533],[110.06746215508005,-6.598639756294533]]]},"properties":{"region_code":"x177y-14","label":"x177y-14","count":9}},{"type":"Feature","geometry":{"type":"Polygon","coordinates":[[[110.06746215508005,-7.072236038866301],[110.06746215508005,-6.598639756294533],[110.6893122237528,-6.598639756294533],[110.6893122237528,-7.072236038866301],[110.06746215508005,-7.072236038866301]]]},"properties":{"region_code":"x177y-15","label":"x177y-15","count":9}},{"type":"Feature","geometry":{"type":"Polygon","coordinates":[[[110.06746215508005,-7.546305669135457],[110.06746215508005,-7.072236038866301],[110.6893122237528,-7.072236038866301],[110.6893122237528,-7.546305669135457],[110.06746215508005,-7.546305669135457]]]},"properties":{"region_code":"x177y-16","label":"x177y-16","count":9}},{"type":"Feature","geometry":{"type":"Polygon","coordinates":[[[110.06746215508005,-8.020881809744264],[110.06746215508005,-7.546305669135457],[110.6893122237528,-7.546305669135457],[110.6893122237528,-8.020881809744264],[110.06746215508005,-8.020881809744264]]]},"properties":{"region_code":"x177y-17","label":"x177y-17","count":9}},{"type":"Feature","geometry":{"type":"Polygon","coordinates":[[[110.06746215508005,-8.495997944112283],[110.06746215508005,-8.020881809744264],[110.6893122237528,-8.020881809744264],[110.6893122237528,-8.495997944112283],[110.06746215508005,-8.495997944112283]]]},"properties":{"region_code":"x177y-18","label":"x177y-18","count":9}},{"type":"Feature","geometry":{"type":"Polygon","coordinates":[[[110.06746215508005,0.0],[110.06746215508005,0.4703230299809363],[110.6893122237528,0.4703230299809363],[110.6893122237528,0.0],[110.06746215508005,0.0]]]},"properties":{"region_code":"x177y000","label":"x177y000","count":9}},{"type":"Feature","geometry":{"type":"Polygon","coordinates":[[[110.06746215508005,0.4703230299809363],[110.06746215508005,0.9406769065449422],[110.6893122237528,0.9406769065449422],[110.6893122237528,0.4703230299809363],[110.06746215508005,0.4703230299809363]]]},"properties":{"region_code":"x177y001","label":"x177y001","count":9}},{"type":"Feature","geometry":{"type":"Polygon","coordinates":[[[110.06746215508005,0.9406769065449422],[110.06746215508005,1.411092494939981],[110.6893122237528,1.411092494939981],[110.6893122237528,0.9406769065449422],[110.06746215508005,0.9406769065449422]]]},"properties":{"region_code":"x177y002","label":"x177y002","count":9}},{"type":"Feature","geometry":{"type":"Polygon","coordinates":[[[110.06746215508005,1.411092494939981],[110.06746215508005,1.881600697775704],[110.6893122237528,1.881600697775704],[110.6893122237528,1.411092494939981],[110.06746215508005,1.411092494939981]]]},"properties":{"region_code":"x177y003","label":"x177y003","count":9}},{"type":"Feature","geometry":{"type":"Polygon","coordinates":[[[110.6893122237528,-0.47032302998093656],[110.6893122237528,0.0],[111.31116229242556,0.0],[111.31116229242556,-0.47032302998093656],[110.6893122237528,-0.47032302998093656]]]},"properties":{"region_code":"x178y-01","label":"x178y-01","count":9}},{"type":"Feature","geometry":{"type":"Polygon","coordinates":[[[110.6893122237528,-0.9406769065449366],[110.6893122237528,-0.47032302998093656],[111.31116229242556,-0.47032302998093656],[111.31116229242556,-0.9406769065449366],[110.6893122237528,-0.9406769065449366]]]},"properties":{"region_code":"x178y-02","label":"x178y-02","count":9}},{"type":"Feature","geometry":{"type":"Polygon","coordinates":[[[110.6893122237528,-1.411092494939997],[110.6893122237528,-0.9406769065449366],[111.31116229242556,-0.9406769065449366],[111.31116229242556,-1.411092494939997],[110.6893122237528,-1.411092494939997]]]},"properties":{"region_code":"x178y-03","label":"x178y-03","count":9}},{"type":"Feature","geometry":{"type":"Polygon","coordinates":[[[110.6893122237528,-1.881600697775689],[110.6893122237528,-1.411092494939997],[111.31116229242556,-1.411092494939997],[111.31116229242556,-1.881600697775689],[110.6893122237528,-1.881600697775689]]]},"properties":{"region_code":"x178y-04","label":"x178y-04","count":9}},{"type":"Feature","geometry":{"type":"Polygon","coordinates":[[[110.6893122237528,-2.3522324737816986],[110.6893122237528,-1.881600697775689],[111.31116229242556,-1.881600697775689],[111.31116229242556,-2.3522324737816986],[110.6893122237528,-2.3522324737816986]]]},"properties":{"region_code":"x178y-05","label":"x178y-05","count":9}},{"type":"Feature","geometry":{"type":"Polygon","coordinates":[[[110.6893122237528,-2.8230188566609358],[110.6893122237528,-2.3522324737816986],[111.31116229242556,-2.3522324737816986],[111.31116229242556,-2.8230188566609358],[110.6893122237528,-2.8230188566609358]]]},"properties":{"region_code":"x178y-06","label":"x178y-06","count":9}},{"type":"Feature","geometry":{"type":"Polygon","coordinates":[[[110.6893122237528,-3.293990974068208],[110.6893122237528,-2.8230188566609358],[111.31116229242556,-2.8230188566609358],[111.31116229242556,-3.293990974068208],[110.6893122237528,-3.293990974068208]]]},"properties":{"region_code":"x178y-07","label":"x178y-07","count":9}},{"type":"Feature","geometry":{"type":"Polygon","coordinates":[[[110.6893122237528,-3.765180066747392],[110.6893122237528,-3.293990974068208],[111.31116229242556,-3.293990974068208],[111.31116229242556,-3.765180066747392],[110.6893122237528,-3.765180066747392]]]},"properties":{"region_code":"x178y-08","label":"x178y-08","count":9}},{"type":"Feature","geometry":{"type":"Polygon","coordinates":[[[110.6893122237528,-4.236617507859314],[110.6893122237528,-3.765180066747392],[111.31116229242556,-3.765180066747392],[111.31116229242556,-4.236617507859314],[110.6893122237528,-4.236617507859314]]]},"properties":{"region_code":"x178y-09","label":"x178y-09","count":9}},{"type":"Feature","geometry":{"type":"Polygon","coordinates":[[[110.6893122237528,-4.708334822533896],[110.6893122237528,-4.236617507859314],[111.31116229242556,-4.236617507859314],[111.31116229242556,-4.708334822533896],[110.6893122237528,-4.708334822533896]]]},"properties":{"region_code":"x178y-10","label":"x178y-10","count":9}},{"type":"Feature","geometry":{"type":"Polygon","coordinates":[[[110.6893122237528,-5.1803637076811935],[110.6893122237528,-4.708334822533896],[111.31116229242556,-4.708334822533896],[111.31116229242556,-5.1803637076811935],[110.6893122237528,-5.1803637076811935]]]},"properties":{"region_code":"x178y-11","label":"x178y-11","count":9}},{"type":"Feature","geometry":{"type":"Polygon","coordinates":[[[110.6893122237528,-5.6527360520955305],[110.6893122237528,-5.1803637076811935],[111.31116229242556,-5.1803637076811935],[111.31116229242556,-5.6527360520955305],[110.6893122237528,-5.6527360520955305]]]},"properties":{"region_code":"x178y-12","label":"x178y-12","count":9}},{"type":"Feature","geometry":{"type":"Polygon","coordinates":[[[110.6893122237528,-6.125483956889529],[110.6893122237528,-5.6527360520955305],[111.31116229242556,-5.6527360520955305],[111.31116229242556,-6.125483956889529],[110.6893122237528,-6.125483956889529]]]},"properties":{"region_code":"x178y-13","label":"x178y-13","count":9}},{"type":"Feature","geometry":{"type":"Polygon","coordinates":[[[110.6893122237528,-6.598639756294533],[110.6893122237528,-6.125483956889529],[111.31116229242556,-6.125483956889529],[111.31116229242556,-6.598639756294533],[110.6893122237528,-6.598639756294533]]]},"properties":{"region_code":"x178y-14","label":"x178y-14","count":9}},{"type":"Feature","geometry":{"type":"Polygon","coordinates":[[[110.6893122237528,-7.072236038866301],[110.6893122237528,-6.598639756294533],[111.31116229242556,-6.598639756294533],[111.31116229242556,-7.072236038866301],[110.6893122237528,-7.072236038866301]]]},"properties":{"region_code":"x178y-15","label":"x178y-15","count":9}},{"type":"Feature","geometry":{"type":"Polygon","coordinates":[[[110.6893122237528,-7.546305669135457],[110.6893122237528,-7.072236038866301],[111.31116229242556,-7.072236038866301],[111.31116229242556,-7.546305669135457],[110.6893122237528,-7.546305669135457]]]},"properties":{"region_code":"x178y-16","label":"x178y-16","count":9}},{"type":"Feature","geometry":{"type":"Polygon","coordinates":[[[110.6893122237528,-8.020881809744264],[110.6893122237528,-7.546305669135457],[111.31116229242556,-7.546305669135457],[111.31116229242556,-8.020881809744264],[110.6893122237528,-8.020881809744264]]]},"properties":{"region_code":"x178y-17","label":"x178y-17","count":9}},{"type":"Feature","geometry":{"type":"Polygon","coordinates":[[[110.6893122237528,-8.495997944112283],[110.6893122237528,-8.020881809744264],[111.31116229242556,-8.020881809744264],[111.31116229242556,-8.495997944112283],[110.6893122237528,-8.495997944112283]]]},"properties":{"region_code":"x178y-18","label":"x178y-18","count":9}},{"type":"Feature","geometry":{"type":"Polygon","coordinates":[[[110.6893122237528,-8.971687899676542],[110.6893122237528,-8.495997944112283],[111.31116229242556,-8.495997944112283],[111.31116229242556,-8.971687899676542],[110.6893122237528,-8.971687899676542]]]},"properties":{"region_code":"x178y-19","label":"x178y-19","count":9}},{"type":"Feature","geometry":{"type":"Polygon","coordinates":[[[110.6893122237528,0.0],[110.6893122237528,0.4703230299809363],[111.31116229242556,0.4703230299809363],[111.31116229242556,0.0],[110.6893122237528,0.0]]]},"properties":{"region_code":"x178y000","label":"x178y000","count":9}},{"type":"Feature","geometry":{"type":"Polygon","coordinates":[[[110.6893122237528,0.4703230299809363],[110.6893122237528,0.9406769065449422],[111.31116229242556,0.9406769065449422],[111.31116229242556,0.4703230299809363],[110.6893122237528,0.4703230299809363]]]},"properties":{"region_code":"x178y001","label":"x178y001","count":9}},{"type":"Feature","geometry":{"type":"Polygon","coordinates":[[[110.6893122237528,0.9406769065449422],[110.6893122237528,1.411092494939981],[111.31116229242556,1.411092494939981],[111.31116229242556,0.9406769065449422],[110.6893122237528,0.9406769065449422]]]},"properties":{"region_code":"x178y002","label":"x178y002","count":9}},{"type":"Feature","geometry":{"type":"Polygon","coordinates":[[[111.31116229242556,-0.47032302998093656],[111.31116229242556,0.0],[111.93301236109836,0.0],[111.93301236109836,-0.47032302998093656],[111.31116229242556,-0.47032302998093656]]]},"properties":{"region_code":"x179y-01","label":"x179y-01","count":9}},{"type":"Feature","geometry":{"type":"Polygon","coordinates":[[[111.31116229242556,-0.9406769065449366],[111.31116229242556,-0.47032302998093656],[111.93301236109836,-0.47032302998093656],[111.93301236109836,-0.9406769065449366],[111.31116229242556,-0.9406769065449366]]]},"properties":{"region_code":"x179y-02","label":"x179y-02","count":9}},{"type":"Feature","geometry":{"type":"Polygon","coordinates":[[[111.31116229242556,-1.411092494939997],[111.31116229242556,-0.9406769065449366],[111.93301236109836,-0.9406769065449366],[111.93301236109836,-1.411092494939997],[111.31116229242556,-1.411092494939997]]]},"properties":{"region_code":"x179y-03","label":"x179y-03","count":9}},{"type":"Feature","geometry":{"type":"Polygon","coordinates":[[[111.31116229242556,-1.881600697775689],[111.31116229242556,-1.411092494939997],[111.93301236109836,-1.411092494939997],[111.93301236109836,-1.881600697775689],[111.31116229242556,-1.881600697775689]]]},"properties":{"region_code":"x179y-04","label":"x179y-04","count":9}},{"type":"Feature","geometry":{"type":"Polygon","coordinates":[[[111.31116229242556,-2.3522324737816986],[111.31116229242556,-1.881600697775689],[111.93301236109836,-1.881600697775689],[111.93301236109836,-2.3522324737816986],[111.31116229242556,-2.3522324737816986]]]},"properties":{"region_code":"x179y-05","label":"x179y-05","count":9}},{"type":"Feature","geometry":{"type":"Polygon","coordinates":[[[111.31116229242556,-2.8230188566609358],[111.31116229242556,-2.3522324737816986],[111.93301236109836,-2.3522324737816986],[111.93301236109836,-2.8230188566609358],[111.31116229242556,-2.8230188566609358]]]},"properties":{"region_code":"x179y-06","label":"x179y-06","count":9}},{"type":"Feature","geometry":{"type":"Polygon","coordinates":[[[111.31116229242556,-3.293990974068208],[111.31116229242556,-2.8230188566609358],[111.93301236109836,-2.8230188566609358],[111.93301236109836,-3.293990974068208],[111.31116229242556,-3.293990974068208]]]},"properties":{"region_code":"x179y-07","label":"x179y-07","count":9}},{"type":"Feature","geometry":{"type":"Polygon","coordinates":[[[111.31116229242556,-3.765180066747392],[111.31116229242556,-3.293990974068208],[111.93301236109836,-3.293990974068208],[111.93301236109836,-3.765180066747392],[111.31116229242556,-3.765180066747392]]]},"properties":{"region_code":"x179y-08","label":"x179y-08","count":9}},{"type":"Feature","geometry":{"type":"Polygon","coordinates":[[[111.31116229242556,-4.236617507859314],[111.31116229242556,-3.765180066747392],[111.93301236109836,-3.765180066747392],[111.93301236109836,-4.236617507859314],[111.31116229242556,-4.236617507859314]]]},"properties":{"region_code":"x179y-09","label":"x179y-09","count":9}},{"type":"Feature","geometry":{"type":"Polygon","coordinates":[[[111.31116229242556,-4.708334822533896],[111.31116229242556,-4.236617507859314],[111.93301236109836,-4.236617507859314],[111.93301236109836,-4.708334822533896],[111.31116229242556,-4.708334822533896]]]},"properties":{"region_code":"x179y-10","label":"x179y-10","count":9}},{"type":"Feature","geometry":{"type":"Polygon","coordinates":[[[111.31116229242556,-5.1803637076811935],[111.31116229242556,-4.708334822533896],[111.93301236109836,-4.708334822533896],[111.93301236109836,-5.1803637076811935],[111.31116229242556,-5.1803637076811935]]]},"properties":{"region_code":"x179y-11","label":"x179y-11","count":9}},{"type":"Feature","geometry":{"type":"Polygon","coordinates":[[[111.31116229242556,-5.6527360520955305],[111.31116229242556,-5.1803637076811935],[111.93301236109836,-5.1803637076811935],[111.93301236109836,-5.6527360520955305],[111.31116229242556,-5.6527360520955305]]]},"properties":{"region_code":"x179y-12","label":"x179y-12","count":9}},{"type":"Feature","geometry":{"type":"Polygon","coordinates":[[[111.31116229242556,-6.125483956889529],[111.31116229242556,-5.6527360520955305],[111.93301236109836,-5.6527360520955305],[111.93301236109836,-6.125483956889529],[111.31116229242556,-6.125483956889529]]]},"properties":{"region_code":"x179y-13","label":"x179y-13","count":9}},{"type":"Feature","geometry":{"type":"Polygon","coordinates":[[[111.31116229242556,-6.598639756294533],[111.31116229242556,-6.125483956889529],[111.93301236109836,-6.125483956889529],[111.93301236109836,-6.598639756294533],[111.31116229242556,-6.598639756294533]]]},"properties":{"region_code":"x179y-14","label":"x179y-14","count":9}},{"type":"Feature","geometry":{"type":"Polygon","coordinates":[[[111.31116229242556,-7.072236038866301],[111.31116229242556,-6.598639756294533],[111.93301236109836,-6.598639756294533],[111.93301236109836,-7.072236038866301],[111.31116229242556,-7.072236038866301]]]},"properties":{"region_code":"x179y-15","label":"x179y-15","count":9}},{"type":"Feature","geometry":{"type":"Polygon","coordinates":[[[111.31116229242556,-7.546305669135457],[111.31116229242556,-7.072236038866301],[111.93301236109836,-7.072236038866301],[111.93301236109836,-7.546305669135457],[111.31116229242556,-7.546305669135457]]]},"properties":{"region_code":"x179y-16","label":"x179y-16","count":9}},{"type":"Feature","geometry":{"type":"Polygon","coordinates":[[[111.31116229242556,-8.020881809744264],[111.31116229242556,-7.546305669135457],[111.93301236109836,-7.546305669135457],[111.93301236109836,-8.020881809744264],[111.31116229242556,-8.020881809744264]]]},"properties":{"region_code":"x179y-17","label":"x179y-17","count":9}},{"type":"Feature","geometry":{"type":"Polygon","coordinates":[[[111.31116229242556,-8.495997944112283],[111.31116229242556,-8.020881809744264],[111.93301236109836,-8.020881809744264],[111.93301236109836,-8.495997944112283],[111.31116229242556,-8.495997944112283]]]},"properties":{"region_code":"x179y-18","label":"x179y-18","count":9}},{"type":"Feature","geometry":{"type":"Polygon","coordinates":[[[111.31116229242556,-8.971687899676542],[111.31116229242556,-8.495997944112283],[111.93301236109836,-8.495997944112283],[111.93301236109836,-8.971687899676542],[111.31116229242556,-8.971687899676542]]]},"properties":{"region_code":"x179y-19","label":"x179y-19","count":9}},{"type":"Feature","geometry":{"type":"Polygon","coordinates":[[[111.31116229242556,0.0],[111.31116229242556,0.4703230299809363],[111.93301236109836,0.4703230299809363],[111.93301236109836,0.0],[111.31116229242556,0.0]]]},"properties":{"region_code":"x179y000","label":"x179y000","count":9}},{"type":"Feature","geometry":{"type":"Polygon","coordinates":[[[111.31116229242556,0.4703230299809363],[111.31116229242556,0.9406769065449422],[111.93301236109836,0.9406769065449422],[111.93301236109836,0.4703230299809363],[111.31116229242556,0.4703230299809363]]]},"properties":{"region_code":"x179y001","label":"x179y001","count":9}},{"type":"Feature","geometry":{"type":"Polygon","coordinates":[[[111.31116229242556,0.9406769065449422],[111.31116229242556,1.411092494939981],[111.93301236109836,1.411092494939981],[111.93301236109836,0.9406769065449422],[111.31116229242556,0.9406769065449422]]]},"properties":{"region_code":"x179y002","label":"x179y002","count":9}},{"type":"Feature","geometry":{"type":"Polygon","coordinates":[[[111.31116229242556,1.411092494939981],[111.31116229242556,1.881600697775704],[111.93301236109836,1.881600697775704],[111.93301236109836,1.411092494939981],[111.31116229242556,1.411092494939981]]]},"properties":{"region_code":"x179y003","label":"x179y003","count":9}},{"type":"Feature","geometry":{"type":"Polygon","coordinates":[[[111.93301236109836,-0.47032302998093656],[111.93301236109836,0.0],[112.55486242977112,0.0],[112.55486242977112,-0.47032302998093656],[111.93301236109836,-0.47032302998093656]]]},"properties":{"region_code":"x180y-01","label":"x180y-01","count":9}},{"type":"Feature","geometry":{"type":"Polygon","coordinates":[[[111.93301236109836,-0.9406769065449366],[111.93301236109836,-0.47032302998093656],[112.55486242977112,-0.47032302998093656],[112.55486242977112,-0.9406769065449366],[111.93301236109836,-0.9406769065449366]]]},"properties":{"region_code":"x180y-02","label":"x180y-02","count":9}},{"type":"Feature","geometry":{"type":"Polygon","coordinates":[[[111.93301236109836,-1.411092494939997],[111.93301236109836,-0.9406769065449366],[112.55486242977112,-0.9406769065449366],[112.55486242977112,-1.411092494939997],[111.93301236109836,-1.411092494939997]]]},"properties":{"region_code":"x180y-03","label":"x180y-03","count":9}},{"type":"Feature","geometry":{"type":"Polygon","coordinates":[[[111.93301236109836,-1.881600697775689],[111.93301236109836,-1.411092494939997],[112.55486242977112,-1.411092494939997],[112.55486242977112,-1.881600697775689],[111.93301236109836,-1.881600697775689]]]},"properties":{"region_code":"x180y-04","label":"x180y-04","count":9}},{"type":"Feature","geometry":{"type":"Polygon","coordinates":[[[111.93301236109836,-2.3522324737816986],[111.93301236109836,-1.881600697775689],[112.55486242977112,-1.881600697775689],[112.55486242977112,-2.3522324737816986],[111.93301236109836,-2.3522324737816986]]]},"properties":{"region_code":"x180y-05","label":"x180y-05","count":9}},{"type":"Feature","geometry":{"type":"Polygon","coordinates":[[[111.93301236109836,-2.8230188566609358],[111.93301236109836,-2.3522324737816986],[112.55486242977112,-2.3522324737816986],[112.55486242977112,-2.8230188566609358],[111.93301236109836,-2.8230188566609358]]]},"properties":{"region_code":"x180y-06","label":"x180y-06","count":9}},{"type":"Feature","geometry":{"type":"Polygon","coordinates":[[[111.93301236109836,-3.293990974068208],[111.93301236109836,-2.8230188566609358],[112.55486242977112,-2.8230188566609358],[112.55486242977112,-3.293990974068208],[111.93301236109836,-3.293990974068208]]]},"properties":{"region_code":"x180y-07","label":"x180y-07","count":9}},{"type":"Feature","geometry":{"type":"Polygon","coordinates":[[[111.93301236109836,-3.765180066747392],[111.93301236109836,-3.293990974068208],[112.55486242977112,-3.293990974068208],[112.55486242977112,-3.765180066747392],[111.93301236109836,-3.765180066747392]]]},"properties":{"region_code":"x180y-08","label":"x180y-08","count":9}},{"type":"Feature","geometry":{"type":"Polygon","coordinates":[[[111.93301236109836,-4.236617507859314],[111.93301236109836,-3.765180066747392],[112.55486242977112,-3.765180066747392],[112.55486242977112,-4.236617507859314],[111.93301236109836,-4.236617507859314]]]},"properties":{"region_code":"x180y-09","label":"x180y-09","count":9}},{"type":"Feature","geometry":{"type":"Polygon","coordinates":[[[111.93301236109836,-4.708334822533896],[111.93301236109836,-4.236617507859314],[112.55486242977112,-4.236617507859314],[112.55486242977112,-4.708334822533896],[111.93301236109836,-4.708334822533896]]]},"properties":{"region_code":"x180y-10","label":"x180y-10","count":9}},{"type":"Feature","geometry":{"type":"Polygon","coordinates":[[[111.93301236109836,-5.1803637076811935],[111.93301236109836,-4.708334822533896],[112.55486242977112,-4.708334822533896],[112.55486242977112,-5.1803637076811935],[111.93301236109836,-5.1803637076811935]]]},"properties":{"region_code":"x180y-11","label":"x180y-11","count":9}},{"type":"Feature","geometry":{"type":"Polygon","coordinates":[[[111.93301236109836,-5.6527360520955305],[111.93301236109836,-5.1803637076811935],[112.55486242977112,-5.1803637076811935],[112.55486242977112,-5.6527360520955305],[111.93301236109836,-5.6527360520955305]]]},"properties":{"region_code":"x180y-12","label":"x180y-12","count":9}},{"type":"Feature","geometry":{"type":"Polygon","coordinates":[[[111.93301236109836,-6.125483956889529],[111.93301236109836,-5.6527360520955305],[112.55486242977112,-5.6527360520955305],[112.55486242977112,-6.125483956889529],[111.93301236109836,-6.125483956889529]]]},"properties":{"region_code":"x180y-13","label":"x180y-13","count":9}},{"type":"Feature","geometry":{"type":"Polygon","coordinates":[[[111.93301236109836,-6.598639756294533],[111.93301236109836,-6.125483956889529],[112.55486242977112,-6.125483956889529],[112.55486242977112,-6.598639756294533],[111.93301236109836,-6.598639756294533]]]},"properties":{"region_code":"x180y-14","label":"x180y-14","count":9}},{"type":"Feature","geometry":{"type":"Polygon","coordinates":[[[111.93301236109836,-7.072236038866301],[111.93301236109836,-6.598639756294533],[112.55486242977112,-6.598639756294533],[112.55486242977112,-7.072236038866301],[111.93301236109836,-7.072236038866301]]]},"properties":{"region_code":"x180y-15","label":"x180y-15","count":9}},{"type":"Feature","geometry":{"type":"Polygon","coordinates":[[[111.93301236109836,-7.546305669135457],[111.93301236109836,-7.072236038866301],[112.55486242977112,-7.072236038866301],[112.55486242977112,-7.546305669135457],[111.93301236109836,-7.546305669135457]]]},"properties":{"region_code":"x180y-16","label":"x180y-16","count":9}},{"type":"Feature","geometry":{"type":"Polygon","coordinates":[[[111.93301236109836,-8.020881809744264],[111.93301236109836,-7.546305669135457],[112.55486242977112,-7.546305669135457],[112.55486242977112,-8.020881809744264],[111.93301236109836,-8.020881809744264]]]},"properties":{"region_code":"x180y-17","label":"x180y-17","count":9}},{"type":"Feature","geometry":{"type":"Polygon","coordinates":[[[111.93301236109836,-8.495997944112283],[111.93301236109836,-8.020881809744264],[112.55486242977112,-8.020881809744264],[112.55486242977112,-8.495997944112283],[111.93301236109836,-8.495997944112283]]]},"properties":{"region_code":"x180y-18","label":"x180y-18","count":9}},{"type":"Feature","geometry":{"type":"Polygon","coordinates":[[[111.93301236109836,-8.971687899676542],[111.93301236109836,-8.495997944112283],[112.55486242977112,-8.495997944112283],[112.55486242977112,-8.971687899676542],[111.93301236109836,-8.971687899676542]]]},"properties":{"region_code":"x180y-19","label":"x180y-19","count":9}},{"type":"Feature","geometry":{"type":"Polygon","coordinates":[[[111.93301236109836,0.0],[111.93301236109836,0.4703230299809363],[112.55486242977112,0.4703230299809363],[112.55486242977112,0.0],[111.93301236109836,0.0]]]},"properties":{"region_code":"x180y000","label":"x180y000","count":9}},{"type":"Feature","geometry":{"type":"Polygon","coordinates":[[[111.93301236109836,0.4703230299809363],[111.93301236109836,0.9406769065449422],[112.55486242977112,0.9406769065449422],[112.55486242977112,0.4703230299809363],[111.93301236109836,0.4703230299809363]]]},"properties":{"region_code":"x180y001","label":"x180y001","count":9}},{"type":"Feature","geometry":{"type":"Polygon","coordinates":[[[111.93301236109836,0.9406769065449422],[111.93301236109836,1.411092494939981],[112.55486242977112,1.411092494939981],[112.55486242977112,0.9406769065449422],[111.93301236109836,0.9406769065449422]]]},"properties":{"region_code":"x180y002","label":"x180y002","count":9}},{"type":"Feature","geometry":{"type":"Polygon","coordinates":[[[111.93301236109836,1.411092494939981],[111.93301236109836,1.881600697775704],[112.55486242977112,1.881600697775704],[112.55486242977112,1.411092494939981],[111.93301236109836,1.411092494939981]]]},"properties":{"region_code":"x180y003","label":"x180y003","count":9}},{"type":"Feature","geometry":{"type":"Polygon","coordinates":[[[111.93301236109836,1.881600697775704],[111.93301236109836,2.352232473781689],[112.55486242977112,2.352232473781689],[112.55486242977112,1.881600697775704],[111.93301236109836,1.881600697775704]]]},"properties":{"region_code":"x180y004","label":"x180y004","count":9}},{"type":"Feature","geometry":{"type":"Polygon","coordinates":[[[112.55486242977112,-0.47032302998093656],[112.55486242977112,0.0],[113.17671249844389,0.0],[113.17671249844389,-0.47032302998093656],[112.55486242977112,-0.47032302998093656]]]},"properties":{"region_code":"x181y-01","label":"x181y-01","count":9}},{"type":"Feature","geometry":{"type":"Polygon","coordinates":[[[112.55486242977112,-0.9406769065449366],[112.55486242977112,-0.47032302998093656],[113.17671249844389,-0.47032302998093656],[113.17671249844389,-0.9406769065449366],[112.55486242977112,-0.9406769065449366]]]},"properties":{"region_code":"x181y-02","label":"x181y-02","count":9}},{"type":"Feature","geometry":{"type":"Polygon","coordinates":[[[112.55486242977112,-1.411092494939997],[112.55486242977112,-0.9406769065449366],[113.17671249844389,-0.9406769065449366],[113.17671249844389,-1.411092494939997],[112.55486242977112,-1.411092494939997]]]},"properties":{"region_code":"x181y-03","label":"x181y-03","count":9}},{"type":"Feature","geometry":{"type":"Polygon","coordinates":[[[112.55486242977112,-1.881600697775689],[112.55486242977112,-1.411092494939997],[113.17671249844389,-1.411092494939997],[113.17671249844389,-1.881600697775689],[112.55486242977112,-1.881600697775689]]]},"properties":{"region_code":"x181y-04","label":"x181y-04","count":9}},{"type":"Feature","geometry":{"type":"Polygon","coordinates":[[[112.55486242977112,-2.3522324737816986],[112.55486242977112,-1.881600697775689],[113.17671249844389,-1.881600697775689],[113.17671249844389,-2.3522324737816986],[112.55486242977112,-2.3522324737816986]]]},"properties":{"region_code":"x181y-05","label":"x181y-05","count":9}},{"type":"Feature","geometry":{"type":"Polygon","coordinates":[[[112.55486242977112,-2.8230188566609358],[112.55486242977112,-2.3522324737816986],[113.17671249844389,-2.3522324737816986],[113.17671249844389,-2.8230188566609358],[112.55486242977112,-2.8230188566609358]]]},"properties":{"region_code":"x181y-06","label":"x181y-06","count":9}},{"type":"Feature","geometry":{"type":"Polygon","coordinates":[[[112.55486242977112,-3.293990974068208],[112.55486242977112,-2.8230188566609358],[113.17671249844389,-2.8230188566609358],[113.17671249844389,-3.293990974068208],[112.55486242977112,-3.293990974068208]]]},"properties":{"region_code":"x181y-07","label":"x181y-07","count":9}},{"type":"Feature","geometry":{"type":"Polygon","coordinates":[[[112.55486242977112,-3.765180066747392],[112.55486242977112,-3.293990974068208],[113.17671249844389,-3.293990974068208],[113.17671249844389,-3.765180066747392],[112.55486242977112,-3.765180066747392]]]},"properties":{"region_code":"x181y-08","label":"x181y-08","count":9}},{"type":"Feature","geometry":{"type":"Polygon","coordinates":[[[112.55486242977112,-4.236617507859314],[112.55486242977112,-3.765180066747392],[113.17671249844389,-3.765180066747392],[113.17671249844389,-4.236617507859314],[112.55486242977112,-4.236617507859314]]]},"properties":{"region_code":"x181y-09","label":"x181y-09","count":9}},{"type":"Feature","geometry":{"type":"Polygon","coordinates":[[[112.55486242977112,-4.708334822533896],[112.55486242977112,-4.236617507859314],[113.17671249844389,-4.236617507859314],[113.17671249844389,-4.708334822533896],[112.55486242977112,-4.708334822533896]]]},"properties":{"region_code":"x181y-10","label":"x181y-10","count":9}},{"type":"Feature","geometry":{"type":"Polygon","coordinates":[[[112.55486242977112,-5.1803637076811935],[112.55486242977112,-4.708334822533896],[113.17671249844389,-4.708334822533896],[113.17671249844389,-5.1803637076811935],[112.55486242977112,-5.1803637076811935]]]},"properties":{"region_code":"x181y-11","label":"x181y-11","count":9}},{"type":"Feature","geometry":{"type":"Polygon","coordinates":[[[112.55486242977112,-5.6527360520955305],[112.55486242977112,-5.1803637076811935],[113.17671249844389,-5.1803637076811935],[113.17671249844389,-5.6527360520955305],[112.55486242977112,-5.6527360520955305]]]},"properties":{"region_code":"x181y-12","label":"x181y-12","count":9}},{"type":"Feature","geometry":{"type":"Polygon","coordinates":[[[112.55486242977112,-6.125483956889529],[112.55486242977112,-5.6527360520955305],[113.17671249844389,-5.6527360520955305],[113.17671249844389,-6.125483956889529],[112.55486242977112,-6.125483956889529]]]},"properties":{"region_code":"x181y-13","label":"x181y-13","count":9}},{"type":"Feature","geometry":{"type":"Polygon","coordinates":[[[112.55486242977112,-6.598639756294533],[112.55486242977112,-6.125483956889529],[113.17671249844389,-6.125483956889529],[113.17671249844389,-6.598639756294533],[112.55486242977112,-6.598639756294533]]]},"properties":{"region_code":"x181y-14","label":"x181y-14","count":9}},{"type":"Feature","geometry":{"type":"Polygon","coordinates":[[[112.55486242977112,-7.072236038866301],[112.55486242977112,-6.598639756294533],[113.17671249844389,-6.598639756294533],[113.17671249844389,-7.072236038866301],[112.55486242977112,-7.072236038866301]]]},"properties":{"region_code":"x181y-15","label":"x181y-15","count":9}},{"type":"Feature","geometry":{"type":"Polygon","coordinates":[[[112.55486242977112,-7.546305669135457],[112.55486242977112,-7.072236038866301],[113.17671249844389,-7.072236038866301],[113.17671249844389,-7.546305669135457],[112.55486242977112,-7.546305669135457]]]},"properties":{"region_code":"x181y-16","label":"x181y-16","count":9}},{"type":"Feature","geometry":{"type":"Polygon","coordinates":[[[112.55486242977112,-8.020881809744264],[112.55486242977112,-7.546305669135457],[113.17671249844389,-7.546305669135457],[113.17671249844389,-8.020881809744264],[112.55486242977112,-8.020881809744264]]]},"properties":{"region_code":"x181y-17","label":"x181y-17","count":9}},{"type":"Feature","geometry":{"type":"Polygon","coordinates":[[[112.55486242977112,-8.495997944112283],[112.55486242977112,-8.020881809744264],[113.17671249844389,-8.020881809744264],[113.17671249844389,-8.495997944112283],[112.55486242977112,-8.495997944112283]]]},"properties":{"region_code":"x181y-18","label":"x181y-18","count":9}},{"type":"Feature","geometry":{"type":"Polygon","coordinates":[[[112.55486242977112,-8.971687899676542],[112.55486242977112,-8.495997944112283],[113.17671249844389,-8.495997944112283],[113.17671249844389,-8.971687899676542],[112.55486242977112,-8.971687899676542]]]},"properties":{"region_code":"x181y-19","label":"x181y-19","count":9}},{"type":"Feature","geometry":{"type":"Polygon","coordinates":[[[112.55486242977112,0.0],[112.55486242977112,0.4703230299809363],[113.17671249844389,0.4703230299809363],[113.17671249844389,0.0],[112.55486242977112,0.0]]]},"properties":{"region_code":"x181y000","label":"x181y000","count":9}},{"type":"Feature","geometry":{"type":"Polygon","coordinates":[[[112.55486242977112,0.4703230299809363],[112.55486242977112,0.9406769065449422],[113.17671249844389,0.9406769065449422],[113.17671249844389,0.4703230299809363],[112.55486242977112,0.4703230299809363]]]},"properties":{"region_code":"x181y001","label":"x181y001","count":9}},{"type":"Feature","geometry":{"type":"Polygon","coordinates":[[[112.55486242977112,0.9406769065449422],[112.55486242977112,1.411092494939981],[113.17671249844389,1.411092494939981],[113.17671249844389,0.9406769065449422],[112.55486242977112,0.9406769065449422]]]},"properties":{"region_code":"x181y002","label":"x181y002","count":9}},{"type":"Feature","geometry":{"type":"Polygon","coordinates":[[[112.55486242977112,1.411092494939981],[112.55486242977112,1.881600697775704],[113.17671249844389,1.881600697775704],[113.17671249844389,1.411092494939981],[112.55486242977112,1.411092494939981]]]},"properties":{"region_code":"x181y003","label":"x181y003","count":9}},{"type":"Feature","geometry":{"type":"Polygon","coordinates":[[[113.17671249844389,-0.47032302998093656],[113.17671249844389,0.0],[113.79856256711663,0.0],[113.79856256711663,-0.47032302998093656],[113.17671249844389,-0.47032302998093656]]]},"properties":{"region_code":"x182y-01","label":"x182y-01","count":9}},{"type":"Feature","geometry":{"type":"Polygon","coordinates":[[[113.17671249844389,-0.9406769065449366],[113.17671249844389,-0.47032302998093656],[113.79856256711663,-0.47032302998093656],[113.79856256711663,-0.9406769065449366],[113.17671249844389,-0.9406769065449366]]]},"properties":{"region_code":"x182y-02","label":"x182y-02","count":9}},{"type":"Feature","geometry":{"type":"Polygon","coordinates":[[[113.17671249844389,-1.411092494939997],[113.17671249844389,-0.9406769065449366],[113.79856256711663,-0.9406769065449366],[113.79856256711663,-1.411092494939997],[113.17671249844389,-1.411092494939997]]]},"properties":{"region_code":"x182y-03","label":"x182y-03","count":9}},{"type":"Feature","geometry":{"type":"Polygon","coordinates":[[[113.17671249844389,-1.881600697775689],[113.17671249844389,-1.411092494939997],[113.79856256711663,-1.411092494939997],[113.79856256711663,-1.881600697775689],[113.17671249844389,-1.881600697775689]]]},"properties":{"region_code":"x182y-04","label":"x182y-04","count":9}},{"type":"Feature","geometry":{"type":"Polygon","coordinates":[[[113.17671249844389,-2.3522324737816986],[113.17671249844389,-1.881600697775689],[113.79856256711663,-1.881600697775689],[113.79856256711663,-2.3522324737816986],[113.17671249844389,-2.3522324737816986]]]},"properties":{"region_code":"x182y-05","label":"x182y-05","count":9}},{"type":"Feature","geometry":{"type":"Polygon","coordinates":[[[113.17671249844389,-2.8230188566609358],[113.17671249844389,-2.3522324737816986],[113.79856256711663,-2.3522324737816986],[113.79856256711663,-2.8230188566609358],[113.17671249844389,-2.8230188566609358]]]},"properties":{"region_code":"x182y-06","label":"x182y-06","count":9}},{"type":"Feature","geometry":{"type":"Polygon","coordinates":[[[113.17671249844389,-3.293990974068208],[113.17671249844389,-2.8230188566609358],[113.79856256711663,-2.8230188566609358],[113.79856256711663,-3.293990974068208],[113.17671249844389,-3.293990974068208]]]},"properties":{"region_code":"x182y-07","label":"x182y-07","count":9}},{"type":"Feature","geometry":{"type":"Polygon","coordinates":[[[113.17671249844389,-3.765180066747392],[113.17671249844389,-3.293990974068208],[113.79856256711663,-3.293990974068208],[113.79856256711663,-3.765180066747392],[113.17671249844389,-3.765180066747392]]]},"properties":{"region_code":"x182y-08","label":"x182y-08","count":9}},{"type":"Feature","geometry":{"type":"Polygon","coordinates":[[[113.17671249844389,-4.236617507859314],[113.17671249844389,-3.765180066747392],[113.79856256711663,-3.765180066747392],[113.79856256711663,-4.236617507859314],[113.17671249844389,-4.236617507859314]]]},"properties":{"region_code":"x182y-09","label":"x182y-09","count":9}},{"type":"Feature","geometry":{"type":"Polygon","coordinates":[[[113.17671249844389,-4.708334822533896],[113.17671249844389,-4.236617507859314],[113.79856256711663,-4.236617507859314],[113.79856256711663,-4.708334822533896],[113.17671249844389,-4.708334822533896]]]},"properties":{"region_code":"x182y-10","label":"x182y-10","count":9}},{"type":"Feature","geometry":{"type":"Polygon","coordinates":[[[113.17671249844389,-5.1803637076811935],[113.17671249844389,-4.708334822533896],[113.79856256711663,-4.708334822533896],[113.79856256711663,-5.1803637076811935],[113.17671249844389,-5.1803637076811935]]]},"properties":{"region_code":"x182y-11","label":"x182y-11","count":9}},{"type":"Feature","geometry":{"type":"Polygon","coordinates":[[[113.17671249844389,-5.6527360520955305],[113.17671249844389,-5.1803637076811935],[113.79856256711663,-5.1803637076811935],[113.79856256711663,-5.6527360520955305],[113.17671249844389,-5.6527360520955305]]]},"properties":{"region_code":"x182y-12","label":"x182y-12","count":9}},{"type":"Feature","geometry":{"type":"Polygon","coordinates":[[[113.17671249844389,-6.125483956889529],[113.17671249844389,-5.6527360520955305],[113.79856256711663,-5.6527360520955305],[113.79856256711663,-6.125483956889529],[113.17671249844389,-6.125483956889529]]]},"properties":{"region_code":"x182y-13","label":"x182y-13","count":9}},{"type":"Feature","geometry":{"type":"Polygon","coordinates":[[[113.17671249844389,-6.598639756294533],[113.17671249844389,-6.125483956889529],[113.79856256711663,-6.125483956889529],[113.79856256711663,-6.598639756294533],[113.17671249844389,-6.598639756294533]]]},"properties":{"region_code":"x182y-14","label":"x182y-14","count":9}},{"type":"Feature","geometry":{"type":"Polygon","coordinates":[[[113.17671249844389,-7.072236038866301],[113.17671249844389,-6.598639756294533],[113.79856256711663,-6.598639756294533],[113.79856256711663,-7.072236038866301],[113.17671249844389,-7.072236038866301]]]},"properties":{"region_code":"x182y-15","label":"x182y-15","count":9}},{"type":"Feature","geometry":{"type":"Polygon","coordinates":[[[113.17671249844389,-7.546305669135457],[113.17671249844389,-7.072236038866301],[113.79856256711663,-7.072236038866301],[113.79856256711663,-7.546305669135457],[113.17671249844389,-7.546305669135457]]]},"properties":{"region_code":"x182y-16","label":"x182y-16","count":9}},{"type":"Feature","geometry":{"type":"Polygon","coordinates":[[[113.17671249844389,-8.020881809744264],[113.17671249844389,-7.546305669135457],[113.79856256711663,-7.546305669135457],[113.79856256711663,-8.020881809744264],[113.17671249844389,-8.020881809744264]]]},"properties":{"region_code":"x182y-17","label":"x182y-17","count":9}},{"type":"Feature","geometry":{"type":"Polygon","coordinates":[[[113.17671249844389,-8.495997944112283],[113.17671249844389,-8.020881809744264],[113.79856256711663,-8.020881809744264],[113.79856256711663,-8.495997944112283],[113.17671249844389,-8.495997944112283]]]},"properties":{"region_code":"x182y-18","label":"x182y-18","count":9}},{"type":"Feature","geometry":{"type":"Polygon","coordinates":[[[113.17671249844389,-8.971687899676542],[113.17671249844389,-8.495997944112283],[113.79856256711663,-8.495997944112283],[113.79856256711663,-8.971687899676542],[113.17671249844389,-8.971687899676542]]]},"properties":{"region_code":"x182y-19","label":"x182y-19","count":9}},{"type":"Feature","geometry":{"type":"Polygon","coordinates":[[[113.17671249844389,0.0],[113.17671249844389,0.4703230299809363],[113.79856256711663,0.4703230299809363],[113.79856256711663,0.0],[113.17671249844389,0.0]]]},"properties":{"region_code":"x182y000","label":"x182y000","count":9}},{"type":"Feature","geometry":{"type":"Polygon","coordinates":[[[113.17671249844389,0.4703230299809363],[113.17671249844389,0.9406769065449422],[113.79856256711663,0.9406769065449422],[113.79856256711663,0.4703230299809363],[113.17671249844389,0.4703230299809363]]]},"properties":{"region_code":"x182y001","label":"x182y001","count":9}},{"type":"Feature","geometry":{"type":"Polygon","coordinates":[[[113.17671249844389,0.9406769065449422],[113.17671249844389,1.411092494939981],[113.79856256711663,1.411092494939981],[113.79856256711663,0.9406769065449422],[113.17671249844389,0.9406769065449422]]]},"properties":{"region_code":"x182y002","label":"x182y002","count":9}},{"type":"Feature","geometry":{"type":"Polygon","coordinates":[[[113.17671249844389,1.411092494939981],[113.17671249844389,1.881600697775704],[113.79856256711663,1.881600697775704],[113.79856256711663,1.411092494939981],[113.17671249844389,1.411092494939981]]]},"properties":{"region_code":"x182y003","label":"x182y003","count":9}},{"type":"Feature","geometry":{"type":"Polygon","coordinates":[[[113.79856256711663,-0.47032302998093656],[113.79856256711663,0.0],[114.42041263578942,0.0],[114.42041263578942,-0.47032302998093656],[113.79856256711663,-0.47032302998093656]]]},"properties":{"region_code":"x183y-01","label":"x183y-01","count":9}},{"type":"Feature","geometry":{"type":"Polygon","coordinates":[[[113.79856256711663,-0.9406769065449366],[113.79856256711663,-0.47032302998093656],[114.42041263578942,-0.47032302998093656],[114.42041263578942,-0.9406769065449366],[113.79856256711663,-0.9406769065449366]]]},"properties":{"region_code":"x183y-02","label":"x183y-02","count":9}},{"type":"Feature","geometry":{"type":"Polygon","coordinates":[[[113.79856256711663,-1.411092494939997],[113.79856256711663,-0.9406769065449366],[114.42041263578942,-0.9406769065449366],[114.42041263578942,-1.411092494939997],[113.79856256711663,-1.411092494939997]]]},"properties":{"region_code":"x183y-03","label":"x183y-03","count":9}},{"type":"Feature","geometry":{"type":"Polygon","coordinates":[[[113.79856256711663,-1.881600697775689],[113.79856256711663,-1.411092494939997],[114.42041263578942,-1.411092494939997],[114.42041263578942,-1.881600697775689],[113.79856256711663,-1.881600697775689]]]},"properties":{"region_code":"x183y-04","label":"x183y-04","count":9}},{"type":"Feature","geometry":{"type":"Polygon","coordinates":[[[113.79856256711663,-2.3522324737816986],[113.79856256711663,-1.881600697775689],[114.42041263578942,-1.881600697775689],[114.42041263578942,-2.3522324737816986],[113.79856256711663,-2.3522324737816986]]]},"properties":{"region_code":"x183y-05","label":"x183y-05","count":9}},{"type":"Feature","geometry":{"type":"Polygon","coordinates":[[[113.79856256711663,-2.8230188566609358],[113.79856256711663,-2.3522324737816986],[114.42041263578942,-2.3522324737816986],[114.42041263578942,-2.8230188566609358],[113.79856256711663,-2.8230188566609358]]]},"properties":{"region_code":"x183y-06","label":"x183y-06","count":9}},{"type":"Feature","geometry":{"type":"Polygon","coordinates":[[[113.79856256711663,-3.293990974068208],[113.79856256711663,-2.8230188566609358],[114.42041263578942,-2.8230188566609358],[114.42041263578942,-3.293990974068208],[113.79856256711663,-3.293990974068208]]]},"properties":{"region_code":"x183y-07","label":"x183y-07","count":9}},{"type":"Feature","geometry":{"type":"Polygon","coordinates":[[[113.79856256711663,-3.765180066747392],[113.79856256711663,-3.293990974068208],[114.42041263578942,-3.293990974068208],[114.42041263578942,-3.765180066747392],[113.79856256711663,-3.765180066747392]]]},"properties":{"region_code":"x183y-08","label":"x183y-08","count":9}},{"type":"Feature","geometry":{"type":"Polygon","coordinates":[[[113.79856256711663,-4.236617507859314],[113.79856256711663,-3.765180066747392],[114.42041263578942,-3.765180066747392],[114.42041263578942,-4.236617507859314],[113.79856256711663,-4.236617507859314]]]},"properties":{"region_code":"x183y-09","label":"x183y-09","count":9}},{"type":"Feature","geometry":{"type":"Polygon","coordinates":[[[113.79856256711663,-4.708334822533896],[113.79856256711663,-4.236617507859314],[114.42041263578942,-4.236617507859314],[114.42041263578942,-4.708334822533896],[113.79856256711663,-4.708334822533896]]]},"properties":{"region_code":"x183y-10","label":"x183y-10","count":9}},{"type":"Feature","geometry":{"type":"Polygon","coordinates":[[[113.79856256711663,-5.1803637076811935],[113.79856256711663,-4.708334822533896],[114.42041263578942,-4.708334822533896],[114.42041263578942,-5.1803637076811935],[113.79856256711663,-5.1803637076811935]]]},"properties":{"region_code":"x183y-11","label":"x183y-11","count":9}},{"type":"Feature","geometry":{"type":"Polygon","coordinates":[[[113.79856256711663,-5.6527360520955305],[113.79856256711663,-5.1803637076811935],[114.42041263578942,-5.1803637076811935],[114.42041263578942,-5.6527360520955305],[113.79856256711663,-5.6527360520955305]]]},"properties":{"region_code":"x183y-12","label":"x183y-12","count":9}},{"type":"Feature","geometry":{"type":"Polygon","coordinates":[[[113.79856256711663,-6.125483956889529],[113.79856256711663,-5.6527360520955305],[114.42041263578942,-5.6527360520955305],[114.42041263578942,-6.125483956889529],[113.79856256711663,-6.125483956889529]]]},"properties":{"region_code":"x183y-13","label":"x183y-13","count":9}},{"type":"Feature","geometry":{"type":"Polygon","coordinates":[[[113.79856256711663,-6.598639756294533],[113.79856256711663,-6.125483956889529],[114.42041263578942,-6.125483956889529],[114.42041263578942,-6.598639756294533],[113.79856256711663,-6.598639756294533]]]},"properties":{"region_code":"x183y-14","label":"x183y-14","count":9}},{"type":"Feature","geometry":{"type":"Polygon","coordinates":[[[113.79856256711663,-7.072236038866301],[113.79856256711663,-6.598639756294533],[114.42041263578942,-6.598639756294533],[114.42041263578942,-7.072236038866301],[113.79856256711663,-7.072236038866301]]]},"properties":{"region_code":"x183y-15","label":"x183y-15","count":9}},{"type":"Feature","geometry":{"type":"Polygon","coordinates":[[[113.79856256711663,-7.546305669135457],[113.79856256711663,-7.072236038866301],[114.42041263578942,-7.072236038866301],[114.42041263578942,-7.546305669135457],[113.79856256711663,-7.546305669135457]]]},"properties":{"region_code":"x183y-16","label":"x183y-16","count":9}},{"type":"Feature","geometry":{"type":"Polygon","coordinates":[[[113.79856256711663,-8.020881809744264],[113.79856256711663,-7.546305669135457],[114.42041263578942,-7.546305669135457],[114.42041263578942,-8.020881809744264],[113.79856256711663,-8.020881809744264]]]},"properties":{"region_code":"x183y-17","label":"x183y-17","count":9}},{"type":"Feature","geometry":{"type":"Polygon","coordinates":[[[113.79856256711663,-8.495997944112283],[113.79856256711663,-8.020881809744264],[114.42041263578942,-8.020881809744264],[114.42041263578942,-8.495997944112283],[113.79856256711663,-8.495997944112283]]]},"properties":{"region_code":"x183y-18","label":"x183y-18","count":9}},{"type":"Feature","geometry":{"type":"Polygon","coordinates":[[[113.79856256711663,-8.971687899676542],[113.79856256711663,-8.495997944112283],[114.42041263578942,-8.495997944112283],[114.42041263578942,-8.971687899676542],[113.79856256711663,-8.971687899676542]]]},"properties":{"region_code":"x183y-19","label":"x183y-19","count":9}},{"type":"Feature","geometry":{"type":"Polygon","coordinates":[[[113.79856256711663,0.0],[113.79856256711663,0.4703230299809363],[114.42041263578942,0.4703230299809363],[114.42041263578942,0.0],[113.79856256711663,0.0]]]},"properties":{"region_code":"x183y000","label":"x183y000","count":9}},{"type":"Feature","geometry":{"type":"Polygon","coordinates":[[[113.79856256711663,0.4703230299809363],[113.79856256711663,0.9406769065449422],[114.42041263578942,0.9406769065449422],[114.42041263578942,0.4703230299809363],[113.79856256711663,0.4703230299809363]]]},"properties":{"region_code":"x183y001","label":"x183y001","count":9}},{"type":"Feature","geometry":{"type":"Polygon","coordinates":[[[113.79856256711663,0.9406769065449422],[113.79856256711663,1.411092494939981],[114.42041263578942,1.411092494939981],[114.42041263578942,0.9406769065449422],[113.79856256711663,0.9406769065449422]]]},"properties":{"region_code":"x183y002","label":"x183y002","count":9}},{"type":"Feature","geometry":{"type":"Polygon","coordinates":[[[113.79856256711663,1.411092494939981],[113.79856256711663,1.881600697775704],[114.42041263578942,1.881600697775704],[114.42041263578942,1.411092494939981],[113.79856256711663,1.411092494939981]]]},"properties":{"region_code":"x183y003","label":"x183y003","count":9}},{"type":"Feature","geometry":{"type":"Polygon","coordinates":[[[114.42041263578942,-0.47032302998093656],[114.42041263578942,0.0],[115.0422627044622,0.0],[115.0422627044622,-0.47032302998093656],[114.42041263578942,-0.47032302998093656]]]},"properties":{"region_code":"x184y-01","label":"x184y-01","count":9}},{"type":"Feature","geometry":{"type":"Polygon","coordinates":[[[114.42041263578942,-0.9406769065449366],[114.42041263578942,-0.47032302998093656],[115.0422627044622,-0.47032302998093656],[115.0422627044622,-0.9406769065449366],[114.42041263578942,-0.9406769065449366]]]},"properties":{"region_code":"x184y-02","label":"x184y-02","count":9}},{"type":"Feature","geometry":{"type":"Polygon","coordinates":[[[114.42041263578942,-1.411092494939997],[114.42041263578942,-0.9406769065449366],[115.0422627044622,-0.9406769065449366],[115.0422627044622,-1.411092494939997],[114.42041263578942,-1.411092494939997]]]},"properties":{"region_code":"x184y-03","label":"x184y-03","count":9}},{"type":"Feature","geometry":{"type":"Polygon","coordinates":[[[114.42041263578942,-1.881600697775689],[114.42041263578942,-1.411092494939997],[115.0422627044622,-1.411092494939997],[115.0422627044622,-1.881600697775689],[114.42041263578942,-1.881600697775689]]]},"properties":{"region_code":"x184y-04","label":"x184y-04","count":9}},{"type":"Feature","geometry":{"type":"Polygon","coordinates":[[[114.42041263578942,-2.3522324737816986],[114.42041263578942,-1.881600697775689],[115.0422627044622,-1.881600697775689],[115.0422627044622,-2.3522324737816986],[114.42041263578942,-2.3522324737816986]]]},"properties":{"region_code":"x184y-05","label":"x184y-05","count":9}},{"type":"Feature","geometry":{"type":"Polygon","coordinates":[[[114.42041263578942,-2.8230188566609358],[114.42041263578942,-2.3522324737816986],[115.0422627044622,-2.3522324737816986],[115.0422627044622,-2.8230188566609358],[114.42041263578942,-2.8230188566609358]]]},"properties":{"region_code":"x184y-06","label":"x184y-06","count":9}},{"type":"Feature","geometry":{"type":"Polygon","coordinates":[[[114.42041263578942,-3.293990974068208],[114.42041263578942,-2.8230188566609358],[115.0422627044622,-2.8230188566609358],[115.0422627044622,-3.293990974068208],[114.42041263578942,-3.293990974068208]]]},"properties":{"region_code":"x184y-07","label":"x184y-07","count":9}},{"type":"Feature","geometry":{"type":"Polygon","coordinates":[[[114.42041263578942,-3.765180066747392],[114.42041263578942,-3.293990974068208],[115.0422627044622,-3.293990974068208],[115.0422627044622,-3.765180066747392],[114.42041263578942,-3.765180066747392]]]},"properties":{"region_code":"x184y-08","label":"x184y-08","count":9}},{"type":"Feature","geometry":{"type":"Polygon","coordinates":[[[114.42041263578942,-4.236617507859314],[114.42041263578942,-3.765180066747392],[115.0422627044622,-3.765180066747392],[115.0422627044622,-4.236617507859314],[114.42041263578942,-4.236617507859314]]]},"properties":{"region_code":"x184y-09","label":"x184y-09","count":9}},{"type":"Feature","geometry":{"type":"Polygon","coordinates":[[[114.42041263578942,-4.708334822533896],[114.42041263578942,-4.236617507859314],[115.0422627044622,-4.236617507859314],[115.0422627044622,-4.708334822533896],[114.42041263578942,-4.708334822533896]]]},"properties":{"region_code":"x184y-10","label":"x184y-10","count":9}},{"type":"Feature","geometry":{"type":"Polygon","coordinates":[[[114.42041263578942,-5.1803637076811935],[114.42041263578942,-4.708334822533896],[115.0422627044622,-4.708334822533896],[115.0422627044622,-5.1803637076811935],[114.42041263578942,-5.1803637076811935]]]},"properties":{"region_code":"x184y-11","label":"x184y-11","count":9}},{"type":"Feature","geometry":{"type":"Polygon","coordinates":[[[114.42041263578942,-5.6527360520955305],[114.42041263578942,-5.1803637076811935],[115.0422627044622,-5.1803637076811935],[115.0422627044622,-5.6527360520955305],[114.42041263578942,-5.6527360520955305]]]},"properties":{"region_code":"x184y-12","label":"x184y-12","count":9}},{"type":"Feature","geometry":{"type":"Polygon","coordinates":[[[114.42041263578942,-6.125483956889529],[114.42041263578942,-5.6527360520955305],[115.0422627044622,-5.6527360520955305],[115.0422627044622,-6.125483956889529],[114.42041263578942,-6.125483956889529]]]},"properties":{"region_code":"x184y-13","label":"x184y-13","count":9}},{"type":"Feature","geometry":{"type":"Polygon","coordinates":[[[114.42041263578942,-6.598639756294533],[114.42041263578942,-6.125483956889529],[115.0422627044622,-6.125483956889529],[115.0422627044622,-6.598639756294533],[114.42041263578942,-6.598639756294533]]]},"properties":{"region_code":"x184y-14","label":"x184y-14","count":9}},{"type":"Feature","geometry":{"type":"Polygon","coordinates":[[[114.42041263578942,-7.072236038866301],[114.42041263578942,-6.598639756294533],[115.0422627044622,-6.598639756294533],[115.0422627044622,-7.072236038866301],[114.42041263578942,-7.072236038866301]]]},"properties":{"region_code":"x184y-15","label":"x184y-15","count":9}},{"type":"Feature","geometry":{"type":"Polygon","coordinates":[[[114.42041263578942,-7.546305669135457],[114.42041263578942,-7.072236038866301],[115.0422627044622,-7.072236038866301],[115.0422627044622,-7.546305669135457],[114.42041263578942,-7.546305669135457]]]},"properties":{"region_code":"x184y-16","label":"x184y-16","count":9}},{"type":"Feature","geometry":{"type":"Polygon","coordinates":[[[114.42041263578942,-8.020881809744264],[114.42041263578942,-7.546305669135457],[115.0422627044622,-7.546305669135457],[115.0422627044622,-8.020881809744264],[114.42041263578942,-8.020881809744264]]]},"properties":{"region_code":"x184y-17","label":"x184y-17","count":9}},{"type":"Feature","geometry":{"type":"Polygon","coordinates":[[[114.42041263578942,-8.495997944112283],[114.42041263578942,-8.020881809744264],[115.0422627044622,-8.020881809744264],[115.0422627044622,-8.495997944112283],[114.42041263578942,-8.495997944112283]]]},"properties":{"region_code":"x184y-18","label":"x184y-18","count":9}},{"type":"Feature","geometry":{"type":"Polygon","coordinates":[[[114.42041263578942,-8.971687899676542],[114.42041263578942,-8.495997944112283],[115.0422627044622,-8.495997944112283],[115.0422627044622,-8.971687899676542],[114.42041263578942,-8.971687899676542]]]},"properties":{"region_code":"x184y-19","label":"x184y-19","count":9}},{"type":"Feature","geometry":{"type":"Polygon","coordinates":[[[114.42041263578942,-9.44798587175262],[114.42041263578942,-8.971687899676542],[115.0422627044622,-8.971687899676542],[115.0422627044622,-9.44798587175262],[114.42041263578942,-9.44798587175262]]]},"properties":{"region_code":"x184y-20","label":"x184y-20","count":9}},{"type":"Feature","geometry":{"type":"Polygon","coordinates":[[[114.42041263578942,0.0],[114.42041263578942,0.4703230299809363],[115.0422627044622,0.4703230299809363],[115.0422627044622,0.0],[114.42041263578942,0.0]]]},"properties":{"region_code":"x184y000","label":"x184y000","count":9}},{"type":"Feature","geometry":{"type":"Polygon","coordinates":[[[114.42041263578942,0.4703230299809363],[114.42041263578942,0.9406769065449422],[115.0422627044622,0.9406769065449422],[115.0422627044622,0.4703230299809363],[114.42041263578942,0.4703230299809363]]]},"properties":{"region_code":"x184y001","label":"x184y001","count":9}},{"type":"Feature","geometry":{"type":"Polygon","coordinates":[[[114.42041263578942,0.9406769065449422],[114.42041263578942,1.411092494939981],[115.0422627044622,1.411092494939981],[115.0422627044622,0.9406769065449422],[114.42041263578942,0.9406769065449422]]]},"properties":{"region_code":"x184y002","label":"x184y002","count":9}},{"type":"Feature","geometry":{"type":"Polygon","coordinates":[[[114.42041263578942,1.411092494939981],[114.42041263578942,1.881600697775704],[115.0422627044622,1.881600697775704],[115.0422627044622,1.411092494939981],[114.42041263578942,1.411092494939981]]]},"properties":{"region_code":"x184y003","label":"x184y003","count":9}},{"type":"Feature","geometry":{"type":"Polygon","coordinates":[[[114.42041263578942,1.881600697775704],[114.42041263578942,2.352232473781689],[115.0422627044622,2.352232473781689],[115.0422627044622,1.881600697775704],[114.42041263578942,1.881600697775704]]]},"properties":{"region_code":"x184y004","label":"x184y004","count":9}},{"type":"Feature","geometry":{"type":"Polygon","coordinates":[[[114.42041263578942,2.352232473781689],[114.42041263578942,2.823018856660936],[115.0422627044622,2.823018856660936],[115.0422627044622,2.352232473781689],[114.42041263578942,2.352232473781689]]]},"properties":{"region_code":"x184y005","label":"x184y005","count":9}},{"type":"Feature","geometry":{"type":"Polygon","coordinates":[[[114.42041263578942,2.823018856660936],[114.42041263578942,3.2939909740681896],[115.0422627044622,3.2939909740681896],[115.0422627044622,2.823018856660936],[114.42041263578942,2.823018856660936]]]},"properties":{"region_code":"x184y006","label":"x184y006","count":9}},{"type":"Feature","geometry":{"type":"Polygon","coordinates":[[[115.0422627044622,-0.47032302998093656],[115.0422627044622,0.0],[115.66411277313496,0.0],[115.66411277313496,-0.47032302998093656],[115.0422627044622,-0.47032302998093656]]]},"properties":{"region_code":"x185y-01","label":"x185y-01","count":9}},{"type":"Feature","geometry":{"type":"Polygon","coordinates":[[[115.0422627044622,-0.9406769065449366],[115.0422627044622,-0.47032302998093656],[115.66411277313496,-0.47032302998093656],[115.66411277313496,-0.9406769065449366],[115.0422627044622,-0.9406769065449366]]]},"properties":{"region_code":"x185y-02","label":"x185y-02","count":9}},{"type":"Feature","geometry":{"type":"Polygon","coordinates":[[[115.0422627044622,-1.411092494939997],[115.0422627044622,-0.9406769065449366],[115.66411277313496,-0.9406769065449366],[115.66411277313496,-1.411092494939997],[115.0422627044622,-1.411092494939997]]]},"properties":{"region_code":"x185y-03","label":"x185y-03","count":9}},{"type":"Feature","geometry":{"type":"Polygon","coordinates":[[[115.0422627044622,-1.881600697775689],[115.0422627044622,-1.411092494939997],[115.66411277313496,-1.411092494939997],[115.66411277313496,-1.881600697775689],[115.0422627044622,-1.881600697775689]]]},"properties":{"region_code":"x185y-04","label":"x185y-04","count":9}},{"type":"Feature","geometry":{"type":"Polygon","coordinates":[[[115.0422627044622,-2.3522324737816986],[115.0422627044622,-1.881600697775689],[115.66411277313496,-1.881600697775689],[115.66411277313496,-2.3522324737816986],[115.0422627044622,-2.3522324737816986]]]},"properties":{"region_code":"x185y-05","label":"x185y-05","count":9}},{"type":"Feature","geometry":{"type":"Polygon","coordinates":[[[115.0422627044622,-2.8230188566609358],[115.0422627044622,-2.3522324737816986],[115.66411277313496,-2.3522324737816986],[115.66411277313496,-2.8230188566609358],[115.0422627044622,-2.8230188566609358]]]},"properties":{"region_code":"x185y-06","label":"x185y-06","count":9}},{"type":"Feature","geometry":{"type":"Polygon","coordinates":[[[115.0422627044622,-3.293990974068208],[115.0422627044622,-2.8230188566609358],[115.66411277313496,-2.8230188566609358],[115.66411277313496,-3.293990974068208],[115.0422627044622,-3.293990974068208]]]},"properties":{"region_code":"x185y-07","label":"x185y-07","count":9}},{"type":"Feature","geometry":{"type":"Polygon","coordinates":[[[115.0422627044622,-3.765180066747392],[115.0422627044622,-3.293990974068208],[115.66411277313496,-3.293990974068208],[115.66411277313496,-3.765180066747392],[115.0422627044622,-3.765180066747392]]]},"properties":{"region_code":"x185y-08","label":"x185y-08","count":9}},{"type":"Feature","geometry":{"type":"Polygon","coordinates":[[[115.0422627044622,-4.236617507859314],[115.0422627044622,-3.765180066747392],[115.66411277313496,-3.765180066747392],[115.66411277313496,-4.236617507859314],[115.0422627044622,-4.236617507859314]]]},"properties":{"region_code":"x185y-09","label":"x185y-09","count":9}},{"type":"Feature","geometry":{"type":"Polygon","coordinates":[[[115.0422627044622,-4.708334822533896],[115.0422627044622,-4.236617507859314],[115.66411277313496,-4.236617507859314],[115.66411277313496,-4.708334822533896],[115.0422627044622,-4.708334822533896]]]},"properties":{"region_code":"x185y-10","label":"x185y-10","count":9}},{"type":"Feature","geometry":{"type":"Polygon","coordinates":[[[115.0422627044622,-5.1803637076811935],[115.0422627044622,-4.708334822533896],[115.66411277313496,-4.708334822533896],[115.66411277313496,-5.1803637076811935],[115.0422627044622,-5.1803637076811935]]]},"properties":{"region_code":"x185y-11","label":"x185y-11","count":9}},{"type":"Feature","geometry":{"type":"Polygon","coordinates":[[[115.0422627044622,-5.6527360520955305],[115.0422627044622,-5.1803637076811935],[115.66411277313496,-5.1803637076811935],[115.66411277313496,-5.6527360520955305],[115.0422627044622,-5.6527360520955305]]]},"properties":{"region_code":"x185y-12","label":"x185y-12","count":9}},{"type":"Feature","geometry":{"type":"Polygon","coordinates":[[[115.0422627044622,-6.125483956889529],[115.0422627044622,-5.6527360520955305],[115.66411277313496,-5.6527360520955305],[115.66411277313496,-6.125483956889529],[115.0422627044622,-6.125483956889529]]]},"properties":{"region_code":"x185y-13","label":"x185y-13","count":9}},{"type":"Feature","geometry":{"type":"Polygon","coordinates":[[[115.0422627044622,-6.598639756294533],[115.0422627044622,-6.125483956889529],[115.66411277313496,-6.125483956889529],[115.66411277313496,-6.598639756294533],[115.0422627044622,-6.598639756294533]]]},"properties":{"region_code":"x185y-14","label":"x185y-14","count":9}},{"type":"Feature","geometry":{"type":"Polygon","coordinates":[[[115.0422627044622,-7.072236038866301],[115.0422627044622,-6.598639756294533],[115.66411277313496,-6.598639756294533],[115.66411277313496,-7.072236038866301],[115.0422627044622,-7.072236038866301]]]},"properties":{"region_code":"x185y-15","label":"x185y-15","count":9}},{"type":"Feature","geometry":{"type":"Polygon","coordinates":[[[115.0422627044622,-7.546305669135457],[115.0422627044622,-7.072236038866301],[115.66411277313496,-7.072236038866301],[115.66411277313496,-7.546305669135457],[115.0422627044622,-7.546305669135457]]]},"properties":{"region_code":"x185y-16","label":"x185y-16","count":9}},{"type":"Feature","geometry":{"type":"Polygon","coordinates":[[[115.0422627044622,-8.020881809744264],[115.0422627044622,-7.546305669135457],[115.66411277313496,-7.546305669135457],[115.66411277313496,-8.020881809744264],[115.0422627044622,-8.020881809744264]]]},"properties":{"region_code":"x185y-17","label":"x185y-17","count":9}},{"type":"Feature","geometry":{"type":"Polygon","coordinates":[[[115.0422627044622,-8.495997944112283],[115.0422627044622,-8.020881809744264],[115.66411277313496,-8.020881809744264],[115.66411277313496,-8.495997944112283],[115.0422627044622,-8.495997944112283]]]},"properties":{"region_code":"x185y-18","label":"x185y-18","count":9}},{"type":"Feature","geometry":{"type":"Polygon","coordinates":[[[115.0422627044622,-8.971687899676542],[115.0422627044622,-8.495997944112283],[115.66411277313496,-8.495997944112283],[115.66411277313496,-8.971687899676542],[115.0422627044622,-8.971687899676542]]]},"properties":{"region_code":"x185y-19","label":"x185y-19","count":9}},{"type":"Feature","geometry":{"type":"Polygon","coordinates":[[[115.0422627044622,-9.44798587175262],[115.0422627044622,-8.971687899676542],[115.66411277313496,-8.971687899676542],[115.66411277313496,-9.44798587175262],[115.0422627044622,-9.44798587175262]]]},"properties":{"region_code":"x185y-20","label":"x185y-20","count":9}},{"type":"Feature","geometry":{"type":"Polygon","coordinates":[[[115.0422627044622,0.0],[115.0422627044622,0.4703230299809363],[115.66411277313496,0.4703230299809363],[115.66411277313496,0.0],[115.0422627044622,0.0]]]},"properties":{"region_code":"x185y000","label":"x185y000","count":9}},{"type":"Feature","geometry":{"type":"Polygon","coordinates":[[[115.0422627044622,0.4703230299809363],[115.0422627044622,0.9406769065449422],[115.66411277313496,0.9406769065449422],[115.66411277313496,0.4703230299809363],[115.0422627044622,0.4703230299809363]]]},"properties":{"region_code":"x185y001","label":"x185y001","count":9}},{"type":"Feature","geometry":{"type":"Polygon","coordinates":[[[115.0422627044622,0.9406769065449422],[115.0422627044622,1.411092494939981],[115.66411277313496,1.411092494939981],[115.66411277313496,0.9406769065449422],[115.0422627044622,0.9406769065449422]]]},"properties":{"region_code":"x185y002","label":"x185y002","count":9}},{"type":"Feature","geometry":{"type":"Polygon","coordinates":[[[115.0422627044622,1.411092494939981],[115.0422627044622,1.881600697775704],[115.66411277313496,1.881600697775704],[115.66411277313496,1.411092494939981],[115.0422627044622,1.411092494939981]]]},"properties":{"region_code":"x185y003","label":"x185y003","count":9}},{"type":"Feature","geometry":{"type":"Polygon","coordinates":[[[115.0422627044622,1.881600697775704],[115.0422627044622,2.352232473781689],[115.66411277313496,2.352232473781689],[115.66411277313496,1.881600697775704],[115.0422627044622,1.881600697775704]]]},"properties":{"region_code":"x185y004","label":"x185y004","count":9}},{"type":"Feature","geometry":{"type":"Polygon","coordinates":[[[115.0422627044622,2.352232473781689],[115.0422627044622,2.823018856660936],[115.66411277313496,2.823018856660936],[115.66411277313496,2.352232473781689],[115.0422627044622,2.352232473781689]]]},"properties":{"region_code":"x185y005","label":"x185y005","count":9}},{"type":"Feature","geometry":{"type":"Polygon","coordinates":[[[115.0422627044622,2.823018856660936],[115.0422627044622,3.2939909740681896],[115.66411277313496,3.2939909740681896],[115.66411277313496,2.823018856660936],[115.0422627044622,2.823018856660936]]]},"properties":{"region_code":"x185y006","label":"x185y006","count":9}},{"type":"Feature","geometry":{"type":"Polygon","coordinates":[[[115.0422627044622,3.2939909740681896],[115.0422627044622,3.765180066747398],[115.66411277313496,3.765180066747398],[115.66411277313496,3.2939909740681896],[115.0422627044622,3.2939909740681896]]]},"properties":{"region_code":"x185y007","label":"x185y007","count":9}},{"type":"Feature","geometry":{"type":"Polygon","coordinates":[[[115.0422627044622,3.765180066747398],[115.0422627044622,4.236617507859302],[115.66411277313496,4.236617507859302],[115.66411277313496,3.765180066747398],[115.0422627044622,3.765180066747398]]]},"properties":{"region_code":"x185y008","label":"x185y008","count":9}},{"type":"Feature","geometry":{"type":"Polygon","coordinates":[[[115.0422627044622,4.236617507859302],[115.0422627044622,4.70833482253388],[115.66411277313496,4.70833482253388],[115.66411277313496,4.236617507859302],[115.0422627044622,4.236617507859302]]]},"properties":{"region_code":"x185y009","label":"x185y009","count":9}},{"type":"Feature","geometry":{"type":"Polygon","coordinates":[[[115.66411277313496,-0.47032302998093656],[115.66411277313496,0.0],[116.28596284180774,0.0],[116.28596284180774,-0.47032302998093656],[115.66411277313496,-0.47032302998093656]]]},"properties":{"region_code":"x186y-01","label":"x186y-01","count":9}},{"type":"Feature","geometry":{"type":"Polygon","coordinates":[[[115.66411277313496,-0.9406769065449366],[115.66411277313496,-0.47032302998093656],[116.28596284180774,-0.47032302998093656],[116.28596284180774,-0.9406769065449366],[115.66411277313496,-0.9406769065449366]]]},"properties":{"region_code":"x186y-02","label":"x186y-02","count":9}},{"type":"Feature","geometry":{"type":"Polygon","coordinates":[[[115.66411277313496,-1.411092494939997],[115.66411277313496,-0.9406769065449366],[116.28596284180774,-0.9406769065449366],[116.28596284180774,-1.411092494939997],[115.66411277313496,-1.411092494939997]]]},"properties":{"region_code":"x186y-03","label":"x186y-03","count":9}},{"type":"Feature","geometry":{"type":"Polygon","coordinates":[[[115.66411277313496,-1.881600697775689],[115.66411277313496,-1.411092494939997],[116.28596284180774,-1.411092494939997],[116.28596284180774,-1.881600697775689],[115.66411277313496,-1.881600697775689]]]},"properties":{"region_code":"x186y-04","label":"x186y-04","count":9}},{"type":"Feature","geometry":{"type":"Polygon","coordinates":[[[115.66411277313496,-2.3522324737816986],[115.66411277313496,-1.881600697775689],[116.28596284180774,-1.881600697775689],[116.28596284180774,-2.3522324737816986],[115.66411277313496,-2.3522324737816986]]]},"properties":{"region_code":"x186y-05","label":"x186y-05","count":9}},{"type":"Feature","geometry":{"type":"Polygon","coordinates":[[[115.66411277313496,-2.8230188566609358],[115.66411277313496,-2.3522324737816986],[116.28596284180774,-2.3522324737816986],[116.28596284180774,-2.8230188566609358],[115.66411277313496,-2.8230188566609358]]]},"properties":{"region_code":"x186y-06","label":"x186y-06","count":9}},{"type":"Feature","geometry":{"type":"Polygon","coordinates":[[[115.66411277313496,-3.293990974068208],[115.66411277313496,-2.8230188566609358],[116.28596284180774,-2.8230188566609358],[116.28596284180774,-3.293990974068208],[115.66411277313496,-3.293990974068208]]]},"properties":{"region_code":"x186y-07","label":"x186y-07","count":9}},{"type":"Feature","geometry":{"type":"Polygon","coordinates":[[[115.66411277313496,-3.765180066747392],[115.66411277313496,-3.293990974068208],[116.28596284180774,-3.293990974068208],[116.28596284180774,-3.765180066747392],[115.66411277313496,-3.765180066747392]]]},"properties":{"region_code":"x186y-08","label":"x186y-08","count":9}},{"type":"Feature","geometry":{"type":"Polygon","coordinates":[[[115.66411277313496,-4.236617507859314],[115.66411277313496,-3.765180066747392],[116.28596284180774,-3.765180066747392],[116.28596284180774,-4.236617507859314],[115.66411277313496,-4.236617507859314]]]},"properties":{"region_code":"x186y-09","label":"x186y-09","count":9}},{"type":"Feature","geometry":{"type":"Polygon","coordinates":[[[115.66411277313496,-4.708334822533896],[115.66411277313496,-4.236617507859314],[116.28596284180774,-4.236617507859314],[116.28596284180774,-4.708334822533896],[115.66411277313496,-4.708334822533896]]]},"properties":{"region_code":"x186y-10","label":"x186y-10","count":9}},{"type":"Feature","geometry":{"type":"Polygon","coordinates":[[[115.66411277313496,-5.1803637076811935],[115.66411277313496,-4.708334822533896],[116.28596284180774,-4.708334822533896],[116.28596284180774,-5.1803637076811935],[115.66411277313496,-5.1803637076811935]]]},"properties":{"region_code":"x186y-11","label":"x186y-11","count":9}},{"type":"Feature","geometry":{"type":"Polygon","coordinates":[[[115.66411277313496,-5.6527360520955305],[115.66411277313496,-5.1803637076811935],[116.28596284180774,-5.1803637076811935],[116.28596284180774,-5.6527360520955305],[115.66411277313496,-5.6527360520955305]]]},"properties":{"region_code":"x186y-12","label":"x186y-12","count":9}},{"type":"Feature","geometry":{"type":"Polygon","coordinates":[[[115.66411277313496,-6.125483956889529],[115.66411277313496,-5.6527360520955305],[116.28596284180774,-5.6527360520955305],[116.28596284180774,-6.125483956889529],[115.66411277313496,-6.125483956889529]]]},"properties":{"region_code":"x186y-13","label":"x186y-13","count":9}},{"type":"Feature","geometry":{"type":"Polygon","coordinates":[[[115.66411277313496,-6.598639756294533],[115.66411277313496,-6.125483956889529],[116.28596284180774,-6.125483956889529],[116.28596284180774,-6.598639756294533],[115.66411277313496,-6.598639756294533]]]},"properties":{"region_code":"x186y-14","label":"x186y-14","count":9}},{"type":"Feature","geometry":{"type":"Polygon","coordinates":[[[115.66411277313496,-7.072236038866301],[115.66411277313496,-6.598639756294533],[116.28596284180774,-6.598639756294533],[116.28596284180774,-7.072236038866301],[115.66411277313496,-7.072236038866301]]]},"properties":{"region_code":"x186y-15","label":"x186y-15","count":9}},{"type":"Feature","geometry":{"type":"Polygon","coordinates":[[[115.66411277313496,-7.546305669135457],[115.66411277313496,-7.072236038866301],[116.28596284180774,-7.072236038866301],[116.28596284180774,-7.546305669135457],[115.66411277313496,-7.546305669135457]]]},"properties":{"region_code":"x186y-16","label":"x186y-16","count":9}},{"type":"Feature","geometry":{"type":"Polygon","coordinates":[[[115.66411277313496,-8.020881809744264],[115.66411277313496,-7.546305669135457],[116.28596284180774,-7.546305669135457],[116.28596284180774,-8.020881809744264],[115.66411277313496,-8.020881809744264]]]},"properties":{"region_code":"x186y-17","label":"x186y-17","count":9}},{"type":"Feature","geometry":{"type":"Polygon","coordinates":[[[115.66411277313496,-8.495997944112283],[115.66411277313496,-8.020881809744264],[116.28596284180774,-8.020881809744264],[116.28596284180774,-8.495997944112283],[115.66411277313496,-8.495997944112283]]]},"properties":{"region_code":"x186y-18","label":"x186y-18","count":9}},{"type":"Feature","geometry":{"type":"Polygon","coordinates":[[[115.66411277313496,-8.971687899676542],[115.66411277313496,-8.495997944112283],[116.28596284180774,-8.495997944112283],[116.28596284180774,-8.971687899676542],[115.66411277313496,-8.971687899676542]]]},"properties":{"region_code":"x186y-19","label":"x186y-19","count":9}},{"type":"Feature","geometry":{"type":"Polygon","coordinates":[[[115.66411277313496,-9.44798587175262],[115.66411277313496,-8.971687899676542],[116.28596284180774,-8.971687899676542],[116.28596284180774,-9.44798587175262],[115.66411277313496,-9.44798587175262]]]},"properties":{"region_code":"x186y-20","label":"x186y-20","count":9}},{"type":"Feature","geometry":{"type":"Polygon","coordinates":[[[115.66411277313496,0.0],[115.66411277313496,0.4703230299809363],[116.28596284180774,0.4703230299809363],[116.28596284180774,0.0],[115.66411277313496,0.0]]]},"properties":{"region_code":"x186y000","label":"x186y000","count":9}},{"type":"Feature","geometry":{"type":"Polygon","coordinates":[[[115.66411277313496,0.4703230299809363],[115.66411277313496,0.9406769065449422],[116.28596284180774,0.9406769065449422],[116.28596284180774,0.4703230299809363],[115.66411277313496,0.4703230299809363]]]},"properties":{"region_code":"x186y001","label":"x186y001","count":9}},{"type":"Feature","geometry":{"type":"Polygon","coordinates":[[[115.66411277313496,0.9406769065449422],[115.66411277313496,1.411092494939981],[116.28596284180774,1.411092494939981],[116.28596284180774,0.9406769065449422],[115.66411277313496,0.9406769065449422]]]},"properties":{"region_code":"x186y002","label":"x186y002","count":9}},{"type":"Feature","geometry":{"type":"Polygon","coordinates":[[[115.66411277313496,1.411092494939981],[115.66411277313496,1.881600697775704],[116.28596284180774,1.881600697775704],[116.28596284180774,1.411092494939981],[115.66411277313496,1.411092494939981]]]},"properties":{"region_code":"x186y003","label":"x186y003","count":9}},{"type":"Feature","geometry":{"type":"Polygon","coordinates":[[[115.66411277313496,1.881600697775704],[115.66411277313496,2.352232473781689],[116.28596284180774,2.352232473781689],[116.28596284180774,1.881600697775704],[115.66411277313496,1.881600697775704]]]},"properties":{"region_code":"x186y004","label":"x186y004","count":9}},{"type":"Feature","geometry":{"type":"Polygon","coordinates":[[[115.66411277313496,2.352232473781689],[115.66411277313496,2.823018856660936],[116.28596284180774,2.823018856660936],[116.28596284180774,2.352232473781689],[115.66411277313496,2.352232473781689]]]},"properties":{"region_code":"x186y005","label":"x186y005","count":9}},{"type":"Feature","geometry":{"type":"Polygon","coordinates":[[[115.66411277313496,2.823018856660936],[115.66411277313496,3.2939909740681896],[116.28596284180774,3.2939909740681896],[116.28596284180774,2.823018856660936],[115.66411277313496,2.823018856660936]]]},"properties":{"region_code":"x186y006","label":"x186y006","count":9}},{"type":"Feature","geometry":{"type":"Polygon","coordinates":[[[115.66411277313496,3.2939909740681896],[115.66411277313496,3.765180066747398],[116.28596284180774,3.765180066747398],[116.28596284180774,3.2939909740681896],[115.66411277313496,3.2939909740681896]]]},"properties":{"region_code":"x186y007","label":"x186y007","count":9}},{"type":"Feature","geometry":{"type":"Polygon","coordinates":[[[115.66411277313496,3.765180066747398],[115.66411277313496,4.236617507859302],[116.28596284180774,4.236617507859302],[116.28596284180774,3.765180066747398],[115.66411277313496,3.765180066747398]]]},"properties":{"region_code":"x186y008","label":"x186y008","count":9}},{"type":"Feature","geometry":{"type":"Polygon","coordinates":[[[115.66411277313496,4.236617507859302],[115.66411277313496,4.70833482253388],[116.28596284180774,4.70833482253388],[116.28596284180774,4.236617507859302],[115.66411277313496,4.236617507859302]]]},"properties":{"region_code":"x186y009","label":"x186y009","count":9}},{"type":"Feature","geometry":{"type":"Polygon","coordinates":[[[116.28596284180774,-0.47032302998093656],[116.28596284180774,0.0],[116.90781291048047,0.0],[116.90781291048047,-0.47032302998093656],[116.28596284180774,-0.47032302998093656]]]},"properties":{"region_code":"x187y-01","label":"x187y-01","count":9}},{"type":"Feature","geometry":{"type":"Polygon","coordinates":[[[116.28596284180774,-0.9406769065449366],[116.28596284180774,-0.47032302998093656],[116.90781291048047,-0.47032302998093656],[116.90781291048047,-0.9406769065449366],[116.28596284180774,-0.9406769065449366]]]},"properties":{"region_code":"x187y-02","label":"x187y-02","count":9}},{"type":"Feature","geometry":{"type":"Polygon","coordinates":[[[116.28596284180774,-1.411092494939997],[116.28596284180774,-0.9406769065449366],[116.90781291048047,-0.9406769065449366],[116.90781291048047,-1.411092494939997],[116.28596284180774,-1.411092494939997]]]},"properties":{"region_code":"x187y-03","label":"x187y-03","count":9}},{"type":"Feature","geometry":{"type":"Polygon","coordinates":[[[116.28596284180774,-1.881600697775689],[116.28596284180774,-1.411092494939997],[116.90781291048047,-1.411092494939997],[116.90781291048047,-1.881600697775689],[116.28596284180774,-1.881600697775689]]]},"properties":{"region_code":"x187y-04","label":"x187y-04","count":9}},{"type":"Feature","geometry":{"type":"Polygon","coordinates":[[[116.28596284180774,-2.3522324737816986],[116.28596284180774,-1.881600697775689],[116.90781291048047,-1.881600697775689],[116.90781291048047,-2.3522324737816986],[116.28596284180774,-2.3522324737816986]]]},"properties":{"region_code":"x187y-05","label":"x187y-05","count":9}},{"type":"Feature","geometry":{"type":"Polygon","coordinates":[[[116.28596284180774,-2.8230188566609358],[116.28596284180774,-2.3522324737816986],[116.90781291048047,-2.3522324737816986],[116.90781291048047,-2.8230188566609358],[116.28596284180774,-2.8230188566609358]]]},"properties":{"region_code":"x187y-06","label":"x187y-06","count":9}},{"type":"Feature","geometry":{"type":"Polygon","coordinates":[[[116.28596284180774,-3.293990974068208],[116.28596284180774,-2.8230188566609358],[116.90781291048047,-2.8230188566609358],[116.90781291048047,-3.293990974068208],[116.28596284180774,-3.293990974068208]]]},"properties":{"region_code":"x187y-07","label":"x187y-07","count":9}},{"type":"Feature","geometry":{"type":"Polygon","coordinates":[[[116.28596284180774,-3.765180066747392],[116.28596284180774,-3.293990974068208],[116.90781291048047,-3.293990974068208],[116.90781291048047,-3.765180066747392],[116.28596284180774,-3.765180066747392]]]},"properties":{"region_code":"x187y-08","label":"x187y-08","count":9}},{"type":"Feature","geometry":{"type":"Polygon","coordinates":[[[116.28596284180774,-4.236617507859314],[116.28596284180774,-3.765180066747392],[116.90781291048047,-3.765180066747392],[116.90781291048047,-4.236617507859314],[116.28596284180774,-4.236617507859314]]]},"properties":{"region_code":"x187y-09","label":"x187y-09","count":9}},{"type":"Feature","geometry":{"type":"Polygon","coordinates":[[[116.28596284180774,-4.708334822533896],[116.28596284180774,-4.236617507859314],[116.90781291048047,-4.236617507859314],[116.90781291048047,-4.708334822533896],[116.28596284180774,-4.708334822533896]]]},"properties":{"region_code":"x187y-10","label":"x187y-10","count":9}},{"type":"Feature","geometry":{"type":"Polygon","coordinates":[[[116.28596284180774,-5.1803637076811935],[116.28596284180774,-4.708334822533896],[116.90781291048047,-4.708334822533896],[116.90781291048047,-5.1803637076811935],[116.28596284180774,-5.1803637076811935]]]},"properties":{"region_code":"x187y-11","label":"x187y-11","count":9}},{"type":"Feature","geometry":{"type":"Polygon","coordinates":[[[116.28596284180774,-5.6527360520955305],[116.28596284180774,-5.1803637076811935],[116.90781291048047,-5.1803637076811935],[116.90781291048047,-5.6527360520955305],[116.28596284180774,-5.6527360520955305]]]},"properties":{"region_code":"x187y-12","label":"x187y-12","count":9}},{"type":"Feature","geometry":{"type":"Polygon","coordinates":[[[116.28596284180774,-6.125483956889529],[116.28596284180774,-5.6527360520955305],[116.90781291048047,-5.6527360520955305],[116.90781291048047,-6.125483956889529],[116.28596284180774,-6.125483956889529]]]},"properties":{"region_code":"x187y-13","label":"x187y-13","count":9}},{"type":"Feature","geometry":{"type":"Polygon","coordinates":[[[116.28596284180774,-6.598639756294533],[116.28596284180774,-6.125483956889529],[116.90781291048047,-6.125483956889529],[116.90781291048047,-6.598639756294533],[116.28596284180774,-6.598639756294533]]]},"properties":{"region_code":"x187y-14","label":"x187y-14","count":9}},{"type":"Feature","geometry":{"type":"Polygon","coordinates":[[[116.28596284180774,-7.072236038866301],[116.28596284180774,-6.598639756294533],[116.90781291048047,-6.598639756294533],[116.90781291048047,-7.072236038866301],[116.28596284180774,-7.072236038866301]]]},"properties":{"region_code":"x187y-15","label":"x187y-15","count":9}},{"type":"Feature","geometry":{"type":"Polygon","coordinates":[[[116.28596284180774,-7.546305669135457],[116.28596284180774,-7.072236038866301],[116.90781291048047,-7.072236038866301],[116.90781291048047,-7.546305669135457],[116.28596284180774,-7.546305669135457]]]},"properties":{"region_code":"x187y-16","label":"x187y-16","count":9}},{"type":"Feature","geometry":{"type":"Polygon","coordinates":[[[116.28596284180774,-8.020881809744264],[116.28596284180774,-7.546305669135457],[116.90781291048047,-7.546305669135457],[116.90781291048047,-8.020881809744264],[116.28596284180774,-8.020881809744264]]]},"properties":{"region_code":"x187y-17","label":"x187y-17","count":9}},{"type":"Feature","geometry":{"type":"Polygon","coordinates":[[[116.28596284180774,-8.495997944112283],[116.28596284180774,-8.020881809744264],[116.90781291048047,-8.020881809744264],[116.90781291048047,-8.495997944112283],[116.28596284180774,-8.495997944112283]]]},"properties":{"region_code":"x187y-18","label":"x187y-18","count":9}},{"type":"Feature","geometry":{"type":"Polygon","coordinates":[[[116.28596284180774,-8.971687899676542],[116.28596284180774,-8.495997944112283],[116.90781291048047,-8.495997944112283],[116.90781291048047,-8.971687899676542],[116.28596284180774,-8.971687899676542]]]},"properties":{"region_code":"x187y-19","label":"x187y-19","count":9}},{"type":"Feature","geometry":{"type":"Polygon","coordinates":[[[116.28596284180774,-9.44798587175262],[116.28596284180774,-8.971687899676542],[116.90781291048047,-8.971687899676542],[116.90781291048047,-9.44798587175262],[116.28596284180774,-9.44798587175262]]]},"properties":{"region_code":"x187y-20","label":"x187y-20","count":9}},{"type":"Feature","geometry":{"type":"Polygon","coordinates":[[[116.28596284180774,0.0],[116.28596284180774,0.4703230299809363],[116.90781291048047,0.4703230299809363],[116.90781291048047,0.0],[116.28596284180774,0.0]]]},"properties":{"region_code":"x187y000","label":"x187y000","count":9}},{"type":"Feature","geometry":{"type":"Polygon","coordinates":[[[116.28596284180774,0.4703230299809363],[116.28596284180774,0.9406769065449422],[116.90781291048047,0.9406769065449422],[116.90781291048047,0.4703230299809363],[116.28596284180774,0.4703230299809363]]]},"properties":{"region_code":"x187y001","label":"x187y001","count":9}},{"type":"Feature","geometry":{"type":"Polygon","coordinates":[[[116.28596284180774,0.9406769065449422],[116.28596284180774,1.411092494939981],[116.90781291048047,1.411092494939981],[116.90781291048047,0.9406769065449422],[116.28596284180774,0.9406769065449422]]]},"properties":{"region_code":"x187y002","label":"x187y002","count":9}},{"type":"Feature","geometry":{"type":"Polygon","coordinates":[[[116.28596284180774,1.411092494939981],[116.28596284180774,1.881600697775704],[116.90781291048047,1.881600697775704],[116.90781291048047,1.411092494939981],[116.28596284180774,1.411092494939981]]]},"properties":{"region_code":"x187y003","label":"x187y003","count":9}},{"type":"Feature","geometry":{"type":"Polygon","coordinates":[[[116.28596284180774,1.881600697775704],[116.28596284180774,2.352232473781689],[116.90781291048047,2.352232473781689],[116.90781291048047,1.881600697775704],[116.28596284180774,1.881600697775704]]]},"properties":{"region_code":"x187y004","label":"x187y004","count":9}},{"type":"Feature","geometry":{"type":"Polygon","coordinates":[[[116.28596284180774,2.352232473781689],[116.28596284180774,2.823018856660936],[116.90781291048047,2.823018856660936],[116.90781291048047,2.352232473781689],[116.28596284180774,2.352232473781689]]]},"properties":{"region_code":"x187y005","label":"x187y005","count":9}},{"type":"Feature","geometry":{"type":"Polygon","coordinates":[[[116.28596284180774,2.823018856660936],[116.28596284180774,3.2939909740681896],[116.90781291048047,3.2939909740681896],[116.90781291048047,2.823018856660936],[116.28596284180774,2.823018856660936]]]},"properties":{"region_code":"x187y006","label":"x187y006","count":9}},{"type":"Feature","geometry":{"type":"Polygon","coordinates":[[[116.28596284180774,3.2939909740681896],[116.28596284180774,3.765180066747398],[116.90781291048047,3.765180066747398],[116.90781291048047,3.2939909740681896],[116.28596284180774,3.2939909740681896]]]},"properties":{"region_code":"x187y007","label":"x187y007","count":9}},{"type":"Feature","geometry":{"type":"Polygon","coordinates":[[[116.28596284180774,3.765180066747398],[116.28596284180774,4.236617507859302],[116.90781291048047,4.236617507859302],[116.90781291048047,3.765180066747398],[116.28596284180774,3.765180066747398]]]},"properties":{"region_code":"x187y008","label":"x187y008","count":9}},{"type":"Feature","geometry":{"type":"Polygon","coordinates":[[[116.28596284180774,4.236617507859302],[116.28596284180774,4.70833482253388],[116.90781291048047,4.70833482253388],[116.90781291048047,4.236617507859302],[116.28596284180774,4.236617507859302]]]},"properties":{"region_code":"x187y009","label":"x187y009","count":9}},{"type":"Feature","geometry":{"type":"Polygon","coordinates":[[[116.90781291048047,-0.47032302998093656],[116.90781291048047,0.0],[117.52966297915327,0.0],[117.52966297915327,-0.47032302998093656],[116.90781291048047,-0.47032302998093656]]]},"properties":{"region_code":"x188y-01","label":"x188y-01","count":9}},{"type":"Feature","geometry":{"type":"Polygon","coordinates":[[[116.90781291048047,-0.9406769065449366],[116.90781291048047,-0.47032302998093656],[117.52966297915327,-0.47032302998093656],[117.52966297915327,-0.9406769065449366],[116.90781291048047,-0.9406769065449366]]]},"properties":{"region_code":"x188y-02","label":"x188y-02","count":9}},{"type":"Feature","geometry":{"type":"Polygon","coordinates":[[[116.90781291048047,-1.411092494939997],[116.90781291048047,-0.9406769065449366],[117.52966297915327,-0.9406769065449366],[117.52966297915327,-1.411092494939997],[116.90781291048047,-1.411092494939997]]]},"properties":{"region_code":"x188y-03","label":"x188y-03","count":9}},{"type":"Feature","geometry":{"type":"Polygon","coordinates":[[[116.90781291048047,-1.881600697775689],[116.90781291048047,-1.411092494939997],[117.52966297915327,-1.411092494939997],[117.52966297915327,-1.881600697775689],[116.90781291048047,-1.881600697775689]]]},"properties":{"region_code":"x188y-04","label":"x188y-04","count":9}},{"type":"Feature","geometry":{"type":"Polygon","coordinates":[[[116.90781291048047,-2.3522324737816986],[116.90781291048047,-1.881600697775689],[117.52966297915327,-1.881600697775689],[117.52966297915327,-2.3522324737816986],[116.90781291048047,-2.3522324737816986]]]},"properties":{"region_code":"x188y-05","label":"x188y-05","count":9}},{"type":"Feature","geometry":{"type":"Polygon","coordinates":[[[116.90781291048047,-2.8230188566609358],[116.90781291048047,-2.3522324737816986],[117.52966297915327,-2.3522324737816986],[117.52966297915327,-2.8230188566609358],[116.90781291048047,-2.8230188566609358]]]},"properties":{"region_code":"x188y-06","label":"x188y-06","count":9}},{"type":"Feature","geometry":{"type":"Polygon","coordinates":[[[116.90781291048047,-3.293990974068208],[116.90781291048047,-2.8230188566609358],[117.52966297915327,-2.8230188566609358],[117.52966297915327,-3.293990974068208],[116.90781291048047,-3.293990974068208]]]},"properties":{"region_code":"x188y-07","label":"x188y-07","count":9}},{"type":"Feature","geometry":{"type":"Polygon","coordinates":[[[116.90781291048047,-3.765180066747392],[116.90781291048047,-3.293990974068208],[117.52966297915327,-3.293990974068208],[117.52966297915327,-3.765180066747392],[116.90781291048047,-3.765180066747392]]]},"properties":{"region_code":"x188y-08","label":"x188y-08","count":9}},{"type":"Feature","geometry":{"type":"Polygon","coordinates":[[[116.90781291048047,-4.236617507859314],[116.90781291048047,-3.765180066747392],[117.52966297915327,-3.765180066747392],[117.52966297915327,-4.236617507859314],[116.90781291048047,-4.236617507859314]]]},"properties":{"region_code":"x188y-09","label":"x188y-09","count":9}},{"type":"Feature","geometry":{"type":"Polygon","coordinates":[[[116.90781291048047,-4.708334822533896],[116.90781291048047,-4.236617507859314],[117.52966297915327,-4.236617507859314],[117.52966297915327,-4.708334822533896],[116.90781291048047,-4.708334822533896]]]},"properties":{"region_code":"x188y-10","label":"x188y-10","count":9}},{"type":"Feature","geometry":{"type":"Polygon","coordinates":[[[116.90781291048047,-5.1803637076811935],[116.90781291048047,-4.708334822533896],[117.52966297915327,-4.708334822533896],[117.52966297915327,-5.1803637076811935],[116.90781291048047,-5.1803637076811935]]]},"properties":{"region_code":"x188y-11","label":"x188y-11","count":9}},{"type":"Feature","geometry":{"type":"Polygon","coordinates":[[[116.90781291048047,-5.6527360520955305],[116.90781291048047,-5.1803637076811935],[117.52966297915327,-5.1803637076811935],[117.52966297915327,-5.6527360520955305],[116.90781291048047,-5.6527360520955305]]]},"properties":{"region_code":"x188y-12","label":"x188y-12","count":9}},{"type":"Feature","geometry":{"type":"Polygon","coordinates":[[[116.90781291048047,-6.125483956889529],[116.90781291048047,-5.6527360520955305],[117.52966297915327,-5.6527360520955305],[117.52966297915327,-6.125483956889529],[116.90781291048047,-6.125483956889529]]]},"properties":{"region_code":"x188y-13","label":"x188y-13","count":9}},{"type":"Feature","geometry":{"type":"Polygon","coordinates":[[[116.90781291048047,-6.598639756294533],[116.90781291048047,-6.125483956889529],[117.52966297915327,-6.125483956889529],[117.52966297915327,-6.598639756294533],[116.90781291048047,-6.598639756294533]]]},"properties":{"region_code":"x188y-14","label":"x188y-14","count":9}},{"type":"Feature","geometry":{"type":"Polygon","coordinates":[[[116.90781291048047,-7.072236038866301],[116.90781291048047,-6.598639756294533],[117.52966297915327,-6.598639756294533],[117.52966297915327,-7.072236038866301],[116.90781291048047,-7.072236038866301]]]},"properties":{"region_code":"x188y-15","label":"x188y-15","count":9}},{"type":"Feature","geometry":{"type":"Polygon","coordinates":[[[116.90781291048047,-7.546305669135457],[116.90781291048047,-7.072236038866301],[117.52966297915327,-7.072236038866301],[117.52966297915327,-7.546305669135457],[116.90781291048047,-7.546305669135457]]]},"properties":{"region_code":"x188y-16","label":"x188y-16","count":9}},{"type":"Feature","geometry":{"type":"Polygon","coordinates":[[[116.90781291048047,-8.020881809744264],[116.90781291048047,-7.546305669135457],[117.52966297915327,-7.546305669135457],[117.52966297915327,-8.020881809744264],[116.90781291048047,-8.020881809744264]]]},"properties":{"region_code":"x188y-17","label":"x188y-17","count":9}},{"type":"Feature","geometry":{"type":"Polygon","coordinates":[[[116.90781291048047,-8.495997944112283],[116.90781291048047,-8.020881809744264],[117.52966297915327,-8.020881809744264],[117.52966297915327,-8.495997944112283],[116.90781291048047,-8.495997944112283]]]},"properties":{"region_code":"x188y-18","label":"x188y-18","count":9}},{"type":"Feature","geometry":{"type":"Polygon","coordinates":[[[116.90781291048047,-8.971687899676542],[116.90781291048047,-8.495997944112283],[117.52966297915327,-8.495997944112283],[117.52966297915327,-8.971687899676542],[116.90781291048047,-8.971687899676542]]]},"properties":{"region_code":"x188y-19","label":"x188y-19","count":9}},{"type":"Feature","geometry":{"type":"Polygon","coordinates":[[[116.90781291048047,-9.44798587175262],[116.90781291048047,-8.971687899676542],[117.52966297915327,-8.971687899676542],[117.52966297915327,-9.44798587175262],[116.90781291048047,-9.44798587175262]]]},"properties":{"region_code":"x188y-20","label":"x188y-20","count":9}},{"type":"Feature","geometry":{"type":"Polygon","coordinates":[[[116.90781291048047,0.0],[116.90781291048047,0.4703230299809363],[117.52966297915327,0.4703230299809363],[117.52966297915327,0.0],[116.90781291048047,0.0]]]},"properties":{"region_code":"x188y000","label":"x188y000","count":9}},{"type":"Feature","geometry":{"type":"Polygon","coordinates":[[[116.90781291048047,0.4703230299809363],[116.90781291048047,0.9406769065449422],[117.52966297915327,0.9406769065449422],[117.52966297915327,0.4703230299809363],[116.90781291048047,0.4703230299809363]]]},"properties":{"region_code":"x188y001","label":"x188y001","count":9}},{"type":"Feature","geometry":{"type":"Polygon","coordinates":[[[116.90781291048047,0.9406769065449422],[116.90781291048047,1.411092494939981],[117.52966297915327,1.411092494939981],[117.52966297915327,0.9406769065449422],[116.90781291048047,0.9406769065449422]]]},"properties":{"region_code":"x188y002","label":"x188y002","count":9}},{"type":"Feature","geometry":{"type":"Polygon","coordinates":[[[116.90781291048047,1.411092494939981],[116.90781291048047,1.881600697775704],[117.52966297915327,1.881600697775704],[117.52966297915327,1.411092494939981],[116.90781291048047,1.411092494939981]]]},"properties":{"region_code":"x188y003","label":"x188y003","count":9}},{"type":"Feature","geometry":{"type":"Polygon","coordinates":[[[116.90781291048047,1.881600697775704],[116.90781291048047,2.352232473781689],[117.52966297915327,2.352232473781689],[117.52966297915327,1.881600697775704],[116.90781291048047,1.881600697775704]]]},"properties":{"region_code":"x188y004","label":"x188y004","count":9}},{"type":"Feature","geometry":{"type":"Polygon","coordinates":[[[116.90781291048047,2.352232473781689],[116.90781291048047,2.823018856660936],[117.52966297915327,2.823018856660936],[117.52966297915327,2.352232473781689],[116.90781291048047,2.352232473781689]]]},"properties":{"region_code":"x188y005","label":"x188y005","count":9}},{"type":"Feature","geometry":{"type":"Polygon","coordinates":[[[116.90781291048047,2.823018856660936],[116.90781291048047,3.2939909740681896],[117.52966297915327,3.2939909740681896],[117.52966297915327,2.823018856660936],[116.90781291048047,2.823018856660936]]]},"properties":{"region_code":"x188y006","label":"x188y006","count":9}},{"type":"Feature","geometry":{"type":"Polygon","coordinates":[[[116.90781291048047,3.2939909740681896],[116.90781291048047,3.765180066747398],[117.52966297915327,3.765180066747398],[117.52966297915327,3.2939909740681896],[116.90781291048047,3.2939909740681896]]]},"properties":{"region_code":"x188y007","label":"x188y007","count":9}},{"type":"Feature","geometry":{"type":"Polygon","coordinates":[[[116.90781291048047,3.765180066747398],[116.90781291048047,4.236617507859302],[117.52966297915327,4.236617507859302],[117.52966297915327,3.765180066747398],[116.90781291048047,3.765180066747398]]]},"properties":{"region_code":"x188y008","label":"x188y008","count":9}},{"type":"Feature","geometry":{"type":"Polygon","coordinates":[[[116.90781291048047,4.236617507859302],[116.90781291048047,4.70833482253388],[117.52966297915327,4.70833482253388],[117.52966297915327,4.236617507859302],[116.90781291048047,4.236617507859302]]]},"properties":{"region_code":"x188y009","label":"x188y009","count":9}},{"type":"Feature","geometry":{"type":"Polygon","coordinates":[[[117.52966297915327,-0.47032302998093656],[117.52966297915327,0.0],[118.15151304782603,0.0],[118.15151304782603,-0.47032302998093656],[117.52966297915327,-0.47032302998093656]]]},"properties":{"region_code":"x189y-01","label":"x189y-01","count":9}},{"type":"Feature","geometry":{"type":"Polygon","coordinates":[[[117.52966297915327,-0.9406769065449366],[117.52966297915327,-0.47032302998093656],[118.15151304782603,-0.47032302998093656],[118.15151304782603,-0.9406769065449366],[117.52966297915327,-0.9406769065449366]]]},"properties":{"region_code":"x189y-02","label":"x189y-02","count":9}},{"type":"Feature","geometry":{"type":"Polygon","coordinates":[[[117.52966297915327,-1.411092494939997],[117.52966297915327,-0.9406769065449366],[118.15151304782603,-0.9406769065449366],[118.15151304782603,-1.411092494939997],[117.52966297915327,-1.411092494939997]]]},"properties":{"region_code":"x189y-03","label":"x189y-03","count":9}},{"type":"Feature","geometry":{"type":"Polygon","coordinates":[[[117.52966297915327,-1.881600697775689],[117.52966297915327,-1.411092494939997],[118.15151304782603,-1.411092494939997],[118.15151304782603,-1.881600697775689],[117.52966297915327,-1.881600697775689]]]},"properties":{"region_code":"x189y-04","label":"x189y-04","count":9}},{"type":"Feature","geometry":{"type":"Polygon","coordinates":[[[117.52966297915327,-2.3522324737816986],[117.52966297915327,-1.881600697775689],[118.15151304782603,-1.881600697775689],[118.15151304782603,-2.3522324737816986],[117.52966297915327,-2.3522324737816986]]]},"properties":{"region_code":"x189y-05","label":"x189y-05","count":9}},{"type":"Feature","geometry":{"type":"Polygon","coordinates":[[[117.52966297915327,-2.8230188566609358],[117.52966297915327,-2.3522324737816986],[118.15151304782603,-2.3522324737816986],[118.15151304782603,-2.8230188566609358],[117.52966297915327,-2.8230188566609358]]]},"properties":{"region_code":"x189y-06","label":"x189y-06","count":9}},{"type":"Feature","geometry":{"type":"Polygon","coordinates":[[[117.52966297915327,-3.293990974068208],[117.52966297915327,-2.8230188566609358],[118.15151304782603,-2.8230188566609358],[118.15151304782603,-3.293990974068208],[117.52966297915327,-3.293990974068208]]]},"properties":{"region_code":"x189y-07","label":"x189y-07","count":9}},{"type":"Feature","geometry":{"type":"Polygon","coordinates":[[[117.52966297915327,-3.765180066747392],[117.52966297915327,-3.293990974068208],[118.15151304782603,-3.293990974068208],[118.15151304782603,-3.765180066747392],[117.52966297915327,-3.765180066747392]]]},"properties":{"region_code":"x189y-08","label":"x189y-08","count":9}},{"type":"Feature","geometry":{"type":"Polygon","coordinates":[[[117.52966297915327,-4.236617507859314],[117.52966297915327,-3.765180066747392],[118.15151304782603,-3.765180066747392],[118.15151304782603,-4.236617507859314],[117.52966297915327,-4.236617507859314]]]},"properties":{"region_code":"x189y-09","label":"x189y-09","count":9}},{"type":"Feature","geometry":{"type":"Polygon","coordinates":[[[117.52966297915327,-4.708334822533896],[117.52966297915327,-4.236617507859314],[118.15151304782603,-4.236617507859314],[118.15151304782603,-4.708334822533896],[117.52966297915327,-4.708334822533896]]]},"properties":{"region_code":"x189y-10","label":"x189y-10","count":9}},{"type":"Feature","geometry":{"type":"Polygon","coordinates":[[[117.52966297915327,-5.1803637076811935],[117.52966297915327,-4.708334822533896],[118.15151304782603,-4.708334822533896],[118.15151304782603,-5.1803637076811935],[117.52966297915327,-5.1803637076811935]]]},"properties":{"region_code":"x189y-11","label":"x189y-11","count":9}},{"type":"Feature","geometry":{"type":"Polygon","coordinates":[[[117.52966297915327,-5.6527360520955305],[117.52966297915327,-5.1803637076811935],[118.15151304782603,-5.1803637076811935],[118.15151304782603,-5.6527360520955305],[117.52966297915327,-5.6527360520955305]]]},"properties":{"region_code":"x189y-12","label":"x189y-12","count":9}},{"type":"Feature","geometry":{"type":"Polygon","coordinates":[[[117.52966297915327,-6.125483956889529],[117.52966297915327,-5.6527360520955305],[118.15151304782603,-5.6527360520955305],[118.15151304782603,-6.125483956889529],[117.52966297915327,-6.125483956889529]]]},"properties":{"region_code":"x189y-13","label":"x189y-13","count":9}},{"type":"Feature","geometry":{"type":"Polygon","coordinates":[[[117.52966297915327,-6.598639756294533],[117.52966297915327,-6.125483956889529],[118.15151304782603,-6.125483956889529],[118.15151304782603,-6.598639756294533],[117.52966297915327,-6.598639756294533]]]},"properties":{"region_code":"x189y-14","label":"x189y-14","count":9}},{"type":"Feature","geometry":{"type":"Polygon","coordinates":[[[117.52966297915327,-7.072236038866301],[117.52966297915327,-6.598639756294533],[118.15151304782603,-6.598639756294533],[118.15151304782603,-7.072236038866301],[117.52966297915327,-7.072236038866301]]]},"properties":{"region_code":"x189y-15","label":"x189y-15","count":9}},{"type":"Feature","geometry":{"type":"Polygon","coordinates":[[[117.52966297915327,-7.546305669135457],[117.52966297915327,-7.072236038866301],[118.15151304782603,-7.072236038866301],[118.15151304782603,-7.546305669135457],[117.52966297915327,-7.546305669135457]]]},"properties":{"region_code":"x189y-16","label":"x189y-16","count":9}},{"type":"Feature","geometry":{"type":"Polygon","coordinates":[[[117.52966297915327,-8.020881809744264],[117.52966297915327,-7.546305669135457],[118.15151304782603,-7.546305669135457],[118.15151304782603,-8.020881809744264],[117.52966297915327,-8.020881809744264]]]},"properties":{"region_code":"x189y-17","label":"x189y-17","count":9}},{"type":"Feature","geometry":{"type":"Polygon","coordinates":[[[117.52966297915327,-8.495997944112283],[117.52966297915327,-8.020881809744264],[118.15151304782603,-8.020881809744264],[118.15151304782603,-8.495997944112283],[117.52966297915327,-8.495997944112283]]]},"properties":{"region_code":"x189y-18","label":"x189y-18","count":9}},{"type":"Feature","geometry":{"type":"Polygon","coordinates":[[[117.52966297915327,-8.971687899676542],[117.52966297915327,-8.495997944112283],[118.15151304782603,-8.495997944112283],[118.15151304782603,-8.971687899676542],[117.52966297915327,-8.971687899676542]]]},"properties":{"region_code":"x189y-19","label":"x189y-19","count":9}},{"type":"Feature","geometry":{"type":"Polygon","coordinates":[[[117.52966297915327,-9.44798587175262],[117.52966297915327,-8.971687899676542],[118.15151304782603,-8.971687899676542],[118.15151304782603,-9.44798587175262],[117.52966297915327,-9.44798587175262]]]},"properties":{"region_code":"x189y-20","label":"x189y-20","count":9}},{"type":"Feature","geometry":{"type":"Polygon","coordinates":[[[117.52966297915327,0.0],[117.52966297915327,0.4703230299809363],[118.15151304782603,0.4703230299809363],[118.15151304782603,0.0],[117.52966297915327,0.0]]]},"properties":{"region_code":"x189y000","label":"x189y000","count":9}},{"type":"Feature","geometry":{"type":"Polygon","coordinates":[[[117.52966297915327,0.4703230299809363],[117.52966297915327,0.9406769065449422],[118.15151304782603,0.9406769065449422],[118.15151304782603,0.4703230299809363],[117.52966297915327,0.4703230299809363]]]},"properties":{"region_code":"x189y001","label":"x189y001","count":9}},{"type":"Feature","geometry":{"type":"Polygon","coordinates":[[[117.52966297915327,0.9406769065449422],[117.52966297915327,1.411092494939981],[118.15151304782603,1.411092494939981],[118.15151304782603,0.9406769065449422],[117.52966297915327,0.9406769065449422]]]},"properties":{"region_code":"x189y002","label":"x189y002","count":9}},{"type":"Feature","geometry":{"type":"Polygon","coordinates":[[[117.52966297915327,1.411092494939981],[117.52966297915327,1.881600697775704],[118.15151304782603,1.881600697775704],[118.15151304782603,1.411092494939981],[117.52966297915327,1.411092494939981]]]},"properties":{"region_code":"x189y003","label":"x189y003","count":9}},{"type":"Feature","geometry":{"type":"Polygon","coordinates":[[[117.52966297915327,1.881600697775704],[117.52966297915327,2.352232473781689],[118.15151304782603,2.352232473781689],[118.15151304782603,1.881600697775704],[117.52966297915327,1.881600697775704]]]},"properties":{"region_code":"x189y004","label":"x189y004","count":9}},{"type":"Feature","geometry":{"type":"Polygon","coordinates":[[[117.52966297915327,2.352232473781689],[117.52966297915327,2.823018856660936],[118.15151304782603,2.823018856660936],[118.15151304782603,2.352232473781689],[117.52966297915327,2.352232473781689]]]},"properties":{"region_code":"x189y005","label":"x189y005","count":9}},{"type":"Feature","geometry":{"type":"Polygon","coordinates":[[[117.52966297915327,2.823018856660936],[117.52966297915327,3.2939909740681896],[118.15151304782603,3.2939909740681896],[118.15151304782603,2.823018856660936],[117.52966297915327,2.823018856660936]]]},"properties":{"region_code":"x189y006","label":"x189y006","count":9}},{"type":"Feature","geometry":{"type":"Polygon","coordinates":[[[117.52966297915327,3.2939909740681896],[117.52966297915327,3.765180066747398],[118.15151304782603,3.765180066747398],[118.15151304782603,3.2939909740681896],[117.52966297915327,3.2939909740681896]]]},"properties":{"region_code":"x189y007","label":"x189y007","count":9}},{"type":"Feature","geometry":{"type":"Polygon","coordinates":[[[117.52966297915327,3.765180066747398],[117.52966297915327,4.236617507859302],[118.15151304782603,4.236617507859302],[118.15151304782603,3.765180066747398],[117.52966297915327,3.765180066747398]]]},"properties":{"region_code":"x189y008","label":"x189y008","count":9}},{"type":"Feature","geometry":{"type":"Polygon","coordinates":[[[117.52966297915327,4.236617507859302],[117.52966297915327,4.70833482253388],[118.15151304782603,4.70833482253388],[118.15151304782603,4.236617507859302],[117.52966297915327,4.236617507859302]]]},"properties":{"region_code":"x189y009","label":"x189y009","count":9}},{"type":"Feature","geometry":{"type":"Polygon","coordinates":[[[118.15151304782603,-0.47032302998093656],[118.15151304782603,0.0],[118.77336311649881,0.0],[118.77336311649881,-0.47032302998093656],[118.15151304782603,-0.47032302998093656]]]},"properties":{"region_code":"x190y-01","label":"x190y-01","count":9}},{"type":"Feature","geometry":{"type":"Polygon","coordinates":[[[118.15151304782603,-0.9406769065449366],[118.15151304782603,-0.47032302998093656],[118.77336311649881,-0.47032302998093656],[118.77336311649881,-0.9406769065449366],[118.15151304782603,-0.9406769065449366]]]},"properties":{"region_code":"x190y-02","label":"x190y-02","count":9}},{"type":"Feature","geometry":{"type":"Polygon","coordinates":[[[118.15151304782603,-1.411092494939997],[118.15151304782603,-0.9406769065449366],[118.77336311649881,-0.9406769065449366],[118.77336311649881,-1.411092494939997],[118.15151304782603,-1.411092494939997]]]},"properties":{"region_code":"x190y-03","label":"x190y-03","count":9}},{"type":"Feature","geometry":{"type":"Polygon","coordinates":[[[118.15151304782603,-1.881600697775689],[118.15151304782603,-1.411092494939997],[118.77336311649881,-1.411092494939997],[118.77336311649881,-1.881600697775689],[118.15151304782603,-1.881600697775689]]]},"properties":{"region_code":"x190y-04","label":"x190y-04","count":9}},{"type":"Feature","geometry":{"type":"Polygon","coordinates":[[[118.15151304782603,-2.3522324737816986],[118.15151304782603,-1.881600697775689],[118.77336311649881,-1.881600697775689],[118.77336311649881,-2.3522324737816986],[118.15151304782603,-2.3522324737816986]]]},"properties":{"region_code":"x190y-05","label":"x190y-05","count":9}},{"type":"Feature","geometry":{"type":"Polygon","coordinates":[[[118.15151304782603,-2.8230188566609358],[118.15151304782603,-2.3522324737816986],[118.77336311649881,-2.3522324737816986],[118.77336311649881,-2.8230188566609358],[118.15151304782603,-2.8230188566609358]]]},"properties":{"region_code":"x190y-06","label":"x190y-06","count":9}},{"type":"Feature","geometry":{"type":"Polygon","coordinates":[[[118.15151304782603,-3.293990974068208],[118.15151304782603,-2.8230188566609358],[118.77336311649881,-2.8230188566609358],[118.77336311649881,-3.293990974068208],[118.15151304782603,-3.293990974068208]]]},"properties":{"region_code":"x190y-07","label":"x190y-07","count":9}},{"type":"Feature","geometry":{"type":"Polygon","coordinates":[[[118.15151304782603,-3.765180066747392],[118.15151304782603,-3.293990974068208],[118.77336311649881,-3.293990974068208],[118.77336311649881,-3.765180066747392],[118.15151304782603,-3.765180066747392]]]},"properties":{"region_code":"x190y-08","label":"x190y-08","count":9}},{"type":"Feature","geometry":{"type":"Polygon","coordinates":[[[118.15151304782603,-4.236617507859314],[118.15151304782603,-3.765180066747392],[118.77336311649881,-3.765180066747392],[118.77336311649881,-4.236617507859314],[118.15151304782603,-4.236617507859314]]]},"properties":{"region_code":"x190y-09","label":"x190y-09","count":9}},{"type":"Feature","geometry":{"type":"Polygon","coordinates":[[[118.15151304782603,-4.708334822533896],[118.15151304782603,-4.236617507859314],[118.77336311649881,-4.236617507859314],[118.77336311649881,-4.708334822533896],[118.15151304782603,-4.708334822533896]]]},"properties":{"region_code":"x190y-10","label":"x190y-10","count":9}},{"type":"Feature","geometry":{"type":"Polygon","coordinates":[[[118.15151304782603,-5.1803637076811935],[118.15151304782603,-4.708334822533896],[118.77336311649881,-4.708334822533896],[118.77336311649881,-5.1803637076811935],[118.15151304782603,-5.1803637076811935]]]},"properties":{"region_code":"x190y-11","label":"x190y-11","count":9}},{"type":"Feature","geometry":{"type":"Polygon","coordinates":[[[118.15151304782603,-5.6527360520955305],[118.15151304782603,-5.1803637076811935],[118.77336311649881,-5.1803637076811935],[118.77336311649881,-5.6527360520955305],[118.15151304782603,-5.6527360520955305]]]},"properties":{"region_code":"x190y-12","label":"x190y-12","count":9}},{"type":"Feature","geometry":{"type":"Polygon","coordinates":[[[118.15151304782603,-6.125483956889529],[118.15151304782603,-5.6527360520955305],[118.77336311649881,-5.6527360520955305],[118.77336311649881,-6.125483956889529],[118.15151304782603,-6.125483956889529]]]},"properties":{"region_code":"x190y-13","label":"x190y-13","count":9}},{"type":"Feature","geometry":{"type":"Polygon","coordinates":[[[118.15151304782603,-6.598639756294533],[118.15151304782603,-6.125483956889529],[118.77336311649881,-6.125483956889529],[118.77336311649881,-6.598639756294533],[118.15151304782603,-6.598639756294533]]]},"properties":{"region_code":"x190y-14","label":"x190y-14","count":9}},{"type":"Feature","geometry":{"type":"Polygon","coordinates":[[[118.15151304782603,-7.072236038866301],[118.15151304782603,-6.598639756294533],[118.77336311649881,-6.598639756294533],[118.77336311649881,-7.072236038866301],[118.15151304782603,-7.072236038866301]]]},"properties":{"region_code":"x190y-15","label":"x190y-15","count":9}},{"type":"Feature","geometry":{"type":"Polygon","coordinates":[[[118.15151304782603,-7.546305669135457],[118.15151304782603,-7.072236038866301],[118.77336311649881,-7.072236038866301],[118.77336311649881,-7.546305669135457],[118.15151304782603,-7.546305669135457]]]},"properties":{"region_code":"x190y-16","label":"x190y-16","count":9}},{"type":"Feature","geometry":{"type":"Polygon","coordinates":[[[118.15151304782603,-8.020881809744264],[118.15151304782603,-7.546305669135457],[118.77336311649881,-7.546305669135457],[118.77336311649881,-8.020881809744264],[118.15151304782603,-8.020881809744264]]]},"properties":{"region_code":"x190y-17","label":"x190y-17","count":9}},{"type":"Feature","geometry":{"type":"Polygon","coordinates":[[[118.15151304782603,-8.495997944112283],[118.15151304782603,-8.020881809744264],[118.77336311649881,-8.020881809744264],[118.77336311649881,-8.495997944112283],[118.15151304782603,-8.495997944112283]]]},"properties":{"region_code":"x190y-18","label":"x190y-18","count":9}},{"type":"Feature","geometry":{"type":"Polygon","coordinates":[[[118.15151304782603,-8.971687899676542],[118.15151304782603,-8.495997944112283],[118.77336311649881,-8.495997944112283],[118.77336311649881,-8.971687899676542],[118.15151304782603,-8.971687899676542]]]},"properties":{"region_code":"x190y-19","label":"x190y-19","count":9}},{"type":"Feature","geometry":{"type":"Polygon","coordinates":[[[118.15151304782603,-9.44798587175262],[118.15151304782603,-8.971687899676542],[118.77336311649881,-8.971687899676542],[118.77336311649881,-9.44798587175262],[118.15151304782603,-9.44798587175262]]]},"properties":{"region_code":"x190y-20","label":"x190y-20","count":9}},{"type":"Feature","geometry":{"type":"Polygon","coordinates":[[[118.15151304782603,-9.9249264480659],[118.15151304782603,-9.44798587175262],[118.77336311649881,-9.44798587175262],[118.77336311649881,-9.9249264480659],[118.15151304782603,-9.9249264480659]]]},"properties":{"region_code":"x190y-21","label":"x190y-21","count":9}},{"type":"Feature","geometry":{"type":"Polygon","coordinates":[[[118.15151304782603,0.0],[118.15151304782603,0.4703230299809363],[118.77336311649881,0.4703230299809363],[118.77336311649881,0.0],[118.15151304782603,0.0]]]},"properties":{"region_code":"x190y000","label":"x190y000","count":9}},{"type":"Feature","geometry":{"type":"Polygon","coordinates":[[[118.15151304782603,0.4703230299809363],[118.15151304782603,0.9406769065449422],[118.77336311649881,0.9406769065449422],[118.77336311649881,0.4703230299809363],[118.15151304782603,0.4703230299809363]]]},"properties":{"region_code":"x190y001","label":"x190y001","count":9}},{"type":"Feature","geometry":{"type":"Polygon","coordinates":[[[118.15151304782603,0.9406769065449422],[118.15151304782603,1.411092494939981],[118.77336311649881,1.411092494939981],[118.77336311649881,0.9406769065449422],[118.15151304782603,0.9406769065449422]]]},"properties":{"region_code":"x190y002","label":"x190y002","count":9}},{"type":"Feature","geometry":{"type":"Polygon","coordinates":[[[118.15151304782603,1.411092494939981],[118.15151304782603,1.881600697775704],[118.77336311649881,1.881600697775704],[118.77336311649881,1.411092494939981],[118.15151304782603,1.411092494939981]]]},"properties":{"region_code":"x190y003","label":"x190y003","count":9}},{"type":"Feature","geometry":{"type":"Polygon","coordinates":[[[118.15151304782603,1.881600697775704],[118.15151304782603,2.352232473781689],[118.77336311649881,2.352232473781689],[118.77336311649881,1.881600697775704],[118.15151304782603,1.881600697775704]]]},"properties":{"region_code":"x190y004","label":"x190y004","count":9}},{"type":"Feature","geometry":{"type":"Polygon","coordinates":[[[118.15151304782603,2.352232473781689],[118.15151304782603,2.823018856660936],[118.77336311649881,2.823018856660936],[118.77336311649881,2.352232473781689],[118.15151304782603,2.352232473781689]]]},"properties":{"region_code":"x190y005","label":"x190y005","count":9}},{"type":"Feature","geometry":{"type":"Polygon","coordinates":[[[118.15151304782603,2.823018856660936],[118.15151304782603,3.2939909740681896],[118.77336311649881,3.2939909740681896],[118.77336311649881,2.823018856660936],[118.15151304782603,2.823018856660936]]]},"properties":{"region_code":"x190y006","label":"x190y006","count":9}},{"type":"Feature","geometry":{"type":"Polygon","coordinates":[[[118.15151304782603,3.2939909740681896],[118.15151304782603,3.765180066747398],[118.77336311649881,3.765180066747398],[118.77336311649881,3.2939909740681896],[118.15151304782603,3.2939909740681896]]]},"properties":{"region_code":"x190y007","label":"x190y007","count":9}},{"type":"Feature","geometry":{"type":"Polygon","coordinates":[[[118.15151304782603,3.765180066747398],[118.15151304782603,4.236617507859302],[118.77336311649881,4.236617507859302],[118.77336311649881,3.765180066747398],[118.15151304782603,3.765180066747398]]]},"properties":{"region_code":"x190y008","label":"x190y008","count":9}},{"type":"Feature","geometry":{"type":"Polygon","coordinates":[[[118.77336311649881,-0.47032302998093656],[118.77336311649881,0.0],[119.39521318517154,0.0],[119.39521318517154,-0.47032302998093656],[118.77336311649881,-0.47032302998093656]]]},"properties":{"region_code":"x191y-01","label":"x191y-01","count":9}},{"type":"Feature","geometry":{"type":"Polygon","coordinates":[[[118.77336311649881,-0.9406769065449366],[118.77336311649881,-0.47032302998093656],[119.39521318517154,-0.47032302998093656],[119.39521318517154,-0.9406769065449366],[118.77336311649881,-0.9406769065449366]]]},"properties":{"region_code":"x191y-02","label":"x191y-02","count":9}},{"type":"Feature","geometry":{"type":"Polygon","coordinates":[[[118.77336311649881,-1.411092494939997],[118.77336311649881,-0.9406769065449366],[119.39521318517154,-0.9406769065449366],[119.39521318517154,-1.411092494939997],[118.77336311649881,-1.411092494939997]]]},"properties":{"region_code":"x191y-03","label":"x191y-03","count":9}},{"type":"Feature","geometry":{"type":"Polygon","coordinates":[[[118.77336311649881,-1.881600697775689],[118.77336311649881,-1.411092494939997],[119.39521318517154,-1.411092494939997],[119.39521318517154,-1.881600697775689],[118.77336311649881,-1.881600697775689]]]},"properties":{"region_code":"x191y-04","label":"x191y-04","count":9}},{"type":"Feature","geometry":{"type":"Polygon","coordinates":[[[118.77336311649881,-2.3522324737816986],[118.77336311649881,-1.881600697775689],[119.39521318517154,-1.881600697775689],[119.39521318517154,-2.3522324737816986],[118.77336311649881,-2.3522324737816986]]]},"properties":{"region_code":"x191y-05","label":"x191y-05","count":9}},{"type":"Feature","geometry":{"type":"Polygon","coordinates":[[[118.77336311649881,-2.8230188566609358],[118.77336311649881,-2.3522324737816986],[119.39521318517154,-2.3522324737816986],[119.39521318517154,-2.8230188566609358],[118.77336311649881,-2.8230188566609358]]]},"properties":{"region_code":"x191y-06","label":"x191y-06","count":9}},{"type":"Feature","geometry":{"type":"Polygon","coordinates":[[[118.77336311649881,-3.293990974068208],[118.77336311649881,-2.8230188566609358],[119.39521318517154,-2.8230188566609358],[119.39521318517154,-3.293990974068208],[118.77336311649881,-3.293990974068208]]]},"properties":{"region_code":"x191y-07","label":"x191y-07","count":9}},{"type":"Feature","geometry":{"type":"Polygon","coordinates":[[[118.77336311649881,-3.765180066747392],[118.77336311649881,-3.293990974068208],[119.39521318517154,-3.293990974068208],[119.39521318517154,-3.765180066747392],[118.77336311649881,-3.765180066747392]]]},"properties":{"region_code":"x191y-08","label":"x191y-08","count":9}},{"type":"Feature","geometry":{"type":"Polygon","coordinates":[[[118.77336311649881,-4.236617507859314],[118.77336311649881,-3.765180066747392],[119.39521318517154,-3.765180066747392],[119.39521318517154,-4.236617507859314],[118.77336311649881,-4.236617507859314]]]},"properties":{"region_code":"x191y-09","label":"x191y-09","count":9}},{"type":"Feature","geometry":{"type":"Polygon","coordinates":[[[118.77336311649881,-4.708334822533896],[118.77336311649881,-4.236617507859314],[119.39521318517154,-4.236617507859314],[119.39521318517154,-4.708334822533896],[118.77336311649881,-4.708334822533896]]]},"properties":{"region_code":"x191y-10","label":"x191y-10","count":9}},{"type":"Feature","geometry":{"type":"Polygon","coordinates":[[[118.77336311649881,-5.1803637076811935],[118.77336311649881,-4.708334822533896],[119.39521318517154,-4.708334822533896],[119.39521318517154,-5.1803637076811935],[118.77336311649881,-5.1803637076811935]]]},"properties":{"region_code":"x191y-11","label":"x191y-11","count":9}},{"type":"Feature","geometry":{"type":"Polygon","coordinates":[[[118.77336311649881,-5.6527360520955305],[118.77336311649881,-5.1803637076811935],[119.39521318517154,-5.1803637076811935],[119.39521318517154,-5.6527360520955305],[118.77336311649881,-5.6527360520955305]]]},"properties":{"region_code":"x191y-12","label":"x191y-12","count":9}},{"type":"Feature","geometry":{"type":"Polygon","coordinates":[[[118.77336311649881,-6.125483956889529],[118.77336311649881,-5.6527360520955305],[119.39521318517154,-5.6527360520955305],[119.39521318517154,-6.125483956889529],[118.77336311649881,-6.125483956889529]]]},"properties":{"region_code":"x191y-13","label":"x191y-13","count":9}},{"type":"Feature","geometry":{"type":"Polygon","coordinates":[[[118.77336311649881,-6.598639756294533],[118.77336311649881,-6.125483956889529],[119.39521318517154,-6.125483956889529],[119.39521318517154,-6.598639756294533],[118.77336311649881,-6.598639756294533]]]},"properties":{"region_code":"x191y-14","label":"x191y-14","count":9}},{"type":"Feature","geometry":{"type":"Polygon","coordinates":[[[118.77336311649881,-7.072236038866301],[118.77336311649881,-6.598639756294533],[119.39521318517154,-6.598639756294533],[119.39521318517154,-7.072236038866301],[118.77336311649881,-7.072236038866301]]]},"properties":{"region_code":"x191y-15","label":"x191y-15","count":9}},{"type":"Feature","geometry":{"type":"Polygon","coordinates":[[[118.77336311649881,-7.546305669135457],[118.77336311649881,-7.072236038866301],[119.39521318517154,-7.072236038866301],[119.39521318517154,-7.546305669135457],[118.77336311649881,-7.546305669135457]]]},"properties":{"region_code":"x191y-16","label":"x191y-16","count":9}},{"type":"Feature","geometry":{"type":"Polygon","coordinates":[[[118.77336311649881,-8.020881809744264],[118.77336311649881,-7.546305669135457],[119.39521318517154,-7.546305669135457],[119.39521318517154,-8.020881809744264],[118.77336311649881,-8.020881809744264]]]},"properties":{"region_code":"x191y-17","label":"x191y-17","count":9}},{"type":"Feature","geometry":{"type":"Polygon","coordinates":[[[118.77336311649881,-8.495997944112283],[118.77336311649881,-8.020881809744264],[119.39521318517154,-8.020881809744264],[119.39521318517154,-8.495997944112283],[118.77336311649881,-8.495997944112283]]]},"properties":{"region_code":"x191y-18","label":"x191y-18","count":9}},{"type":"Feature","geometry":{"type":"Polygon","coordinates":[[[118.77336311649881,-8.971687899676542],[118.77336311649881,-8.495997944112283],[119.39521318517154,-8.495997944112283],[119.39521318517154,-8.971687899676542],[118.77336311649881,-8.971687899676542]]]},"properties":{"region_code":"x191y-19","label":"x191y-19","count":9}},{"type":"Feature","geometry":{"type":"Polygon","coordinates":[[[118.77336311649881,-9.44798587175262],[118.77336311649881,-8.971687899676542],[119.39521318517154,-8.971687899676542],[119.39521318517154,-9.44798587175262],[118.77336311649881,-9.44798587175262]]]},"properties":{"region_code":"x191y-20","label":"x191y-20","count":9}},{"type":"Feature","geometry":{"type":"Polygon","coordinates":[[[118.77336311649881,-9.9249264480659],[118.77336311649881,-9.44798587175262],[119.39521318517154,-9.44798587175262],[119.39521318517154,-9.9249264480659],[118.77336311649881,-9.9249264480659]]]},"properties":{"region_code":"x191y-21","label":"x191y-21","count":9}},{"type":"Feature","geometry":{"type":"Polygon","coordinates":[[[118.77336311649881,-10.40254463400518],[118.77336311649881,-9.9249264480659],[119.39521318517154,-9.9249264480659],[119.39521318517154,-10.40254463400518],[118.77336311649881,-10.40254463400518]]]},"properties":{"region_code":"x191y-22","label":"x191y-22","count":9}},{"type":"Feature","geometry":{"type":"Polygon","coordinates":[[[118.77336311649881,0.0],[118.77336311649881,0.4703230299809363],[119.39521318517154,0.4703230299809363],[119.39521318517154,0.0],[118.77336311649881,0.0]]]},"properties":{"region_code":"x191y000","label":"x191y000","count":9}},{"type":"Feature","geometry":{"type":"Polygon","coordinates":[[[118.77336311649881,0.4703230299809363],[118.77336311649881,0.9406769065449422],[119.39521318517154,0.9406769065449422],[119.39521318517154,0.4703230299809363],[118.77336311649881,0.4703230299809363]]]},"properties":{"region_code":"x191y001","label":"x191y001","count":9}},{"type":"Feature","geometry":{"type":"Polygon","coordinates":[[[118.77336311649881,0.9406769065449422],[118.77336311649881,1.411092494939981],[119.39521318517154,1.411092494939981],[119.39521318517154,0.9406769065449422],[118.77336311649881,0.9406769065449422]]]},"properties":{"region_code":"x191y002","label":"x191y002","count":9}},{"type":"Feature","geometry":{"type":"Polygon","coordinates":[[[118.77336311649881,1.411092494939981],[118.77336311649881,1.881600697775704],[119.39521318517154,1.881600697775704],[119.39521318517154,1.411092494939981],[118.77336311649881,1.411092494939981]]]},"properties":{"region_code":"x191y003","label":"x191y003","count":9}},{"type":"Feature","geometry":{"type":"Polygon","coordinates":[[[118.77336311649881,1.881600697775704],[118.77336311649881,2.352232473781689],[119.39521318517154,2.352232473781689],[119.39521318517154,1.881600697775704],[118.77336311649881,1.881600697775704]]]},"properties":{"region_code":"x191y004","label":"x191y004","count":9}},{"type":"Feature","geometry":{"type":"Polygon","coordinates":[[[118.77336311649881,2.352232473781689],[118.77336311649881,2.823018856660936],[119.39521318517154,2.823018856660936],[119.39521318517154,2.352232473781689],[118.77336311649881,2.352232473781689]]]},"properties":{"region_code":"x191y005","label":"x191y005","count":9}},{"type":"Feature","geometry":{"type":"Polygon","coordinates":[[[119.39521318517154,-0.47032302998093656],[119.39521318517154,0.0],[120.01706325384436,0.0],[120.01706325384436,-0.47032302998093656],[119.39521318517154,-0.47032302998093656]]]},"properties":{"region_code":"x192y-01","label":"x192y-01","count":9}},{"type":"Feature","geometry":{"type":"Polygon","coordinates":[[[119.39521318517154,-0.9406769065449366],[119.39521318517154,-0.47032302998093656],[120.01706325384436,-0.47032302998093656],[120.01706325384436,-0.9406769065449366],[119.39521318517154,-0.9406769065449366]]]},"properties":{"region_code":"x192y-02","label":"x192y-02","count":9}},{"type":"Feature","geometry":{"type":"Polygon","coordinates":[[[119.39521318517154,-1.411092494939997],[119.39521318517154,-0.9406769065449366],[120.01706325384436,-0.9406769065449366],[120.01706325384436,-1.411092494939997],[119.39521318517154,-1.411092494939997]]]},"properties":{"region_code":"x192y-03","label":"x192y-03","count":9}},{"type":"Feature","geometry":{"type":"Polygon","coordinates":[[[119.39521318517154,-1.881600697775689],[119.39521318517154,-1.411092494939997],[120.01706325384436,-1.411092494939997],[120.01706325384436,-1.881600697775689],[119.39521318517154,-1.881600697775689]]]},"properties":{"region_code":"x192y-04","label":"x192y-04","count":9}},{"type":"Feature","geometry":{"type":"Polygon","coordinates":[[[119.39521318517154,-2.3522324737816986],[119.39521318517154,-1.881600697775689],[120.01706325384436,-1.881600697775689],[120.01706325384436,-2.3522324737816986],[119.39521318517154,-2.3522324737816986]]]},"properties":{"region_code":"x192y-05","label":"x192y-05","count":9}},{"type":"Feature","geometry":{"type":"Polygon","coordinates":[[[119.39521318517154,-2.8230188566609358],[119.39521318517154,-2.3522324737816986],[120.01706325384436,-2.3522324737816986],[120.01706325384436,-2.8230188566609358],[119.39521318517154,-2.8230188566609358]]]},"properties":{"region_code":"x192y-06","label":"x192y-06","count":9}},{"type":"Feature","geometry":{"type":"Polygon","coordinates":[[[119.39521318517154,-3.293990974068208],[119.39521318517154,-2.8230188566609358],[120.01706325384436,-2.8230188566609358],[120.01706325384436,-3.293990974068208],[119.39521318517154,-3.293990974068208]]]},"properties":{"region_code":"x192y-07","label":"x192y-07","count":9}},{"type":"Feature","geometry":{"type":"Polygon","coordinates":[[[119.39521318517154,-3.765180066747392],[119.39521318517154,-3.293990974068208],[120.01706325384436,-3.293990974068208],[120.01706325384436,-3.765180066747392],[119.39521318517154,-3.765180066747392]]]},"properties":{"region_code":"x192y-08","label":"x192y-08","count":9}},{"type":"Feature","geometry":{"type":"Polygon","coordinates":[[[119.39521318517154,-4.236617507859314],[119.39521318517154,-3.765180066747392],[120.01706325384436,-3.765180066747392],[120.01706325384436,-4.236617507859314],[119.39521318517154,-4.236617507859314]]]},"properties":{"region_code":"x192y-09","label":"x192y-09","count":9}},{"type":"Feature","geometry":{"type":"Polygon","coordinates":[[[119.39521318517154,-4.708334822533896],[119.39521318517154,-4.236617507859314],[120.01706325384436,-4.236617507859314],[120.01706325384436,-4.708334822533896],[119.39521318517154,-4.708334822533896]]]},"properties":{"region_code":"x192y-10","label":"x192y-10","count":9}},{"type":"Feature","geometry":{"type":"Polygon","coordinates":[[[119.39521318517154,-5.1803637076811935],[119.39521318517154,-4.708334822533896],[120.01706325384436,-4.708334822533896],[120.01706325384436,-5.1803637076811935],[119.39521318517154,-5.1803637076811935]]]},"properties":{"region_code":"x192y-11","label":"x192y-11","count":9}},{"type":"Feature","geometry":{"type":"Polygon","coordinates":[[[119.39521318517154,-5.6527360520955305],[119.39521318517154,-5.1803637076811935],[120.01706325384436,-5.1803637076811935],[120.01706325384436,-5.6527360520955305],[119.39521318517154,-5.6527360520955305]]]},"properties":{"region_code":"x192y-12","label":"x192y-12","count":9}},{"type":"Feature","geometry":{"type":"Polygon","coordinates":[[[119.39521318517154,-6.125483956889529],[119.39521318517154,-5.6527360520955305],[120.01706325384436,-5.6527360520955305],[120.01706325384436,-6.125483956889529],[119.39521318517154,-6.125483956889529]]]},"properties":{"region_code":"x192y-13","label":"x192y-13","count":9}},{"type":"Feature","geometry":{"type":"Polygon","coordinates":[[[119.39521318517154,-6.598639756294533],[119.39521318517154,-6.125483956889529],[120.01706325384436,-6.125483956889529],[120.01706325384436,-6.598639756294533],[119.39521318517154,-6.598639756294533]]]},"properties":{"region_code":"x192y-14","label":"x192y-14","count":9}},{"type":"Feature","geometry":{"type":"Polygon","coordinates":[[[119.39521318517154,-7.072236038866301],[119.39521318517154,-6.598639756294533],[120.01706325384436,-6.598639756294533],[120.01706325384436,-7.072236038866301],[119.39521318517154,-7.072236038866301]]]},"properties":{"region_code":"x192y-15","label":"x192y-15","count":9}},{"type":"Feature","geometry":{"type":"Polygon","coordinates":[[[119.39521318517154,-7.546305669135457],[119.39521318517154,-7.072236038866301],[120.01706325384436,-7.072236038866301],[120.01706325384436,-7.546305669135457],[119.39521318517154,-7.546305669135457]]]},"properties":{"region_code":"x192y-16","label":"x192y-16","count":9}},{"type":"Feature","geometry":{"type":"Polygon","coordinates":[[[119.39521318517154,-8.020881809744264],[119.39521318517154,-7.546305669135457],[120.01706325384436,-7.546305669135457],[120.01706325384436,-8.020881809744264],[119.39521318517154,-8.020881809744264]]]},"properties":{"region_code":"x192y-17","label":"x192y-17","count":9}},{"type":"Feature","geometry":{"type":"Polygon","coordinates":[[[119.39521318517154,-8.495997944112283],[119.39521318517154,-8.020881809744264],[120.01706325384436,-8.020881809744264],[120.01706325384436,-8.495997944112283],[119.39521318517154,-8.495997944112283]]]},"properties":{"region_code":"x192y-18","label":"x192y-18","count":9}},{"type":"Feature","geometry":{"type":"Polygon","coordinates":[[[119.39521318517154,-8.971687899676542],[119.39521318517154,-8.495997944112283],[120.01706325384436,-8.495997944112283],[120.01706325384436,-8.971687899676542],[119.39521318517154,-8.971687899676542]]]},"properties":{"region_code":"x192y-19","label":"x192y-19","count":9}},{"type":"Feature","geometry":{"type":"Polygon","coordinates":[[[119.39521318517154,-9.44798587175262],[119.39521318517154,-8.971687899676542],[120.01706325384436,-8.971687899676542],[120.01706325384436,-9.44798587175262],[119.39521318517154,-9.44798587175262]]]},"properties":{"region_code":"x192y-20","label":"x192y-20","count":9}},{"type":"Feature","geometry":{"type":"Polygon","coordinates":[[[119.39521318517154,-9.9249264480659],[119.39521318517154,-9.44798587175262],[120.01706325384436,-9.44798587175262],[120.01706325384436,-9.9249264480659],[119.39521318517154,-9.9249264480659]]]},"properties":{"region_code":"x192y-21","label":"x192y-21","count":9}},{"type":"Feature","geometry":{"type":"Polygon","coordinates":[[[119.39521318517154,-10.40254463400518],[119.39521318517154,-9.9249264480659],[120.01706325384436,-9.9249264480659],[120.01706325384436,-10.40254463400518],[119.39521318517154,-10.40254463400518]]]},"properties":{"region_code":"x192y-22","label":"x192y-22","count":9}},{"type":"Feature","geometry":{"type":"Polygon","coordinates":[[[119.39521318517154,-10.880875878652345],[119.39521318517154,-10.40254463400518],[120.01706325384436,-10.40254463400518],[120.01706325384436,-10.880875878652345],[119.39521318517154,-10.880875878652345]]]},"properties":{"region_code":"x192y-23","label":"x192y-23","count":9}},{"type":"Feature","geometry":{"type":"Polygon","coordinates":[[[119.39521318517154,0.0],[119.39521318517154,0.4703230299809363],[120.01706325384436,0.4703230299809363],[120.01706325384436,0.0],[119.39521318517154,0.0]]]},"properties":{"region_code":"x192y000","label":"x192y000","count":9}},{"type":"Feature","geometry":{"type":"Polygon","coordinates":[[[119.39521318517154,0.4703230299809363],[119.39521318517154,0.9406769065449422],[120.01706325384436,0.9406769065449422],[120.01706325384436,0.4703230299809363],[119.39521318517154,0.4703230299809363]]]},"properties":{"region_code":"x192y001","label":"x192y001","count":9}},{"type":"Feature","geometry":{"type":"Polygon","coordinates":[[[119.39521318517154,0.9406769065449422],[119.39521318517154,1.411092494939981],[120.01706325384436,1.411092494939981],[120.01706325384436,0.9406769065449422],[119.39521318517154,0.9406769065449422]]]},"properties":{"region_code":"x192y002","label":"x192y002","count":9}},{"type":"Feature","geometry":{"type":"Polygon","coordinates":[[[119.39521318517154,1.411092494939981],[119.39521318517154,1.881600697775704],[120.01706325384436,1.881600697775704],[120.01706325384436,1.411092494939981],[119.39521318517154,1.411092494939981]]]},"properties":{"region_code":"x192y003","label":"x192y003","count":9}},{"type":"Feature","geometry":{"type":"Polygon","coordinates":[[[120.01706325384436,-0.47032302998093656],[120.01706325384436,0.0],[120.6389133225171,0.0],[120.6389133225171,-0.47032302998093656],[120.01706325384436,-0.47032302998093656]]]},"properties":{"region_code":"x193y-01","label":"x193y-01","count":9}},{"type":"Feature","geometry":{"type":"Polygon","coordinates":[[[120.01706325384436,-0.9406769065449366],[120.01706325384436,-0.47032302998093656],[120.6389133225171,-0.47032302998093656],[120.6389133225171,-0.9406769065449366],[120.01706325384436,-0.9406769065449366]]]},"properties":{"region_code":"x193y-02","label":"x193y-02","count":9}},{"type":"Feature","geometry":{"type":"Polygon","coordinates":[[[120.01706325384436,-1.411092494939997],[120.01706325384436,-0.9406769065449366],[120.6389133225171,-0.9406769065449366],[120.6389133225171,-1.411092494939997],[120.01706325384436,-1.411092494939997]]]},"properties":{"region_code":"x193y-03","label":"x193y-03","count":9}},{"type":"Feature","geometry":{"type":"Polygon","coordinates":[[[120.01706325384436,-1.881600697775689],[120.01706325384436,-1.411092494939997],[120.6389133225171,-1.411092494939997],[120.6389133225171,-1.881600697775689],[120.01706325384436,-1.881600697775689]]]},"properties":{"region_code":"x193y-04","label":"x193y-04","count":9}},{"type":"Feature","geometry":{"type":"Polygon","coordinates":[[[120.01706325384436,-2.3522324737816986],[120.01706325384436,-1.881600697775689],[120.6389133225171,-1.881600697775689],[120.6389133225171,-2.3522324737816986],[120.01706325384436,-2.3522324737816986]]]},"properties":{"region_code":"x193y-05","label":"x193y-05","count":9}},{"type":"Feature","geometry":{"type":"Polygon","coordinates":[[[120.01706325384436,-2.8230188566609358],[120.01706325384436,-2.3522324737816986],[120.6389133225171,-2.3522324737816986],[120.6389133225171,-2.8230188566609358],[120.01706325384436,-2.8230188566609358]]]},"properties":{"region_code":"x193y-06","label":"x193y-06","count":9}},{"type":"Feature","geometry":{"type":"Polygon","coordinates":[[[120.01706325384436,-3.293990974068208],[120.01706325384436,-2.8230188566609358],[120.6389133225171,-2.8230188566609358],[120.6389133225171,-3.293990974068208],[120.01706325384436,-3.293990974068208]]]},"properties":{"region_code":"x193y-07","label":"x193y-07","count":9}},{"type":"Feature","geometry":{"type":"Polygon","coordinates":[[[120.01706325384436,-3.765180066747392],[120.01706325384436,-3.293990974068208],[120.6389133225171,-3.293990974068208],[120.6389133225171,-3.765180066747392],[120.01706325384436,-3.765180066747392]]]},"properties":{"region_code":"x193y-08","label":"x193y-08","count":9}},{"type":"Feature","geometry":{"type":"Polygon","coordinates":[[[120.01706325384436,-4.236617507859314],[120.01706325384436,-3.765180066747392],[120.6389133225171,-3.765180066747392],[120.6389133225171,-4.236617507859314],[120.01706325384436,-4.236617507859314]]]},"properties":{"region_code":"x193y-09","label":"x193y-09","count":9}},{"type":"Feature","geometry":{"type":"Polygon","coordinates":[[[120.01706325384436,-4.708334822533896],[120.01706325384436,-4.236617507859314],[120.6389133225171,-4.236617507859314],[120.6389133225171,-4.708334822533896],[120.01706325384436,-4.708334822533896]]]},"properties":{"region_code":"x193y-10","label":"x193y-10","count":9}},{"type":"Feature","geometry":{"type":"Polygon","coordinates":[[[120.01706325384436,-5.1803637076811935],[120.01706325384436,-4.708334822533896],[120.6389133225171,-4.708334822533896],[120.6389133225171,-5.1803637076811935],[120.01706325384436,-5.1803637076811935]]]},"properties":{"region_code":"x193y-11","label":"x193y-11","count":9}},{"type":"Feature","geometry":{"type":"Polygon","coordinates":[[[120.01706325384436,-5.6527360520955305],[120.01706325384436,-5.1803637076811935],[120.6389133225171,-5.1803637076811935],[120.6389133225171,-5.6527360520955305],[120.01706325384436,-5.6527360520955305]]]},"properties":{"region_code":"x193y-12","label":"x193y-12","count":9}},{"type":"Feature","geometry":{"type":"Polygon","coordinates":[[[120.01706325384436,-6.125483956889529],[120.01706325384436,-5.6527360520955305],[120.6389133225171,-5.6527360520955305],[120.6389133225171,-6.125483956889529],[120.01706325384436,-6.125483956889529]]]},"properties":{"region_code":"x193y-13","label":"x193y-13","count":9}},{"type":"Feature","geometry":{"type":"Polygon","coordinates":[[[120.01706325384436,-6.598639756294533],[120.01706325384436,-6.125483956889529],[120.6389133225171,-6.125483956889529],[120.6389133225171,-6.598639756294533],[120.01706325384436,-6.598639756294533]]]},"properties":{"region_code":"x193y-14","label":"x193y-14","count":9}},{"type":"Feature","geometry":{"type":"Polygon","coordinates":[[[120.01706325384436,-7.072236038866301],[120.01706325384436,-6.598639756294533],[120.6389133225171,-6.598639756294533],[120.6389133225171,-7.072236038866301],[120.01706325384436,-7.072236038866301]]]},"properties":{"region_code":"x193y-15","label":"x193y-15","count":9}},{"type":"Feature","geometry":{"type":"Polygon","coordinates":[[[120.01706325384436,-7.546305669135457],[120.01706325384436,-7.072236038866301],[120.6389133225171,-7.072236038866301],[120.6389133225171,-7.546305669135457],[120.01706325384436,-7.546305669135457]]]},"properties":{"region_code":"x193y-16","label":"x193y-16","count":9}},{"type":"Feature","geometry":{"type":"Polygon","coordinates":[[[120.01706325384436,-8.020881809744264],[120.01706325384436,-7.546305669135457],[120.6389133225171,-7.546305669135457],[120.6389133225171,-8.020881809744264],[120.01706325384436,-8.020881809744264]]]},"properties":{"region_code":"x193y-17","label":"x193y-17","count":9}},{"type":"Feature","geometry":{"type":"Polygon","coordinates":[[[120.01706325384436,-8.495997944112283],[120.01706325384436,-8.020881809744264],[120.6389133225171,-8.020881809744264],[120.6389133225171,-8.495997944112283],[120.01706325384436,-8.495997944112283]]]},"properties":{"region_code":"x193y-18","label":"x193y-18","count":9}},{"type":"Feature","geometry":{"type":"Polygon","coordinates":[[[120.01706325384436,-8.971687899676542],[120.01706325384436,-8.495997944112283],[120.6389133225171,-8.495997944112283],[120.6389133225171,-8.971687899676542],[120.01706325384436,-8.971687899676542]]]},"properties":{"region_code":"x193y-19","label":"x193y-19","count":9}},{"type":"Feature","geometry":{"type":"Polygon","coordinates":[[[120.01706325384436,-9.44798587175262],[120.01706325384436,-8.971687899676542],[120.6389133225171,-8.971687899676542],[120.6389133225171,-9.44798587175262],[120.01706325384436,-9.44798587175262]]]},"properties":{"region_code":"x193y-20","label":"x193y-20","count":9}},{"type":"Feature","geometry":{"type":"Polygon","coordinates":[[[120.01706325384436,-9.9249264480659],[120.01706325384436,-9.44798587175262],[120.6389133225171,-9.44798587175262],[120.6389133225171,-9.9249264480659],[120.01706325384436,-9.9249264480659]]]},"properties":{"region_code":"x193y-21","label":"x193y-21","count":9}},{"type":"Feature","geometry":{"type":"Polygon","coordinates":[[[120.01706325384436,-10.40254463400518],[120.01706325384436,-9.9249264480659],[120.6389133225171,-9.9249264480659],[120.6389133225171,-10.40254463400518],[120.01706325384436,-10.40254463400518]]]},"properties":{"region_code":"x193y-22","label":"x193y-22","count":9}},{"type":"Feature","geometry":{"type":"Polygon","coordinates":[[[120.01706325384436,-10.880875878652345],[120.01706325384436,-10.40254463400518],[120.6389133225171,-10.40254463400518],[120.6389133225171,-10.880875878652345],[120.01706325384436,-10.880875878652345]]]},"properties":{"region_code":"x193y-23","label":"x193y-23","count":9}},{"type":"Feature","geometry":{"type":"Polygon","coordinates":[[[120.01706325384436,0.0],[120.01706325384436,0.4703230299809363],[120.6389133225171,0.4703230299809363],[120.6389133225171,0.0],[120.01706325384436,0.0]]]},"properties":{"region_code":"x193y000","label":"x193y000","count":9}},{"type":"Feature","geometry":{"type":"Polygon","coordinates":[[[120.01706325384436,0.4703230299809363],[120.01706325384436,0.9406769065449422],[120.6389133225171,0.9406769065449422],[120.6389133225171,0.4703230299809363],[120.01706325384436,0.4703230299809363]]]},"properties":{"region_code":"x193y001","label":"x193y001","count":9}},{"type":"Feature","geometry":{"type":"Polygon","coordinates":[[[120.01706325384436,0.9406769065449422],[120.01706325384436,1.411092494939981],[120.6389133225171,1.411092494939981],[120.6389133225171,0.9406769065449422],[120.01706325384436,0.9406769065449422]]]},"properties":{"region_code":"x193y002","label":"x193y002","count":9}},{"type":"Feature","geometry":{"type":"Polygon","coordinates":[[[120.01706325384436,1.411092494939981],[120.01706325384436,1.881600697775704],[120.6389133225171,1.881600697775704],[120.6389133225171,1.411092494939981],[120.01706325384436,1.411092494939981]]]},"properties":{"region_code":"x193y003","label":"x193y003","count":9}},{"type":"Feature","geometry":{"type":"Polygon","coordinates":[[[120.6389133225171,-0.47032302998093656],[120.6389133225171,0.0],[121.26076339118985,0.0],[121.26076339118985,-0.47032302998093656],[120.6389133225171,-0.47032302998093656]]]},"properties":{"region_code":"x194y-01","label":"x194y-01","count":9}},{"type":"Feature","geometry":{"type":"Polygon","coordinates":[[[120.6389133225171,-0.9406769065449366],[120.6389133225171,-0.47032302998093656],[121.26076339118985,-0.47032302998093656],[121.26076339118985,-0.9406769065449366],[120.6389133225171,-0.9406769065449366]]]},"properties":{"region_code":"x194y-02","label":"x194y-02","count":9}},{"type":"Feature","geometry":{"type":"Polygon","coordinates":[[[120.6389133225171,-1.411092494939997],[120.6389133225171,-0.9406769065449366],[121.26076339118985,-0.9406769065449366],[121.26076339118985,-1.411092494939997],[120.6389133225171,-1.411092494939997]]]},"properties":{"region_code":"x194y-03","label":"x194y-03","count":9}},{"type":"Feature","geometry":{"type":"Polygon","coordinates":[[[120.6389133225171,-1.881600697775689],[120.6389133225171,-1.411092494939997],[121.26076339118985,-1.411092494939997],[121.26076339118985,-1.881600697775689],[120.6389133225171,-1.881600697775689]]]},"properties":{"region_code":"x194y-04","label":"x194y-04","count":9}},{"type":"Feature","geometry":{"type":"Polygon","coordinates":[[[120.6389133225171,-2.3522324737816986],[120.6389133225171,-1.881600697775689],[121.26076339118985,-1.881600697775689],[121.26076339118985,-2.3522324737816986],[120.6389133225171,-2.3522324737816986]]]},"properties":{"region_code":"x194y-05","label":"x194y-05","count":9}},{"type":"Feature","geometry":{"type":"Polygon","coordinates":[[[120.6389133225171,-2.8230188566609358],[120.6389133225171,-2.3522324737816986],[121.26076339118985,-2.3522324737816986],[121.26076339118985,-2.8230188566609358],[120.6389133225171,-2.8230188566609358]]]},"properties":{"region_code":"x194y-06","label":"x194y-06","count":9}},{"type":"Feature","geometry":{"type":"Polygon","coordinates":[[[120.6389133225171,-3.293990974068208],[120.6389133225171,-2.8230188566609358],[121.26076339118985,-2.8230188566609358],[121.26076339118985,-3.293990974068208],[120.6389133225171,-3.293990974068208]]]},"properties":{"region_code":"x194y-07","label":"x194y-07","count":9}},{"type":"Feature","geometry":{"type":"Polygon","coordinates":[[[120.6389133225171,-3.765180066747392],[120.6389133225171,-3.293990974068208],[121.26076339118985,-3.293990974068208],[121.26076339118985,-3.765180066747392],[120.6389133225171,-3.765180066747392]]]},"properties":{"region_code":"x194y-08","label":"x194y-08","count":9}},{"type":"Feature","geometry":{"type":"Polygon","coordinates":[[[120.6389133225171,-4.236617507859314],[120.6389133225171,-3.765180066747392],[121.26076339118985,-3.765180066747392],[121.26076339118985,-4.236617507859314],[120.6389133225171,-4.236617507859314]]]},"properties":{"region_code":"x194y-09","label":"x194y-09","count":9}},{"type":"Feature","geometry":{"type":"Polygon","coordinates":[[[120.6389133225171,-4.708334822533896],[120.6389133225171,-4.236617507859314],[121.26076339118985,-4.236617507859314],[121.26076339118985,-4.708334822533896],[120.6389133225171,-4.708334822533896]]]},"properties":{"region_code":"x194y-10","label":"x194y-10","count":9}},{"type":"Feature","geometry":{"type":"Polygon","coordinates":[[[120.6389133225171,-5.1803637076811935],[120.6389133225171,-4.708334822533896],[121.26076339118985,-4.708334822533896],[121.26076339118985,-5.1803637076811935],[120.6389133225171,-5.1803637076811935]]]},"properties":{"region_code":"x194y-11","label":"x194y-11","count":9}},{"type":"Feature","geometry":{"type":"Polygon","coordinates":[[[120.6389133225171,-5.6527360520955305],[120.6389133225171,-5.1803637076811935],[121.26076339118985,-5.1803637076811935],[121.26076339118985,-5.6527360520955305],[120.6389133225171,-5.6527360520955305]]]},"properties":{"region_code":"x194y-12","label":"x194y-12","count":9}},{"type":"Feature","geometry":{"type":"Polygon","coordinates":[[[120.6389133225171,-6.125483956889529],[120.6389133225171,-5.6527360520955305],[121.26076339118985,-5.6527360520955305],[121.26076339118985,-6.125483956889529],[120.6389133225171,-6.125483956889529]]]},"properties":{"region_code":"x194y-13","label":"x194y-13","count":9}},{"type":"Feature","geometry":{"type":"Polygon","coordinates":[[[120.6389133225171,-6.598639756294533],[120.6389133225171,-6.125483956889529],[121.26076339118985,-6.125483956889529],[121.26076339118985,-6.598639756294533],[120.6389133225171,-6.598639756294533]]]},"properties":{"region_code":"x194y-14","label":"x194y-14","count":9}},{"type":"Feature","geometry":{"type":"Polygon","coordinates":[[[120.6389133225171,-7.072236038866301],[120.6389133225171,-6.598639756294533],[121.26076339118985,-6.598639756294533],[121.26076339118985,-7.072236038866301],[120.6389133225171,-7.072236038866301]]]},"properties":{"region_code":"x194y-15","label":"x194y-15","count":9}},{"type":"Feature","geometry":{"type":"Polygon","coordinates":[[[120.6389133225171,-7.546305669135457],[120.6389133225171,-7.072236038866301],[121.26076339118985,-7.072236038866301],[121.26076339118985,-7.546305669135457],[120.6389133225171,-7.546305669135457]]]},"properties":{"region_code":"x194y-16","label":"x194y-16","count":9}},{"type":"Feature","geometry":{"type":"Polygon","coordinates":[[[120.6389133225171,-8.020881809744264],[120.6389133225171,-7.546305669135457],[121.26076339118985,-7.546305669135457],[121.26076339118985,-8.020881809744264],[120.6389133225171,-8.020881809744264]]]},"properties":{"region_code":"x194y-17","label":"x194y-17","count":9}},{"type":"Feature","geometry":{"type":"Polygon","coordinates":[[[120.6389133225171,-8.495997944112283],[120.6389133225171,-8.020881809744264],[121.26076339118985,-8.020881809744264],[121.26076339118985,-8.495997944112283],[120.6389133225171,-8.495997944112283]]]},"properties":{"region_code":"x194y-18","label":"x194y-18","count":9}},{"type":"Feature","geometry":{"type":"Polygon","coordinates":[[[120.6389133225171,-8.971687899676542],[120.6389133225171,-8.495997944112283],[121.26076339118985,-8.495997944112283],[121.26076339118985,-8.971687899676542],[120.6389133225171,-8.971687899676542]]]},"properties":{"region_code":"x194y-19","label":"x194y-19","count":9}},{"type":"Feature","geometry":{"type":"Polygon","coordinates":[[[120.6389133225171,-9.44798587175262],[120.6389133225171,-8.971687899676542],[121.26076339118985,-8.971687899676542],[121.26076339118985,-9.44798587175262],[120.6389133225171,-9.44798587175262]]]},"properties":{"region_code":"x194y-20","label":"x194y-20","count":9}},{"type":"Feature","geometry":{"type":"Polygon","coordinates":[[[120.6389133225171,-9.9249264480659],[120.6389133225171,-9.44798587175262],[121.26076339118985,-9.44798587175262],[121.26076339118985,-9.9249264480659],[120.6389133225171,-9.9249264480659]]]},"properties":{"region_code":"x194y-21","label":"x194y-21","count":9}},{"type":"Feature","geometry":{"type":"Polygon","coordinates":[[[120.6389133225171,-10.40254463400518],[120.6389133225171,-9.9249264480659],[121.26076339118985,-9.9249264480659],[121.26076339118985,-10.40254463400518],[120.6389133225171,-10.40254463400518]]]},"properties":{"region_code":"x194y-22","label":"x194y-22","count":9}},{"type":"Feature","geometry":{"type":"Polygon","coordinates":[[[120.6389133225171,-10.880875878652345],[120.6389133225171,-10.40254463400518],[121.26076339118985,-10.40254463400518],[121.26076339118985,-10.880875878652345],[120.6389133225171,-10.880875878652345]]]},"properties":{"region_code":"x194y-23","label":"x194y-23","count":9}},{"type":"Feature","geometry":{"type":"Polygon","coordinates":[[[120.6389133225171,-11.359956101645574],[120.6389133225171,-10.880875878652345],[121.26076339118985,-10.880875878652345],[121.26076339118985,-11.359956101645574],[120.6389133225171,-11.359956101645574]]]},"properties":{"region_code":"x194y-24","label":"x194y-24","count":9}},{"type":"Feature","geometry":{"type":"Polygon","coordinates":[[[120.6389133225171,0.0],[120.6389133225171,0.4703230299809363],[121.26076339118985,0.4703230299809363],[121.26076339118985,0.0],[120.6389133225171,0.0]]]},"properties":{"region_code":"x194y000","label":"x194y000","count":9}},{"type":"Feature","geometry":{"type":"Polygon","coordinates":[[[120.6389133225171,0.4703230299809363],[120.6389133225171,0.9406769065449422],[121.26076339118985,0.9406769065449422],[121.26076339118985,0.4703230299809363],[120.6389133225171,0.4703230299809363]]]},"properties":{"region_code":"x194y001","label":"x194y001","count":9}},{"type":"Feature","geometry":{"type":"Polygon","coordinates":[[[120.6389133225171,0.9406769065449422],[120.6389133225171,1.411092494939981],[121.26076339118985,1.411092494939981],[121.26076339118985,0.9406769065449422],[120.6389133225171,0.9406769065449422]]]},"properties":{"region_code":"x194y002","label":"x194y002","count":9}},{"type":"Feature","geometry":{"type":"Polygon","coordinates":[[[120.6389133225171,1.411092494939981],[120.6389133225171,1.881600697775704],[121.26076339118985,1.881600697775704],[121.26076339118985,1.411092494939981],[120.6389133225171,1.411092494939981]]]},"properties":{"region_code":"x194y003","label":"x194y003","count":9}},{"type":"Feature","geometry":{"type":"Polygon","coordinates":[[[121.26076339118985,-0.47032302998093656],[121.26076339118985,0.0],[121.88261345986267,0.0],[121.88261345986267,-0.47032302998093656],[121.26076339118985,-0.47032302998093656]]]},"properties":{"region_code":"x195y-01","label":"x195y-01","count":9}},{"type":"Feature","geometry":{"type":"Polygon","coordinates":[[[121.26076339118985,-0.9406769065449366],[121.26076339118985,-0.47032302998093656],[121.88261345986267,-0.47032302998093656],[121.88261345986267,-0.9406769065449366],[121.26076339118985,-0.9406769065449366]]]},"properties":{"region_code":"x195y-02","label":"x195y-02","count":9}},{"type":"Feature","geometry":{"type":"Polygon","coordinates":[[[121.26076339118985,-1.411092494939997],[121.26076339118985,-0.9406769065449366],[121.88261345986267,-0.9406769065449366],[121.88261345986267,-1.411092494939997],[121.26076339118985,-1.411092494939997]]]},"properties":{"region_code":"x195y-03","label":"x195y-03","count":9}},{"type":"Feature","geometry":{"type":"Polygon","coordinates":[[[121.26076339118985,-1.881600697775689],[121.26076339118985,-1.411092494939997],[121.88261345986267,-1.411092494939997],[121.88261345986267,-1.881600697775689],[121.26076339118985,-1.881600697775689]]]},"properties":{"region_code":"x195y-04","label":"x195y-04","count":9}},{"type":"Feature","geometry":{"type":"Polygon","coordinates":[[[121.26076339118985,-2.3522324737816986],[121.26076339118985,-1.881600697775689],[121.88261345986267,-1.881600697775689],[121.88261345986267,-2.3522324737816986],[121.26076339118985,-2.3522324737816986]]]},"properties":{"region_code":"x195y-05","label":"x195y-05","count":9}},{"type":"Feature","geometry":{"type":"Polygon","coordinates":[[[121.26076339118985,-2.8230188566609358],[121.26076339118985,-2.3522324737816986],[121.88261345986267,-2.3522324737816986],[121.88261345986267,-2.8230188566609358],[121.26076339118985,-2.8230188566609358]]]},"properties":{"region_code":"x195y-06","label":"x195y-06","count":9}},{"type":"Feature","geometry":{"type":"Polygon","coordinates":[[[121.26076339118985,-3.293990974068208],[121.26076339118985,-2.8230188566609358],[121.88261345986267,-2.8230188566609358],[121.88261345986267,-3.293990974068208],[121.26076339118985,-3.293990974068208]]]},"properties":{"region_code":"x195y-07","label":"x195y-07","count":9}},{"type":"Feature","geometry":{"type":"Polygon","coordinates":[[[121.26076339118985,-3.765180066747392],[121.26076339118985,-3.293990974068208],[121.88261345986267,-3.293990974068208],[121.88261345986267,-3.765180066747392],[121.26076339118985,-3.765180066747392]]]},"properties":{"region_code":"x195y-08","label":"x195y-08","count":9}},{"type":"Feature","geometry":{"type":"Polygon","coordinates":[[[121.26076339118985,-4.236617507859314],[121.26076339118985,-3.765180066747392],[121.88261345986267,-3.765180066747392],[121.88261345986267,-4.236617507859314],[121.26076339118985,-4.236617507859314]]]},"properties":{"region_code":"x195y-09","label":"x195y-09","count":9}},{"type":"Feature","geometry":{"type":"Polygon","coordinates":[[[121.26076339118985,-4.708334822533896],[121.26076339118985,-4.236617507859314],[121.88261345986267,-4.236617507859314],[121.88261345986267,-4.708334822533896],[121.26076339118985,-4.708334822533896]]]},"properties":{"region_code":"x195y-10","label":"x195y-10","count":9}},{"type":"Feature","geometry":{"type":"Polygon","coordinates":[[[121.26076339118985,-5.1803637076811935],[121.26076339118985,-4.708334822533896],[121.88261345986267,-4.708334822533896],[121.88261345986267,-5.1803637076811935],[121.26076339118985,-5.1803637076811935]]]},"properties":{"region_code":"x195y-11","label":"x195y-11","count":9}},{"type":"Feature","geometry":{"type":"Polygon","coordinates":[[[121.26076339118985,-5.6527360520955305],[121.26076339118985,-5.1803637076811935],[121.88261345986267,-5.1803637076811935],[121.88261345986267,-5.6527360520955305],[121.26076339118985,-5.6527360520955305]]]},"properties":{"region_code":"x195y-12","label":"x195y-12","count":9}},{"type":"Feature","geometry":{"type":"Polygon","coordinates":[[[121.26076339118985,-6.125483956889529],[121.26076339118985,-5.6527360520955305],[121.88261345986267,-5.6527360520955305],[121.88261345986267,-6.125483956889529],[121.26076339118985,-6.125483956889529]]]},"properties":{"region_code":"x195y-13","label":"x195y-13","count":9}},{"type":"Feature","geometry":{"type":"Polygon","coordinates":[[[121.26076339118985,-6.598639756294533],[121.26076339118985,-6.125483956889529],[121.88261345986267,-6.125483956889529],[121.88261345986267,-6.598639756294533],[121.26076339118985,-6.598639756294533]]]},"properties":{"region_code":"x195y-14","label":"x195y-14","count":9}},{"type":"Feature","geometry":{"type":"Polygon","coordinates":[[[121.26076339118985,-7.072236038866301],[121.26076339118985,-6.598639756294533],[121.88261345986267,-6.598639756294533],[121.88261345986267,-7.072236038866301],[121.26076339118985,-7.072236038866301]]]},"properties":{"region_code":"x195y-15","label":"x195y-15","count":9}},{"type":"Feature","geometry":{"type":"Polygon","coordinates":[[[121.26076339118985,-7.546305669135457],[121.26076339118985,-7.072236038866301],[121.88261345986267,-7.072236038866301],[121.88261345986267,-7.546305669135457],[121.26076339118985,-7.546305669135457]]]},"properties":{"region_code":"x195y-16","label":"x195y-16","count":9}},{"type":"Feature","geometry":{"type":"Polygon","coordinates":[[[121.26076339118985,-8.020881809744264],[121.26076339118985,-7.546305669135457],[121.88261345986267,-7.546305669135457],[121.88261345986267,-8.020881809744264],[121.26076339118985,-8.020881809744264]]]},"properties":{"region_code":"x195y-17","label":"x195y-17","count":9}},{"type":"Feature","geometry":{"type":"Polygon","coordinates":[[[121.26076339118985,-8.495997944112283],[121.26076339118985,-8.020881809744264],[121.88261345986267,-8.020881809744264],[121.88261345986267,-8.495997944112283],[121.26076339118985,-8.495997944112283]]]},"properties":{"region_code":"x195y-18","label":"x195y-18","count":9}},{"type":"Feature","geometry":{"type":"Polygon","coordinates":[[[121.26076339118985,-8.971687899676542],[121.26076339118985,-8.495997944112283],[121.88261345986267,-8.495997944112283],[121.88261345986267,-8.971687899676542],[121.26076339118985,-8.971687899676542]]]},"properties":{"region_code":"x195y-19","label":"x195y-19","count":9}},{"type":"Feature","geometry":{"type":"Polygon","coordinates":[[[121.26076339118985,-9.44798587175262],[121.26076339118985,-8.971687899676542],[121.88261345986267,-8.971687899676542],[121.88261345986267,-9.44798587175262],[121.26076339118985,-9.44798587175262]]]},"properties":{"region_code":"x195y-20","label":"x195y-20","count":9}},{"type":"Feature","geometry":{"type":"Polygon","coordinates":[[[121.26076339118985,-9.9249264480659],[121.26076339118985,-9.44798587175262],[121.88261345986267,-9.44798587175262],[121.88261345986267,-9.9249264480659],[121.26076339118985,-9.9249264480659]]]},"properties":{"region_code":"x195y-21","label":"x195y-21","count":9}},{"type":"Feature","geometry":{"type":"Polygon","coordinates":[[[121.26076339118985,-10.40254463400518],[121.26076339118985,-9.9249264480659],[121.88261345986267,-9.9249264480659],[121.88261345986267,-10.40254463400518],[121.26076339118985,-10.40254463400518]]]},"properties":{"region_code":"x195y-22","label":"x195y-22","count":9}},{"type":"Feature","geometry":{"type":"Polygon","coordinates":[[[121.26076339118985,-10.880875878652345],[121.26076339118985,-10.40254463400518],[121.88261345986267,-10.40254463400518],[121.88261345986267,-10.880875878652345],[121.26076339118985,-10.880875878652345]]]},"properties":{"region_code":"x195y-23","label":"x195y-23","count":9}},{"type":"Feature","geometry":{"type":"Polygon","coordinates":[[[121.26076339118985,-11.359956101645574],[121.26076339118985,-10.880875878652345],[121.88261345986267,-10.880875878652345],[121.88261345986267,-11.359956101645574],[121.26076339118985,-11.359956101645574]]]},"properties":{"region_code":"x195y-24","label":"x195y-24","count":9}},{"type":"Feature","geometry":{"type":"Polygon","coordinates":[[[121.26076339118985,0.0],[121.26076339118985,0.4703230299809363],[121.88261345986267,0.4703230299809363],[121.88261345986267,0.0],[121.26076339118985,0.0]]]},"properties":{"region_code":"x195y000","label":"x195y000","count":9}},{"type":"Feature","geometry":{"type":"Polygon","coordinates":[[[121.26076339118985,0.4703230299809363],[121.26076339118985,0.9406769065449422],[121.88261345986267,0.9406769065449422],[121.88261345986267,0.4703230299809363],[121.26076339118985,0.4703230299809363]]]},"properties":{"region_code":"x195y001","label":"x195y001","count":9}},{"type":"Feature","geometry":{"type":"Polygon","coordinates":[[[121.26076339118985,0.9406769065449422],[121.26076339118985,1.411092494939981],[121.88261345986267,1.411092494939981],[121.88261345986267,0.9406769065449422],[121.26076339118985,0.9406769065449422]]]},"properties":{"region_code":"x195y002","label":"x195y002","count":9}},{"type":"Feature","geometry":{"type":"Polygon","coordinates":[[[121.26076339118985,1.411092494939981],[121.26076339118985,1.881600697775704],[121.88261345986267,1.881600697775704],[121.88261345986267,1.411092494939981],[121.26076339118985,1.411092494939981]]]},"properties":{"region_code":"x195y003","label":"x195y003","count":9}},{"type":"Feature","geometry":{"type":"Polygon","coordinates":[[[121.88261345986267,-0.47032302998093656],[121.88261345986267,0.0],[122.50446352853542,0.0],[122.50446352853542,-0.47032302998093656],[121.88261345986267,-0.47032302998093656]]]},"properties":{"region_code":"x196y-01","label":"x196y-01","count":9}},{"type":"Feature","geometry":{"type":"Polygon","coordinates":[[[121.88261345986267,-0.9406769065449366],[121.88261345986267,-0.47032302998093656],[122.50446352853542,-0.47032302998093656],[122.50446352853542,-0.9406769065449366],[121.88261345986267,-0.9406769065449366]]]},"properties":{"region_code":"x196y-02","label":"x196y-02","count":9}},{"type":"Feature","geometry":{"type":"Polygon","coordinates":[[[121.88261345986267,-1.411092494939997],[121.88261345986267,-0.9406769065449366],[122.50446352853542,-0.9406769065449366],[122.50446352853542,-1.411092494939997],[121.88261345986267,-1.411092494939997]]]},"properties":{"region_code":"x196y-03","label":"x196y-03","count":9}},{"type":"Feature","geometry":{"type":"Polygon","coordinates":[[[121.88261345986267,-1.881600697775689],[121.88261345986267,-1.411092494939997],[122.50446352853542,-1.411092494939997],[122.50446352853542,-1.881600697775689],[121.88261345986267,-1.881600697775689]]]},"properties":{"region_code":"x196y-04","label":"x196y-04","count":9}},{"type":"Feature","geometry":{"type":"Polygon","coordinates":[[[121.88261345986267,-2.3522324737816986],[121.88261345986267,-1.881600697775689],[122.50446352853542,-1.881600697775689],[122.50446352853542,-2.3522324737816986],[121.88261345986267,-2.3522324737816986]]]},"properties":{"region_code":"x196y-05","label":"x196y-05","count":9}},{"type":"Feature","geometry":{"type":"Polygon","coordinates":[[[121.88261345986267,-2.8230188566609358],[121.88261345986267,-2.3522324737816986],[122.50446352853542,-2.3522324737816986],[122.50446352853542,-2.8230188566609358],[121.88261345986267,-2.8230188566609358]]]},"properties":{"region_code":"x196y-06","label":"x196y-06","count":9}},{"type":"Feature","geometry":{"type":"Polygon","coordinates":[[[121.88261345986267,-3.293990974068208],[121.88261345986267,-2.8230188566609358],[122.50446352853542,-2.8230188566609358],[122.50446352853542,-3.293990974068208],[121.88261345986267,-3.293990974068208]]]},"properties":{"region_code":"x196y-07","label":"x196y-07","count":9}},{"type":"Feature","geometry":{"type":"Polygon","coordinates":[[[121.88261345986267,-3.765180066747392],[121.88261345986267,-3.293990974068208],[122.50446352853542,-3.293990974068208],[122.50446352853542,-3.765180066747392],[121.88261345986267,-3.765180066747392]]]},"properties":{"region_code":"x196y-08","label":"x196y-08","count":9}},{"type":"Feature","geometry":{"type":"Polygon","coordinates":[[[121.88261345986267,-4.236617507859314],[121.88261345986267,-3.765180066747392],[122.50446352853542,-3.765180066747392],[122.50446352853542,-4.236617507859314],[121.88261345986267,-4.236617507859314]]]},"properties":{"region_code":"x196y-09","label":"x196y-09","count":9}},{"type":"Feature","geometry":{"type":"Polygon","coordinates":[[[121.88261345986267,-4.708334822533896],[121.88261345986267,-4.236617507859314],[122.50446352853542,-4.236617507859314],[122.50446352853542,-4.708334822533896],[121.88261345986267,-4.708334822533896]]]},"properties":{"region_code":"x196y-10","label":"x196y-10","count":9}},{"type":"Feature","geometry":{"type":"Polygon","coordinates":[[[121.88261345986267,-5.1803637076811935],[121.88261345986267,-4.708334822533896],[122.50446352853542,-4.708334822533896],[122.50446352853542,-5.1803637076811935],[121.88261345986267,-5.1803637076811935]]]},"properties":{"region_code":"x196y-11","label":"x196y-11","count":9}},{"type":"Feature","geometry":{"type":"Polygon","coordinates":[[[121.88261345986267,-5.6527360520955305],[121.88261345986267,-5.1803637076811935],[122.50446352853542,-5.1803637076811935],[122.50446352853542,-5.6527360520955305],[121.88261345986267,-5.6527360520955305]]]},"properties":{"region_code":"x196y-12","label":"x196y-12","count":9}},{"type":"Feature","geometry":{"type":"Polygon","coordinates":[[[121.88261345986267,-6.125483956889529],[121.88261345986267,-5.6527360520955305],[122.50446352853542,-5.6527360520955305],[122.50446352853542,-6.125483956889529],[121.88261345986267,-6.125483956889529]]]},"properties":{"region_code":"x196y-13","label":"x196y-13","count":9}},{"type":"Feature","geometry":{"type":"Polygon","coordinates":[[[121.88261345986267,-6.598639756294533],[121.88261345986267,-6.125483956889529],[122.50446352853542,-6.125483956889529],[122.50446352853542,-6.598639756294533],[121.88261345986267,-6.598639756294533]]]},"properties":{"region_code":"x196y-14","label":"x196y-14","count":9}},{"type":"Feature","geometry":{"type":"Polygon","coordinates":[[[121.88261345986267,-7.072236038866301],[121.88261345986267,-6.598639756294533],[122.50446352853542,-6.598639756294533],[122.50446352853542,-7.072236038866301],[121.88261345986267,-7.072236038866301]]]},"properties":{"region_code":"x196y-15","label":"x196y-15","count":9}},{"type":"Feature","geometry":{"type":"Polygon","coordinates":[[[121.88261345986267,-7.546305669135457],[121.88261345986267,-7.072236038866301],[122.50446352853542,-7.072236038866301],[122.50446352853542,-7.546305669135457],[121.88261345986267,-7.546305669135457]]]},"properties":{"region_code":"x196y-16","label":"x196y-16","count":9}},{"type":"Feature","geometry":{"type":"Polygon","coordinates":[[[121.88261345986267,-8.020881809744264],[121.88261345986267,-7.546305669135457],[122.50446352853542,-7.546305669135457],[122.50446352853542,-8.020881809744264],[121.88261345986267,-8.020881809744264]]]},"properties":{"region_code":"x196y-17","label":"x196y-17","count":9}},{"type":"Feature","geometry":{"type":"Polygon","coordinates":[[[121.88261345986267,-8.495997944112283],[121.88261345986267,-8.020881809744264],[122.50446352853542,-8.020881809744264],[122.50446352853542,-8.495997944112283],[121.88261345986267,-8.495997944112283]]]},"properties":{"region_code":"x196y-18","label":"x196y-18","count":9}},{"type":"Feature","geometry":{"type":"Polygon","coordinates":[[[121.88261345986267,-8.971687899676542],[121.88261345986267,-8.495997944112283],[122.50446352853542,-8.495997944112283],[122.50446352853542,-8.971687899676542],[121.88261345986267,-8.971687899676542]]]},"properties":{"region_code":"x196y-19","label":"x196y-19","count":9}},{"type":"Feature","geometry":{"type":"Polygon","coordinates":[[[121.88261345986267,-9.44798587175262],[121.88261345986267,-8.971687899676542],[122.50446352853542,-8.971687899676542],[122.50446352853542,-9.44798587175262],[121.88261345986267,-9.44798587175262]]]},"properties":{"region_code":"x196y-20","label":"x196y-20","count":9}},{"type":"Feature","geometry":{"type":"Polygon","coordinates":[[[121.88261345986267,-9.9249264480659],[121.88261345986267,-9.44798587175262],[122.50446352853542,-9.44798587175262],[122.50446352853542,-9.9249264480659],[121.88261345986267,-9.9249264480659]]]},"properties":{"region_code":"x196y-21","label":"x196y-21","count":9}},{"type":"Feature","geometry":{"type":"Polygon","coordinates":[[[121.88261345986267,-10.40254463400518],[121.88261345986267,-9.9249264480659],[122.50446352853542,-9.9249264480659],[122.50446352853542,-10.40254463400518],[121.88261345986267,-10.40254463400518]]]},"properties":{"region_code":"x196y-22","label":"x196y-22","count":9}},{"type":"Feature","geometry":{"type":"Polygon","coordinates":[[[121.88261345986267,-10.880875878652345],[121.88261345986267,-10.40254463400518],[122.50446352853542,-10.40254463400518],[122.50446352853542,-10.880875878652345],[121.88261345986267,-10.880875878652345]]]},"properties":{"region_code":"x196y-23","label":"x196y-23","count":9}},{"type":"Feature","geometry":{"type":"Polygon","coordinates":[[[121.88261345986267,-11.359956101645574],[121.88261345986267,-10.880875878652345],[122.50446352853542,-10.880875878652345],[122.50446352853542,-11.359956101645574],[121.88261345986267,-11.359956101645574]]]},"properties":{"region_code":"x196y-24","label":"x196y-24","count":9}},{"type":"Feature","geometry":{"type":"Polygon","coordinates":[[[121.88261345986267,0.0],[121.88261345986267,0.4703230299809363],[122.50446352853542,0.4703230299809363],[122.50446352853542,0.0],[121.88261345986267,0.0]]]},"properties":{"region_code":"x196y000","label":"x196y000","count":9}},{"type":"Feature","geometry":{"type":"Polygon","coordinates":[[[121.88261345986267,0.4703230299809363],[121.88261345986267,0.9406769065449422],[122.50446352853542,0.9406769065449422],[122.50446352853542,0.4703230299809363],[121.88261345986267,0.4703230299809363]]]},"properties":{"region_code":"x196y001","label":"x196y001","count":9}},{"type":"Feature","geometry":{"type":"Polygon","coordinates":[[[121.88261345986267,0.9406769065449422],[121.88261345986267,1.411092494939981],[122.50446352853542,1.411092494939981],[122.50446352853542,0.9406769065449422],[121.88261345986267,0.9406769065449422]]]},"properties":{"region_code":"x196y002","label":"x196y002","count":9}},{"type":"Feature","geometry":{"type":"Polygon","coordinates":[[[121.88261345986267,1.411092494939981],[121.88261345986267,1.881600697775704],[122.50446352853542,1.881600697775704],[122.50446352853542,1.411092494939981],[121.88261345986267,1.411092494939981]]]},"properties":{"region_code":"x196y003","label":"x196y003","count":9}},{"type":"Feature","geometry":{"type":"Polygon","coordinates":[[[122.50446352853542,-0.47032302998093656],[122.50446352853542,0.0],[123.1263135972082,0.0],[123.1263135972082,-0.47032302998093656],[122.50446352853542,-0.47032302998093656]]]},"properties":{"region_code":"x197y-01","label":"x197y-01","count":9}},{"type":"Feature","geometry":{"type":"Polygon","coordinates":[[[122.50446352853542,-0.9406769065449366],[122.50446352853542,-0.47032302998093656],[123.1263135972082,-0.47032302998093656],[123.1263135972082,-0.9406769065449366],[122.50446352853542,-0.9406769065449366]]]},"properties":{"region_code":"x197y-02","label":"x197y-02","count":9}},{"type":"Feature","geometry":{"type":"Polygon","coordinates":[[[122.50446352853542,-1.411092494939997],[122.50446352853542,-0.9406769065449366],[123.1263135972082,-0.9406769065449366],[123.1263135972082,-1.411092494939997],[122.50446352853542,-1.411092494939997]]]},"properties":{"region_code":"x197y-03","label":"x197y-03","count":9}},{"type":"Feature","geometry":{"type":"Polygon","coordinates":[[[122.50446352853542,-1.881600697775689],[122.50446352853542,-1.411092494939997],[123.1263135972082,-1.411092494939997],[123.1263135972082,-1.881600697775689],[122.50446352853542,-1.881600697775689]]]},"properties":{"region_code":"x197y-04","label":"x197y-04","count":9}},{"type":"Feature","geometry":{"type":"Polygon","coordinates":[[[122.50446352853542,-2.3522324737816986],[122.50446352853542,-1.881600697775689],[123.1263135972082,-1.881600697775689],[123.1263135972082,-2.3522324737816986],[122.50446352853542,-2.3522324737816986]]]},"properties":{"region_code":"x197y-05","label":"x197y-05","count":9}},{"type":"Feature","geometry":{"type":"Polygon","coordinates":[[[122.50446352853542,-2.8230188566609358],[122.50446352853542,-2.3522324737816986],[123.1263135972082,-2.3522324737816986],[123.1263135972082,-2.8230188566609358],[122.50446352853542,-2.8230188566609358]]]},"properties":{"region_code":"x197y-06","label":"x197y-06","count":9}},{"type":"Feature","geometry":{"type":"Polygon","coordinates":[[[122.50446352853542,-3.293990974068208],[122.50446352853542,-2.8230188566609358],[123.1263135972082,-2.8230188566609358],[123.1263135972082,-3.293990974068208],[122.50446352853542,-3.293990974068208]]]},"properties":{"region_code":"x197y-07","label":"x197y-07","count":9}},{"type":"Feature","geometry":{"type":"Polygon","coordinates":[[[122.50446352853542,-3.765180066747392],[122.50446352853542,-3.293990974068208],[123.1263135972082,-3.293990974068208],[123.1263135972082,-3.765180066747392],[122.50446352853542,-3.765180066747392]]]},"properties":{"region_code":"x197y-08","label":"x197y-08","count":9}},{"type":"Feature","geometry":{"type":"Polygon","coordinates":[[[122.50446352853542,-4.236617507859314],[122.50446352853542,-3.765180066747392],[123.1263135972082,-3.765180066747392],[123.1263135972082,-4.236617507859314],[122.50446352853542,-4.236617507859314]]]},"properties":{"region_code":"x197y-09","label":"x197y-09","count":9}},{"type":"Feature","geometry":{"type":"Polygon","coordinates":[[[122.50446352853542,-4.708334822533896],[122.50446352853542,-4.236617507859314],[123.1263135972082,-4.236617507859314],[123.1263135972082,-4.708334822533896],[122.50446352853542,-4.708334822533896]]]},"properties":{"region_code":"x197y-10","label":"x197y-10","count":9}},{"type":"Feature","geometry":{"type":"Polygon","coordinates":[[[122.50446352853542,-5.1803637076811935],[122.50446352853542,-4.708334822533896],[123.1263135972082,-4.708334822533896],[123.1263135972082,-5.1803637076811935],[122.50446352853542,-5.1803637076811935]]]},"properties":{"region_code":"x197y-11","label":"x197y-11","count":9}},{"type":"Feature","geometry":{"type":"Polygon","coordinates":[[[122.50446352853542,-5.6527360520955305],[122.50446352853542,-5.1803637076811935],[123.1263135972082,-5.1803637076811935],[123.1263135972082,-5.6527360520955305],[122.50446352853542,-5.6527360520955305]]]},"properties":{"region_code":"x197y-12","label":"x197y-12","count":9}},{"type":"Feature","geometry":{"type":"Polygon","coordinates":[[[122.50446352853542,-6.125483956889529],[122.50446352853542,-5.6527360520955305],[123.1263135972082,-5.6527360520955305],[123.1263135972082,-6.125483956889529],[122.50446352853542,-6.125483956889529]]]},"properties":{"region_code":"x197y-13","label":"x197y-13","count":9}},{"type":"Feature","geometry":{"type":"Polygon","coordinates":[[[122.50446352853542,-6.598639756294533],[122.50446352853542,-6.125483956889529],[123.1263135972082,-6.125483956889529],[123.1263135972082,-6.598639756294533],[122.50446352853542,-6.598639756294533]]]},"properties":{"region_code":"x197y-14","label":"x197y-14","count":9}},{"type":"Feature","geometry":{"type":"Polygon","coordinates":[[[122.50446352853542,-7.072236038866301],[122.50446352853542,-6.598639756294533],[123.1263135972082,-6.598639756294533],[123.1263135972082,-7.072236038866301],[122.50446352853542,-7.072236038866301]]]},"properties":{"region_code":"x197y-15","label":"x197y-15","count":9}},{"type":"Feature","geometry":{"type":"Polygon","coordinates":[[[122.50446352853542,-7.546305669135457],[122.50446352853542,-7.072236038866301],[123.1263135972082,-7.072236038866301],[123.1263135972082,-7.546305669135457],[122.50446352853542,-7.546305669135457]]]},"properties":{"region_code":"x197y-16","label":"x197y-16","count":9}},{"type":"Feature","geometry":{"type":"Polygon","coordinates":[[[122.50446352853542,-8.020881809744264],[122.50446352853542,-7.546305669135457],[123.1263135972082,-7.546305669135457],[123.1263135972082,-8.020881809744264],[122.50446352853542,-8.020881809744264]]]},"properties":{"region_code":"x197y-17","label":"x197y-17","count":9}},{"type":"Feature","geometry":{"type":"Polygon","coordinates":[[[122.50446352853542,-8.495997944112283],[122.50446352853542,-8.020881809744264],[123.1263135972082,-8.020881809744264],[123.1263135972082,-8.495997944112283],[122.50446352853542,-8.495997944112283]]]},"properties":{"region_code":"x197y-18","label":"x197y-18","count":9}},{"type":"Feature","geometry":{"type":"Polygon","coordinates":[[[122.50446352853542,-8.971687899676542],[122.50446352853542,-8.495997944112283],[123.1263135972082,-8.495997944112283],[123.1263135972082,-8.971687899676542],[122.50446352853542,-8.971687899676542]]]},"properties":{"region_code":"x197y-19","label":"x197y-19","count":9}},{"type":"Feature","geometry":{"type":"Polygon","coordinates":[[[122.50446352853542,-9.44798587175262],[122.50446352853542,-8.971687899676542],[123.1263135972082,-8.971687899676542],[123.1263135972082,-9.44798587175262],[122.50446352853542,-9.44798587175262]]]},"properties":{"region_code":"x197y-20","label":"x197y-20","count":9}},{"type":"Feature","geometry":{"type":"Polygon","coordinates":[[[122.50446352853542,-9.9249264480659],[122.50446352853542,-9.44798587175262],[123.1263135972082,-9.44798587175262],[123.1263135972082,-9.9249264480659],[122.50446352853542,-9.9249264480659]]]},"properties":{"region_code":"x197y-21","label":"x197y-21","count":9}},{"type":"Feature","geometry":{"type":"Polygon","coordinates":[[[122.50446352853542,-10.40254463400518],[122.50446352853542,-9.9249264480659],[123.1263135972082,-9.9249264480659],[123.1263135972082,-10.40254463400518],[122.50446352853542,-10.40254463400518]]]},"properties":{"region_code":"x197y-22","label":"x197y-22","count":9}},{"type":"Feature","geometry":{"type":"Polygon","coordinates":[[[122.50446352853542,-10.880875878652345],[122.50446352853542,-10.40254463400518],[123.1263135972082,-10.40254463400518],[123.1263135972082,-10.880875878652345],[122.50446352853542,-10.880875878652345]]]},"properties":{"region_code":"x197y-23","label":"x197y-23","count":9}},{"type":"Feature","geometry":{"type":"Polygon","coordinates":[[[122.50446352853542,-11.359956101645574],[122.50446352853542,-10.880875878652345],[123.1263135972082,-10.880875878652345],[123.1263135972082,-11.359956101645574],[122.50446352853542,-11.359956101645574]]]},"properties":{"region_code":"x197y-24","label":"x197y-24","count":9}},{"type":"Feature","geometry":{"type":"Polygon","coordinates":[[[122.50446352853542,0.0],[122.50446352853542,0.4703230299809363],[123.1263135972082,0.4703230299809363],[123.1263135972082,0.0],[122.50446352853542,0.0]]]},"properties":{"region_code":"x197y000","label":"x197y000","count":9}},{"type":"Feature","geometry":{"type":"Polygon","coordinates":[[[122.50446352853542,0.4703230299809363],[122.50446352853542,0.9406769065449422],[123.1263135972082,0.9406769065449422],[123.1263135972082,0.4703230299809363],[122.50446352853542,0.4703230299809363]]]},"properties":{"region_code":"x197y001","label":"x197y001","count":9}},{"type":"Feature","geometry":{"type":"Polygon","coordinates":[[[122.50446352853542,0.9406769065449422],[122.50446352853542,1.411092494939981],[123.1263135972082,1.411092494939981],[123.1263135972082,0.9406769065449422],[122.50446352853542,0.9406769065449422]]]},"properties":{"region_code":"x197y002","label":"x197y002","count":9}},{"type":"Feature","geometry":{"type":"Polygon","coordinates":[[[123.1263135972082,-0.47032302998093656],[123.1263135972082,0.0],[123.74816366588092,0.0],[123.74816366588092,-0.47032302998093656],[123.1263135972082,-0.47032302998093656]]]},"properties":{"region_code":"x198y-01","label":"x198y-01","count":9}},{"type":"Feature","geometry":{"type":"Polygon","coordinates":[[[123.1263135972082,-0.9406769065449366],[123.1263135972082,-0.47032302998093656],[123.74816366588092,-0.47032302998093656],[123.74816366588092,-0.9406769065449366],[123.1263135972082,-0.9406769065449366]]]},"properties":{"region_code":"x198y-02","label":"x198y-02","count":9}},{"type":"Feature","geometry":{"type":"Polygon","coordinates":[[[123.1263135972082,-1.411092494939997],[123.1263135972082,-0.9406769065449366],[123.74816366588092,-0.9406769065449366],[123.74816366588092,-1.411092494939997],[123.1263135972082,-1.411092494939997]]]},"properties":{"region_code":"x198y-03","label":"x198y-03","count":9}},{"type":"Feature","geometry":{"type":"Polygon","coordinates":[[[123.1263135972082,-1.881600697775689],[123.1263135972082,-1.411092494939997],[123.74816366588092,-1.411092494939997],[123.74816366588092,-1.881600697775689],[123.1263135972082,-1.881600697775689]]]},"properties":{"region_code":"x198y-04","label":"x198y-04","count":9}},{"type":"Feature","geometry":{"type":"Polygon","coordinates":[[[123.1263135972082,-2.3522324737816986],[123.1263135972082,-1.881600697775689],[123.74816366588092,-1.881600697775689],[123.74816366588092,-2.3522324737816986],[123.1263135972082,-2.3522324737816986]]]},"properties":{"region_code":"x198y-05","label":"x198y-05","count":9}},{"type":"Feature","geometry":{"type":"Polygon","coordinates":[[[123.1263135972082,-2.8230188566609358],[123.1263135972082,-2.3522324737816986],[123.74816366588092,-2.3522324737816986],[123.74816366588092,-2.8230188566609358],[123.1263135972082,-2.8230188566609358]]]},"properties":{"region_code":"x198y-06","label":"x198y-06","count":9}},{"type":"Feature","geometry":{"type":"Polygon","coordinates":[[[123.1263135972082,-3.293990974068208],[123.1263135972082,-2.8230188566609358],[123.74816366588092,-2.8230188566609358],[123.74816366588092,-3.293990974068208],[123.1263135972082,-3.293990974068208]]]},"properties":{"region_code":"x198y-07","label":"x198y-07","count":9}},{"type":"Feature","geometry":{"type":"Polygon","coordinates":[[[123.1263135972082,-3.765180066747392],[123.1263135972082,-3.293990974068208],[123.74816366588092,-3.293990974068208],[123.74816366588092,-3.765180066747392],[123.1263135972082,-3.765180066747392]]]},"properties":{"region_code":"x198y-08","label":"x198y-08","count":9}},{"type":"Feature","geometry":{"type":"Polygon","coordinates":[[[123.1263135972082,-4.236617507859314],[123.1263135972082,-3.765180066747392],[123.74816366588092,-3.765180066747392],[123.74816366588092,-4.236617507859314],[123.1263135972082,-4.236617507859314]]]},"properties":{"region_code":"x198y-09","label":"x198y-09","count":9}},{"type":"Feature","geometry":{"type":"Polygon","coordinates":[[[123.1263135972082,-4.708334822533896],[123.1263135972082,-4.236617507859314],[123.74816366588092,-4.236617507859314],[123.74816366588092,-4.708334822533896],[123.1263135972082,-4.708334822533896]]]},"properties":{"region_code":"x198y-10","label":"x198y-10","count":9}},{"type":"Feature","geometry":{"type":"Polygon","coordinates":[[[123.1263135972082,-5.1803637076811935],[123.1263135972082,-4.708334822533896],[123.74816366588092,-4.708334822533896],[123.74816366588092,-5.1803637076811935],[123.1263135972082,-5.1803637076811935]]]},"properties":{"region_code":"x198y-11","label":"x198y-11","count":9}},{"type":"Feature","geometry":{"type":"Polygon","coordinates":[[[123.1263135972082,-5.6527360520955305],[123.1263135972082,-5.1803637076811935],[123.74816366588092,-5.1803637076811935],[123.74816366588092,-5.6527360520955305],[123.1263135972082,-5.6527360520955305]]]},"properties":{"region_code":"x198y-12","label":"x198y-12","count":9}},{"type":"Feature","geometry":{"type":"Polygon","coordinates":[[[123.1263135972082,-6.125483956889529],[123.1263135972082,-5.6527360520955305],[123.74816366588092,-5.6527360520955305],[123.74816366588092,-6.125483956889529],[123.1263135972082,-6.125483956889529]]]},"properties":{"region_code":"x198y-13","label":"x198y-13","count":9}},{"type":"Feature","geometry":{"type":"Polygon","coordinates":[[[123.1263135972082,-6.598639756294533],[123.1263135972082,-6.125483956889529],[123.74816366588092,-6.125483956889529],[123.74816366588092,-6.598639756294533],[123.1263135972082,-6.598639756294533]]]},"properties":{"region_code":"x198y-14","label":"x198y-14","count":9}},{"type":"Feature","geometry":{"type":"Polygon","coordinates":[[[123.1263135972082,-7.072236038866301],[123.1263135972082,-6.598639756294533],[123.74816366588092,-6.598639756294533],[123.74816366588092,-7.072236038866301],[123.1263135972082,-7.072236038866301]]]},"properties":{"region_code":"x198y-15","label":"x198y-15","count":9}},{"type":"Feature","geometry":{"type":"Polygon","coordinates":[[[123.1263135972082,-7.546305669135457],[123.1263135972082,-7.072236038866301],[123.74816366588092,-7.072236038866301],[123.74816366588092,-7.546305669135457],[123.1263135972082,-7.546305669135457]]]},"properties":{"region_code":"x198y-16","label":"x198y-16","count":9}},{"type":"Feature","geometry":{"type":"Polygon","coordinates":[[[123.1263135972082,-8.020881809744264],[123.1263135972082,-7.546305669135457],[123.74816366588092,-7.546305669135457],[123.74816366588092,-8.020881809744264],[123.1263135972082,-8.020881809744264]]]},"properties":{"region_code":"x198y-17","label":"x198y-17","count":9}},{"type":"Feature","geometry":{"type":"Polygon","coordinates":[[[123.1263135972082,-8.495997944112283],[123.1263135972082,-8.020881809744264],[123.74816366588092,-8.020881809744264],[123.74816366588092,-8.495997944112283],[123.1263135972082,-8.495997944112283]]]},"properties":{"region_code":"x198y-18","label":"x198y-18","count":9}},{"type":"Feature","geometry":{"type":"Polygon","coordinates":[[[123.1263135972082,-8.971687899676542],[123.1263135972082,-8.495997944112283],[123.74816366588092,-8.495997944112283],[123.74816366588092,-8.971687899676542],[123.1263135972082,-8.971687899676542]]]},"properties":{"region_code":"x198y-19","label":"x198y-19","count":9}},{"type":"Feature","geometry":{"type":"Polygon","coordinates":[[[123.1263135972082,-9.44798587175262],[123.1263135972082,-8.971687899676542],[123.74816366588092,-8.971687899676542],[123.74816366588092,-9.44798587175262],[123.1263135972082,-9.44798587175262]]]},"properties":{"region_code":"x198y-20","label":"x198y-20","count":9}},{"type":"Feature","geometry":{"type":"Polygon","coordinates":[[[123.1263135972082,-9.9249264480659],[123.1263135972082,-9.44798587175262],[123.74816366588092,-9.44798587175262],[123.74816366588092,-9.9249264480659],[123.1263135972082,-9.9249264480659]]]},"properties":{"region_code":"x198y-21","label":"x198y-21","count":9}},{"type":"Feature","geometry":{"type":"Polygon","coordinates":[[[123.1263135972082,-10.40254463400518],[123.1263135972082,-9.9249264480659],[123.74816366588092,-9.9249264480659],[123.74816366588092,-10.40254463400518],[123.1263135972082,-10.40254463400518]]]},"properties":{"region_code":"x198y-22","label":"x198y-22","count":9}},{"type":"Feature","geometry":{"type":"Polygon","coordinates":[[[123.1263135972082,-10.880875878652345],[123.1263135972082,-10.40254463400518],[123.74816366588092,-10.40254463400518],[123.74816366588092,-10.880875878652345],[123.1263135972082,-10.880875878652345]]]},"properties":{"region_code":"x198y-23","label":"x198y-23","count":9}},{"type":"Feature","geometry":{"type":"Polygon","coordinates":[[[123.1263135972082,-11.359956101645574],[123.1263135972082,-10.880875878652345],[123.74816366588092,-10.880875878652345],[123.74816366588092,-11.359956101645574],[123.1263135972082,-11.359956101645574]]]},"properties":{"region_code":"x198y-24","label":"x198y-24","count":9}},{"type":"Feature","geometry":{"type":"Polygon","coordinates":[[[123.1263135972082,0.0],[123.1263135972082,0.4703230299809363],[123.74816366588092,0.4703230299809363],[123.74816366588092,0.0],[123.1263135972082,0.0]]]},"properties":{"region_code":"x198y000","label":"x198y000","count":9}},{"type":"Feature","geometry":{"type":"Polygon","coordinates":[[[123.1263135972082,0.4703230299809363],[123.1263135972082,0.9406769065449422],[123.74816366588092,0.9406769065449422],[123.74816366588092,0.4703230299809363],[123.1263135972082,0.4703230299809363]]]},"properties":{"region_code":"x198y001","label":"x198y001","count":9}},{"type":"Feature","geometry":{"type":"Polygon","coordinates":[[[123.1263135972082,0.9406769065449422],[123.1263135972082,1.411092494939981],[123.74816366588092,1.411092494939981],[123.74816366588092,0.9406769065449422],[123.1263135972082,0.9406769065449422]]]},"properties":{"region_code":"x198y002","label":"x198y002","count":9}},{"type":"Feature","geometry":{"type":"Polygon","coordinates":[[[123.74816366588092,-0.47032302998093656],[123.74816366588092,0.0],[124.37001373455374,0.0],[124.37001373455374,-0.47032302998093656],[123.74816366588092,-0.47032302998093656]]]},"properties":{"region_code":"x199y-01","label":"x199y-01","count":9}},{"type":"Feature","geometry":{"type":"Polygon","coordinates":[[[123.74816366588092,-0.9406769065449366],[123.74816366588092,-0.47032302998093656],[124.37001373455374,-0.47032302998093656],[124.37001373455374,-0.9406769065449366],[123.74816366588092,-0.9406769065449366]]]},"properties":{"region_code":"x199y-02","label":"x199y-02","count":9}},{"type":"Feature","geometry":{"type":"Polygon","coordinates":[[[123.74816366588092,-1.411092494939997],[123.74816366588092,-0.9406769065449366],[124.37001373455374,-0.9406769065449366],[124.37001373455374,-1.411092494939997],[123.74816366588092,-1.411092494939997]]]},"properties":{"region_code":"x199y-03","label":"x199y-03","count":9}},{"type":"Feature","geometry":{"type":"Polygon","coordinates":[[[123.74816366588092,-1.881600697775689],[123.74816366588092,-1.411092494939997],[124.37001373455374,-1.411092494939997],[124.37001373455374,-1.881600697775689],[123.74816366588092,-1.881600697775689]]]},"properties":{"region_code":"x199y-04","label":"x199y-04","count":9}},{"type":"Feature","geometry":{"type":"Polygon","coordinates":[[[123.74816366588092,-2.3522324737816986],[123.74816366588092,-1.881600697775689],[124.37001373455374,-1.881600697775689],[124.37001373455374,-2.3522324737816986],[123.74816366588092,-2.3522324737816986]]]},"properties":{"region_code":"x199y-05","label":"x199y-05","count":9}},{"type":"Feature","geometry":{"type":"Polygon","coordinates":[[[123.74816366588092,-2.8230188566609358],[123.74816366588092,-2.3522324737816986],[124.37001373455374,-2.3522324737816986],[124.37001373455374,-2.8230188566609358],[123.74816366588092,-2.8230188566609358]]]},"properties":{"region_code":"x199y-06","label":"x199y-06","count":9}},{"type":"Feature","geometry":{"type":"Polygon","coordinates":[[[123.74816366588092,-3.293990974068208],[123.74816366588092,-2.8230188566609358],[124.37001373455374,-2.8230188566609358],[124.37001373455374,-3.293990974068208],[123.74816366588092,-3.293990974068208]]]},"properties":{"region_code":"x199y-07","label":"x199y-07","count":9}},{"type":"Feature","geometry":{"type":"Polygon","coordinates":[[[123.74816366588092,-3.765180066747392],[123.74816366588092,-3.293990974068208],[124.37001373455374,-3.293990974068208],[124.37001373455374,-3.765180066747392],[123.74816366588092,-3.765180066747392]]]},"properties":{"region_code":"x199y-08","label":"x199y-08","count":9}},{"type":"Feature","geometry":{"type":"Polygon","coordinates":[[[123.74816366588092,-4.236617507859314],[123.74816366588092,-3.765180066747392],[124.37001373455374,-3.765180066747392],[124.37001373455374,-4.236617507859314],[123.74816366588092,-4.236617507859314]]]},"properties":{"region_code":"x199y-09","label":"x199y-09","count":9}},{"type":"Feature","geometry":{"type":"Polygon","coordinates":[[[123.74816366588092,-4.708334822533896],[123.74816366588092,-4.236617507859314],[124.37001373455374,-4.236617507859314],[124.37001373455374,-4.708334822533896],[123.74816366588092,-4.708334822533896]]]},"properties":{"region_code":"x199y-10","label":"x199y-10","count":9}},{"type":"Feature","geometry":{"type":"Polygon","coordinates":[[[123.74816366588092,-5.1803637076811935],[123.74816366588092,-4.708334822533896],[124.37001373455374,-4.708334822533896],[124.37001373455374,-5.1803637076811935],[123.74816366588092,-5.1803637076811935]]]},"properties":{"region_code":"x199y-11","label":"x199y-11","count":9}},{"type":"Feature","geometry":{"type":"Polygon","coordinates":[[[123.74816366588092,-5.6527360520955305],[123.74816366588092,-5.1803637076811935],[124.37001373455374,-5.1803637076811935],[124.37001373455374,-5.6527360520955305],[123.74816366588092,-5.6527360520955305]]]},"properties":{"region_code":"x199y-12","label":"x199y-12","count":9}},{"type":"Feature","geometry":{"type":"Polygon","coordinates":[[[123.74816366588092,-6.125483956889529],[123.74816366588092,-5.6527360520955305],[124.37001373455374,-5.6527360520955305],[124.37001373455374,-6.125483956889529],[123.74816366588092,-6.125483956889529]]]},"properties":{"region_code":"x199y-13","label":"x199y-13","count":9}},{"type":"Feature","geometry":{"type":"Polygon","coordinates":[[[123.74816366588092,-6.598639756294533],[123.74816366588092,-6.125483956889529],[124.37001373455374,-6.125483956889529],[124.37001373455374,-6.598639756294533],[123.74816366588092,-6.598639756294533]]]},"properties":{"region_code":"x199y-14","label":"x199y-14","count":9}},{"type":"Feature","geometry":{"type":"Polygon","coordinates":[[[123.74816366588092,-7.072236038866301],[123.74816366588092,-6.598639756294533],[124.37001373455374,-6.598639756294533],[124.37001373455374,-7.072236038866301],[123.74816366588092,-7.072236038866301]]]},"properties":{"region_code":"x199y-15","label":"x199y-15","count":9}},{"type":"Feature","geometry":{"type":"Polygon","coordinates":[[[123.74816366588092,-7.546305669135457],[123.74816366588092,-7.072236038866301],[124.37001373455374,-7.072236038866301],[124.37001373455374,-7.546305669135457],[123.74816366588092,-7.546305669135457]]]},"properties":{"region_code":"x199y-16","label":"x199y-16","count":9}},{"type":"Feature","geometry":{"type":"Polygon","coordinates":[[[123.74816366588092,-8.020881809744264],[123.74816366588092,-7.546305669135457],[124.37001373455374,-7.546305669135457],[124.37001373455374,-8.020881809744264],[123.74816366588092,-8.020881809744264]]]},"properties":{"region_code":"x199y-17","label":"x199y-17","count":9}},{"type":"Feature","geometry":{"type":"Polygon","coordinates":[[[123.74816366588092,-8.495997944112283],[123.74816366588092,-8.020881809744264],[124.37001373455374,-8.020881809744264],[124.37001373455374,-8.495997944112283],[123.74816366588092,-8.495997944112283]]]},"properties":{"region_code":"x199y-18","label":"x199y-18","count":9}},{"type":"Feature","geometry":{"type":"Polygon","coordinates":[[[123.74816366588092,-8.971687899676542],[123.74816366588092,-8.495997944112283],[124.37001373455374,-8.495997944112283],[124.37001373455374,-8.971687899676542],[123.74816366588092,-8.971687899676542]]]},"properties":{"region_code":"x199y-19","label":"x199y-19","count":9}},{"type":"Feature","geometry":{"type":"Polygon","coordinates":[[[123.74816366588092,-9.44798587175262],[123.74816366588092,-8.971687899676542],[124.37001373455374,-8.971687899676542],[124.37001373455374,-9.44798587175262],[123.74816366588092,-9.44798587175262]]]},"properties":{"region_code":"x199y-20","label":"x199y-20","count":9}},{"type":"Feature","geometry":{"type":"Polygon","coordinates":[[[123.74816366588092,-9.9249264480659],[123.74816366588092,-9.44798587175262],[124.37001373455374,-9.44798587175262],[124.37001373455374,-9.9249264480659],[123.74816366588092,-9.9249264480659]]]},"properties":{"region_code":"x199y-21","label":"x199y-21","count":9}},{"type":"Feature","geometry":{"type":"Polygon","coordinates":[[[123.74816366588092,-10.40254463400518],[123.74816366588092,-9.9249264480659],[124.37001373455374,-9.9249264480659],[124.37001373455374,-10.40254463400518],[123.74816366588092,-10.40254463400518]]]},"properties":{"region_code":"x199y-22","label":"x199y-22","count":9}},{"type":"Feature","geometry":{"type":"Polygon","coordinates":[[[123.74816366588092,-10.880875878652345],[123.74816366588092,-10.40254463400518],[124.37001373455374,-10.40254463400518],[124.37001373455374,-10.880875878652345],[123.74816366588092,-10.880875878652345]]]},"properties":{"region_code":"x199y-23","label":"x199y-23","count":9}},{"type":"Feature","geometry":{"type":"Polygon","coordinates":[[[123.74816366588092,0.0],[123.74816366588092,0.4703230299809363],[124.37001373455374,0.4703230299809363],[124.37001373455374,0.0],[123.74816366588092,0.0]]]},"properties":{"region_code":"x199y000","label":"x199y000","count":9}},{"type":"Feature","geometry":{"type":"Polygon","coordinates":[[[123.74816366588092,0.4703230299809363],[123.74816366588092,0.9406769065449422],[124.37001373455374,0.9406769065449422],[124.37001373455374,0.4703230299809363],[123.74816366588092,0.4703230299809363]]]},"properties":{"region_code":"x199y001","label":"x199y001","count":9}},{"type":"Feature","geometry":{"type":"Polygon","coordinates":[[[123.74816366588092,0.9406769065449422],[123.74816366588092,1.411092494939981],[124.37001373455374,1.411092494939981],[124.37001373455374,0.9406769065449422],[123.74816366588092,0.9406769065449422]]]},"properties":{"region_code":"x199y002","label":"x199y002","count":9}},{"type":"Feature","geometry":{"type":"Polygon","coordinates":[[[123.74816366588092,1.411092494939981],[123.74816366588092,1.881600697775704],[124.37001373455374,1.881600697775704],[124.37001373455374,1.411092494939981],[123.74816366588092,1.411092494939981]]]},"properties":{"region_code":"x199y003","label":"x199y003","count":9}},{"type":"Feature","geometry":{"type":"Polygon","coordinates":[[[124.37001373455374,-0.47032302998093656],[124.37001373455374,0.0],[124.9918638032265,0.0],[124.9918638032265,-0.47032302998093656],[124.37001373455374,-0.47032302998093656]]]},"properties":{"region_code":"x200y-01","label":"x200y-01","count":9}},{"type":"Feature","geometry":{"type":"Polygon","coordinates":[[[124.37001373455374,-0.9406769065449366],[124.37001373455374,-0.47032302998093656],[124.9918638032265,-0.47032302998093656],[124.9918638032265,-0.9406769065449366],[124.37001373455374,-0.9406769065449366]]]},"properties":{"region_code":"x200y-02","label":"x200y-02","count":9}},{"type":"Feature","geometry":{"type":"Polygon","coordinates":[[[124.37001373455374,-1.411092494939997],[124.37001373455374,-0.9406769065449366],[124.9918638032265,-0.9406769065449366],[124.9918638032265,-1.411092494939997],[124.37001373455374,-1.411092494939997]]]},"properties":{"region_code":"x200y-03","label":"x200y-03","count":9}},{"type":"Feature","geometry":{"type":"Polygon","coordinates":[[[124.37001373455374,-1.881600697775689],[124.37001373455374,-1.411092494939997],[124.9918638032265,-1.411092494939997],[124.9918638032265,-1.881600697775689],[124.37001373455374,-1.881600697775689]]]},"properties":{"region_code":"x200y-04","label":"x200y-04","count":9}},{"type":"Feature","geometry":{"type":"Polygon","coordinates":[[[124.37001373455374,-2.3522324737816986],[124.37001373455374,-1.881600697775689],[124.9918638032265,-1.881600697775689],[124.9918638032265,-2.3522324737816986],[124.37001373455374,-2.3522324737816986]]]},"properties":{"region_code":"x200y-05","label":"x200y-05","count":9}},{"type":"Feature","geometry":{"type":"Polygon","coordinates":[[[124.37001373455374,-2.8230188566609358],[124.37001373455374,-2.3522324737816986],[124.9918638032265,-2.3522324737816986],[124.9918638032265,-2.8230188566609358],[124.37001373455374,-2.8230188566609358]]]},"properties":{"region_code":"x200y-06","label":"x200y-06","count":9}},{"type":"Feature","geometry":{"type":"Polygon","coordinates":[[[124.37001373455374,-3.293990974068208],[124.37001373455374,-2.8230188566609358],[124.9918638032265,-2.8230188566609358],[124.9918638032265,-3.293990974068208],[124.37001373455374,-3.293990974068208]]]},"properties":{"region_code":"x200y-07","label":"x200y-07","count":9}},{"type":"Feature","geometry":{"type":"Polygon","coordinates":[[[124.37001373455374,-3.765180066747392],[124.37001373455374,-3.293990974068208],[124.9918638032265,-3.293990974068208],[124.9918638032265,-3.765180066747392],[124.37001373455374,-3.765180066747392]]]},"properties":{"region_code":"x200y-08","label":"x200y-08","count":9}},{"type":"Feature","geometry":{"type":"Polygon","coordinates":[[[124.37001373455374,-4.236617507859314],[124.37001373455374,-3.765180066747392],[124.9918638032265,-3.765180066747392],[124.9918638032265,-4.236617507859314],[124.37001373455374,-4.236617507859314]]]},"properties":{"region_code":"x200y-09","label":"x200y-09","count":9}},{"type":"Feature","geometry":{"type":"Polygon","coordinates":[[[124.37001373455374,-4.708334822533896],[124.37001373455374,-4.236617507859314],[124.9918638032265,-4.236617507859314],[124.9918638032265,-4.708334822533896],[124.37001373455374,-4.708334822533896]]]},"properties":{"region_code":"x200y-10","label":"x200y-10","count":9}},{"type":"Feature","geometry":{"type":"Polygon","coordinates":[[[124.37001373455374,-5.1803637076811935],[124.37001373455374,-4.708334822533896],[124.9918638032265,-4.708334822533896],[124.9918638032265,-5.1803637076811935],[124.37001373455374,-5.1803637076811935]]]},"properties":{"region_code":"x200y-11","label":"x200y-11","count":9}},{"type":"Feature","geometry":{"type":"Polygon","coordinates":[[[124.37001373455374,-5.6527360520955305],[124.37001373455374,-5.1803637076811935],[124.9918638032265,-5.1803637076811935],[124.9918638032265,-5.6527360520955305],[124.37001373455374,-5.6527360520955305]]]},"properties":{"region_code":"x200y-12","label":"x200y-12","count":9}},{"type":"Feature","geometry":{"type":"Polygon","coordinates":[[[124.37001373455374,-6.125483956889529],[124.37001373455374,-5.6527360520955305],[124.9918638032265,-5.6527360520955305],[124.9918638032265,-6.125483956889529],[124.37001373455374,-6.125483956889529]]]},"properties":{"region_code":"x200y-13","label":"x200y-13","count":9}},{"type":"Feature","geometry":{"type":"Polygon","coordinates":[[[124.37001373455374,-6.598639756294533],[124.37001373455374,-6.125483956889529],[124.9918638032265,-6.125483956889529],[124.9918638032265,-6.598639756294533],[124.37001373455374,-6.598639756294533]]]},"properties":{"region_code":"x200y-14","label":"x200y-14","count":9}},{"type":"Feature","geometry":{"type":"Polygon","coordinates":[[[124.37001373455374,-7.072236038866301],[124.37001373455374,-6.598639756294533],[124.9918638032265,-6.598639756294533],[124.9918638032265,-7.072236038866301],[124.37001373455374,-7.072236038866301]]]},"properties":{"region_code":"x200y-15","label":"x200y-15","count":9}},{"type":"Feature","geometry":{"type":"Polygon","coordinates":[[[124.37001373455374,-7.546305669135457],[124.37001373455374,-7.072236038866301],[124.9918638032265,-7.072236038866301],[124.9918638032265,-7.546305669135457],[124.37001373455374,-7.546305669135457]]]},"properties":{"region_code":"x200y-16","label":"x200y-16","count":9}},{"type":"Feature","geometry":{"type":"Polygon","coordinates":[[[124.37001373455374,-8.020881809744264],[124.37001373455374,-7.546305669135457],[124.9918638032265,-7.546305669135457],[124.9918638032265,-8.020881809744264],[124.37001373455374,-8.020881809744264]]]},"properties":{"region_code":"x200y-17","label":"x200y-17","count":9}},{"type":"Feature","geometry":{"type":"Polygon","coordinates":[[[124.37001373455374,-8.495997944112283],[124.37001373455374,-8.020881809744264],[124.9918638032265,-8.020881809744264],[124.9918638032265,-8.495997944112283],[124.37001373455374,-8.495997944112283]]]},"properties":{"region_code":"x200y-18","label":"x200y-18","count":9}},{"type":"Feature","geometry":{"type":"Polygon","coordinates":[[[124.37001373455374,-8.971687899676542],[124.37001373455374,-8.495997944112283],[124.9918638032265,-8.495997944112283],[124.9918638032265,-8.971687899676542],[124.37001373455374,-8.971687899676542]]]},"properties":{"region_code":"x200y-19","label":"x200y-19","count":9}},{"type":"Feature","geometry":{"type":"Polygon","coordinates":[[[124.37001373455374,-9.44798587175262],[124.37001373455374,-8.971687899676542],[124.9918638032265,-8.971687899676542],[124.9918638032265,-9.44798587175262],[124.37001373455374,-9.44798587175262]]]},"properties":{"region_code":"x200y-20","label":"x200y-20","count":9}},{"type":"Feature","geometry":{"type":"Polygon","coordinates":[[[124.37001373455374,-9.9249264480659],[124.37001373455374,-9.44798587175262],[124.9918638032265,-9.44798587175262],[124.9918638032265,-9.9249264480659],[124.37001373455374,-9.9249264480659]]]},"properties":{"region_code":"x200y-21","label":"x200y-21","count":9}},{"type":"Feature","geometry":{"type":"Polygon","coordinates":[[[124.37001373455374,-10.40254463400518],[124.37001373455374,-9.9249264480659],[124.9918638032265,-9.9249264480659],[124.9918638032265,-10.40254463400518],[124.37001373455374,-10.40254463400518]]]},"properties":{"region_code":"x200y-22","label":"x200y-22","count":9}},{"type":"Feature","geometry":{"type":"Polygon","coordinates":[[[124.37001373455374,-10.880875878652345],[124.37001373455374,-10.40254463400518],[124.9918638032265,-10.40254463400518],[124.9918638032265,-10.880875878652345],[124.37001373455374,-10.880875878652345]]]},"properties":{"region_code":"x200y-23","label":"x200y-23","count":9}},{"type":"Feature","geometry":{"type":"Polygon","coordinates":[[[124.37001373455374,0.0],[124.37001373455374,0.4703230299809363],[124.9918638032265,0.4703230299809363],[124.9918638032265,0.0],[124.37001373455374,0.0]]]},"properties":{"region_code":"x200y000","label":"x200y000","count":9}},{"type":"Feature","geometry":{"type":"Polygon","coordinates":[[[124.37001373455374,0.4703230299809363],[124.37001373455374,0.9406769065449422],[124.9918638032265,0.9406769065449422],[124.9918638032265,0.4703230299809363],[124.37001373455374,0.4703230299809363]]]},"properties":{"region_code":"x200y001","label":"x200y001","count":9}},{"type":"Feature","geometry":{"type":"Polygon","coordinates":[[[124.37001373455374,0.9406769065449422],[124.37001373455374,1.411092494939981],[124.9918638032265,1.411092494939981],[124.9918638032265,0.9406769065449422],[124.37001373455374,0.9406769065449422]]]},"properties":{"region_code":"x200y002","label":"x200y002","count":9}},{"type":"Feature","geometry":{"type":"Polygon","coordinates":[[[124.37001373455374,1.411092494939981],[124.37001373455374,1.881600697775704],[124.9918638032265,1.881600697775704],[124.9918638032265,1.411092494939981],[124.37001373455374,1.411092494939981]]]},"properties":{"region_code":"x200y003","label":"x200y003","count":9}},{"type":"Feature","geometry":{"type":"Polygon","coordinates":[[[124.37001373455374,1.881600697775704],[124.37001373455374,2.352232473781689],[124.9918638032265,2.352232473781689],[124.9918638032265,1.881600697775704],[124.37001373455374,1.881600697775704]]]},"properties":{"region_code":"x200y004","label":"x200y004","count":9}},{"type":"Feature","geometry":{"type":"Polygon","coordinates":[[[124.37001373455374,2.352232473781689],[124.37001373455374,2.823018856660936],[124.9918638032265,2.823018856660936],[124.9918638032265,2.352232473781689],[124.37001373455374,2.352232473781689]]]},"properties":{"region_code":"x200y005","label":"x200y005","count":9}},{"type":"Feature","geometry":{"type":"Polygon","coordinates":[[[124.37001373455374,2.823018856660936],[124.37001373455374,3.2939909740681896],[124.9918638032265,3.2939909740681896],[124.9918638032265,2.823018856660936],[124.37001373455374,2.823018856660936]]]},"properties":{"region_code":"x200y006","label":"x200y006","count":9}},{"type":"Feature","geometry":{"type":"Polygon","coordinates":[[[124.9918638032265,-0.47032302998093656],[124.9918638032265,0.0],[125.61371387189926,0.0],[125.61371387189926,-0.47032302998093656],[124.9918638032265,-0.47032302998093656]]]},"properties":{"region_code":"x201y-01","label":"x201y-01","count":9}},{"type":"Feature","geometry":{"type":"Polygon","coordinates":[[[124.9918638032265,-0.9406769065449366],[124.9918638032265,-0.47032302998093656],[125.61371387189926,-0.47032302998093656],[125.61371387189926,-0.9406769065449366],[124.9918638032265,-0.9406769065449366]]]},"properties":{"region_code":"x201y-02","label":"x201y-02","count":9}},{"type":"Feature","geometry":{"type":"Polygon","coordinates":[[[124.9918638032265,-1.411092494939997],[124.9918638032265,-0.9406769065449366],[125.61371387189926,-0.9406769065449366],[125.61371387189926,-1.411092494939997],[124.9918638032265,-1.411092494939997]]]},"properties":{"region_code":"x201y-03","label":"x201y-03","count":9}},{"type":"Feature","geometry":{"type":"Polygon","coordinates":[[[124.9918638032265,-1.881600697775689],[124.9918638032265,-1.411092494939997],[125.61371387189926,-1.411092494939997],[125.61371387189926,-1.881600697775689],[124.9918638032265,-1.881600697775689]]]},"properties":{"region_code":"x201y-04","label":"x201y-04","count":9}},{"type":"Feature","geometry":{"type":"Polygon","coordinates":[[[124.9918638032265,-2.3522324737816986],[124.9918638032265,-1.881600697775689],[125.61371387189926,-1.881600697775689],[125.61371387189926,-2.3522324737816986],[124.9918638032265,-2.3522324737816986]]]},"properties":{"region_code":"x201y-05","label":"x201y-05","count":9}},{"type":"Feature","geometry":{"type":"Polygon","coordinates":[[[124.9918638032265,-2.8230188566609358],[124.9918638032265,-2.3522324737816986],[125.61371387189926,-2.3522324737816986],[125.61371387189926,-2.8230188566609358],[124.9918638032265,-2.8230188566609358]]]},"properties":{"region_code":"x201y-06","label":"x201y-06","count":9}},{"type":"Feature","geometry":{"type":"Polygon","coordinates":[[[124.9918638032265,-3.293990974068208],[124.9918638032265,-2.8230188566609358],[125.61371387189926,-2.8230188566609358],[125.61371387189926,-3.293990974068208],[124.9918638032265,-3.293990974068208]]]},"properties":{"region_code":"x201y-07","label":"x201y-07","count":9}},{"type":"Feature","geometry":{"type":"Polygon","coordinates":[[[124.9918638032265,-3.765180066747392],[124.9918638032265,-3.293990974068208],[125.61371387189926,-3.293990974068208],[125.61371387189926,-3.765180066747392],[124.9918638032265,-3.765180066747392]]]},"properties":{"region_code":"x201y-08","label":"x201y-08","count":9}},{"type":"Feature","geometry":{"type":"Polygon","coordinates":[[[124.9918638032265,-4.236617507859314],[124.9918638032265,-3.765180066747392],[125.61371387189926,-3.765180066747392],[125.61371387189926,-4.236617507859314],[124.9918638032265,-4.236617507859314]]]},"properties":{"region_code":"x201y-09","label":"x201y-09","count":9}},{"type":"Feature","geometry":{"type":"Polygon","coordinates":[[[124.9918638032265,-4.708334822533896],[124.9918638032265,-4.236617507859314],[125.61371387189926,-4.236617507859314],[125.61371387189926,-4.708334822533896],[124.9918638032265,-4.708334822533896]]]},"properties":{"region_code":"x201y-10","label":"x201y-10","count":9}},{"type":"Feature","geometry":{"type":"Polygon","coordinates":[[[124.9918638032265,-5.1803637076811935],[124.9918638032265,-4.708334822533896],[125.61371387189926,-4.708334822533896],[125.61371387189926,-5.1803637076811935],[124.9918638032265,-5.1803637076811935]]]},"properties":{"region_code":"x201y-11","label":"x201y-11","count":9}},{"type":"Feature","geometry":{"type":"Polygon","coordinates":[[[124.9918638032265,-5.6527360520955305],[124.9918638032265,-5.1803637076811935],[125.61371387189926,-5.1803637076811935],[125.61371387189926,-5.6527360520955305],[124.9918638032265,-5.6527360520955305]]]},"properties":{"region_code":"x201y-12","label":"x201y-12","count":9}},{"type":"Feature","geometry":{"type":"Polygon","coordinates":[[[124.9918638032265,-6.125483956889529],[124.9918638032265,-5.6527360520955305],[125.61371387189926,-5.6527360520955305],[125.61371387189926,-6.125483956889529],[124.9918638032265,-6.125483956889529]]]},"properties":{"region_code":"x201y-13","label":"x201y-13","count":9}},{"type":"Feature","geometry":{"type":"Polygon","coordinates":[[[124.9918638032265,-6.598639756294533],[124.9918638032265,-6.125483956889529],[125.61371387189926,-6.125483956889529],[125.61371387189926,-6.598639756294533],[124.9918638032265,-6.598639756294533]]]},"properties":{"region_code":"x201y-14","label":"x201y-14","count":9}},{"type":"Feature","geometry":{"type":"Polygon","coordinates":[[[124.9918638032265,-7.072236038866301],[124.9918638032265,-6.598639756294533],[125.61371387189926,-6.598639756294533],[125.61371387189926,-7.072236038866301],[124.9918638032265,-7.072236038866301]]]},"properties":{"region_code":"x201y-15","label":"x201y-15","count":9}},{"type":"Feature","geometry":{"type":"Polygon","coordinates":[[[124.9918638032265,-7.546305669135457],[124.9918638032265,-7.072236038866301],[125.61371387189926,-7.072236038866301],[125.61371387189926,-7.546305669135457],[124.9918638032265,-7.546305669135457]]]},"properties":{"region_code":"x201y-16","label":"x201y-16","count":9}},{"type":"Feature","geometry":{"type":"Polygon","coordinates":[[[124.9918638032265,-8.020881809744264],[124.9918638032265,-7.546305669135457],[125.61371387189926,-7.546305669135457],[125.61371387189926,-8.020881809744264],[124.9918638032265,-8.020881809744264]]]},"properties":{"region_code":"x201y-17","label":"x201y-17","count":9}},{"type":"Feature","geometry":{"type":"Polygon","coordinates":[[[124.9918638032265,-8.495997944112283],[124.9918638032265,-8.020881809744264],[125.61371387189926,-8.020881809744264],[125.61371387189926,-8.495997944112283],[124.9918638032265,-8.495997944112283]]]},"properties":{"region_code":"x201y-18","label":"x201y-18","count":9}},{"type":"Feature","geometry":{"type":"Polygon","coordinates":[[[124.9918638032265,-8.971687899676542],[124.9918638032265,-8.495997944112283],[125.61371387189926,-8.495997944112283],[125.61371387189926,-8.971687899676542],[124.9918638032265,-8.971687899676542]]]},"properties":{"region_code":"x201y-19","label":"x201y-19","count":9}},{"type":"Feature","geometry":{"type":"Polygon","coordinates":[[[124.9918638032265,-9.44798587175262],[124.9918638032265,-8.971687899676542],[125.61371387189926,-8.971687899676542],[125.61371387189926,-9.44798587175262],[124.9918638032265,-9.44798587175262]]]},"properties":{"region_code":"x201y-20","label":"x201y-20","count":9}},{"type":"Feature","geometry":{"type":"Polygon","coordinates":[[[124.9918638032265,-9.9249264480659],[124.9918638032265,-9.44798587175262],[125.61371387189926,-9.44798587175262],[125.61371387189926,-9.9249264480659],[124.9918638032265,-9.9249264480659]]]},"properties":{"region_code":"x201y-21","label":"x201y-21","count":9}},{"type":"Feature","geometry":{"type":"Polygon","coordinates":[[[124.9918638032265,-10.40254463400518],[124.9918638032265,-9.9249264480659],[125.61371387189926,-9.9249264480659],[125.61371387189926,-10.40254463400518],[124.9918638032265,-10.40254463400518]]]},"properties":{"region_code":"x201y-22","label":"x201y-22","count":9}},{"type":"Feature","geometry":{"type":"Polygon","coordinates":[[[124.9918638032265,0.0],[124.9918638032265,0.4703230299809363],[125.61371387189926,0.4703230299809363],[125.61371387189926,0.0],[124.9918638032265,0.0]]]},"properties":{"region_code":"x201y000","label":"x201y000","count":9}},{"type":"Feature","geometry":{"type":"Polygon","coordinates":[[[124.9918638032265,0.4703230299809363],[124.9918638032265,0.9406769065449422],[125.61371387189926,0.9406769065449422],[125.61371387189926,0.4703230299809363],[124.9918638032265,0.4703230299809363]]]},"properties":{"region_code":"x201y001","label":"x201y001","count":9}},{"type":"Feature","geometry":{"type":"Polygon","coordinates":[[[124.9918638032265,0.9406769065449422],[124.9918638032265,1.411092494939981],[125.61371387189926,1.411092494939981],[125.61371387189926,0.9406769065449422],[124.9918638032265,0.9406769065449422]]]},"properties":{"region_code":"x201y002","label":"x201y002","count":9}},{"type":"Feature","geometry":{"type":"Polygon","coordinates":[[[124.9918638032265,1.411092494939981],[124.9918638032265,1.881600697775704],[125.61371387189926,1.881600697775704],[125.61371387189926,1.411092494939981],[124.9918638032265,1.411092494939981]]]},"properties":{"region_code":"x201y003","label":"x201y003","count":9}},{"type":"Feature","geometry":{"type":"Polygon","coordinates":[[[124.9918638032265,1.881600697775704],[124.9918638032265,2.352232473781689],[125.61371387189926,2.352232473781689],[125.61371387189926,1.881600697775704],[124.9918638032265,1.881600697775704]]]},"properties":{"region_code":"x201y004","label":"x201y004","count":9}},{"type":"Feature","geometry":{"type":"Polygon","coordinates":[[[124.9918638032265,2.352232473781689],[124.9918638032265,2.823018856660936],[125.61371387189926,2.823018856660936],[125.61371387189926,2.352232473781689],[124.9918638032265,2.352232473781689]]]},"properties":{"region_code":"x201y005","label":"x201y005","count":9}},{"type":"Feature","geometry":{"type":"Polygon","coordinates":[[[124.9918638032265,2.823018856660936],[124.9918638032265,3.2939909740681896],[125.61371387189926,3.2939909740681896],[125.61371387189926,2.823018856660936],[124.9918638032265,2.823018856660936]]]},"properties":{"region_code":"x201y006","label":"x201y006","count":9}},{"type":"Feature","geometry":{"type":"Polygon","coordinates":[[[124.9918638032265,3.2939909740681896],[124.9918638032265,3.765180066747398],[125.61371387189926,3.765180066747398],[125.61371387189926,3.2939909740681896],[124.9918638032265,3.2939909740681896]]]},"properties":{"region_code":"x201y007","label":"x201y007","count":9}},{"type":"Feature","geometry":{"type":"Polygon","coordinates":[[[124.9918638032265,3.765180066747398],[124.9918638032265,4.236617507859302],[125.61371387189926,4.236617507859302],[125.61371387189926,3.765180066747398],[124.9918638032265,3.765180066747398]]]},"properties":{"region_code":"x201y008","label":"x201y008","count":9}},{"type":"Feature","geometry":{"type":"Polygon","coordinates":[[[124.9918638032265,4.236617507859302],[124.9918638032265,4.70833482253388],[125.61371387189926,4.70833482253388],[125.61371387189926,4.236617507859302],[124.9918638032265,4.236617507859302]]]},"properties":{"region_code":"x201y009","label":"x201y009","count":9}},{"type":"Feature","geometry":{"type":"Polygon","coordinates":[[[124.9918638032265,4.70833482253388],[124.9918638032265,5.1803637076811775],[125.61371387189926,5.1803637076811775],[125.61371387189926,4.70833482253388],[124.9918638032265,4.70833482253388]]]},"properties":{"region_code":"x201y010","label":"x201y010","count":9}},{"type":"Feature","geometry":{"type":"Polygon","coordinates":[[[125.61371387189926,-0.47032302998093656],[125.61371387189926,0.0],[126.23556394057199,0.0],[126.23556394057199,-0.47032302998093656],[125.61371387189926,-0.47032302998093656]]]},"properties":{"region_code":"x202y-01","label":"x202y-01","count":9}},{"type":"Feature","geometry":{"type":"Polygon","coordinates":[[[125.61371387189926,-0.9406769065449366],[125.61371387189926,-0.47032302998093656],[126.23556394057199,-0.47032302998093656],[126.23556394057199,-0.9406769065449366],[125.61371387189926,-0.9406769065449366]]]},"properties":{"region_code":"x202y-02","label":"x202y-02","count":9}},{"type":"Feature","geometry":{"type":"Polygon","coordinates":[[[125.61371387189926,-1.411092494939997],[125.61371387189926,-0.9406769065449366],[126.23556394057199,-0.9406769065449366],[126.23556394057199,-1.411092494939997],[125.61371387189926,-1.411092494939997]]]},"properties":{"region_code":"x202y-03","label":"x202y-03","count":9}},{"type":"Feature","geometry":{"type":"Polygon","coordinates":[[[125.61371387189926,-1.881600697775689],[125.61371387189926,-1.411092494939997],[126.23556394057199,-1.411092494939997],[126.23556394057199,-1.881600697775689],[125.61371387189926,-1.881600697775689]]]},"properties":{"region_code":"x202y-04","label":"x202y-04","count":9}},{"type":"Feature","geometry":{"type":"Polygon","coordinates":[[[125.61371387189926,-2.3522324737816986],[125.61371387189926,-1.881600697775689],[126.23556394057199,-1.881600697775689],[126.23556394057199,-2.3522324737816986],[125.61371387189926,-2.3522324737816986]]]},"properties":{"region_code":"x202y-05","label":"x202y-05","count":9}},{"type":"Feature","geometry":{"type":"Polygon","coordinates":[[[125.61371387189926,-2.8230188566609358],[125.61371387189926,-2.3522324737816986],[126.23556394057199,-2.3522324737816986],[126.23556394057199,-2.8230188566609358],[125.61371387189926,-2.8230188566609358]]]},"properties":{"region_code":"x202y-06","label":"x202y-06","count":9}},{"type":"Feature","geometry":{"type":"Polygon","coordinates":[[[125.61371387189926,-3.293990974068208],[125.61371387189926,-2.8230188566609358],[126.23556394057199,-2.8230188566609358],[126.23556394057199,-3.293990974068208],[125.61371387189926,-3.293990974068208]]]},"properties":{"region_code":"x202y-07","label":"x202y-07","count":9}},{"type":"Feature","geometry":{"type":"Polygon","coordinates":[[[125.61371387189926,-3.765180066747392],[125.61371387189926,-3.293990974068208],[126.23556394057199,-3.293990974068208],[126.23556394057199,-3.765180066747392],[125.61371387189926,-3.765180066747392]]]},"properties":{"region_code":"x202y-08","label":"x202y-08","count":9}},{"type":"Feature","geometry":{"type":"Polygon","coordinates":[[[125.61371387189926,-4.236617507859314],[125.61371387189926,-3.765180066747392],[126.23556394057199,-3.765180066747392],[126.23556394057199,-4.236617507859314],[125.61371387189926,-4.236617507859314]]]},"properties":{"region_code":"x202y-09","label":"x202y-09","count":9}},{"type":"Feature","geometry":{"type":"Polygon","coordinates":[[[125.61371387189926,-4.708334822533896],[125.61371387189926,-4.236617507859314],[126.23556394057199,-4.236617507859314],[126.23556394057199,-4.708334822533896],[125.61371387189926,-4.708334822533896]]]},"properties":{"region_code":"x202y-10","label":"x202y-10","count":9}},{"type":"Feature","geometry":{"type":"Polygon","coordinates":[[[125.61371387189926,-5.1803637076811935],[125.61371387189926,-4.708334822533896],[126.23556394057199,-4.708334822533896],[126.23556394057199,-5.1803637076811935],[125.61371387189926,-5.1803637076811935]]]},"properties":{"region_code":"x202y-11","label":"x202y-11","count":9}},{"type":"Feature","geometry":{"type":"Polygon","coordinates":[[[125.61371387189926,-5.6527360520955305],[125.61371387189926,-5.1803637076811935],[126.23556394057199,-5.1803637076811935],[126.23556394057199,-5.6527360520955305],[125.61371387189926,-5.6527360520955305]]]},"properties":{"region_code":"x202y-12","label":"x202y-12","count":9}},{"type":"Feature","geometry":{"type":"Polygon","coordinates":[[[125.61371387189926,-6.125483956889529],[125.61371387189926,-5.6527360520955305],[126.23556394057199,-5.6527360520955305],[126.23556394057199,-6.125483956889529],[125.61371387189926,-6.125483956889529]]]},"properties":{"region_code":"x202y-13","label":"x202y-13","count":9}},{"type":"Feature","geometry":{"type":"Polygon","coordinates":[[[125.61371387189926,-6.598639756294533],[125.61371387189926,-6.125483956889529],[126.23556394057199,-6.125483956889529],[126.23556394057199,-6.598639756294533],[125.61371387189926,-6.598639756294533]]]},"properties":{"region_code":"x202y-14","label":"x202y-14","count":9}},{"type":"Feature","geometry":{"type":"Polygon","coordinates":[[[125.61371387189926,-7.072236038866301],[125.61371387189926,-6.598639756294533],[126.23556394057199,-6.598639756294533],[126.23556394057199,-7.072236038866301],[125.61371387189926,-7.072236038866301]]]},"properties":{"region_code":"x202y-15","label":"x202y-15","count":9}},{"type":"Feature","geometry":{"type":"Polygon","coordinates":[[[125.61371387189926,-7.546305669135457],[125.61371387189926,-7.072236038866301],[126.23556394057199,-7.072236038866301],[126.23556394057199,-7.546305669135457],[125.61371387189926,-7.546305669135457]]]},"properties":{"region_code":"x202y-16","label":"x202y-16","count":9}},{"type":"Feature","geometry":{"type":"Polygon","coordinates":[[[125.61371387189926,-8.020881809744264],[125.61371387189926,-7.546305669135457],[126.23556394057199,-7.546305669135457],[126.23556394057199,-8.020881809744264],[125.61371387189926,-8.020881809744264]]]},"properties":{"region_code":"x202y-17","label":"x202y-17","count":9}},{"type":"Feature","geometry":{"type":"Polygon","coordinates":[[[125.61371387189926,-8.495997944112283],[125.61371387189926,-8.020881809744264],[126.23556394057199,-8.020881809744264],[126.23556394057199,-8.495997944112283],[125.61371387189926,-8.495997944112283]]]},"properties":{"region_code":"x202y-18","label":"x202y-18","count":9}},{"type":"Feature","geometry":{"type":"Polygon","coordinates":[[[125.61371387189926,-8.971687899676542],[125.61371387189926,-8.495997944112283],[126.23556394057199,-8.495997944112283],[126.23556394057199,-8.971687899676542],[125.61371387189926,-8.971687899676542]]]},"properties":{"region_code":"x202y-19","label":"x202y-19","count":9}},{"type":"Feature","geometry":{"type":"Polygon","coordinates":[[[125.61371387189926,-9.44798587175262],[125.61371387189926,-8.971687899676542],[126.23556394057199,-8.971687899676542],[126.23556394057199,-9.44798587175262],[125.61371387189926,-9.44798587175262]]]},"properties":{"region_code":"x202y-20","label":"x202y-20","count":9}},{"type":"Feature","geometry":{"type":"Polygon","coordinates":[[[125.61371387189926,-9.9249264480659],[125.61371387189926,-9.44798587175262],[126.23556394057199,-9.44798587175262],[126.23556394057199,-9.9249264480659],[125.61371387189926,-9.9249264480659]]]},"properties":{"region_code":"x202y-21","label":"x202y-21","count":9}},{"type":"Feature","geometry":{"type":"Polygon","coordinates":[[[125.61371387189926,0.0],[125.61371387189926,0.4703230299809363],[126.23556394057199,0.4703230299809363],[126.23556394057199,0.0],[125.61371387189926,0.0]]]},"properties":{"region_code":"x202y000","label":"x202y000","count":9}},{"type":"Feature","geometry":{"type":"Polygon","coordinates":[[[125.61371387189926,0.4703230299809363],[125.61371387189926,0.9406769065449422],[126.23556394057199,0.9406769065449422],[126.23556394057199,0.4703230299809363],[125.61371387189926,0.4703230299809363]]]},"properties":{"region_code":"x202y001","label":"x202y001","count":9}},{"type":"Feature","geometry":{"type":"Polygon","coordinates":[[[125.61371387189926,0.9406769065449422],[125.61371387189926,1.411092494939981],[126.23556394057199,1.411092494939981],[126.23556394057199,0.9406769065449422],[125.61371387189926,0.9406769065449422]]]},"properties":{"region_code":"x202y002","label":"x202y002","count":9}},{"type":"Feature","geometry":{"type":"Polygon","coordinates":[[[125.61371387189926,1.411092494939981],[125.61371387189926,1.881600697775704],[126.23556394057199,1.881600697775704],[126.23556394057199,1.411092494939981],[125.61371387189926,1.411092494939981]]]},"properties":{"region_code":"x202y003","label":"x202y003","count":9}},{"type":"Feature","geometry":{"type":"Polygon","coordinates":[[[125.61371387189926,1.881600697775704],[125.61371387189926,2.352232473781689],[126.23556394057199,2.352232473781689],[126.23556394057199,1.881600697775704],[125.61371387189926,1.881600697775704]]]},"properties":{"region_code":"x202y004","label":"x202y004","count":9}},{"type":"Feature","geometry":{"type":"Polygon","coordinates":[[[125.61371387189926,2.352232473781689],[125.61371387189926,2.823018856660936],[126.23556394057199,2.823018856660936],[126.23556394057199,2.352232473781689],[125.61371387189926,2.352232473781689]]]},"properties":{"region_code":"x202y005","label":"x202y005","count":9}},{"type":"Feature","geometry":{"type":"Polygon","coordinates":[[[125.61371387189926,2.823018856660936],[125.61371387189926,3.2939909740681896],[126.23556394057199,3.2939909740681896],[126.23556394057199,2.823018856660936],[125.61371387189926,2.823018856660936]]]},"properties":{"region_code":"x202y006","label":"x202y006","count":9}},{"type":"Feature","geometry":{"type":"Polygon","coordinates":[[[125.61371387189926,3.2939909740681896],[125.61371387189926,3.765180066747398],[126.23556394057199,3.765180066747398],[126.23556394057199,3.2939909740681896],[125.61371387189926,3.2939909740681896]]]},"properties":{"region_code":"x202y007","label":"x202y007","count":9}},{"type":"Feature","geometry":{"type":"Polygon","coordinates":[[[125.61371387189926,3.765180066747398],[125.61371387189926,4.236617507859302],[126.23556394057199,4.236617507859302],[126.23556394057199,3.765180066747398],[125.61371387189926,3.765180066747398]]]},"properties":{"region_code":"x202y008","label":"x202y008","count":9}},{"type":"Feature","geometry":{"type":"Polygon","coordinates":[[[125.61371387189926,4.236617507859302],[125.61371387189926,4.70833482253388],[126.23556394057199,4.70833482253388],[126.23556394057199,4.236617507859302],[125.61371387189926,4.236617507859302]]]},"properties":{"region_code":"x202y009","label":"x202y009","count":9}},{"type":"Feature","geometry":{"type":"Polygon","coordinates":[[[125.61371387189926,4.70833482253388],[125.61371387189926,5.1803637076811775],[126.23556394057199,5.1803637076811775],[126.23556394057199,4.70833482253388],[125.61371387189926,4.70833482253388]]]},"properties":{"region_code":"x202y010","label":"x202y010","count":9}},{"type":"Feature","geometry":{"type":"Polygon","coordinates":[[[125.61371387189926,5.1803637076811775],[125.61371387189926,5.652736052095529],[126.23556394057199,5.652736052095529],[126.23556394057199,5.1803637076811775],[125.61371387189926,5.1803637076811775]]]},"properties":{"region_code":"x202y011","label":"x202y011","count":9}},{"type":"Feature","geometry":{"type":"Polygon","coordinates":[[[126.23556394057199,-0.47032302998093656],[126.23556394057199,0.0],[126.8574140092448,0.0],[126.8574140092448,-0.47032302998093656],[126.23556394057199,-0.47032302998093656]]]},"properties":{"region_code":"x203y-01","label":"x203y-01","count":9}},{"type":"Feature","geometry":{"type":"Polygon","coordinates":[[[126.23556394057199,-0.9406769065449366],[126.23556394057199,-0.47032302998093656],[126.8574140092448,-0.47032302998093656],[126.8574140092448,-0.9406769065449366],[126.23556394057199,-0.9406769065449366]]]},"properties":{"region_code":"x203y-02","label":"x203y-02","count":9}},{"type":"Feature","geometry":{"type":"Polygon","coordinates":[[[126.23556394057199,-1.411092494939997],[126.23556394057199,-0.9406769065449366],[126.8574140092448,-0.9406769065449366],[126.8574140092448,-1.411092494939997],[126.23556394057199,-1.411092494939997]]]},"properties":{"region_code":"x203y-03","label":"x203y-03","count":9}},{"type":"Feature","geometry":{"type":"Polygon","coordinates":[[[126.23556394057199,-1.881600697775689],[126.23556394057199,-1.411092494939997],[126.8574140092448,-1.411092494939997],[126.8574140092448,-1.881600697775689],[126.23556394057199,-1.881600697775689]]]},"properties":{"region_code":"x203y-04","label":"x203y-04","count":9}},{"type":"Feature","geometry":{"type":"Polygon","coordinates":[[[126.23556394057199,-2.3522324737816986],[126.23556394057199,-1.881600697775689],[126.8574140092448,-1.881600697775689],[126.8574140092448,-2.3522324737816986],[126.23556394057199,-2.3522324737816986]]]},"properties":{"region_code":"x203y-05","label":"x203y-05","count":9}},{"type":"Feature","geometry":{"type":"Polygon","coordinates":[[[126.23556394057199,-2.8230188566609358],[126.23556394057199,-2.3522324737816986],[126.8574140092448,-2.3522324737816986],[126.8574140092448,-2.8230188566609358],[126.23556394057199,-2.8230188566609358]]]},"properties":{"region_code":"x203y-06","label":"x203y-06","count":9}},{"type":"Feature","geometry":{"type":"Polygon","coordinates":[[[126.23556394057199,-3.293990974068208],[126.23556394057199,-2.8230188566609358],[126.8574140092448,-2.8230188566609358],[126.8574140092448,-3.293990974068208],[126.23556394057199,-3.293990974068208]]]},"properties":{"region_code":"x203y-07","label":"x203y-07","count":9}},{"type":"Feature","geometry":{"type":"Polygon","coordinates":[[[126.23556394057199,-3.765180066747392],[126.23556394057199,-3.293990974068208],[126.8574140092448,-3.293990974068208],[126.8574140092448,-3.765180066747392],[126.23556394057199,-3.765180066747392]]]},"properties":{"region_code":"x203y-08","label":"x203y-08","count":9}},{"type":"Feature","geometry":{"type":"Polygon","coordinates":[[[126.23556394057199,-4.236617507859314],[126.23556394057199,-3.765180066747392],[126.8574140092448,-3.765180066747392],[126.8574140092448,-4.236617507859314],[126.23556394057199,-4.236617507859314]]]},"properties":{"region_code":"x203y-09","label":"x203y-09","count":9}},{"type":"Feature","geometry":{"type":"Polygon","coordinates":[[[126.23556394057199,-4.708334822533896],[126.23556394057199,-4.236617507859314],[126.8574140092448,-4.236617507859314],[126.8574140092448,-4.708334822533896],[126.23556394057199,-4.708334822533896]]]},"properties":{"region_code":"x203y-10","label":"x203y-10","count":9}},{"type":"Feature","geometry":{"type":"Polygon","coordinates":[[[126.23556394057199,-5.1803637076811935],[126.23556394057199,-4.708334822533896],[126.8574140092448,-4.708334822533896],[126.8574140092448,-5.1803637076811935],[126.23556394057199,-5.1803637076811935]]]},"properties":{"region_code":"x203y-11","label":"x203y-11","count":9}},{"type":"Feature","geometry":{"type":"Polygon","coordinates":[[[126.23556394057199,-5.6527360520955305],[126.23556394057199,-5.1803637076811935],[126.8574140092448,-5.1803637076811935],[126.8574140092448,-5.6527360520955305],[126.23556394057199,-5.6527360520955305]]]},"properties":{"region_code":"x203y-12","label":"x203y-12","count":9}},{"type":"Feature","geometry":{"type":"Polygon","coordinates":[[[126.23556394057199,-6.125483956889529],[126.23556394057199,-5.6527360520955305],[126.8574140092448,-5.6527360520955305],[126.8574140092448,-6.125483956889529],[126.23556394057199,-6.125483956889529]]]},"properties":{"region_code":"x203y-13","label":"x203y-13","count":9}},{"type":"Feature","geometry":{"type":"Polygon","coordinates":[[[126.23556394057199,-6.598639756294533],[126.23556394057199,-6.125483956889529],[126.8574140092448,-6.125483956889529],[126.8574140092448,-6.598639756294533],[126.23556394057199,-6.598639756294533]]]},"properties":{"region_code":"x203y-14","label":"x203y-14","count":9}},{"type":"Feature","geometry":{"type":"Polygon","coordinates":[[[126.23556394057199,-7.072236038866301],[126.23556394057199,-6.598639756294533],[126.8574140092448,-6.598639756294533],[126.8574140092448,-7.072236038866301],[126.23556394057199,-7.072236038866301]]]},"properties":{"region_code":"x203y-15","label":"x203y-15","count":9}},{"type":"Feature","geometry":{"type":"Polygon","coordinates":[[[126.23556394057199,-7.546305669135457],[126.23556394057199,-7.072236038866301],[126.8574140092448,-7.072236038866301],[126.8574140092448,-7.546305669135457],[126.23556394057199,-7.546305669135457]]]},"properties":{"region_code":"x203y-16","label":"x203y-16","count":9}},{"type":"Feature","geometry":{"type":"Polygon","coordinates":[[[126.23556394057199,-8.020881809744264],[126.23556394057199,-7.546305669135457],[126.8574140092448,-7.546305669135457],[126.8574140092448,-8.020881809744264],[126.23556394057199,-8.020881809744264]]]},"properties":{"region_code":"x203y-17","label":"x203y-17","count":9}},{"type":"Feature","geometry":{"type":"Polygon","coordinates":[[[126.23556394057199,-8.495997944112283],[126.23556394057199,-8.020881809744264],[126.8574140092448,-8.020881809744264],[126.8574140092448,-8.495997944112283],[126.23556394057199,-8.495997944112283]]]},"properties":{"region_code":"x203y-18","label":"x203y-18","count":9}},{"type":"Feature","geometry":{"type":"Polygon","coordinates":[[[126.23556394057199,-8.971687899676542],[126.23556394057199,-8.495997944112283],[126.8574140092448,-8.495997944112283],[126.8574140092448,-8.971687899676542],[126.23556394057199,-8.971687899676542]]]},"properties":{"region_code":"x203y-19","label":"x203y-19","count":9}},{"type":"Feature","geometry":{"type":"Polygon","coordinates":[[[126.23556394057199,-9.44798587175262],[126.23556394057199,-8.971687899676542],[126.8574140092448,-8.971687899676542],[126.8574140092448,-9.44798587175262],[126.23556394057199,-9.44798587175262]]]},"properties":{"region_code":"x203y-20","label":"x203y-20","count":9}},{"type":"Feature","geometry":{"type":"Polygon","coordinates":[[[126.23556394057199,0.0],[126.23556394057199,0.4703230299809363],[126.8574140092448,0.4703230299809363],[126.8574140092448,0.0],[126.23556394057199,0.0]]]},"properties":{"region_code":"x203y000","label":"x203y000","count":9}},{"type":"Feature","geometry":{"type":"Polygon","coordinates":[[[126.23556394057199,0.4703230299809363],[126.23556394057199,0.9406769065449422],[126.8574140092448,0.9406769065449422],[126.8574140092448,0.4703230299809363],[126.23556394057199,0.4703230299809363]]]},"properties":{"region_code":"x203y001","label":"x203y001","count":9}},{"type":"Feature","geometry":{"type":"Polygon","coordinates":[[[126.23556394057199,0.9406769065449422],[126.23556394057199,1.411092494939981],[126.8574140092448,1.411092494939981],[126.8574140092448,0.9406769065449422],[126.23556394057199,0.9406769065449422]]]},"properties":{"region_code":"x203y002","label":"x203y002","count":9}},{"type":"Feature","geometry":{"type":"Polygon","coordinates":[[[126.23556394057199,1.411092494939981],[126.23556394057199,1.881600697775704],[126.8574140092448,1.881600697775704],[126.8574140092448,1.411092494939981],[126.23556394057199,1.411092494939981]]]},"properties":{"region_code":"x203y003","label":"x203y003","count":9}},{"type":"Feature","geometry":{"type":"Polygon","coordinates":[[[126.23556394057199,1.881600697775704],[126.23556394057199,2.352232473781689],[126.8574140092448,2.352232473781689],[126.8574140092448,1.881600697775704],[126.23556394057199,1.881600697775704]]]},"properties":{"region_code":"x203y004","label":"x203y004","count":9}},{"type":"Feature","geometry":{"type":"Polygon","coordinates":[[[126.23556394057199,2.352232473781689],[126.23556394057199,2.823018856660936],[126.8574140092448,2.823018856660936],[126.8574140092448,2.352232473781689],[126.23556394057199,2.352232473781689]]]},"properties":{"region_code":"x203y005","label":"x203y005","count":9}},{"type":"Feature","geometry":{"type":"Polygon","coordinates":[[[126.23556394057199,2.823018856660936],[126.23556394057199,3.2939909740681896],[126.8574140092448,3.2939909740681896],[126.8574140092448,2.823018856660936],[126.23556394057199,2.823018856660936]]]},"properties":{"region_code":"x203y006","label":"x203y006","count":9}},{"type":"Feature","geometry":{"type":"Polygon","coordinates":[[[126.23556394057199,3.2939909740681896],[126.23556394057199,3.765180066747398],[126.8574140092448,3.765180066747398],[126.8574140092448,3.2939909740681896],[126.23556394057199,3.2939909740681896]]]},"properties":{"region_code":"x203y007","label":"x203y007","count":9}},{"type":"Feature","geometry":{"type":"Polygon","coordinates":[[[126.23556394057199,3.765180066747398],[126.23556394057199,4.236617507859302],[126.8574140092448,4.236617507859302],[126.8574140092448,3.765180066747398],[126.23556394057199,3.765180066747398]]]},"properties":{"region_code":"x203y008","label":"x203y008","count":9}},{"type":"Feature","geometry":{"type":"Polygon","coordinates":[[[126.23556394057199,4.236617507859302],[126.23556394057199,4.70833482253388],[126.8574140092448,4.70833482253388],[126.8574140092448,4.236617507859302],[126.23556394057199,4.236617507859302]]]},"properties":{"region_code":"x203y009","label":"x203y009","count":9}},{"type":"Feature","geometry":{"type":"Polygon","coordinates":[[[126.23556394057199,4.70833482253388],[126.23556394057199,5.1803637076811775],[126.8574140092448,5.1803637076811775],[126.8574140092448,4.70833482253388],[126.23556394057199,4.70833482253388]]]},"properties":{"region_code":"x203y010","label":"x203y010","count":9}},{"type":"Feature","geometry":{"type":"Polygon","coordinates":[[[126.23556394057199,5.1803637076811775],[126.23556394057199,5.652736052095529],[126.8574140092448,5.652736052095529],[126.8574140092448,5.1803637076811775],[126.23556394057199,5.1803637076811775]]]},"properties":{"region_code":"x203y011","label":"x203y011","count":9}},{"type":"Feature","geometry":{"type":"Polygon","coordinates":[[[126.23556394057199,5.652736052095529],[126.23556394057199,6.125483956889549],[126.8574140092448,6.125483956889549],[126.8574140092448,5.652736052095529],[126.23556394057199,5.652736052095529]]]},"properties":{"region_code":"x203y012","label":"x203y012","count":9}},{"type":"Feature","geometry":{"type":"Polygon","coordinates":[[[126.8574140092448,-0.47032302998093656],[126.8574140092448,0.0],[127.47926407791756,0.0],[127.47926407791756,-0.47032302998093656],[126.8574140092448,-0.47032302998093656]]]},"properties":{"region_code":"x204y-01","label":"x204y-01","count":9}},{"type":"Feature","geometry":{"type":"Polygon","coordinates":[[[126.8574140092448,-0.9406769065449366],[126.8574140092448,-0.47032302998093656],[127.47926407791756,-0.47032302998093656],[127.47926407791756,-0.9406769065449366],[126.8574140092448,-0.9406769065449366]]]},"properties":{"region_code":"x204y-02","label":"x204y-02","count":9}},{"type":"Feature","geometry":{"type":"Polygon","coordinates":[[[126.8574140092448,-1.411092494939997],[126.8574140092448,-0.9406769065449366],[127.47926407791756,-0.9406769065449366],[127.47926407791756,-1.411092494939997],[126.8574140092448,-1.411092494939997]]]},"properties":{"region_code":"x204y-03","label":"x204y-03","count":9}},{"type":"Feature","geometry":{"type":"Polygon","coordinates":[[[126.8574140092448,-1.881600697775689],[126.8574140092448,-1.411092494939997],[127.47926407791756,-1.411092494939997],[127.47926407791756,-1.881600697775689],[126.8574140092448,-1.881600697775689]]]},"properties":{"region_code":"x204y-04","label":"x204y-04","count":9}},{"type":"Feature","geometry":{"type":"Polygon","coordinates":[[[126.8574140092448,-2.3522324737816986],[126.8574140092448,-1.881600697775689],[127.47926407791756,-1.881600697775689],[127.47926407791756,-2.3522324737816986],[126.8574140092448,-2.3522324737816986]]]},"properties":{"region_code":"x204y-05","label":"x204y-05","count":9}},{"type":"Feature","geometry":{"type":"Polygon","coordinates":[[[126.8574140092448,-2.8230188566609358],[126.8574140092448,-2.3522324737816986],[127.47926407791756,-2.3522324737816986],[127.47926407791756,-2.8230188566609358],[126.8574140092448,-2.8230188566609358]]]},"properties":{"region_code":"x204y-06","label":"x204y-06","count":9}},{"type":"Feature","geometry":{"type":"Polygon","coordinates":[[[126.8574140092448,-3.293990974068208],[126.8574140092448,-2.8230188566609358],[127.47926407791756,-2.8230188566609358],[127.47926407791756,-3.293990974068208],[126.8574140092448,-3.293990974068208]]]},"properties":{"region_code":"x204y-07","label":"x204y-07","count":9}},{"type":"Feature","geometry":{"type":"Polygon","coordinates":[[[126.8574140092448,-3.765180066747392],[126.8574140092448,-3.293990974068208],[127.47926407791756,-3.293990974068208],[127.47926407791756,-3.765180066747392],[126.8574140092448,-3.765180066747392]]]},"properties":{"region_code":"x204y-08","label":"x204y-08","count":9}},{"type":"Feature","geometry":{"type":"Polygon","coordinates":[[[126.8574140092448,-4.236617507859314],[126.8574140092448,-3.765180066747392],[127.47926407791756,-3.765180066747392],[127.47926407791756,-4.236617507859314],[126.8574140092448,-4.236617507859314]]]},"properties":{"region_code":"x204y-09","label":"x204y-09","count":9}},{"type":"Feature","geometry":{"type":"Polygon","coordinates":[[[126.8574140092448,-4.708334822533896],[126.8574140092448,-4.236617507859314],[127.47926407791756,-4.236617507859314],[127.47926407791756,-4.708334822533896],[126.8574140092448,-4.708334822533896]]]},"properties":{"region_code":"x204y-10","label":"x204y-10","count":9}},{"type":"Feature","geometry":{"type":"Polygon","coordinates":[[[126.8574140092448,-5.1803637076811935],[126.8574140092448,-4.708334822533896],[127.47926407791756,-4.708334822533896],[127.47926407791756,-5.1803637076811935],[126.8574140092448,-5.1803637076811935]]]},"properties":{"region_code":"x204y-11","label":"x204y-11","count":9}},{"type":"Feature","geometry":{"type":"Polygon","coordinates":[[[126.8574140092448,-5.6527360520955305],[126.8574140092448,-5.1803637076811935],[127.47926407791756,-5.1803637076811935],[127.47926407791756,-5.6527360520955305],[126.8574140092448,-5.6527360520955305]]]},"properties":{"region_code":"x204y-12","label":"x204y-12","count":9}},{"type":"Feature","geometry":{"type":"Polygon","coordinates":[[[126.8574140092448,-6.125483956889529],[126.8574140092448,-5.6527360520955305],[127.47926407791756,-5.6527360520955305],[127.47926407791756,-6.125483956889529],[126.8574140092448,-6.125483956889529]]]},"properties":{"region_code":"x204y-13","label":"x204y-13","count":9}},{"type":"Feature","geometry":{"type":"Polygon","coordinates":[[[126.8574140092448,-6.598639756294533],[126.8574140092448,-6.125483956889529],[127.47926407791756,-6.125483956889529],[127.47926407791756,-6.598639756294533],[126.8574140092448,-6.598639756294533]]]},"properties":{"region_code":"x204y-14","label":"x204y-14","count":9}},{"type":"Feature","geometry":{"type":"Polygon","coordinates":[[[126.8574140092448,-7.072236038866301],[126.8574140092448,-6.598639756294533],[127.47926407791756,-6.598639756294533],[127.47926407791756,-7.072236038866301],[126.8574140092448,-7.072236038866301]]]},"properties":{"region_code":"x204y-15","label":"x204y-15","count":9}},{"type":"Feature","geometry":{"type":"Polygon","coordinates":[[[126.8574140092448,-7.546305669135457],[126.8574140092448,-7.072236038866301],[127.47926407791756,-7.072236038866301],[127.47926407791756,-7.546305669135457],[126.8574140092448,-7.546305669135457]]]},"properties":{"region_code":"x204y-16","label":"x204y-16","count":9}},{"type":"Feature","geometry":{"type":"Polygon","coordinates":[[[126.8574140092448,-8.020881809744264],[126.8574140092448,-7.546305669135457],[127.47926407791756,-7.546305669135457],[127.47926407791756,-8.020881809744264],[126.8574140092448,-8.020881809744264]]]},"properties":{"region_code":"x204y-17","label":"x204y-17","count":9}},{"type":"Feature","geometry":{"type":"Polygon","coordinates":[[[126.8574140092448,-8.495997944112283],[126.8574140092448,-8.020881809744264],[127.47926407791756,-8.020881809744264],[127.47926407791756,-8.495997944112283],[126.8574140092448,-8.495997944112283]]]},"properties":{"region_code":"x204y-18","label":"x204y-18","count":9}},{"type":"Feature","geometry":{"type":"Polygon","coordinates":[[[126.8574140092448,-8.971687899676542],[126.8574140092448,-8.495997944112283],[127.47926407791756,-8.495997944112283],[127.47926407791756,-8.971687899676542],[126.8574140092448,-8.971687899676542]]]},"properties":{"region_code":"x204y-19","label":"x204y-19","count":9}},{"type":"Feature","geometry":{"type":"Polygon","coordinates":[[[126.8574140092448,0.0],[126.8574140092448,0.4703230299809363],[127.47926407791756,0.4703230299809363],[127.47926407791756,0.0],[126.8574140092448,0.0]]]},"properties":{"region_code":"x204y000","label":"x204y000","count":9}},{"type":"Feature","geometry":{"type":"Polygon","coordinates":[[[126.8574140092448,0.4703230299809363],[126.8574140092448,0.9406769065449422],[127.47926407791756,0.9406769065449422],[127.47926407791756,0.4703230299809363],[126.8574140092448,0.4703230299809363]]]},"properties":{"region_code":"x204y001","label":"x204y001","count":9}},{"type":"Feature","geometry":{"type":"Polygon","coordinates":[[[126.8574140092448,0.9406769065449422],[126.8574140092448,1.411092494939981],[127.47926407791756,1.411092494939981],[127.47926407791756,0.9406769065449422],[126.8574140092448,0.9406769065449422]]]},"properties":{"region_code":"x204y002","label":"x204y002","count":9}},{"type":"Feature","geometry":{"type":"Polygon","coordinates":[[[126.8574140092448,1.411092494939981],[126.8574140092448,1.881600697775704],[127.47926407791756,1.881600697775704],[127.47926407791756,1.411092494939981],[126.8574140092448,1.411092494939981]]]},"properties":{"region_code":"x204y003","label":"x204y003","count":9}},{"type":"Feature","geometry":{"type":"Polygon","coordinates":[[[126.8574140092448,1.881600697775704],[126.8574140092448,2.352232473781689],[127.47926407791756,2.352232473781689],[127.47926407791756,1.881600697775704],[126.8574140092448,1.881600697775704]]]},"properties":{"region_code":"x204y004","label":"x204y004","count":9}},{"type":"Feature","geometry":{"type":"Polygon","coordinates":[[[126.8574140092448,2.352232473781689],[126.8574140092448,2.823018856660936],[127.47926407791756,2.823018856660936],[127.47926407791756,2.352232473781689],[126.8574140092448,2.352232473781689]]]},"properties":{"region_code":"x204y005","label":"x204y005","count":9}},{"type":"Feature","geometry":{"type":"Polygon","coordinates":[[[126.8574140092448,2.823018856660936],[126.8574140092448,3.2939909740681896],[127.47926407791756,3.2939909740681896],[127.47926407791756,2.823018856660936],[126.8574140092448,2.823018856660936]]]},"properties":{"region_code":"x204y006","label":"x204y006","count":9}},{"type":"Feature","geometry":{"type":"Polygon","coordinates":[[[126.8574140092448,3.2939909740681896],[126.8574140092448,3.765180066747398],[127.47926407791756,3.765180066747398],[127.47926407791756,3.2939909740681896],[126.8574140092448,3.2939909740681896]]]},"properties":{"region_code":"x204y007","label":"x204y007","count":9}},{"type":"Feature","geometry":{"type":"Polygon","coordinates":[[[126.8574140092448,3.765180066747398],[126.8574140092448,4.236617507859302],[127.47926407791756,4.236617507859302],[127.47926407791756,3.765180066747398],[126.8574140092448,3.765180066747398]]]},"properties":{"region_code":"x204y008","label":"x204y008","count":9}},{"type":"Feature","geometry":{"type":"Polygon","coordinates":[[[126.8574140092448,4.236617507859302],[126.8574140092448,4.70833482253388],[127.47926407791756,4.70833482253388],[127.47926407791756,4.236617507859302],[126.8574140092448,4.236617507859302]]]},"properties":{"region_code":"x204y009","label":"x204y009","count":9}},{"type":"Feature","geometry":{"type":"Polygon","coordinates":[[[126.8574140092448,4.70833482253388],[126.8574140092448,5.1803637076811775],[127.47926407791756,5.1803637076811775],[127.47926407791756,4.70833482253388],[126.8574140092448,4.70833482253388]]]},"properties":{"region_code":"x204y010","label":"x204y010","count":9}},{"type":"Feature","geometry":{"type":"Polygon","coordinates":[[[126.8574140092448,5.1803637076811775],[126.8574140092448,5.652736052095529],[127.47926407791756,5.652736052095529],[127.47926407791756,5.1803637076811775],[126.8574140092448,5.1803637076811775]]]},"properties":{"region_code":"x204y011","label":"x204y011","count":8}},{"type":"Feature","geometry":{"type":"Polygon","coordinates":[[[127.47926407791756,-0.47032302998093656],[127.47926407791756,0.0],[128.1011141465903,0.0],[128.1011141465903,-0.47032302998093656],[127.47926407791756,-0.47032302998093656]]]},"properties":{"region_code":"x205y-01","label":"x205y-01","count":9}},{"type":"Feature","geometry":{"type":"Polygon","coordinates":[[[127.47926407791756,-0.9406769065449366],[127.47926407791756,-0.47032302998093656],[128.1011141465903,-0.47032302998093656],[128.1011141465903,-0.9406769065449366],[127.47926407791756,-0.9406769065449366]]]},"properties":{"region_code":"x205y-02","label":"x205y-02","count":9}},{"type":"Feature","geometry":{"type":"Polygon","coordinates":[[[127.47926407791756,-1.411092494939997],[127.47926407791756,-0.9406769065449366],[128.1011141465903,-0.9406769065449366],[128.1011141465903,-1.411092494939997],[127.47926407791756,-1.411092494939997]]]},"properties":{"region_code":"x205y-03","label":"x205y-03","count":9}},{"type":"Feature","geometry":{"type":"Polygon","coordinates":[[[127.47926407791756,-1.881600697775689],[127.47926407791756,-1.411092494939997],[128.1011141465903,-1.411092494939997],[128.1011141465903,-1.881600697775689],[127.47926407791756,-1.881600697775689]]]},"properties":{"region_code":"x205y-04","label":"x205y-04","count":9}},{"type":"Feature","geometry":{"type":"Polygon","coordinates":[[[127.47926407791756,-2.3522324737816986],[127.47926407791756,-1.881600697775689],[128.1011141465903,-1.881600697775689],[128.1011141465903,-2.3522324737816986],[127.47926407791756,-2.3522324737816986]]]},"properties":{"region_code":"x205y-05","label":"x205y-05","count":9}},{"type":"Feature","geometry":{"type":"Polygon","coordinates":[[[127.47926407791756,-2.8230188566609358],[127.47926407791756,-2.3522324737816986],[128.1011141465903,-2.3522324737816986],[128.1011141465903,-2.8230188566609358],[127.47926407791756,-2.8230188566609358]]]},"properties":{"region_code":"x205y-06","label":"x205y-06","count":9}},{"type":"Feature","geometry":{"type":"Polygon","coordinates":[[[127.47926407791756,-3.293990974068208],[127.47926407791756,-2.8230188566609358],[128.1011141465903,-2.8230188566609358],[128.1011141465903,-3.293990974068208],[127.47926407791756,-3.293990974068208]]]},"properties":{"region_code":"x205y-07","label":"x205y-07","count":9}},{"type":"Feature","geometry":{"type":"Polygon","coordinates":[[[127.47926407791756,-3.765180066747392],[127.47926407791756,-3.293990974068208],[128.1011141465903,-3.293990974068208],[128.1011141465903,-3.765180066747392],[127.47926407791756,-3.765180066747392]]]},"properties":{"region_code":"x205y-08","label":"x205y-08","count":9}},{"type":"Feature","geometry":{"type":"Polygon","coordinates":[[[127.47926407791756,-4.236617507859314],[127.47926407791756,-3.765180066747392],[128.1011141465903,-3.765180066747392],[128.1011141465903,-4.236617507859314],[127.47926407791756,-4.236617507859314]]]},"properties":{"region_code":"x205y-09","label":"x205y-09","count":9}},{"type":"Feature","geometry":{"type":"Polygon","coordinates":[[[127.47926407791756,-4.708334822533896],[127.47926407791756,-4.236617507859314],[128.1011141465903,-4.236617507859314],[128.1011141465903,-4.708334822533896],[127.47926407791756,-4.708334822533896]]]},"properties":{"region_code":"x205y-10","label":"x205y-10","count":9}},{"type":"Feature","geometry":{"type":"Polygon","coordinates":[[[127.47926407791756,-5.1803637076811935],[127.47926407791756,-4.708334822533896],[128.1011141465903,-4.708334822533896],[128.1011141465903,-5.1803637076811935],[127.47926407791756,-5.1803637076811935]]]},"properties":{"region_code":"x205y-11","label":"x205y-11","count":9}},{"type":"Feature","geometry":{"type":"Polygon","coordinates":[[[127.47926407791756,-5.6527360520955305],[127.47926407791756,-5.1803637076811935],[128.1011141465903,-5.1803637076811935],[128.1011141465903,-5.6527360520955305],[127.47926407791756,-5.6527360520955305]]]},"properties":{"region_code":"x205y-12","label":"x205y-12","count":9}},{"type":"Feature","geometry":{"type":"Polygon","coordinates":[[[127.47926407791756,-6.125483956889529],[127.47926407791756,-5.6527360520955305],[128.1011141465903,-5.6527360520955305],[128.1011141465903,-6.125483956889529],[127.47926407791756,-6.125483956889529]]]},"properties":{"region_code":"x205y-13","label":"x205y-13","count":9}},{"type":"Feature","geometry":{"type":"Polygon","coordinates":[[[127.47926407791756,-6.598639756294533],[127.47926407791756,-6.125483956889529],[128.1011141465903,-6.125483956889529],[128.1011141465903,-6.598639756294533],[127.47926407791756,-6.598639756294533]]]},"properties":{"region_code":"x205y-14","label":"x205y-14","count":9}},{"type":"Feature","geometry":{"type":"Polygon","coordinates":[[[127.47926407791756,-7.072236038866301],[127.47926407791756,-6.598639756294533],[128.1011141465903,-6.598639756294533],[128.1011141465903,-7.072236038866301],[127.47926407791756,-7.072236038866301]]]},"properties":{"region_code":"x205y-15","label":"x205y-15","count":9}},{"type":"Feature","geometry":{"type":"Polygon","coordinates":[[[127.47926407791756,-7.546305669135457],[127.47926407791756,-7.072236038866301],[128.1011141465903,-7.072236038866301],[128.1011141465903,-7.546305669135457],[127.47926407791756,-7.546305669135457]]]},"properties":{"region_code":"x205y-16","label":"x205y-16","count":9}},{"type":"Feature","geometry":{"type":"Polygon","coordinates":[[[127.47926407791756,-8.020881809744264],[127.47926407791756,-7.546305669135457],[128.1011141465903,-7.546305669135457],[128.1011141465903,-8.020881809744264],[127.47926407791756,-8.020881809744264]]]},"properties":{"region_code":"x205y-17","label":"x205y-17","count":9}},{"type":"Feature","geometry":{"type":"Polygon","coordinates":[[[127.47926407791756,-8.495997944112283],[127.47926407791756,-8.020881809744264],[128.1011141465903,-8.020881809744264],[128.1011141465903,-8.495997944112283],[127.47926407791756,-8.495997944112283]]]},"properties":{"region_code":"x205y-18","label":"x205y-18","count":9}},{"type":"Feature","geometry":{"type":"Polygon","coordinates":[[[127.47926407791756,-8.971687899676542],[127.47926407791756,-8.495997944112283],[128.1011141465903,-8.495997944112283],[128.1011141465903,-8.971687899676542],[127.47926407791756,-8.971687899676542]]]},"properties":{"region_code":"x205y-19","label":"x205y-19","count":9}},{"type":"Feature","geometry":{"type":"Polygon","coordinates":[[[127.47926407791756,0.0],[127.47926407791756,0.4703230299809363],[128.1011141465903,0.4703230299809363],[128.1011141465903,0.0],[127.47926407791756,0.0]]]},"properties":{"region_code":"x205y000","label":"x205y000","count":9}},{"type":"Feature","geometry":{"type":"Polygon","coordinates":[[[127.47926407791756,0.4703230299809363],[127.47926407791756,0.9406769065449422],[128.1011141465903,0.9406769065449422],[128.1011141465903,0.4703230299809363],[127.47926407791756,0.4703230299809363]]]},"properties":{"region_code":"x205y001","label":"x205y001","count":9}},{"type":"Feature","geometry":{"type":"Polygon","coordinates":[[[127.47926407791756,0.9406769065449422],[127.47926407791756,1.411092494939981],[128.1011141465903,1.411092494939981],[128.1011141465903,0.9406769065449422],[127.47926407791756,0.9406769065449422]]]},"properties":{"region_code":"x205y002","label":"x205y002","count":9}},{"type":"Feature","geometry":{"type":"Polygon","coordinates":[[[127.47926407791756,1.411092494939981],[127.47926407791756,1.881600697775704],[128.1011141465903,1.881600697775704],[128.1011141465903,1.411092494939981],[127.47926407791756,1.411092494939981]]]},"properties":{"region_code":"x205y003","label":"x205y003","count":9}},{"type":"Feature","geometry":{"type":"Polygon","coordinates":[[[127.47926407791756,1.881600697775704],[127.47926407791756,2.352232473781689],[128.1011141465903,2.352232473781689],[128.1011141465903,1.881600697775704],[127.47926407791756,1.881600697775704]]]},"properties":{"region_code":"x205y004","label":"x205y004","count":9}},{"type":"Feature","geometry":{"type":"Polygon","coordinates":[[[127.47926407791756,2.352232473781689],[127.47926407791756,2.823018856660936],[128.1011141465903,2.823018856660936],[128.1011141465903,2.352232473781689],[127.47926407791756,2.352232473781689]]]},"properties":{"region_code":"x205y005","label":"x205y005","count":9}},{"type":"Feature","geometry":{"type":"Polygon","coordinates":[[[127.47926407791756,2.823018856660936],[127.47926407791756,3.2939909740681896],[128.1011141465903,3.2939909740681896],[128.1011141465903,2.823018856660936],[127.47926407791756,2.823018856660936]]]},"properties":{"region_code":"x205y006","label":"x205y006","count":9}},{"type":"Feature","geometry":{"type":"Polygon","coordinates":[[[127.47926407791756,3.2939909740681896],[127.47926407791756,3.765180066747398],[128.1011141465903,3.765180066747398],[128.1011141465903,3.2939909740681896],[127.47926407791756,3.2939909740681896]]]},"properties":{"region_code":"x205y007","label":"x205y007","count":9}},{"type":"Feature","geometry":{"type":"Polygon","coordinates":[[[128.1011141465903,-0.47032302998093656],[128.1011141465903,0.0],[128.7229642152631,0.0],[128.7229642152631,-0.47032302998093656],[128.1011141465903,-0.47032302998093656]]]},"properties":{"region_code":"x206y-01","label":"x206y-01","count":9}},{"type":"Feature","geometry":{"type":"Polygon","coordinates":[[[128.1011141465903,-0.9406769065449366],[128.1011141465903,-0.47032302998093656],[128.7229642152631,-0.47032302998093656],[128.7229642152631,-0.9406769065449366],[128.1011141465903,-0.9406769065449366]]]},"properties":{"region_code":"x206y-02","label":"x206y-02","count":9}},{"type":"Feature","geometry":{"type":"Polygon","coordinates":[[[128.1011141465903,-1.411092494939997],[128.1011141465903,-0.9406769065449366],[128.7229642152631,-0.9406769065449366],[128.7229642152631,-1.411092494939997],[128.1011141465903,-1.411092494939997]]]},"properties":{"region_code":"x206y-03","label":"x206y-03","count":9}},{"type":"Feature","geometry":{"type":"Polygon","coordinates":[[[128.1011141465903,-1.881600697775689],[128.1011141465903,-1.411092494939997],[128.7229642152631,-1.411092494939997],[128.7229642152631,-1.881600697775689],[128.1011141465903,-1.881600697775689]]]},"properties":{"region_code":"x206y-04","label":"x206y-04","count":9}},{"type":"Feature","geometry":{"type":"Polygon","coordinates":[[[128.1011141465903,-2.3522324737816986],[128.1011141465903,-1.881600697775689],[128.7229642152631,-1.881600697775689],[128.7229642152631,-2.3522324737816986],[128.1011141465903,-2.3522324737816986]]]},"properties":{"region_code":"x206y-05","label":"x206y-05","count":9}},{"type":"Feature","geometry":{"type":"Polygon","coordinates":[[[128.1011141465903,-2.8230188566609358],[128.1011141465903,-2.3522324737816986],[128.7229642152631,-2.3522324737816986],[128.7229642152631,-2.8230188566609358],[128.1011141465903,-2.8230188566609358]]]},"properties":{"region_code":"x206y-06","label":"x206y-06","count":9}},{"type":"Feature","geometry":{"type":"Polygon","coordinates":[[[128.1011141465903,-3.293990974068208],[128.1011141465903,-2.8230188566609358],[128.7229642152631,-2.8230188566609358],[128.7229642152631,-3.293990974068208],[128.1011141465903,-3.293990974068208]]]},"properties":{"region_code":"x206y-07","label":"x206y-07","count":9}},{"type":"Feature","geometry":{"type":"Polygon","coordinates":[[[128.1011141465903,-3.765180066747392],[128.1011141465903,-3.293990974068208],[128.7229642152631,-3.293990974068208],[128.7229642152631,-3.765180066747392],[128.1011141465903,-3.765180066747392]]]},"properties":{"region_code":"x206y-08","label":"x206y-08","count":9}},{"type":"Feature","geometry":{"type":"Polygon","coordinates":[[[128.1011141465903,-4.236617507859314],[128.1011141465903,-3.765180066747392],[128.7229642152631,-3.765180066747392],[128.7229642152631,-4.236617507859314],[128.1011141465903,-4.236617507859314]]]},"properties":{"region_code":"x206y-09","label":"x206y-09","count":9}},{"type":"Feature","geometry":{"type":"Polygon","coordinates":[[[128.1011141465903,-4.708334822533896],[128.1011141465903,-4.236617507859314],[128.7229642152631,-4.236617507859314],[128.7229642152631,-4.708334822533896],[128.1011141465903,-4.708334822533896]]]},"properties":{"region_code":"x206y-10","label":"x206y-10","count":9}},{"type":"Feature","geometry":{"type":"Polygon","coordinates":[[[128.1011141465903,-5.1803637076811935],[128.1011141465903,-4.708334822533896],[128.7229642152631,-4.708334822533896],[128.7229642152631,-5.1803637076811935],[128.1011141465903,-5.1803637076811935]]]},"properties":{"region_code":"x206y-11","label":"x206y-11","count":9}},{"type":"Feature","geometry":{"type":"Polygon","coordinates":[[[128.1011141465903,-5.6527360520955305],[128.1011141465903,-5.1803637076811935],[128.7229642152631,-5.1803637076811935],[128.7229642152631,-5.6527360520955305],[128.1011141465903,-5.6527360520955305]]]},"properties":{"region_code":"x206y-12","label":"x206y-12","count":9}},{"type":"Feature","geometry":{"type":"Polygon","coordinates":[[[128.1011141465903,-6.125483956889529],[128.1011141465903,-5.6527360520955305],[128.7229642152631,-5.6527360520955305],[128.7229642152631,-6.125483956889529],[128.1011141465903,-6.125483956889529]]]},"properties":{"region_code":"x206y-13","label":"x206y-13","count":9}},{"type":"Feature","geometry":{"type":"Polygon","coordinates":[[[128.1011141465903,-6.598639756294533],[128.1011141465903,-6.125483956889529],[128.7229642152631,-6.125483956889529],[128.7229642152631,-6.598639756294533],[128.1011141465903,-6.598639756294533]]]},"properties":{"region_code":"x206y-14","label":"x206y-14","count":9}},{"type":"Feature","geometry":{"type":"Polygon","coordinates":[[[128.1011141465903,-7.072236038866301],[128.1011141465903,-6.598639756294533],[128.7229642152631,-6.598639756294533],[128.7229642152631,-7.072236038866301],[128.1011141465903,-7.072236038866301]]]},"properties":{"region_code":"x206y-15","label":"x206y-15","count":9}},{"type":"Feature","geometry":{"type":"Polygon","coordinates":[[[128.1011141465903,-7.546305669135457],[128.1011141465903,-7.072236038866301],[128.7229642152631,-7.072236038866301],[128.7229642152631,-7.546305669135457],[128.1011141465903,-7.546305669135457]]]},"properties":{"region_code":"x206y-16","label":"x206y-16","count":9}},{"type":"Feature","geometry":{"type":"Polygon","coordinates":[[[128.1011141465903,-8.020881809744264],[128.1011141465903,-7.546305669135457],[128.7229642152631,-7.546305669135457],[128.7229642152631,-8.020881809744264],[128.1011141465903,-8.020881809744264]]]},"properties":{"region_code":"x206y-17","label":"x206y-17","count":9}},{"type":"Feature","geometry":{"type":"Polygon","coordinates":[[[128.1011141465903,-8.495997944112283],[128.1011141465903,-8.020881809744264],[128.7229642152631,-8.020881809744264],[128.7229642152631,-8.495997944112283],[128.1011141465903,-8.495997944112283]]]},"properties":{"region_code":"x206y-18","label":"x206y-18","count":9}},{"type":"Feature","geometry":{"type":"Polygon","coordinates":[[[128.1011141465903,-8.971687899676542],[128.1011141465903,-8.495997944112283],[128.7229642152631,-8.495997944112283],[128.7229642152631,-8.971687899676542],[128.1011141465903,-8.971687899676542]]]},"properties":{"region_code":"x206y-19","label":"x206y-19","count":9}},{"type":"Feature","geometry":{"type":"Polygon","coordinates":[[[128.1011141465903,0.0],[128.1011141465903,0.4703230299809363],[128.7229642152631,0.4703230299809363],[128.7229642152631,0.0],[128.1011141465903,0.0]]]},"properties":{"region_code":"x206y000","label":"x206y000","count":9}},{"type":"Feature","geometry":{"type":"Polygon","coordinates":[[[128.1011141465903,0.4703230299809363],[128.1011141465903,0.9406769065449422],[128.7229642152631,0.9406769065449422],[128.7229642152631,0.4703230299809363],[128.1011141465903,0.4703230299809363]]]},"properties":{"region_code":"x206y001","label":"x206y001","count":9}},{"type":"Feature","geometry":{"type":"Polygon","coordinates":[[[128.1011141465903,0.9406769065449422],[128.1011141465903,1.411092494939981],[128.7229642152631,1.411092494939981],[128.7229642152631,0.9406769065449422],[128.1011141465903,0.9406769065449422]]]},"properties":{"region_code":"x206y002","label":"x206y002","count":9}},{"type":"Feature","geometry":{"type":"Polygon","coordinates":[[[128.1011141465903,1.411092494939981],[128.1011141465903,1.881600697775704],[128.7229642152631,1.881600697775704],[128.7229642152631,1.411092494939981],[128.1011141465903,1.411092494939981]]]},"properties":{"region_code":"x206y003","label":"x206y003","count":9}},{"type":"Feature","geometry":{"type":"Polygon","coordinates":[[[128.1011141465903,1.881600697775704],[128.1011141465903,2.352232473781689],[128.7229642152631,2.352232473781689],[128.7229642152631,1.881600697775704],[128.1011141465903,1.881600697775704]]]},"properties":{"region_code":"x206y004","label":"x206y004","count":9}},{"type":"Feature","geometry":{"type":"Polygon","coordinates":[[[128.1011141465903,2.352232473781689],[128.1011141465903,2.823018856660936],[128.7229642152631,2.823018856660936],[128.7229642152631,2.352232473781689],[128.1011141465903,2.352232473781689]]]},"properties":{"region_code":"x206y005","label":"x206y005","count":9}},{"type":"Feature","geometry":{"type":"Polygon","coordinates":[[[128.1011141465903,2.823018856660936],[128.1011141465903,3.2939909740681896],[128.7229642152631,3.2939909740681896],[128.7229642152631,2.823018856660936],[128.1011141465903,2.823018856660936]]]},"properties":{"region_code":"x206y006","label":"x206y006","count":8}},{"type":"Feature","geometry":{"type":"Polygon","coordinates":[[[128.7229642152631,-0.47032302998093656],[128.7229642152631,0.0],[129.34481428393588,0.0],[129.34481428393588,-0.47032302998093656],[128.7229642152631,-0.47032302998093656]]]},"properties":{"region_code":"x207y-01","label":"x207y-01","count":9}},{"type":"Feature","geometry":{"type":"Polygon","coordinates":[[[128.7229642152631,-0.9406769065449366],[128.7229642152631,-0.47032302998093656],[129.34481428393588,-0.47032302998093656],[129.34481428393588,-0.9406769065449366],[128.7229642152631,-0.9406769065449366]]]},"properties":{"region_code":"x207y-02","label":"x207y-02","count":9}},{"type":"Feature","geometry":{"type":"Polygon","coordinates":[[[128.7229642152631,-1.411092494939997],[128.7229642152631,-0.9406769065449366],[129.34481428393588,-0.9406769065449366],[129.34481428393588,-1.411092494939997],[128.7229642152631,-1.411092494939997]]]},"properties":{"region_code":"x207y-03","label":"x207y-03","count":9}},{"type":"Feature","geometry":{"type":"Polygon","coordinates":[[[128.7229642152631,-1.881600697775689],[128.7229642152631,-1.411092494939997],[129.34481428393588,-1.411092494939997],[129.34481428393588,-1.881600697775689],[128.7229642152631,-1.881600697775689]]]},"properties":{"region_code":"x207y-04","label":"x207y-04","count":9}},{"type":"Feature","geometry":{"type":"Polygon","coordinates":[[[128.7229642152631,-2.3522324737816986],[128.7229642152631,-1.881600697775689],[129.34481428393588,-1.881600697775689],[129.34481428393588,-2.3522324737816986],[128.7229642152631,-2.3522324737816986]]]},"properties":{"region_code":"x207y-05","label":"x207y-05","count":9}},{"type":"Feature","geometry":{"type":"Polygon","coordinates":[[[128.7229642152631,-2.8230188566609358],[128.7229642152631,-2.3522324737816986],[129.34481428393588,-2.3522324737816986],[129.34481428393588,-2.8230188566609358],[128.7229642152631,-2.8230188566609358]]]},"properties":{"region_code":"x207y-06","label":"x207y-06","count":9}},{"type":"Feature","geometry":{"type":"Polygon","coordinates":[[[128.7229642152631,-3.293990974068208],[128.7229642152631,-2.8230188566609358],[129.34481428393588,-2.8230188566609358],[129.34481428393588,-3.293990974068208],[128.7229642152631,-3.293990974068208]]]},"properties":{"region_code":"x207y-07","label":"x207y-07","count":9}},{"type":"Feature","geometry":{"type":"Polygon","coordinates":[[[128.7229642152631,-3.765180066747392],[128.7229642152631,-3.293990974068208],[129.34481428393588,-3.293990974068208],[129.34481428393588,-3.765180066747392],[128.7229642152631,-3.765180066747392]]]},"properties":{"region_code":"x207y-08","label":"x207y-08","count":9}},{"type":"Feature","geometry":{"type":"Polygon","coordinates":[[[128.7229642152631,-4.236617507859314],[128.7229642152631,-3.765180066747392],[129.34481428393588,-3.765180066747392],[129.34481428393588,-4.236617507859314],[128.7229642152631,-4.236617507859314]]]},"properties":{"region_code":"x207y-09","label":"x207y-09","count":9}},{"type":"Feature","geometry":{"type":"Polygon","coordinates":[[[128.7229642152631,-4.708334822533896],[128.7229642152631,-4.236617507859314],[129.34481428393588,-4.236617507859314],[129.34481428393588,-4.708334822533896],[128.7229642152631,-4.708334822533896]]]},"properties":{"region_code":"x207y-10","label":"x207y-10","count":9}},{"type":"Feature","geometry":{"type":"Polygon","coordinates":[[[128.7229642152631,-5.1803637076811935],[128.7229642152631,-4.708334822533896],[129.34481428393588,-4.708334822533896],[129.34481428393588,-5.1803637076811935],[128.7229642152631,-5.1803637076811935]]]},"properties":{"region_code":"x207y-11","label":"x207y-11","count":9}},{"type":"Feature","geometry":{"type":"Polygon","coordinates":[[[128.7229642152631,-5.6527360520955305],[128.7229642152631,-5.1803637076811935],[129.34481428393588,-5.1803637076811935],[129.34481428393588,-5.6527360520955305],[128.7229642152631,-5.6527360520955305]]]},"properties":{"region_code":"x207y-12","label":"x207y-12","count":9}},{"type":"Feature","geometry":{"type":"Polygon","coordinates":[[[128.7229642152631,-6.125483956889529],[128.7229642152631,-5.6527360520955305],[129.34481428393588,-5.6527360520955305],[129.34481428393588,-6.125483956889529],[128.7229642152631,-6.125483956889529]]]},"properties":{"region_code":"x207y-13","label":"x207y-13","count":9}},{"type":"Feature","geometry":{"type":"Polygon","coordinates":[[[128.7229642152631,-6.598639756294533],[128.7229642152631,-6.125483956889529],[129.34481428393588,-6.125483956889529],[129.34481428393588,-6.598639756294533],[128.7229642152631,-6.598639756294533]]]},"properties":{"region_code":"x207y-14","label":"x207y-14","count":9}},{"type":"Feature","geometry":{"type":"Polygon","coordinates":[[[128.7229642152631,-7.072236038866301],[128.7229642152631,-6.598639756294533],[129.34481428393588,-6.598639756294533],[129.34481428393588,-7.072236038866301],[128.7229642152631,-7.072236038866301]]]},"properties":{"region_code":"x207y-15","label":"x207y-15","count":9}},{"type":"Feature","geometry":{"type":"Polygon","coordinates":[[[128.7229642152631,-7.546305669135457],[128.7229642152631,-7.072236038866301],[129.34481428393588,-7.072236038866301],[129.34481428393588,-7.546305669135457],[128.7229642152631,-7.546305669135457]]]},"properties":{"region_code":"x207y-16","label":"x207y-16","count":9}},{"type":"Feature","geometry":{"type":"Polygon","coordinates":[[[128.7229642152631,-8.020881809744264],[128.7229642152631,-7.546305669135457],[129.34481428393588,-7.546305669135457],[129.34481428393588,-8.020881809744264],[128.7229642152631,-8.020881809744264]]]},"properties":{"region_code":"x207y-17","label":"x207y-17","count":9}},{"type":"Feature","geometry":{"type":"Polygon","coordinates":[[[128.7229642152631,-8.495997944112283],[128.7229642152631,-8.020881809744264],[129.34481428393588,-8.020881809744264],[129.34481428393588,-8.495997944112283],[128.7229642152631,-8.495997944112283]]]},"properties":{"region_code":"x207y-18","label":"x207y-18","count":9}},{"type":"Feature","geometry":{"type":"Polygon","coordinates":[[[128.7229642152631,-8.971687899676542],[128.7229642152631,-8.495997944112283],[129.34481428393588,-8.495997944112283],[129.34481428393588,-8.971687899676542],[128.7229642152631,-8.971687899676542]]]},"properties":{"region_code":"x207y-19","label":"x207y-19","count":8}},{"type":"Feature","geometry":{"type":"Polygon","coordinates":[[[128.7229642152631,0.0],[128.7229642152631,0.4703230299809363],[129.34481428393588,0.4703230299809363],[129.34481428393588,0.0],[128.7229642152631,0.0]]]},"properties":{"region_code":"x207y000","label":"x207y000","count":9}},{"type":"Feature","geometry":{"type":"Polygon","coordinates":[[[128.7229642152631,0.4703230299809363],[128.7229642152631,0.9406769065449422],[129.34481428393588,0.9406769065449422],[129.34481428393588,0.4703230299809363],[128.7229642152631,0.4703230299809363]]]},"properties":{"region_code":"x207y001","label":"x207y001","count":9}},{"type":"Feature","geometry":{"type":"Polygon","coordinates":[[[128.7229642152631,0.9406769065449422],[128.7229642152631,1.411092494939981],[129.34481428393588,1.411092494939981],[129.34481428393588,0.9406769065449422],[128.7229642152631,0.9406769065449422]]]},"properties":{"region_code":"x207y002","label":"x207y002","count":9}},{"type":"Feature","geometry":{"type":"Polygon","coordinates":[[[128.7229642152631,1.411092494939981],[128.7229642152631,1.881600697775704],[129.34481428393588,1.881600697775704],[129.34481428393588,1.411092494939981],[128.7229642152631,1.411092494939981]]]},"properties":{"region_code":"x207y003","label":"x207y003","count":9}},{"type":"Feature","geometry":{"type":"Polygon","coordinates":[[[128.7229642152631,1.881600697775704],[128.7229642152631,2.352232473781689],[129.34481428393588,2.352232473781689],[129.34481428393588,1.881600697775704],[128.7229642152631,1.881600697775704]]]},"properties":{"region_code":"x207y004","label":"x207y004","count":9}},{"type":"Feature","geometry":{"type":"Polygon","coordinates":[[[128.7229642152631,2.352232473781689],[128.7229642152631,2.823018856660936],[129.34481428393588,2.823018856660936],[129.34481428393588,2.352232473781689],[128.7229642152631,2.352232473781689]]]},"properties":{"region_code":"x207y005","label":"x207y005","count":9}},{"type":"Feature","geometry":{"type":"Polygon","coordinates":[[[129.34481428393588,-0.47032302998093656],[129.34481428393588,0.0],[129.96666435260866,0.0],[129.96666435260866,-0.47032302998093656],[129.34481428393588,-0.47032302998093656]]]},"properties":{"region_code":"x208y-01","label":"x208y-01","count":9}},{"type":"Feature","geometry":{"type":"Polygon","coordinates":[[[129.34481428393588,-0.9406769065449366],[129.34481428393588,-0.47032302998093656],[129.96666435260866,-0.47032302998093656],[129.96666435260866,-0.9406769065449366],[129.34481428393588,-0.9406769065449366]]]},"properties":{"region_code":"x208y-02","label":"x208y-02","count":9}},{"type":"Feature","geometry":{"type":"Polygon","coordinates":[[[129.34481428393588,-1.411092494939997],[129.34481428393588,-0.9406769065449366],[129.96666435260866,-0.9406769065449366],[129.96666435260866,-1.411092494939997],[129.34481428393588,-1.411092494939997]]]},"properties":{"region_code":"x208y-03","label":"x208y-03","count":9}},{"type":"Feature","geometry":{"type":"Polygon","coordinates":[[[129.34481428393588,-1.881600697775689],[129.34481428393588,-1.411092494939997],[129.96666435260866,-1.411092494939997],[129.96666435260866,-1.881600697775689],[129.34481428393588,-1.881600697775689]]]},"properties":{"region_code":"x208y-04","label":"x208y-04","count":9}},{"type":"Feature","geometry":{"type":"Polygon","coordinates":[[[129.34481428393588,-2.3522324737816986],[129.34481428393588,-1.881600697775689],[129.96666435260866,-1.881600697775689],[129.96666435260866,-2.3522324737816986],[129.34481428393588,-2.3522324737816986]]]},"properties":{"region_code":"x208y-05","label":"x208y-05","count":9}},{"type":"Feature","geometry":{"type":"Polygon","coordinates":[[[129.34481428393588,-2.8230188566609358],[129.34481428393588,-2.3522324737816986],[129.96666435260866,-2.3522324737816986],[129.96666435260866,-2.8230188566609358],[129.34481428393588,-2.8230188566609358]]]},"properties":{"region_code":"x208y-06","label":"x208y-06","count":9}},{"type":"Feature","geometry":{"type":"Polygon","coordinates":[[[129.34481428393588,-3.293990974068208],[129.34481428393588,-2.8230188566609358],[129.96666435260866,-2.8230188566609358],[129.96666435260866,-3.293990974068208],[129.34481428393588,-3.293990974068208]]]},"properties":{"region_code":"x208y-07","label":"x208y-07","count":9}},{"type":"Feature","geometry":{"type":"Polygon","coordinates":[[[129.34481428393588,-3.765180066747392],[129.34481428393588,-3.293990974068208],[129.96666435260866,-3.293990974068208],[129.96666435260866,-3.765180066747392],[129.34481428393588,-3.765180066747392]]]},"properties":{"region_code":"x208y-08","label":"x208y-08","count":9}},{"type":"Feature","geometry":{"type":"Polygon","coordinates":[[[129.34481428393588,-4.236617507859314],[129.34481428393588,-3.765180066747392],[129.96666435260866,-3.765180066747392],[129.96666435260866,-4.236617507859314],[129.34481428393588,-4.236617507859314]]]},"properties":{"region_code":"x208y-09","label":"x208y-09","count":9}},{"type":"Feature","geometry":{"type":"Polygon","coordinates":[[[129.34481428393588,-4.708334822533896],[129.34481428393588,-4.236617507859314],[129.96666435260866,-4.236617507859314],[129.96666435260866,-4.708334822533896],[129.34481428393588,-4.708334822533896]]]},"properties":{"region_code":"x208y-10","label":"x208y-10","count":9}},{"type":"Feature","geometry":{"type":"Polygon","coordinates":[[[129.34481428393588,-5.1803637076811935],[129.34481428393588,-4.708334822533896],[129.96666435260866,-4.708334822533896],[129.96666435260866,-5.1803637076811935],[129.34481428393588,-5.1803637076811935]]]},"properties":{"region_code":"x208y-11","label":"x208y-11","count":9}},{"type":"Feature","geometry":{"type":"Polygon","coordinates":[[[129.34481428393588,-5.6527360520955305],[129.34481428393588,-5.1803637076811935],[129.96666435260866,-5.1803637076811935],[129.96666435260866,-5.6527360520955305],[129.34481428393588,-5.6527360520955305]]]},"properties":{"region_code":"x208y-12","label":"x208y-12","count":9}},{"type":"Feature","geometry":{"type":"Polygon","coordinates":[[[129.34481428393588,-6.125483956889529],[129.34481428393588,-5.6527360520955305],[129.96666435260866,-5.6527360520955305],[129.96666435260866,-6.125483956889529],[129.34481428393588,-6.125483956889529]]]},"properties":{"region_code":"x208y-13","label":"x208y-13","count":9}},{"type":"Feature","geometry":{"type":"Polygon","coordinates":[[[129.34481428393588,-6.598639756294533],[129.34481428393588,-6.125483956889529],[129.96666435260866,-6.125483956889529],[129.96666435260866,-6.598639756294533],[129.34481428393588,-6.598639756294533]]]},"properties":{"region_code":"x208y-14","label":"x208y-14","count":9}},{"type":"Feature","geometry":{"type":"Polygon","coordinates":[[[129.34481428393588,-7.072236038866301],[129.34481428393588,-6.598639756294533],[129.96666435260866,-6.598639756294533],[129.96666435260866,-7.072236038866301],[129.34481428393588,-7.072236038866301]]]},"properties":{"region_code":"x208y-15","label":"x208y-15","count":9}},{"type":"Feature","geometry":{"type":"Polygon","coordinates":[[[129.34481428393588,-7.546305669135457],[129.34481428393588,-7.072236038866301],[129.96666435260866,-7.072236038866301],[129.96666435260866,-7.546305669135457],[129.34481428393588,-7.546305669135457]]]},"properties":{"region_code":"x208y-16","label":"x208y-16","count":9}},{"type":"Feature","geometry":{"type":"Polygon","coordinates":[[[129.34481428393588,-8.020881809744264],[129.34481428393588,-7.546305669135457],[129.96666435260866,-7.546305669135457],[129.96666435260866,-8.020881809744264],[129.34481428393588,-8.020881809744264]]]},"properties":{"region_code":"x208y-17","label":"x208y-17","count":9}},{"type":"Feature","geometry":{"type":"Polygon","coordinates":[[[129.34481428393588,-8.495997944112283],[129.34481428393588,-8.020881809744264],[129.96666435260866,-8.020881809744264],[129.96666435260866,-8.495997944112283],[129.34481428393588,-8.495997944112283]]]},"properties":{"region_code":"x208y-18","label":"x208y-18","count":9}},{"type":"Feature","geometry":{"type":"Polygon","coordinates":[[[129.34481428393588,0.0],[129.34481428393588,0.4703230299809363],[129.96666435260866,0.4703230299809363],[129.96666435260866,0.0],[129.34481428393588,0.0]]]},"properties":{"region_code":"x208y000","label":"x208y000","count":9}},{"type":"Feature","geometry":{"type":"Polygon","coordinates":[[[129.34481428393588,0.4703230299809363],[129.34481428393588,0.9406769065449422],[129.96666435260866,0.9406769065449422],[129.96666435260866,0.4703230299809363],[129.34481428393588,0.4703230299809363]]]},"properties":{"region_code":"x208y001","label":"x208y001","count":9}},{"type":"Feature","geometry":{"type":"Polygon","coordinates":[[[129.96666435260866,-0.47032302998093656],[129.96666435260866,0.0],[130.5885144212814,0.0],[130.5885144212814,-0.47032302998093656],[129.96666435260866,-0.47032302998093656]]]},"properties":{"region_code":"x209y-01","label":"x209y-01","count":9}},{"type":"Feature","geometry":{"type":"Polygon","coordinates":[[[129.96666435260866,-0.9406769065449366],[129.96666435260866,-0.47032302998093656],[130.5885144212814,-0.47032302998093656],[130.5885144212814,-0.9406769065449366],[129.96666435260866,-0.9406769065449366]]]},"properties":{"region_code":"x209y-02","label":"x209y-02","count":9}},{"type":"Feature","geometry":{"type":"Polygon","coordinates":[[[129.96666435260866,-1.411092494939997],[129.96666435260866,-0.9406769065449366],[130.5885144212814,-0.9406769065449366],[130.5885144212814,-1.411092494939997],[129.96666435260866,-1.411092494939997]]]},"properties":{"region_code":"x209y-03","label":"x209y-03","count":9}},{"type":"Feature","geometry":{"type":"Polygon","coordinates":[[[129.96666435260866,-1.881600697775689],[129.96666435260866,-1.411092494939997],[130.5885144212814,-1.411092494939997],[130.5885144212814,-1.881600697775689],[129.96666435260866,-1.881600697775689]]]},"properties":{"region_code":"x209y-04","label":"x209y-04","count":9}},{"type":"Feature","geometry":{"type":"Polygon","coordinates":[[[129.96666435260866,-2.3522324737816986],[129.96666435260866,-1.881600697775689],[130.5885144212814,-1.881600697775689],[130.5885144212814,-2.3522324737816986],[129.96666435260866,-2.3522324737816986]]]},"properties":{"region_code":"x209y-05","label":"x209y-05","count":9}},{"type":"Feature","geometry":{"type":"Polygon","coordinates":[[[129.96666435260866,-2.8230188566609358],[129.96666435260866,-2.3522324737816986],[130.5885144212814,-2.3522324737816986],[130.5885144212814,-2.8230188566609358],[129.96666435260866,-2.8230188566609358]]]},"properties":{"region_code":"x209y-06","label":"x209y-06","count":9}},{"type":"Feature","geometry":{"type":"Polygon","coordinates":[[[129.96666435260866,-3.293990974068208],[129.96666435260866,-2.8230188566609358],[130.5885144212814,-2.8230188566609358],[130.5885144212814,-3.293990974068208],[129.96666435260866,-3.293990974068208]]]},"properties":{"region_code":"x209y-07","label":"x209y-07","count":9}},{"type":"Feature","geometry":{"type":"Polygon","coordinates":[[[129.96666435260866,-3.765180066747392],[129.96666435260866,-3.293990974068208],[130.5885144212814,-3.293990974068208],[130.5885144212814,-3.765180066747392],[129.96666435260866,-3.765180066747392]]]},"properties":{"region_code":"x209y-08","label":"x209y-08","count":9}},{"type":"Feature","geometry":{"type":"Polygon","coordinates":[[[129.96666435260866,-4.236617507859314],[129.96666435260866,-3.765180066747392],[130.5885144212814,-3.765180066747392],[130.5885144212814,-4.236617507859314],[129.96666435260866,-4.236617507859314]]]},"properties":{"region_code":"x209y-09","label":"x209y-09","count":9}},{"type":"Feature","geometry":{"type":"Polygon","coordinates":[[[129.96666435260866,-4.708334822533896],[129.96666435260866,-4.236617507859314],[130.5885144212814,-4.236617507859314],[130.5885144212814,-4.708334822533896],[129.96666435260866,-4.708334822533896]]]},"properties":{"region_code":"x209y-10","label":"x209y-10","count":9}},{"type":"Feature","geometry":{"type":"Polygon","coordinates":[[[129.96666435260866,-5.1803637076811935],[129.96666435260866,-4.708334822533896],[130.5885144212814,-4.708334822533896],[130.5885144212814,-5.1803637076811935],[129.96666435260866,-5.1803637076811935]]]},"properties":{"region_code":"x209y-11","label":"x209y-11","count":9}},{"type":"Feature","geometry":{"type":"Polygon","coordinates":[[[129.96666435260866,-5.6527360520955305],[129.96666435260866,-5.1803637076811935],[130.5885144212814,-5.1803637076811935],[130.5885144212814,-5.6527360520955305],[129.96666435260866,-5.6527360520955305]]]},"properties":{"region_code":"x209y-12","label":"x209y-12","count":9}},{"type":"Feature","geometry":{"type":"Polygon","coordinates":[[[129.96666435260866,-6.125483956889529],[129.96666435260866,-5.6527360520955305],[130.5885144212814,-5.6527360520955305],[130.5885144212814,-6.125483956889529],[129.96666435260866,-6.125483956889529]]]},"properties":{"region_code":"x209y-13","label":"x209y-13","count":9}},{"type":"Feature","geometry":{"type":"Polygon","coordinates":[[[129.96666435260866,-6.598639756294533],[129.96666435260866,-6.125483956889529],[130.5885144212814,-6.125483956889529],[130.5885144212814,-6.598639756294533],[129.96666435260866,-6.598639756294533]]]},"properties":{"region_code":"x209y-14","label":"x209y-14","count":9}},{"type":"Feature","geometry":{"type":"Polygon","coordinates":[[[129.96666435260866,-7.072236038866301],[129.96666435260866,-6.598639756294533],[130.5885144212814,-6.598639756294533],[130.5885144212814,-7.072236038866301],[129.96666435260866,-7.072236038866301]]]},"properties":{"region_code":"x209y-15","label":"x209y-15","count":9}},{"type":"Feature","geometry":{"type":"Polygon","coordinates":[[[129.96666435260866,-7.546305669135457],[129.96666435260866,-7.072236038866301],[130.5885144212814,-7.072236038866301],[130.5885144212814,-7.546305669135457],[129.96666435260866,-7.546305669135457]]]},"properties":{"region_code":"x209y-16","label":"x209y-16","count":9}},{"type":"Feature","geometry":{"type":"Polygon","coordinates":[[[129.96666435260866,-8.020881809744264],[129.96666435260866,-7.546305669135457],[130.5885144212814,-7.546305669135457],[130.5885144212814,-8.020881809744264],[129.96666435260866,-8.020881809744264]]]},"properties":{"region_code":"x209y-17","label":"x209y-17","count":9}},{"type":"Feature","geometry":{"type":"Polygon","coordinates":[[[129.96666435260866,-8.495997944112283],[129.96666435260866,-8.020881809744264],[130.5885144212814,-8.020881809744264],[130.5885144212814,-8.495997944112283],[129.96666435260866,-8.495997944112283]]]},"properties":{"region_code":"x209y-18","label":"x209y-18","count":8}},{"type":"Feature","geometry":{"type":"Polygon","coordinates":[[[129.96666435260866,-8.971687899676542],[129.96666435260866,-8.495997944112283],[130.5885144212814,-8.495997944112283],[130.5885144212814,-8.971687899676542],[129.96666435260866,-8.971687899676542]]]},"properties":{"region_code":"x209y-19","label":"x209y-19","count":8}},{"type":"Feature","geometry":{"type":"Polygon","coordinates":[[[129.96666435260866,0.0],[129.96666435260866,0.4703230299809363],[130.5885144212814,0.4703230299809363],[130.5885144212814,0.0],[129.96666435260866,0.0]]]},"properties":{"region_code":"x209y000","label":"x209y000","count":9}},{"type":"Feature","geometry":{"type":"Polygon","coordinates":[[[129.96666435260866,0.4703230299809363],[129.96666435260866,0.9406769065449422],[130.5885144212814,0.9406769065449422],[130.5885144212814,0.4703230299809363],[129.96666435260866,0.4703230299809363]]]},"properties":{"region_code":"x209y001","label":"x209y001","count":9}},{"type":"Feature","geometry":{"type":"Polygon","coordinates":[[[130.5885144212814,-0.47032302998093656],[130.5885144212814,0.0],[131.2103644899542,0.0],[131.2103644899542,-0.47032302998093656],[130.5885144212814,-0.47032302998093656]]]},"properties":{"region_code":"x210y-01","label":"x210y-01","count":9}},{"type":"Feature","geometry":{"type":"Polygon","coordinates":[[[130.5885144212814,-0.9406769065449366],[130.5885144212814,-0.47032302998093656],[131.2103644899542,-0.47032302998093656],[131.2103644899542,-0.9406769065449366],[130.5885144212814,-0.9406769065449366]]]},"properties":{"region_code":"x210y-02","label":"x210y-02","count":9}},{"type":"Feature","geometry":{"type":"Polygon","coordinates":[[[130.5885144212814,-1.411092494939997],[130.5885144212814,-0.9406769065449366],[131.2103644899542,-0.9406769065449366],[131.2103644899542,-1.411092494939997],[130.5885144212814,-1.411092494939997]]]},"properties":{"region_code":"x210y-03","label":"x210y-03","count":9}},{"type":"Feature","geometry":{"type":"Polygon","coordinates":[[[130.5885144212814,-1.881600697775689],[130.5885144212814,-1.411092494939997],[131.2103644899542,-1.411092494939997],[131.2103644899542,-1.881600697775689],[130.5885144212814,-1.881600697775689]]]},"properties":{"region_code":"x210y-04","label":"x210y-04","count":9}},{"type":"Feature","geometry":{"type":"Polygon","coordinates":[[[130.5885144212814,-2.3522324737816986],[130.5885144212814,-1.881600697775689],[131.2103644899542,-1.881600697775689],[131.2103644899542,-2.3522324737816986],[130.5885144212814,-2.3522324737816986]]]},"properties":{"region_code":"x210y-05","label":"x210y-05","count":9}},{"type":"Feature","geometry":{"type":"Polygon","coordinates":[[[130.5885144212814,-2.8230188566609358],[130.5885144212814,-2.3522324737816986],[131.2103644899542,-2.3522324737816986],[131.2103644899542,-2.8230188566609358],[130.5885144212814,-2.8230188566609358]]]},"properties":{"region_code":"x210y-06","label":"x210y-06","count":9}},{"type":"Feature","geometry":{"type":"Polygon","coordinates":[[[130.5885144212814,-3.293990974068208],[130.5885144212814,-2.8230188566609358],[131.2103644899542,-2.8230188566609358],[131.2103644899542,-3.293990974068208],[130.5885144212814,-3.293990974068208]]]},"properties":{"region_code":"x210y-07","label":"x210y-07","count":9}},{"type":"Feature","geometry":{"type":"Polygon","coordinates":[[[130.5885144212814,-3.765180066747392],[130.5885144212814,-3.293990974068208],[131.2103644899542,-3.293990974068208],[131.2103644899542,-3.765180066747392],[130.5885144212814,-3.765180066747392]]]},"properties":{"region_code":"x210y-08","label":"x210y-08","count":9}},{"type":"Feature","geometry":{"type":"Polygon","coordinates":[[[130.5885144212814,-4.236617507859314],[130.5885144212814,-3.765180066747392],[131.2103644899542,-3.765180066747392],[131.2103644899542,-4.236617507859314],[130.5885144212814,-4.236617507859314]]]},"properties":{"region_code":"x210y-09","label":"x210y-09","count":9}},{"type":"Feature","geometry":{"type":"Polygon","coordinates":[[[130.5885144212814,-4.708334822533896],[130.5885144212814,-4.236617507859314],[131.2103644899542,-4.236617507859314],[131.2103644899542,-4.708334822533896],[130.5885144212814,-4.708334822533896]]]},"properties":{"region_code":"x210y-10","label":"x210y-10","count":9}},{"type":"Feature","geometry":{"type":"Polygon","coordinates":[[[130.5885144212814,-5.1803637076811935],[130.5885144212814,-4.708334822533896],[131.2103644899542,-4.708334822533896],[131.2103644899542,-5.1803637076811935],[130.5885144212814,-5.1803637076811935]]]},"properties":{"region_code":"x210y-11","label":"x210y-11","count":9}},{"type":"Feature","geometry":{"type":"Polygon","coordinates":[[[130.5885144212814,-5.6527360520955305],[130.5885144212814,-5.1803637076811935],[131.2103644899542,-5.1803637076811935],[131.2103644899542,-5.6527360520955305],[130.5885144212814,-5.6527360520955305]]]},"properties":{"region_code":"x210y-12","label":"x210y-12","count":9}},{"type":"Feature","geometry":{"type":"Polygon","coordinates":[[[130.5885144212814,-6.125483956889529],[130.5885144212814,-5.6527360520955305],[131.2103644899542,-5.6527360520955305],[131.2103644899542,-6.125483956889529],[130.5885144212814,-6.125483956889529]]]},"properties":{"region_code":"x210y-13","label":"x210y-13","count":9}},{"type":"Feature","geometry":{"type":"Polygon","coordinates":[[[130.5885144212814,-6.598639756294533],[130.5885144212814,-6.125483956889529],[131.2103644899542,-6.125483956889529],[131.2103644899542,-6.598639756294533],[130.5885144212814,-6.598639756294533]]]},"properties":{"region_code":"x210y-14","label":"x210y-14","count":9}},{"type":"Feature","geometry":{"type":"Polygon","coordinates":[[[130.5885144212814,-7.072236038866301],[130.5885144212814,-6.598639756294533],[131.2103644899542,-6.598639756294533],[131.2103644899542,-7.072236038866301],[130.5885144212814,-7.072236038866301]]]},"properties":{"region_code":"x210y-15","label":"x210y-15","count":9}},{"type":"Feature","geometry":{"type":"Polygon","coordinates":[[[130.5885144212814,-7.546305669135457],[130.5885144212814,-7.072236038866301],[131.2103644899542,-7.072236038866301],[131.2103644899542,-7.546305669135457],[130.5885144212814,-7.546305669135457]]]},"properties":{"region_code":"x210y-16","label":"x210y-16","count":9}},{"type":"Feature","geometry":{"type":"Polygon","coordinates":[[[130.5885144212814,-8.020881809744264],[130.5885144212814,-7.546305669135457],[131.2103644899542,-7.546305669135457],[131.2103644899542,-8.020881809744264],[130.5885144212814,-8.020881809744264]]]},"properties":{"region_code":"x210y-17","label":"x210y-17","count":9}},{"type":"Feature","geometry":{"type":"Polygon","coordinates":[[[130.5885144212814,-8.495997944112283],[130.5885144212814,-8.020881809744264],[131.2103644899542,-8.020881809744264],[131.2103644899542,-8.495997944112283],[130.5885144212814,-8.495997944112283]]]},"properties":{"region_code":"x210y-18","label":"x210y-18","count":9}},{"type":"Feature","geometry":{"type":"Polygon","coordinates":[[[130.5885144212814,-8.971687899676542],[130.5885144212814,-8.495997944112283],[131.2103644899542,-8.495997944112283],[131.2103644899542,-8.971687899676542],[130.5885144212814,-8.971687899676542]]]},"properties":{"region_code":"x210y-19","label":"x210y-19","count":9}},{"type":"Feature","geometry":{"type":"Polygon","coordinates":[[[130.5885144212814,0.0],[130.5885144212814,0.4703230299809363],[131.2103644899542,0.4703230299809363],[131.2103644899542,0.0],[130.5885144212814,0.0]]]},"properties":{"region_code":"x210y000","label":"x210y000","count":9}},{"type":"Feature","geometry":{"type":"Polygon","coordinates":[[[130.5885144212814,0.4703230299809363],[130.5885144212814,0.9406769065449422],[131.2103644899542,0.9406769065449422],[131.2103644899542,0.4703230299809363],[130.5885144212814,0.4703230299809363]]]},"properties":{"region_code":"x210y001","label":"x210y001","count":9}},{"type":"Feature","geometry":{"type":"Polygon","coordinates":[[[130.5885144212814,0.9406769065449422],[130.5885144212814,1.411092494939981],[131.2103644899542,1.411092494939981],[131.2103644899542,0.9406769065449422],[130.5885144212814,0.9406769065449422]]]},"properties":{"region_code":"x210y002","label":"x210y002","count":9}},{"type":"Feature","geometry":{"type":"Polygon","coordinates":[[[131.2103644899542,-0.47032302998093656],[131.2103644899542,0.0],[131.83221455862696,0.0],[131.83221455862696,-0.47032302998093656],[131.2103644899542,-0.47032302998093656]]]},"properties":{"region_code":"x211y-01","label":"x211y-01","count":9}},{"type":"Feature","geometry":{"type":"Polygon","coordinates":[[[131.2103644899542,-0.9406769065449366],[131.2103644899542,-0.47032302998093656],[131.83221455862696,-0.47032302998093656],[131.83221455862696,-0.9406769065449366],[131.2103644899542,-0.9406769065449366]]]},"properties":{"region_code":"x211y-02","label":"x211y-02","count":9}},{"type":"Feature","geometry":{"type":"Polygon","coordinates":[[[131.2103644899542,-1.411092494939997],[131.2103644899542,-0.9406769065449366],[131.83221455862696,-0.9406769065449366],[131.83221455862696,-1.411092494939997],[131.2103644899542,-1.411092494939997]]]},"properties":{"region_code":"x211y-03","label":"x211y-03","count":9}},{"type":"Feature","geometry":{"type":"Polygon","coordinates":[[[131.2103644899542,-1.881600697775689],[131.2103644899542,-1.411092494939997],[131.83221455862696,-1.411092494939997],[131.83221455862696,-1.881600697775689],[131.2103644899542,-1.881600697775689]]]},"properties":{"region_code":"x211y-04","label":"x211y-04","count":9}},{"type":"Feature","geometry":{"type":"Polygon","coordinates":[[[131.2103644899542,-2.3522324737816986],[131.2103644899542,-1.881600697775689],[131.83221455862696,-1.881600697775689],[131.83221455862696,-2.3522324737816986],[131.2103644899542,-2.3522324737816986]]]},"properties":{"region_code":"x211y-05","label":"x211y-05","count":9}},{"type":"Feature","geometry":{"type":"Polygon","coordinates":[[[131.2103644899542,-2.8230188566609358],[131.2103644899542,-2.3522324737816986],[131.83221455862696,-2.3522324737816986],[131.83221455862696,-2.8230188566609358],[131.2103644899542,-2.8230188566609358]]]},"properties":{"region_code":"x211y-06","label":"x211y-06","count":9}},{"type":"Feature","geometry":{"type":"Polygon","coordinates":[[[131.2103644899542,-3.293990974068208],[131.2103644899542,-2.8230188566609358],[131.83221455862696,-2.8230188566609358],[131.83221455862696,-3.293990974068208],[131.2103644899542,-3.293990974068208]]]},"properties":{"region_code":"x211y-07","label":"x211y-07","count":9}},{"type":"Feature","geometry":{"type":"Polygon","coordinates":[[[131.2103644899542,-3.765180066747392],[131.2103644899542,-3.293990974068208],[131.83221455862696,-3.293990974068208],[131.83221455862696,-3.765180066747392],[131.2103644899542,-3.765180066747392]]]},"properties":{"region_code":"x211y-08","label":"x211y-08","count":9}},{"type":"Feature","geometry":{"type":"Polygon","coordinates":[[[131.2103644899542,-4.236617507859314],[131.2103644899542,-3.765180066747392],[131.83221455862696,-3.765180066747392],[131.83221455862696,-4.236617507859314],[131.2103644899542,-4.236617507859314]]]},"properties":{"region_code":"x211y-09","label":"x211y-09","count":9}},{"type":"Feature","geometry":{"type":"Polygon","coordinates":[[[131.2103644899542,-4.708334822533896],[131.2103644899542,-4.236617507859314],[131.83221455862696,-4.236617507859314],[131.83221455862696,-4.708334822533896],[131.2103644899542,-4.708334822533896]]]},"properties":{"region_code":"x211y-10","label":"x211y-10","count":9}},{"type":"Feature","geometry":{"type":"Polygon","coordinates":[[[131.2103644899542,-5.1803637076811935],[131.2103644899542,-4.708334822533896],[131.83221455862696,-4.708334822533896],[131.83221455862696,-5.1803637076811935],[131.2103644899542,-5.1803637076811935]]]},"properties":{"region_code":"x211y-11","label":"x211y-11","count":9}},{"type":"Feature","geometry":{"type":"Polygon","coordinates":[[[131.2103644899542,-5.6527360520955305],[131.2103644899542,-5.1803637076811935],[131.83221455862696,-5.1803637076811935],[131.83221455862696,-5.6527360520955305],[131.2103644899542,-5.6527360520955305]]]},"properties":{"region_code":"x211y-12","label":"x211y-12","count":9}},{"type":"Feature","geometry":{"type":"Polygon","coordinates":[[[131.2103644899542,-6.125483956889529],[131.2103644899542,-5.6527360520955305],[131.83221455862696,-5.6527360520955305],[131.83221455862696,-6.125483956889529],[131.2103644899542,-6.125483956889529]]]},"properties":{"region_code":"x211y-13","label":"x211y-13","count":9}},{"type":"Feature","geometry":{"type":"Polygon","coordinates":[[[131.2103644899542,-6.598639756294533],[131.2103644899542,-6.125483956889529],[131.83221455862696,-6.125483956889529],[131.83221455862696,-6.598639756294533],[131.2103644899542,-6.598639756294533]]]},"properties":{"region_code":"x211y-14","label":"x211y-14","count":9}},{"type":"Feature","geometry":{"type":"Polygon","coordinates":[[[131.2103644899542,-7.072236038866301],[131.2103644899542,-6.598639756294533],[131.83221455862696,-6.598639756294533],[131.83221455862696,-7.072236038866301],[131.2103644899542,-7.072236038866301]]]},"properties":{"region_code":"x211y-15","label":"x211y-15","count":9}},{"type":"Feature","geometry":{"type":"Polygon","coordinates":[[[131.2103644899542,-7.546305669135457],[131.2103644899542,-7.072236038866301],[131.83221455862696,-7.072236038866301],[131.83221455862696,-7.546305669135457],[131.2103644899542,-7.546305669135457]]]},"properties":{"region_code":"x211y-16","label":"x211y-16","count":9}},{"type":"Feature","geometry":{"type":"Polygon","coordinates":[[[131.2103644899542,-8.020881809744264],[131.2103644899542,-7.546305669135457],[131.83221455862696,-7.546305669135457],[131.83221455862696,-8.020881809744264],[131.2103644899542,-8.020881809744264]]]},"properties":{"region_code":"x211y-17","label":"x211y-17","count":9}},{"type":"Feature","geometry":{"type":"Polygon","coordinates":[[[131.2103644899542,-8.495997944112283],[131.2103644899542,-8.020881809744264],[131.83221455862696,-8.020881809744264],[131.83221455862696,-8.495997944112283],[131.2103644899542,-8.495997944112283]]]},"properties":{"region_code":"x211y-18","label":"x211y-18","count":9}},{"type":"Feature","geometry":{"type":"Polygon","coordinates":[[[131.2103644899542,0.0],[131.2103644899542,0.4703230299809363],[131.83221455862696,0.4703230299809363],[131.83221455862696,0.0],[131.2103644899542,0.0]]]},"properties":{"region_code":"x211y000","label":"x211y000","count":9}},{"type":"Feature","geometry":{"type":"Polygon","coordinates":[[[131.2103644899542,0.4703230299809363],[131.2103644899542,0.9406769065449422],[131.83221455862696,0.9406769065449422],[131.83221455862696,0.4703230299809363],[131.2103644899542,0.4703230299809363]]]},"properties":{"region_code":"x211y001","label":"x211y001","count":9}},{"type":"Feature","geometry":{"type":"Polygon","coordinates":[[[131.2103644899542,0.9406769065449422],[131.2103644899542,1.411092494939981],[131.83221455862696,1.411092494939981],[131.83221455862696,0.9406769065449422],[131.2103644899542,0.9406769065449422]]]},"properties":{"region_code":"x211y002","label":"x211y002","count":9}},{"type":"Feature","geometry":{"type":"Polygon","coordinates":[[[131.83221455862696,-0.47032302998093656],[131.83221455862696,0.0],[132.4540646272997,0.0],[132.4540646272997,-0.47032302998093656],[131.83221455862696,-0.47032302998093656]]]},"properties":{"region_code":"x212y-01","label":"x212y-01","count":9}},{"type":"Feature","geometry":{"type":"Polygon","coordinates":[[[131.83221455862696,-0.9406769065449366],[131.83221455862696,-0.47032302998093656],[132.4540646272997,-0.47032302998093656],[132.4540646272997,-0.9406769065449366],[131.83221455862696,-0.9406769065449366]]]},"properties":{"region_code":"x212y-02","label":"x212y-02","count":9}},{"type":"Feature","geometry":{"type":"Polygon","coordinates":[[[131.83221455862696,-1.411092494939997],[131.83221455862696,-0.9406769065449366],[132.4540646272997,-0.9406769065449366],[132.4540646272997,-1.411092494939997],[131.83221455862696,-1.411092494939997]]]},"properties":{"region_code":"x212y-03","label":"x212y-03","count":9}},{"type":"Feature","geometry":{"type":"Polygon","coordinates":[[[131.83221455862696,-1.881600697775689],[131.83221455862696,-1.411092494939997],[132.4540646272997,-1.411092494939997],[132.4540646272997,-1.881600697775689],[131.83221455862696,-1.881600697775689]]]},"properties":{"region_code":"x212y-04","label":"x212y-04","count":9}},{"type":"Feature","geometry":{"type":"Polygon","coordinates":[[[131.83221455862696,-2.3522324737816986],[131.83221455862696,-1.881600697775689],[132.4540646272997,-1.881600697775689],[132.4540646272997,-2.3522324737816986],[131.83221455862696,-2.3522324737816986]]]},"properties":{"region_code":"x212y-05","label":"x212y-05","count":9}},{"type":"Feature","geometry":{"type":"Polygon","coordinates":[[[131.83221455862696,-2.8230188566609358],[131.83221455862696,-2.3522324737816986],[132.4540646272997,-2.3522324737816986],[132.4540646272997,-2.8230188566609358],[131.83221455862696,-2.8230188566609358]]]},"properties":{"region_code":"x212y-06","label":"x212y-06","count":9}},{"type":"Feature","geometry":{"type":"Polygon","coordinates":[[[131.83221455862696,-3.293990974068208],[131.83221455862696,-2.8230188566609358],[132.4540646272997,-2.8230188566609358],[132.4540646272997,-3.293990974068208],[131.83221455862696,-3.293990974068208]]]},"properties":{"region_code":"x212y-07","label":"x212y-07","count":9}},{"type":"Feature","geometry":{"type":"Polygon","coordinates":[[[131.83221455862696,-3.765180066747392],[131.83221455862696,-3.293990974068208],[132.4540646272997,-3.293990974068208],[132.4540646272997,-3.765180066747392],[131.83221455862696,-3.765180066747392]]]},"properties":{"region_code":"x212y-08","label":"x212y-08","count":9}},{"type":"Feature","geometry":{"type":"Polygon","coordinates":[[[131.83221455862696,-4.236617507859314],[131.83221455862696,-3.765180066747392],[132.4540646272997,-3.765180066747392],[132.4540646272997,-4.236617507859314],[131.83221455862696,-4.236617507859314]]]},"properties":{"region_code":"x212y-09","label":"x212y-09","count":9}},{"type":"Feature","geometry":{"type":"Polygon","coordinates":[[[131.83221455862696,-4.708334822533896],[131.83221455862696,-4.236617507859314],[132.4540646272997,-4.236617507859314],[132.4540646272997,-4.708334822533896],[131.83221455862696,-4.708334822533896]]]},"properties":{"region_code":"x212y-10","label":"x212y-10","count":9}},{"type":"Feature","geometry":{"type":"Polygon","coordinates":[[[131.83221455862696,-5.1803637076811935],[131.83221455862696,-4.708334822533896],[132.4540646272997,-4.708334822533896],[132.4540646272997,-5.1803637076811935],[131.83221455862696,-5.1803637076811935]]]},"properties":{"region_code":"x212y-11","label":"x212y-11","count":9}},{"type":"Feature","geometry":{"type":"Polygon","coordinates":[[[131.83221455862696,-5.6527360520955305],[131.83221455862696,-5.1803637076811935],[132.4540646272997,-5.1803637076811935],[132.4540646272997,-5.6527360520955305],[131.83221455862696,-5.6527360520955305]]]},"properties":{"region_code":"x212y-12","label":"x212y-12","count":9}},{"type":"Feature","geometry":{"type":"Polygon","coordinates":[[[131.83221455862696,-6.125483956889529],[131.83221455862696,-5.6527360520955305],[132.4540646272997,-5.6527360520955305],[132.4540646272997,-6.125483956889529],[131.83221455862696,-6.125483956889529]]]},"properties":{"region_code":"x212y-13","label":"x212y-13","count":9}},{"type":"Feature","geometry":{"type":"Polygon","coordinates":[[[131.83221455862696,-6.598639756294533],[131.83221455862696,-6.125483956889529],[132.4540646272997,-6.125483956889529],[132.4540646272997,-6.598639756294533],[131.83221455862696,-6.598639756294533]]]},"properties":{"region_code":"x212y-14","label":"x212y-14","count":9}},{"type":"Feature","geometry":{"type":"Polygon","coordinates":[[[131.83221455862696,-7.072236038866301],[131.83221455862696,-6.598639756294533],[132.4540646272997,-6.598639756294533],[132.4540646272997,-7.072236038866301],[131.83221455862696,-7.072236038866301]]]},"properties":{"region_code":"x212y-15","label":"x212y-15","count":9}},{"type":"Feature","geometry":{"type":"Polygon","coordinates":[[[131.83221455862696,-7.546305669135457],[131.83221455862696,-7.072236038866301],[132.4540646272997,-7.072236038866301],[132.4540646272997,-7.546305669135457],[131.83221455862696,-7.546305669135457]]]},"properties":{"region_code":"x212y-16","label":"x212y-16","count":9}},{"type":"Feature","geometry":{"type":"Polygon","coordinates":[[[131.83221455862696,-8.020881809744264],[131.83221455862696,-7.546305669135457],[132.4540646272997,-7.546305669135457],[132.4540646272997,-8.020881809744264],[131.83221455862696,-8.020881809744264]]]},"properties":{"region_code":"x212y-17","label":"x212y-17","count":9}},{"type":"Feature","geometry":{"type":"Polygon","coordinates":[[[131.83221455862696,0.0],[131.83221455862696,0.4703230299809363],[132.4540646272997,0.4703230299809363],[132.4540646272997,0.0],[131.83221455862696,0.0]]]},"properties":{"region_code":"x212y000","label":"x212y000","count":9}},{"type":"Feature","geometry":{"type":"Polygon","coordinates":[[[131.83221455862696,0.4703230299809363],[131.83221455862696,0.9406769065449422],[132.4540646272997,0.9406769065449422],[132.4540646272997,0.4703230299809363],[131.83221455862696,0.4703230299809363]]]},"properties":{"region_code":"x212y001","label":"x212y001","count":9}},{"type":"Feature","geometry":{"type":"Polygon","coordinates":[[[132.4540646272997,-0.47032302998093656],[132.4540646272997,0.0],[133.07591469597247,0.0],[133.07591469597247,-0.47032302998093656],[132.4540646272997,-0.47032302998093656]]]},"properties":{"region_code":"x213y-01","label":"x213y-01","count":9}},{"type":"Feature","geometry":{"type":"Polygon","coordinates":[[[132.4540646272997,-0.9406769065449366],[132.4540646272997,-0.47032302998093656],[133.07591469597247,-0.47032302998093656],[133.07591469597247,-0.9406769065449366],[132.4540646272997,-0.9406769065449366]]]},"properties":{"region_code":"x213y-02","label":"x213y-02","count":9}},{"type":"Feature","geometry":{"type":"Polygon","coordinates":[[[132.4540646272997,-1.411092494939997],[132.4540646272997,-0.9406769065449366],[133.07591469597247,-0.9406769065449366],[133.07591469597247,-1.411092494939997],[132.4540646272997,-1.411092494939997]]]},"properties":{"region_code":"x213y-03","label":"x213y-03","count":9}},{"type":"Feature","geometry":{"type":"Polygon","coordinates":[[[132.4540646272997,-1.881600697775689],[132.4540646272997,-1.411092494939997],[133.07591469597247,-1.411092494939997],[133.07591469597247,-1.881600697775689],[132.4540646272997,-1.881600697775689]]]},"properties":{"region_code":"x213y-04","label":"x213y-04","count":9}},{"type":"Feature","geometry":{"type":"Polygon","coordinates":[[[132.4540646272997,-2.3522324737816986],[132.4540646272997,-1.881600697775689],[133.07591469597247,-1.881600697775689],[133.07591469597247,-2.3522324737816986],[132.4540646272997,-2.3522324737816986]]]},"properties":{"region_code":"x213y-05","label":"x213y-05","count":9}},{"type":"Feature","geometry":{"type":"Polygon","coordinates":[[[132.4540646272997,-2.8230188566609358],[132.4540646272997,-2.3522324737816986],[133.07591469597247,-2.3522324737816986],[133.07591469597247,-2.8230188566609358],[132.4540646272997,-2.8230188566609358]]]},"properties":{"region_code":"x213y-06","label":"x213y-06","count":9}},{"type":"Feature","geometry":{"type":"Polygon","coordinates":[[[132.4540646272997,-3.293990974068208],[132.4540646272997,-2.8230188566609358],[133.07591469597247,-2.8230188566609358],[133.07591469597247,-3.293990974068208],[132.4540646272997,-3.293990974068208]]]},"properties":{"region_code":"x213y-07","label":"x213y-07","count":9}},{"type":"Feature","geometry":{"type":"Polygon","coordinates":[[[132.4540646272997,-3.765180066747392],[132.4540646272997,-3.293990974068208],[133.07591469597247,-3.293990974068208],[133.07591469597247,-3.765180066747392],[132.4540646272997,-3.765180066747392]]]},"properties":{"region_code":"x213y-08","label":"x213y-08","count":9}},{"type":"Feature","geometry":{"type":"Polygon","coordinates":[[[132.4540646272997,-4.236617507859314],[132.4540646272997,-3.765180066747392],[133.07591469597247,-3.765180066747392],[133.07591469597247,-4.236617507859314],[132.4540646272997,-4.236617507859314]]]},"properties":{"region_code":"x213y-09","label":"x213y-09","count":9}},{"type":"Feature","geometry":{"type":"Polygon","coordinates":[[[132.4540646272997,-4.708334822533896],[132.4540646272997,-4.236617507859314],[133.07591469597247,-4.236617507859314],[133.07591469597247,-4.708334822533896],[132.4540646272997,-4.708334822533896]]]},"properties":{"region_code":"x213y-10","label":"x213y-10","count":9}},{"type":"Feature","geometry":{"type":"Polygon","coordinates":[[[132.4540646272997,-5.1803637076811935],[132.4540646272997,-4.708334822533896],[133.07591469597247,-4.708334822533896],[133.07591469597247,-5.1803637076811935],[132.4540646272997,-5.1803637076811935]]]},"properties":{"region_code":"x213y-11","label":"x213y-11","count":9}},{"type":"Feature","geometry":{"type":"Polygon","coordinates":[[[132.4540646272997,-5.6527360520955305],[132.4540646272997,-5.1803637076811935],[133.07591469597247,-5.1803637076811935],[133.07591469597247,-5.6527360520955305],[132.4540646272997,-5.6527360520955305]]]},"properties":{"region_code":"x213y-12","label":"x213y-12","count":9}},{"type":"Feature","geometry":{"type":"Polygon","coordinates":[[[132.4540646272997,-6.125483956889529],[132.4540646272997,-5.6527360520955305],[133.07591469597247,-5.6527360520955305],[133.07591469597247,-6.125483956889529],[132.4540646272997,-6.125483956889529]]]},"properties":{"region_code":"x213y-13","label":"x213y-13","count":9}},{"type":"Feature","geometry":{"type":"Polygon","coordinates":[[[132.4540646272997,-6.598639756294533],[132.4540646272997,-6.125483956889529],[133.07591469597247,-6.125483956889529],[133.07591469597247,-6.598639756294533],[132.4540646272997,-6.598639756294533]]]},"properties":{"region_code":"x213y-14","label":"x213y-14","count":9}},{"type":"Feature","geometry":{"type":"Polygon","coordinates":[[[132.4540646272997,-7.072236038866301],[132.4540646272997,-6.598639756294533],[133.07591469597247,-6.598639756294533],[133.07591469597247,-7.072236038866301],[132.4540646272997,-7.072236038866301]]]},"properties":{"region_code":"x213y-15","label":"x213y-15","count":9}},{"type":"Feature","geometry":{"type":"Polygon","coordinates":[[[132.4540646272997,0.0],[132.4540646272997,0.4703230299809363],[133.07591469597247,0.4703230299809363],[133.07591469597247,0.0],[132.4540646272997,0.0]]]},"properties":{"region_code":"x213y000","label":"x213y000","count":9}},{"type":"Feature","geometry":{"type":"Polygon","coordinates":[[[133.07591469597247,-0.47032302998093656],[133.07591469597247,0.0],[133.69776476464526,0.0],[133.69776476464526,-0.47032302998093656],[133.07591469597247,-0.47032302998093656]]]},"properties":{"region_code":"x214y-01","label":"x214y-01","count":9}},{"type":"Feature","geometry":{"type":"Polygon","coordinates":[[[133.07591469597247,-0.9406769065449366],[133.07591469597247,-0.47032302998093656],[133.69776476464526,-0.47032302998093656],[133.69776476464526,-0.9406769065449366],[133.07591469597247,-0.9406769065449366]]]},"properties":{"region_code":"x214y-02","label":"x214y-02","count":9}},{"type":"Feature","geometry":{"type":"Polygon","coordinates":[[[133.07591469597247,-1.411092494939997],[133.07591469597247,-0.9406769065449366],[133.69776476464526,-0.9406769065449366],[133.69776476464526,-1.411092494939997],[133.07591469597247,-1.411092494939997]]]},"properties":{"region_code":"x214y-03","label":"x214y-03","count":9}},{"type":"Feature","geometry":{"type":"Polygon","coordinates":[[[133.07591469597247,-1.881600697775689],[133.07591469597247,-1.411092494939997],[133.69776476464526,-1.411092494939997],[133.69776476464526,-1.881600697775689],[133.07591469597247,-1.881600697775689]]]},"properties":{"region_code":"x214y-04","label":"x214y-04","count":9}},{"type":"Feature","geometry":{"type":"Polygon","coordinates":[[[133.07591469597247,-2.3522324737816986],[133.07591469597247,-1.881600697775689],[133.69776476464526,-1.881600697775689],[133.69776476464526,-2.3522324737816986],[133.07591469597247,-2.3522324737816986]]]},"properties":{"region_code":"x214y-05","label":"x214y-05","count":9}},{"type":"Feature","geometry":{"type":"Polygon","coordinates":[[[133.07591469597247,-2.8230188566609358],[133.07591469597247,-2.3522324737816986],[133.69776476464526,-2.3522324737816986],[133.69776476464526,-2.8230188566609358],[133.07591469597247,-2.8230188566609358]]]},"properties":{"region_code":"x214y-06","label":"x214y-06","count":9}},{"type":"Feature","geometry":{"type":"Polygon","coordinates":[[[133.07591469597247,-3.293990974068208],[133.07591469597247,-2.8230188566609358],[133.69776476464526,-2.8230188566609358],[133.69776476464526,-3.293990974068208],[133.07591469597247,-3.293990974068208]]]},"properties":{"region_code":"x214y-07","label":"x214y-07","count":9}},{"type":"Feature","geometry":{"type":"Polygon","coordinates":[[[133.07591469597247,-3.765180066747392],[133.07591469597247,-3.293990974068208],[133.69776476464526,-3.293990974068208],[133.69776476464526,-3.765180066747392],[133.07591469597247,-3.765180066747392]]]},"properties":{"region_code":"x214y-08","label":"x214y-08","count":9}},{"type":"Feature","geometry":{"type":"Polygon","coordinates":[[[133.07591469597247,-4.236617507859314],[133.07591469597247,-3.765180066747392],[133.69776476464526,-3.765180066747392],[133.69776476464526,-4.236617507859314],[133.07591469597247,-4.236617507859314]]]},"properties":{"region_code":"x214y-09","label":"x214y-09","count":9}},{"type":"Feature","geometry":{"type":"Polygon","coordinates":[[[133.07591469597247,-4.708334822533896],[133.07591469597247,-4.236617507859314],[133.69776476464526,-4.236617507859314],[133.69776476464526,-4.708334822533896],[133.07591469597247,-4.708334822533896]]]},"properties":{"region_code":"x214y-10","label":"x214y-10","count":9}},{"type":"Feature","geometry":{"type":"Polygon","coordinates":[[[133.07591469597247,-5.1803637076811935],[133.07591469597247,-4.708334822533896],[133.69776476464526,-4.708334822533896],[133.69776476464526,-5.1803637076811935],[133.07591469597247,-5.1803637076811935]]]},"properties":{"region_code":"x214y-11","label":"x214y-11","count":9}},{"type":"Feature","geometry":{"type":"Polygon","coordinates":[[[133.07591469597247,-5.6527360520955305],[133.07591469597247,-5.1803637076811935],[133.69776476464526,-5.1803637076811935],[133.69776476464526,-5.6527360520955305],[133.07591469597247,-5.6527360520955305]]]},"properties":{"region_code":"x214y-12","label":"x214y-12","count":9}},{"type":"Feature","geometry":{"type":"Polygon","coordinates":[[[133.07591469597247,-6.125483956889529],[133.07591469597247,-5.6527360520955305],[133.69776476464526,-5.6527360520955305],[133.69776476464526,-6.125483956889529],[133.07591469597247,-6.125483956889529]]]},"properties":{"region_code":"x214y-13","label":"x214y-13","count":9}},{"type":"Feature","geometry":{"type":"Polygon","coordinates":[[[133.07591469597247,-6.598639756294533],[133.07591469597247,-6.125483956889529],[133.69776476464526,-6.125483956889529],[133.69776476464526,-6.598639756294533],[133.07591469597247,-6.598639756294533]]]},"properties":{"region_code":"x214y-14","label":"x214y-14","count":9}},{"type":"Feature","geometry":{"type":"Polygon","coordinates":[[[133.07591469597247,-7.072236038866301],[133.07591469597247,-6.598639756294533],[133.69776476464526,-6.598639756294533],[133.69776476464526,-7.072236038866301],[133.07591469597247,-7.072236038866301]]]},"properties":{"region_code":"x214y-15","label":"x214y-15","count":9}},{"type":"Feature","geometry":{"type":"Polygon","coordinates":[[[133.07591469597247,0.0],[133.07591469597247,0.4703230299809363],[133.69776476464526,0.4703230299809363],[133.69776476464526,0.0],[133.07591469597247,0.0]]]},"properties":{"region_code":"x214y000","label":"x214y000","count":9}},{"type":"Feature","geometry":{"type":"Polygon","coordinates":[[[133.69776476464526,0.4703230299809363],[133.07591469597247,0.4703230299809363],[133.07591469597247,0.9406769065449422],[133.69776476464526,0.9406769065449422],[133.69776476464526,0.4703230299809363]]]},"properties":{"region_code":"x214y001","label":"x214y001","count":6}},{"type":"Feature","geometry":{"type":"Polygon","coordinates":[[[133.69776476464526,-0.47032302998093656],[133.69776476464526,0.0],[134.319614833318,0.0],[134.319614833318,-0.47032302998093656],[133.69776476464526,-0.47032302998093656]]]},"properties":{"region_code":"x215y-01","label":"x215y-01","count":9}},{"type":"Feature","geometry":{"type":"Polygon","coordinates":[[[133.69776476464526,-0.9406769065449366],[133.69776476464526,-0.47032302998093656],[134.319614833318,-0.47032302998093656],[134.319614833318,-0.9406769065449366],[133.69776476464526,-0.9406769065449366]]]},"properties":{"region_code":"x215y-02","label":"x215y-02","count":9}},{"type":"Feature","geometry":{"type":"Polygon","coordinates":[[[133.69776476464526,-1.411092494939997],[133.69776476464526,-0.9406769065449366],[134.319614833318,-0.9406769065449366],[134.319614833318,-1.411092494939997],[133.69776476464526,-1.411092494939997]]]},"properties":{"region_code":"x215y-03","label":"x215y-03","count":9}},{"type":"Feature","geometry":{"type":"Polygon","coordinates":[[[133.69776476464526,-1.881600697775689],[133.69776476464526,-1.411092494939997],[134.319614833318,-1.411092494939997],[134.319614833318,-1.881600697775689],[133.69776476464526,-1.881600697775689]]]},"properties":{"region_code":"x215y-04","label":"x215y-04","count":9}},{"type":"Feature","geometry":{"type":"Polygon","coordinates":[[[133.69776476464526,-2.3522324737816986],[133.69776476464526,-1.881600697775689],[134.319614833318,-1.881600697775689],[134.319614833318,-2.3522324737816986],[133.69776476464526,-2.3522324737816986]]]},"properties":{"region_code":"x215y-05","label":"x215y-05","count":9}},{"type":"Feature","geometry":{"type":"Polygon","coordinates":[[[133.69776476464526,-2.8230188566609358],[133.69776476464526,-2.3522324737816986],[134.319614833318,-2.3522324737816986],[134.319614833318,-2.8230188566609358],[133.69776476464526,-2.8230188566609358]]]},"properties":{"region_code":"x215y-06","label":"x215y-06","count":9}},{"type":"Feature","geometry":{"type":"Polygon","coordinates":[[[133.69776476464526,-3.293990974068208],[133.69776476464526,-2.8230188566609358],[134.319614833318,-2.8230188566609358],[134.319614833318,-3.293990974068208],[133.69776476464526,-3.293990974068208]]]},"properties":{"region_code":"x215y-07","label":"x215y-07","count":9}},{"type":"Feature","geometry":{"type":"Polygon","coordinates":[[[133.69776476464526,-3.765180066747392],[133.69776476464526,-3.293990974068208],[134.319614833318,-3.293990974068208],[134.319614833318,-3.765180066747392],[133.69776476464526,-3.765180066747392]]]},"properties":{"region_code":"x215y-08","label":"x215y-08","count":9}},{"type":"Feature","geometry":{"type":"Polygon","coordinates":[[[133.69776476464526,-4.236617507859314],[133.69776476464526,-3.765180066747392],[134.319614833318,-3.765180066747392],[134.319614833318,-4.236617507859314],[133.69776476464526,-4.236617507859314]]]},"properties":{"region_code":"x215y-09","label":"x215y-09","count":9}},{"type":"Feature","geometry":{"type":"Polygon","coordinates":[[[133.69776476464526,-4.708334822533896],[133.69776476464526,-4.236617507859314],[134.319614833318,-4.236617507859314],[134.319614833318,-4.708334822533896],[133.69776476464526,-4.708334822533896]]]},"properties":{"region_code":"x215y-10","label":"x215y-10","count":9}},{"type":"Feature","geometry":{"type":"Polygon","coordinates":[[[133.69776476464526,-5.1803637076811935],[133.69776476464526,-4.708334822533896],[134.319614833318,-4.708334822533896],[134.319614833318,-5.1803637076811935],[133.69776476464526,-5.1803637076811935]]]},"properties":{"region_code":"x215y-11","label":"x215y-11","count":9}},{"type":"Feature","geometry":{"type":"Polygon","coordinates":[[[133.69776476464526,-5.6527360520955305],[133.69776476464526,-5.1803637076811935],[134.319614833318,-5.1803637076811935],[134.319614833318,-5.6527360520955305],[133.69776476464526,-5.6527360520955305]]]},"properties":{"region_code":"x215y-12","label":"x215y-12","count":9}},{"type":"Feature","geometry":{"type":"Polygon","coordinates":[[[133.69776476464526,-6.125483956889529],[133.69776476464526,-5.6527360520955305],[134.319614833318,-5.6527360520955305],[134.319614833318,-6.125483956889529],[133.69776476464526,-6.125483956889529]]]},"properties":{"region_code":"x215y-13","label":"x215y-13","count":9}},{"type":"Feature","geometry":{"type":"Polygon","coordinates":[[[133.69776476464526,-6.598639756294533],[133.69776476464526,-6.125483956889529],[134.319614833318,-6.125483956889529],[134.319614833318,-6.598639756294533],[133.69776476464526,-6.598639756294533]]]},"properties":{"region_code":"x215y-14","label":"x215y-14","count":9}},{"type":"Feature","geometry":{"type":"Polygon","coordinates":[[[133.69776476464526,-7.072236038866301],[133.69776476464526,-6.598639756294533],[134.319614833318,-6.598639756294533],[134.319614833318,-7.072236038866301],[133.69776476464526,-7.072236038866301]]]},"properties":{"region_code":"x215y-15","label":"x215y-15","count":9}},{"type":"Feature","geometry":{"type":"Polygon","coordinates":[[[133.69776476464526,-7.546305669135457],[133.69776476464526,-7.072236038866301],[134.319614833318,-7.072236038866301],[134.319614833318,-7.546305669135457],[133.69776476464526,-7.546305669135457]]]},"properties":{"region_code":"x215y-16","label":"x215y-16","count":9}},{"type":"Feature","geometry":{"type":"Polygon","coordinates":[[[133.69776476464526,0.0],[133.69776476464526,0.4703230299809363],[134.319614833318,0.4703230299809363],[134.319614833318,0.0],[133.69776476464526,0.0]]]},"properties":{"region_code":"x215y000","label":"x215y000","count":9}},{"type":"Feature","geometry":{"type":"Polygon","coordinates":[[[134.319614833318,0.4703230299809363],[133.69776476464526,0.4703230299809363],[133.69776476464526,0.9406769065449422],[134.319614833318,0.9406769065449422],[134.319614833318,0.4703230299809363]]]},"properties":{"region_code":"x215y001","label":"x215y001","count":6}},{"type":"Feature","geometry":{"type":"Polygon","coordinates":[[[134.319614833318,0.9406769065449422],[133.69776476464526,0.9406769065449422],[133.69776476464526,1.411092494939981],[134.319614833318,1.411092494939981],[134.319614833318,0.9406769065449422]]]},"properties":{"region_code":"x215y002","label":"x215y002","count":5}},{"type":"Feature","geometry":{"type":"Polygon","coordinates":[[[134.319614833318,-0.47032302998093656],[134.319614833318,0.0],[134.94146490199077,0.0],[134.94146490199077,-0.47032302998093656],[134.319614833318,-0.47032302998093656]]]},"properties":{"region_code":"x216y-01","label":"x216y-01","count":9}},{"type":"Feature","geometry":{"type":"Polygon","coordinates":[[[134.319614833318,-0.9406769065449366],[134.319614833318,-0.47032302998093656],[134.94146490199077,-0.47032302998093656],[134.94146490199077,-0.9406769065449366],[134.319614833318,-0.9406769065449366]]]},"properties":{"region_code":"x216y-02","label":"x216y-02","count":9}},{"type":"Feature","geometry":{"type":"Polygon","coordinates":[[[134.319614833318,-1.411092494939997],[134.319614833318,-0.9406769065449366],[134.94146490199077,-0.9406769065449366],[134.94146490199077,-1.411092494939997],[134.319614833318,-1.411092494939997]]]},"properties":{"region_code":"x216y-03","label":"x216y-03","count":9}},{"type":"Feature","geometry":{"type":"Polygon","coordinates":[[[134.319614833318,-1.881600697775689],[134.319614833318,-1.411092494939997],[134.94146490199077,-1.411092494939997],[134.94146490199077,-1.881600697775689],[134.319614833318,-1.881600697775689]]]},"properties":{"region_code":"x216y-04","label":"x216y-04","count":9}},{"type":"Feature","geometry":{"type":"Polygon","coordinates":[[[134.319614833318,-2.3522324737816986],[134.319614833318,-1.881600697775689],[134.94146490199077,-1.881600697775689],[134.94146490199077,-2.3522324737816986],[134.319614833318,-2.3522324737816986]]]},"properties":{"region_code":"x216y-05","label":"x216y-05","count":9}},{"type":"Feature","geometry":{"type":"Polygon","coordinates":[[[134.319614833318,-2.8230188566609358],[134.319614833318,-2.3522324737816986],[134.94146490199077,-2.3522324737816986],[134.94146490199077,-2.8230188566609358],[134.319614833318,-2.8230188566609358]]]},"properties":{"region_code":"x216y-06","label":"x216y-06","count":9}},{"type":"Feature","geometry":{"type":"Polygon","coordinates":[[[134.319614833318,-3.293990974068208],[134.319614833318,-2.8230188566609358],[134.94146490199077,-2.8230188566609358],[134.94146490199077,-3.293990974068208],[134.319614833318,-3.293990974068208]]]},"properties":{"region_code":"x216y-07","label":"x216y-07","count":9}},{"type":"Feature","geometry":{"type":"Polygon","coordinates":[[[134.319614833318,-3.765180066747392],[134.319614833318,-3.293990974068208],[134.94146490199077,-3.293990974068208],[134.94146490199077,-3.765180066747392],[134.319614833318,-3.765180066747392]]]},"properties":{"region_code":"x216y-08","label":"x216y-08","count":9}},{"type":"Feature","geometry":{"type":"Polygon","coordinates":[[[134.319614833318,-4.236617507859314],[134.319614833318,-3.765180066747392],[134.94146490199077,-3.765180066747392],[134.94146490199077,-4.236617507859314],[134.319614833318,-4.236617507859314]]]},"properties":{"region_code":"x216y-09","label":"x216y-09","count":9}},{"type":"Feature","geometry":{"type":"Polygon","coordinates":[[[134.319614833318,-4.708334822533896],[134.319614833318,-4.236617507859314],[134.94146490199077,-4.236617507859314],[134.94146490199077,-4.708334822533896],[134.319614833318,-4.708334822533896]]]},"properties":{"region_code":"x216y-10","label":"x216y-10","count":9}},{"type":"Feature","geometry":{"type":"Polygon","coordinates":[[[134.319614833318,-5.1803637076811935],[134.319614833318,-4.708334822533896],[134.94146490199077,-4.708334822533896],[134.94146490199077,-5.1803637076811935],[134.319614833318,-5.1803637076811935]]]},"properties":{"region_code":"x216y-11","label":"x216y-11","count":8}},{"type":"Feature","geometry":{"type":"Polygon","coordinates":[[[134.319614833318,-5.6527360520955305],[134.319614833318,-5.1803637076811935],[134.94146490199077,-5.1803637076811935],[134.94146490199077,-5.6527360520955305],[134.319614833318,-5.6527360520955305]]]},"properties":{"region_code":"x216y-12","label":"x216y-12","count":9}},{"type":"Feature","geometry":{"type":"Polygon","coordinates":[[[134.319614833318,-6.125483956889529],[134.319614833318,-5.6527360520955305],[134.94146490199077,-5.6527360520955305],[134.94146490199077,-6.125483956889529],[134.319614833318,-6.125483956889529]]]},"properties":{"region_code":"x216y-13","label":"x216y-13","count":9}},{"type":"Feature","geometry":{"type":"Polygon","coordinates":[[[134.319614833318,-6.598639756294533],[134.319614833318,-6.125483956889529],[134.94146490199077,-6.125483956889529],[134.94146490199077,-6.598639756294533],[134.319614833318,-6.598639756294533]]]},"properties":{"region_code":"x216y-14","label":"x216y-14","count":9}},{"type":"Feature","geometry":{"type":"Polygon","coordinates":[[[134.319614833318,-7.072236038866301],[134.319614833318,-6.598639756294533],[134.94146490199077,-6.598639756294533],[134.94146490199077,-7.072236038866301],[134.319614833318,-7.072236038866301]]]},"properties":{"region_code":"x216y-15","label":"x216y-15","count":9}},{"type":"Feature","geometry":{"type":"Polygon","coordinates":[[[134.319614833318,-7.546305669135457],[134.319614833318,-7.072236038866301],[134.94146490199077,-7.072236038866301],[134.94146490199077,-7.546305669135457],[134.319614833318,-7.546305669135457]]]},"properties":{"region_code":"x216y-16","label":"x216y-16","count":9}},{"type":"Feature","geometry":{"type":"Polygon","coordinates":[[[134.319614833318,0.0],[134.319614833318,0.4703230299809363],[134.94146490199077,0.4703230299809363],[134.94146490199077,0.0],[134.319614833318,0.0]]]},"properties":{"region_code":"x216y000","label":"x216y000","count":9}},{"type":"Feature","geometry":{"type":"Polygon","coordinates":[[[134.94146490199077,0.4703230299809363],[134.319614833318,0.4703230299809363],[134.319614833318,0.9406769065449422],[134.94146490199077,0.9406769065449422],[134.94146490199077,0.4703230299809363]]]},"properties":{"region_code":"x216y001","label":"x216y001","count":6}},{"type":"Feature","geometry":{"type":"Polygon","coordinates":[[[134.94146490199077,0.9406769065449422],[134.319614833318,0.9406769065449422],[134.319614833318,1.411092494939981],[134.94146490199077,1.411092494939981],[134.94146490199077,0.9406769065449422]]]},"properties":{"region_code":"x216y002","label":"x216y002","count":5}},{"type":"Feature","geometry":{"type":"Polygon","coordinates":[[[134.94146490199077,-0.47032302998093656],[134.94146490199077,0.0],[135.56331497066353,0.0],[135.56331497066353,-0.47032302998093656],[134.94146490199077,-0.47032302998093656]]]},"properties":{"region_code":"x217y-01","label":"x217y-01","count":9}},{"type":"Feature","geometry":{"type":"Polygon","coordinates":[[[134.94146490199077,-0.9406769065449366],[134.94146490199077,-0.47032302998093656],[135.56331497066353,-0.47032302998093656],[135.56331497066353,-0.9406769065449366],[134.94146490199077,-0.9406769065449366]]]},"properties":{"region_code":"x217y-02","label":"x217y-02","count":9}},{"type":"Feature","geometry":{"type":"Polygon","coordinates":[[[134.94146490199077,-1.411092494939997],[134.94146490199077,-0.9406769065449366],[135.56331497066353,-0.9406769065449366],[135.56331497066353,-1.411092494939997],[134.94146490199077,-1.411092494939997]]]},"properties":{"region_code":"x217y-03","label":"x217y-03","count":9}},{"type":"Feature","geometry":{"type":"Polygon","coordinates":[[[134.94146490199077,-1.881600697775689],[134.94146490199077,-1.411092494939997],[135.56331497066353,-1.411092494939997],[135.56331497066353,-1.881600697775689],[134.94146490199077,-1.881600697775689]]]},"properties":{"region_code":"x217y-04","label":"x217y-04","count":9}},{"type":"Feature","geometry":{"type":"Polygon","coordinates":[[[134.94146490199077,-2.3522324737816986],[134.94146490199077,-1.881600697775689],[135.56331497066353,-1.881600697775689],[135.56331497066353,-2.3522324737816986],[134.94146490199077,-2.3522324737816986]]]},"properties":{"region_code":"x217y-05","label":"x217y-05","count":9}},{"type":"Feature","geometry":{"type":"Polygon","coordinates":[[[134.94146490199077,-2.8230188566609358],[134.94146490199077,-2.3522324737816986],[135.56331497066353,-2.3522324737816986],[135.56331497066353,-2.8230188566609358],[134.94146490199077,-2.8230188566609358]]]},"properties":{"region_code":"x217y-06","label":"x217y-06","count":9}},{"type":"Feature","geometry":{"type":"Polygon","coordinates":[[[134.94146490199077,-3.293990974068208],[134.94146490199077,-2.8230188566609358],[135.56331497066353,-2.8230188566609358],[135.56331497066353,-3.293990974068208],[134.94146490199077,-3.293990974068208]]]},"properties":{"region_code":"x217y-07","label":"x217y-07","count":9}},{"type":"Feature","geometry":{"type":"Polygon","coordinates":[[[134.94146490199077,-3.765180066747392],[134.94146490199077,-3.293990974068208],[135.56331497066353,-3.293990974068208],[135.56331497066353,-3.765180066747392],[134.94146490199077,-3.765180066747392]]]},"properties":{"region_code":"x217y-08","label":"x217y-08","count":9}},{"type":"Feature","geometry":{"type":"Polygon","coordinates":[[[134.94146490199077,-4.236617507859314],[134.94146490199077,-3.765180066747392],[135.56331497066353,-3.765180066747392],[135.56331497066353,-4.236617507859314],[134.94146490199077,-4.236617507859314]]]},"properties":{"region_code":"x217y-09","label":"x217y-09","count":9}},{"type":"Feature","geometry":{"type":"Polygon","coordinates":[[[134.94146490199077,-4.708334822533896],[134.94146490199077,-4.236617507859314],[135.56331497066353,-4.236617507859314],[135.56331497066353,-4.708334822533896],[134.94146490199077,-4.708334822533896]]]},"properties":{"region_code":"x217y-10","label":"x217y-10","count":9}},{"type":"Feature","geometry":{"type":"Polygon","coordinates":[[[134.94146490199077,-5.1803637076811935],[134.94146490199077,-4.708334822533896],[135.56331497066353,-4.708334822533896],[135.56331497066353,-5.1803637076811935],[134.94146490199077,-5.1803637076811935]]]},"properties":{"region_code":"x217y-11","label":"x217y-11","count":9}},{"type":"Feature","geometry":{"type":"Polygon","coordinates":[[[134.94146490199077,-5.6527360520955305],[134.94146490199077,-5.1803637076811935],[135.56331497066353,-5.1803637076811935],[135.56331497066353,-5.6527360520955305],[134.94146490199077,-5.6527360520955305]]]},"properties":{"region_code":"x217y-12","label":"x217y-12","count":9}},{"type":"Feature","geometry":{"type":"Polygon","coordinates":[[[134.94146490199077,-6.125483956889529],[134.94146490199077,-5.6527360520955305],[135.56331497066353,-5.6527360520955305],[135.56331497066353,-6.125483956889529],[134.94146490199077,-6.125483956889529]]]},"properties":{"region_code":"x217y-13","label":"x217y-13","count":9}},{"type":"Feature","geometry":{"type":"Polygon","coordinates":[[[134.94146490199077,-6.598639756294533],[134.94146490199077,-6.125483956889529],[135.56331497066353,-6.125483956889529],[135.56331497066353,-6.598639756294533],[134.94146490199077,-6.598639756294533]]]},"properties":{"region_code":"x217y-14","label":"x217y-14","count":9}},{"type":"Feature","geometry":{"type":"Polygon","coordinates":[[[134.94146490199077,-7.072236038866301],[134.94146490199077,-6.598639756294533],[135.56331497066353,-6.598639756294533],[135.56331497066353,-7.072236038866301],[134.94146490199077,-7.072236038866301]]]},"properties":{"region_code":"x217y-15","label":"x217y-15","count":9}},{"type":"Feature","geometry":{"type":"Polygon","coordinates":[[[135.56331497066353,0.0],[134.94146490199077,0.0],[134.94146490199077,0.4703230299809363],[135.56331497066353,0.4703230299809363],[135.56331497066353,0.0]]]},"properties":{"region_code":"x217y000","label":"x217y000","count":4}},{"type":"Feature","geometry":{"type":"Polygon","coordinates":[[[135.56331497066353,-0.47032302998093656],[135.56331497066353,0.0],[136.18516503933634,0.0],[136.18516503933634,-0.47032302998093656],[135.56331497066353,-0.47032302998093656]]]},"properties":{"region_code":"x218y-01","label":"x218y-01","count":9}},{"type":"Feature","geometry":{"type":"Polygon","coordinates":[[[135.56331497066353,-0.9406769065449366],[135.56331497066353,-0.47032302998093656],[136.18516503933634,-0.47032302998093656],[136.18516503933634,-0.9406769065449366],[135.56331497066353,-0.9406769065449366]]]},"properties":{"region_code":"x218y-02","label":"x218y-02","count":9}},{"type":"Feature","geometry":{"type":"Polygon","coordinates":[[[135.56331497066353,-1.411092494939997],[135.56331497066353,-0.9406769065449366],[136.18516503933634,-0.9406769065449366],[136.18516503933634,-1.411092494939997],[135.56331497066353,-1.411092494939997]]]},"properties":{"region_code":"x218y-03","label":"x218y-03","count":9}},{"type":"Feature","geometry":{"type":"Polygon","coordinates":[[[135.56331497066353,-1.881600697775689],[135.56331497066353,-1.411092494939997],[136.18516503933634,-1.411092494939997],[136.18516503933634,-1.881600697775689],[135.56331497066353,-1.881600697775689]]]},"properties":{"region_code":"x218y-04","label":"x218y-04","count":9}},{"type":"Feature","geometry":{"type":"Polygon","coordinates":[[[135.56331497066353,-2.3522324737816986],[135.56331497066353,-1.881600697775689],[136.18516503933634,-1.881600697775689],[136.18516503933634,-2.3522324737816986],[135.56331497066353,-2.3522324737816986]]]},"properties":{"region_code":"x218y-05","label":"x218y-05","count":9}},{"type":"Feature","geometry":{"type":"Polygon","coordinates":[[[135.56331497066353,-2.8230188566609358],[135.56331497066353,-2.3522324737816986],[136.18516503933634,-2.3522324737816986],[136.18516503933634,-2.8230188566609358],[135.56331497066353,-2.8230188566609358]]]},"properties":{"region_code":"x218y-06","label":"x218y-06","count":9}},{"type":"Feature","geometry":{"type":"Polygon","coordinates":[[[135.56331497066353,-3.293990974068208],[135.56331497066353,-2.8230188566609358],[136.18516503933634,-2.8230188566609358],[136.18516503933634,-3.293990974068208],[135.56331497066353,-3.293990974068208]]]},"properties":{"region_code":"x218y-07","label":"x218y-07","count":9}},{"type":"Feature","geometry":{"type":"Polygon","coordinates":[[[135.56331497066353,-3.765180066747392],[135.56331497066353,-3.293990974068208],[136.18516503933634,-3.293990974068208],[136.18516503933634,-3.765180066747392],[135.56331497066353,-3.765180066747392]]]},"properties":{"region_code":"x218y-08","label":"x218y-08","count":9}},{"type":"Feature","geometry":{"type":"Polygon","coordinates":[[[135.56331497066353,-4.236617507859314],[135.56331497066353,-3.765180066747392],[136.18516503933634,-3.765180066747392],[136.18516503933634,-4.236617507859314],[135.56331497066353,-4.236617507859314]]]},"properties":{"region_code":"x218y-09","label":"x218y-09","count":9}},{"type":"Feature","geometry":{"type":"Polygon","coordinates":[[[135.56331497066353,-4.708334822533896],[135.56331497066353,-4.236617507859314],[136.18516503933634,-4.236617507859314],[136.18516503933634,-4.708334822533896],[135.56331497066353,-4.708334822533896]]]},"properties":{"region_code":"x218y-10","label":"x218y-10","count":9}},{"type":"Feature","geometry":{"type":"Polygon","coordinates":[[[135.56331497066353,-5.1803637076811935],[135.56331497066353,-4.708334822533896],[136.18516503933634,-4.708334822533896],[136.18516503933634,-5.1803637076811935],[135.56331497066353,-5.1803637076811935]]]},"properties":{"region_code":"x218y-11","label":"x218y-11","count":9}},{"type":"Feature","geometry":{"type":"Polygon","coordinates":[[[135.56331497066353,-5.6527360520955305],[135.56331497066353,-5.1803637076811935],[136.18516503933634,-5.1803637076811935],[136.18516503933634,-5.6527360520955305],[135.56331497066353,-5.6527360520955305]]]},"properties":{"region_code":"x218y-12","label":"x218y-12","count":9}},{"type":"Feature","geometry":{"type":"Polygon","coordinates":[[[136.18516503933634,-0.9406769065449366],[136.18516503933634,-0.47032302998093656],[136.8070151080091,-0.47032302998093656],[136.8070151080091,-0.9406769065449366],[136.18516503933634,-0.9406769065449366]]]},"properties":{"region_code":"x219y-02","label":"x219y-02","count":9}},{"type":"Feature","geometry":{"type":"Polygon","coordinates":[[[136.18516503933634,-1.411092494939997],[136.18516503933634,-0.9406769065449366],[136.8070151080091,-0.9406769065449366],[136.8070151080091,-1.411092494939997],[136.18516503933634,-1.411092494939997]]]},"properties":{"region_code":"x219y-03","label":"x219y-03","count":9}},{"type":"Feature","geometry":{"type":"Polygon","coordinates":[[[136.18516503933634,-1.881600697775689],[136.18516503933634,-1.411092494939997],[136.8070151080091,-1.411092494939997],[136.8070151080091,-1.881600697775689],[136.18516503933634,-1.881600697775689]]]},"properties":{"region_code":"x219y-04","label":"x219y-04","count":9}},{"type":"Feature","geometry":{"type":"Polygon","coordinates":[[[136.18516503933634,-2.3522324737816986],[136.18516503933634,-1.881600697775689],[136.8070151080091,-1.881600697775689],[136.8070151080091,-2.3522324737816986],[136.18516503933634,-2.3522324737816986]]]},"properties":{"region_code":"x219y-05","label":"x219y-05","count":9}},{"type":"Feature","geometry":{"type":"Polygon","coordinates":[[[136.18516503933634,-2.8230188566609358],[136.18516503933634,-2.3522324737816986],[136.8070151080091,-2.3522324737816986],[136.8070151080091,-2.8230188566609358],[136.18516503933634,-2.8230188566609358]]]},"properties":{"region_code":"x219y-06","label":"x219y-06","count":9}},{"type":"Feature","geometry":{"type":"Polygon","coordinates":[[[136.18516503933634,-3.293990974068208],[136.18516503933634,-2.8230188566609358],[136.8070151080091,-2.8230188566609358],[136.8070151080091,-3.293990974068208],[136.18516503933634,-3.293990974068208]]]},"properties":{"region_code":"x219y-07","label":"x219y-07","count":9}},{"type":"Feature","geometry":{"type":"Polygon","coordinates":[[[136.18516503933634,-3.765180066747392],[136.18516503933634,-3.293990974068208],[136.8070151080091,-3.293990974068208],[136.8070151080091,-3.765180066747392],[136.18516503933634,-3.765180066747392]]]},"properties":{"region_code":"x219y-08","label":"x219y-08","count":9}},{"type":"Feature","geometry":{"type":"Polygon","coordinates":[[[136.18516503933634,-4.236617507859314],[136.18516503933634,-3.765180066747392],[136.8070151080091,-3.765180066747392],[136.8070151080091,-4.236617507859314],[136.18516503933634,-4.236617507859314]]]},"properties":{"region_code":"x219y-09","label":"x219y-09","count":9}},{"type":"Feature","geometry":{"type":"Polygon","coordinates":[[[136.18516503933634,-4.708334822533896],[136.18516503933634,-4.236617507859314],[136.8070151080091,-4.236617507859314],[136.8070151080091,-4.708334822533896],[136.18516503933634,-4.708334822533896]]]},"properties":{"region_code":"x219y-10","label":"x219y-10","count":9}},{"type":"Feature","geometry":{"type":"Polygon","coordinates":[[[136.18516503933634,-5.1803637076811935],[136.18516503933634,-4.708334822533896],[136.8070151080091,-4.708334822533896],[136.8070151080091,-5.1803637076811935],[136.18516503933634,-5.1803637076811935]]]},"properties":{"region_code":"x219y-11","label":"x219y-11","count":9}},{"type":"Feature","geometry":{"type":"Polygon","coordinates":[[[136.8070151080091,-1.411092494939997],[136.8070151080091,-0.9406769065449366],[137.42886517668185,-0.9406769065449366],[137.42886517668185,-1.411092494939997],[136.8070151080091,-1.411092494939997]]]},"properties":{"region_code":"x220y-03","label":"x220y-03","count":9}},{"type":"Feature","geometry":{"type":"Polygon","coordinates":[[[136.8070151080091,-1.881600697775689],[136.8070151080091,-1.411092494939997],[137.42886517668185,-1.411092494939997],[137.42886517668185,-1.881600697775689],[136.8070151080091,-1.881600697775689]]]},"properties":{"region_code":"x220y-04","label":"x220y-04","count":9}},{"type":"Feature","geometry":{"type":"Polygon","coordinates":[[[136.8070151080091,-2.3522324737816986],[136.8070151080091,-1.881600697775689],[137.42886517668185,-1.881600697775689],[137.42886517668185,-2.3522324737816986],[136.8070151080091,-2.3522324737816986]]]},"properties":{"region_code":"x220y-05","label":"x220y-05","count":9}},{"type":"Feature","geometry":{"type":"Polygon","coordinates":[[[136.8070151080091,-2.8230188566609358],[136.8070151080091,-2.3522324737816986],[137.42886517668185,-2.3522324737816986],[137.42886517668185,-2.8230188566609358],[136.8070151080091,-2.8230188566609358]]]},"properties":{"region_code":"x220y-06","label":"x220y-06","count":9}},{"type":"Feature","geometry":{"type":"Polygon","coordinates":[[[136.8070151080091,-3.293990974068208],[136.8070151080091,-2.8230188566609358],[137.42886517668185,-2.8230188566609358],[137.42886517668185,-3.293990974068208],[136.8070151080091,-3.293990974068208]]]},"properties":{"region_code":"x220y-07","label":"x220y-07","count":9}},{"type":"Feature","geometry":{"type":"Polygon","coordinates":[[[136.8070151080091,-3.765180066747392],[136.8070151080091,-3.293990974068208],[137.42886517668185,-3.293990974068208],[137.42886517668185,-3.765180066747392],[136.8070151080091,-3.765180066747392]]]},"properties":{"region_code":"x220y-08","label":"x220y-08","count":9}},{"type":"Feature","geometry":{"type":"Polygon","coordinates":[[[136.8070151080091,-4.236617507859314],[136.8070151080091,-3.765180066747392],[137.42886517668185,-3.765180066747392],[137.42886517668185,-4.236617507859314],[136.8070151080091,-4.236617507859314]]]},"properties":{"region_code":"x220y-09","label":"x220y-09","count":9}},{"type":"Feature","geometry":{"type":"Polygon","coordinates":[[[136.8070151080091,-4.708334822533896],[136.8070151080091,-4.236617507859314],[137.42886517668185,-4.236617507859314],[137.42886517668185,-4.708334822533896],[136.8070151080091,-4.708334822533896]]]},"properties":{"region_code":"x220y-10","label":"x220y-10","count":9}},{"type":"Feature","geometry":{"type":"Polygon","coordinates":[[[136.8070151080091,-5.1803637076811935],[136.8070151080091,-4.708334822533896],[137.42886517668185,-4.708334822533896],[137.42886517668185,-5.1803637076811935],[136.8070151080091,-5.1803637076811935]]]},"properties":{"region_code":"x220y-11","label":"x220y-11","count":9}},{"type":"Feature","geometry":{"type":"Polygon","coordinates":[[[136.8070151080091,-5.6527360520955305],[136.8070151080091,-5.1803637076811935],[137.42886517668185,-5.1803637076811935],[137.42886517668185,-5.6527360520955305],[136.8070151080091,-5.6527360520955305]]]},"properties":{"region_code":"x220y-12","label":"x220y-12","count":9}},{"type":"Feature","geometry":{"type":"Polygon","coordinates":[[[137.42886517668185,-1.411092494939997],[137.42886517668185,-0.9406769065449366],[138.05071524535464,-0.9406769065449366],[138.05071524535464,-1.411092494939997],[137.42886517668185,-1.411092494939997]]]},"properties":{"region_code":"x221y-03","label":"x221y-03","count":9}},{"type":"Feature","geometry":{"type":"Polygon","coordinates":[[[137.42886517668185,-1.881600697775689],[137.42886517668185,-1.411092494939997],[138.05071524535464,-1.411092494939997],[138.05071524535464,-1.881600697775689],[137.42886517668185,-1.881600697775689]]]},"properties":{"region_code":"x221y-04","label":"x221y-04","count":9}},{"type":"Feature","geometry":{"type":"Polygon","coordinates":[[[137.42886517668185,-2.3522324737816986],[137.42886517668185,-1.881600697775689],[138.05071524535464,-1.881600697775689],[138.05071524535464,-2.3522324737816986],[137.42886517668185,-2.3522324737816986]]]},"properties":{"region_code":"x221y-05","label":"x221y-05","count":9}},{"type":"Feature","geometry":{"type":"Polygon","coordinates":[[[137.42886517668185,-2.8230188566609358],[137.42886517668185,-2.3522324737816986],[138.05071524535464,-2.3522324737816986],[138.05071524535464,-2.8230188566609358],[137.42886517668185,-2.8230188566609358]]]},"properties":{"region_code":"x221y-06","label":"x221y-06","count":9}},{"type":"Feature","geometry":{"type":"Polygon","coordinates":[[[137.42886517668185,-3.293990974068208],[137.42886517668185,-2.8230188566609358],[138.05071524535464,-2.8230188566609358],[138.05071524535464,-3.293990974068208],[137.42886517668185,-3.293990974068208]]]},"properties":{"region_code":"x221y-07","label":"x221y-07","count":9}},{"type":"Feature","geometry":{"type":"Polygon","coordinates":[[[137.42886517668185,-3.765180066747392],[137.42886517668185,-3.293990974068208],[138.05071524535464,-3.293990974068208],[138.05071524535464,-3.765180066747392],[137.42886517668185,-3.765180066747392]]]},"properties":{"region_code":"x221y-08","label":"x221y-08","count":9}},{"type":"Feature","geometry":{"type":"Polygon","coordinates":[[[137.42886517668185,-4.236617507859314],[137.42886517668185,-3.765180066747392],[138.05071524535464,-3.765180066747392],[138.05071524535464,-4.236617507859314],[137.42886517668185,-4.236617507859314]]]},"properties":{"region_code":"x221y-09","label":"x221y-09","count":9}},{"type":"Feature","geometry":{"type":"Polygon","coordinates":[[[137.42886517668185,-4.708334822533896],[137.42886517668185,-4.236617507859314],[138.05071524535464,-4.236617507859314],[138.05071524535464,-4.708334822533896],[137.42886517668185,-4.708334822533896]]]},"properties":{"region_code":"x221y-10","label":"x221y-10","count":9}},{"type":"Feature","geometry":{"type":"Polygon","coordinates":[[[137.42886517668185,-5.1803637076811935],[137.42886517668185,-4.708334822533896],[138.05071524535464,-4.708334822533896],[138.05071524535464,-5.1803637076811935],[137.42886517668185,-5.1803637076811935]]]},"properties":{"region_code":"x221y-11","label":"x221y-11","count":9}},{"type":"Feature","geometry":{"type":"Polygon","coordinates":[[[137.42886517668185,-5.6527360520955305],[137.42886517668185,-5.1803637076811935],[138.05071524535464,-5.1803637076811935],[138.05071524535464,-5.6527360520955305],[137.42886517668185,-5.6527360520955305]]]},"properties":{"region_code":"x221y-12","label":"x221y-12","count":9}},{"type":"Feature","geometry":{"type":"Polygon","coordinates":[[[137.42886517668185,-6.125483956889529],[137.42886517668185,-5.6527360520955305],[138.05071524535464,-5.6527360520955305],[138.05071524535464,-6.125483956889529],[137.42886517668185,-6.125483956889529]]]},"properties":{"region_code":"x221y-13","label":"x221y-13","count":9}},{"type":"Feature","geometry":{"type":"Polygon","coordinates":[[[137.42886517668185,-6.598639756294533],[137.42886517668185,-6.125483956889529],[138.05071524535464,-6.125483956889529],[138.05071524535464,-6.598639756294533],[137.42886517668185,-6.598639756294533]]]},"properties":{"region_code":"x221y-14","label":"x221y-14","count":9}},{"type":"Feature","geometry":{"type":"Polygon","coordinates":[[[137.42886517668185,-7.072236038866301],[137.42886517668185,-6.598639756294533],[138.05071524535464,-6.598639756294533],[138.05071524535464,-7.072236038866301],[137.42886517668185,-7.072236038866301]]]},"properties":{"region_code":"x221y-15","label":"x221y-15","count":9}},{"type":"Feature","geometry":{"type":"Polygon","coordinates":[[[137.42886517668185,-7.546305669135457],[137.42886517668185,-7.072236038866301],[138.05071524535464,-7.072236038866301],[138.05071524535464,-7.546305669135457],[137.42886517668185,-7.546305669135457]]]},"properties":{"region_code":"x221y-16","label":"x221y-16","count":9}},{"type":"Feature","geometry":{"type":"Polygon","coordinates":[[[137.42886517668185,-8.020881809744264],[137.42886517668185,-7.546305669135457],[138.05071524535464,-7.546305669135457],[138.05071524535464,-8.020881809744264],[137.42886517668185,-8.020881809744264]]]},"properties":{"region_code":"x221y-17","label":"x221y-17","count":9}},{"type":"Feature","geometry":{"type":"Polygon","coordinates":[[[137.42886517668185,-8.495997944112283],[137.42886517668185,-8.020881809744264],[138.05071524535464,-8.020881809744264],[138.05071524535464,-8.495997944112283],[137.42886517668185,-8.495997944112283]]]},"properties":{"region_code":"x221y-18","label":"x221y-18","count":9}},{"type":"Feature","geometry":{"type":"Polygon","coordinates":[[[137.42886517668185,-8.971687899676542],[137.42886517668185,-8.495997944112283],[138.05071524535464,-8.495997944112283],[138.05071524535464,-8.971687899676542],[137.42886517668185,-8.971687899676542]]]},"properties":{"region_code":"x221y-19","label":"x221y-19","count":9}},{"type":"Feature","geometry":{"type":"Polygon","coordinates":[[[138.05071524535464,-1.411092494939997],[138.05071524535464,-0.9406769065449366],[138.67256531402742,-0.9406769065449366],[138.67256531402742,-1.411092494939997],[138.05071524535464,-1.411092494939997]]]},"properties":{"region_code":"x222y-03","label":"x222y-03","count":9}},{"type":"Feature","geometry":{"type":"Polygon","coordinates":[[[138.05071524535464,-1.881600697775689],[138.05071524535464,-1.411092494939997],[138.67256531402742,-1.411092494939997],[138.67256531402742,-1.881600697775689],[138.05071524535464,-1.881600697775689]]]},"properties":{"region_code":"x222y-04","label":"x222y-04","count":9}},{"type":"Feature","geometry":{"type":"Polygon","coordinates":[[[138.05071524535464,-2.3522324737816986],[138.05071524535464,-1.881600697775689],[138.67256531402742,-1.881600697775689],[138.67256531402742,-2.3522324737816986],[138.05071524535464,-2.3522324737816986]]]},"properties":{"region_code":"x222y-05","label":"x222y-05","count":9}},{"type":"Feature","geometry":{"type":"Polygon","coordinates":[[[138.05071524535464,-2.8230188566609358],[138.05071524535464,-2.3522324737816986],[138.67256531402742,-2.3522324737816986],[138.67256531402742,-2.8230188566609358],[138.05071524535464,-2.8230188566609358]]]},"properties":{"region_code":"x222y-06","label":"x222y-06","count":9}},{"type":"Feature","geometry":{"type":"Polygon","coordinates":[[[138.05071524535464,-3.293990974068208],[138.05071524535464,-2.8230188566609358],[138.67256531402742,-2.8230188566609358],[138.67256531402742,-3.293990974068208],[138.05071524535464,-3.293990974068208]]]},"properties":{"region_code":"x222y-07","label":"x222y-07","count":9}},{"type":"Feature","geometry":{"type":"Polygon","coordinates":[[[138.05071524535464,-3.765180066747392],[138.05071524535464,-3.293990974068208],[138.67256531402742,-3.293990974068208],[138.67256531402742,-3.765180066747392],[138.05071524535464,-3.765180066747392]]]},"properties":{"region_code":"x222y-08","label":"x222y-08","count":9}},{"type":"Feature","geometry":{"type":"Polygon","coordinates":[[[138.05071524535464,-4.236617507859314],[138.05071524535464,-3.765180066747392],[138.67256531402742,-3.765180066747392],[138.67256531402742,-4.236617507859314],[138.05071524535464,-4.236617507859314]]]},"properties":{"region_code":"x222y-09","label":"x222y-09","count":9}},{"type":"Feature","geometry":{"type":"Polygon","coordinates":[[[138.05071524535464,-4.708334822533896],[138.05071524535464,-4.236617507859314],[138.67256531402742,-4.236617507859314],[138.67256531402742,-4.708334822533896],[138.05071524535464,-4.708334822533896]]]},"properties":{"region_code":"x222y-10","label":"x222y-10","count":9}},{"type":"Feature","geometry":{"type":"Polygon","coordinates":[[[138.05071524535464,-5.1803637076811935],[138.05071524535464,-4.708334822533896],[138.67256531402742,-4.708334822533896],[138.67256531402742,-5.1803637076811935],[138.05071524535464,-5.1803637076811935]]]},"properties":{"region_code":"x222y-11","label":"x222y-11","count":9}},{"type":"Feature","geometry":{"type":"Polygon","coordinates":[[[138.05071524535464,-5.6527360520955305],[138.05071524535464,-5.1803637076811935],[138.67256531402742,-5.1803637076811935],[138.67256531402742,-5.6527360520955305],[138.05071524535464,-5.6527360520955305]]]},"properties":{"region_code":"x222y-12","label":"x222y-12","count":9}},{"type":"Feature","geometry":{"type":"Polygon","coordinates":[[[138.05071524535464,-6.125483956889529],[138.05071524535464,-5.6527360520955305],[138.67256531402742,-5.6527360520955305],[138.67256531402742,-6.125483956889529],[138.05071524535464,-6.125483956889529]]]},"properties":{"region_code":"x222y-13","label":"x222y-13","count":9}},{"type":"Feature","geometry":{"type":"Polygon","coordinates":[[[138.05071524535464,-6.598639756294533],[138.05071524535464,-6.125483956889529],[138.67256531402742,-6.125483956889529],[138.67256531402742,-6.598639756294533],[138.05071524535464,-6.598639756294533]]]},"properties":{"region_code":"x222y-14","label":"x222y-14","count":9}},{"type":"Feature","geometry":{"type":"Polygon","coordinates":[[[138.05071524535464,-7.072236038866301],[138.05071524535464,-6.598639756294533],[138.67256531402742,-6.598639756294533],[138.67256531402742,-7.072236038866301],[138.05071524535464,-7.072236038866301]]]},"properties":{"region_code":"x222y-15","label":"x222y-15","count":9}},{"type":"Feature","geometry":{"type":"Polygon","coordinates":[[[138.05071524535464,-7.546305669135457],[138.05071524535464,-7.072236038866301],[138.67256531402742,-7.072236038866301],[138.67256531402742,-7.546305669135457],[138.05071524535464,-7.546305669135457]]]},"properties":{"region_code":"x222y-16","label":"x222y-16","count":9}},{"type":"Feature","geometry":{"type":"Polygon","coordinates":[[[138.05071524535464,-8.020881809744264],[138.05071524535464,-7.546305669135457],[138.67256531402742,-7.546305669135457],[138.67256531402742,-8.020881809744264],[138.05071524535464,-8.020881809744264]]]},"properties":{"region_code":"x222y-17","label":"x222y-17","count":9}},{"type":"Feature","geometry":{"type":"Polygon","coordinates":[[[138.05071524535464,-8.495997944112283],[138.05071524535464,-8.020881809744264],[138.67256531402742,-8.020881809744264],[138.67256531402742,-8.495997944112283],[138.05071524535464,-8.495997944112283]]]},"properties":{"region_code":"x222y-18","label":"x222y-18","count":9}},{"type":"Feature","geometry":{"type":"Polygon","coordinates":[[[138.05071524535464,-8.971687899676542],[138.05071524535464,-8.495997944112283],[138.67256531402742,-8.495997944112283],[138.67256531402742,-8.971687899676542],[138.05071524535464,-8.971687899676542]]]},"properties":{"region_code":"x222y-19","label":"x222y-19","count":9}},{"type":"Feature","geometry":{"type":"Polygon","coordinates":[[[138.67256531402742,-1.411092494939997],[138.67256531402742,-0.9406769065449366],[139.29441538270015,-0.9406769065449366],[139.29441538270015,-1.411092494939997],[138.67256531402742,-1.411092494939997]]]},"properties":{"region_code":"x223y-03","label":"x223y-03","count":9}},{"type":"Feature","geometry":{"type":"Polygon","coordinates":[[[138.67256531402742,-1.881600697775689],[138.67256531402742,-1.411092494939997],[139.29441538270015,-1.411092494939997],[139.29441538270015,-1.881600697775689],[138.67256531402742,-1.881600697775689]]]},"properties":{"region_code":"x223y-04","label":"x223y-04","count":9}},{"type":"Feature","geometry":{"type":"Polygon","coordinates":[[[138.67256531402742,-2.3522324737816986],[138.67256531402742,-1.881600697775689],[139.29441538270015,-1.881600697775689],[139.29441538270015,-2.3522324737816986],[138.67256531402742,-2.3522324737816986]]]},"properties":{"region_code":"x223y-05","label":"x223y-05","count":9}},{"type":"Feature","geometry":{"type":"Polygon","coordinates":[[[138.67256531402742,-2.8230188566609358],[138.67256531402742,-2.3522324737816986],[139.29441538270015,-2.3522324737816986],[139.29441538270015,-2.8230188566609358],[138.67256531402742,-2.8230188566609358]]]},"properties":{"region_code":"x223y-06","label":"x223y-06","count":9}},{"type":"Feature","geometry":{"type":"Polygon","coordinates":[[[138.67256531402742,-3.293990974068208],[138.67256531402742,-2.8230188566609358],[139.29441538270015,-2.8230188566609358],[139.29441538270015,-3.293990974068208],[138.67256531402742,-3.293990974068208]]]},"properties":{"region_code":"x223y-07","label":"x223y-07","count":9}},{"type":"Feature","geometry":{"type":"Polygon","coordinates":[[[138.67256531402742,-3.765180066747392],[138.67256531402742,-3.293990974068208],[139.29441538270015,-3.293990974068208],[139.29441538270015,-3.765180066747392],[138.67256531402742,-3.765180066747392]]]},"properties":{"region_code":"x223y-08","label":"x223y-08","count":9}},{"type":"Feature","geometry":{"type":"Polygon","coordinates":[[[138.67256531402742,-4.236617507859314],[138.67256531402742,-3.765180066747392],[139.29441538270015,-3.765180066747392],[139.29441538270015,-4.236617507859314],[138.67256531402742,-4.236617507859314]]]},"properties":{"region_code":"x223y-09","label":"x223y-09","count":9}},{"type":"Feature","geometry":{"type":"Polygon","coordinates":[[[138.67256531402742,-4.708334822533896],[138.67256531402742,-4.236617507859314],[139.29441538270015,-4.236617507859314],[139.29441538270015,-4.708334822533896],[138.67256531402742,-4.708334822533896]]]},"properties":{"region_code":"x223y-10","label":"x223y-10","count":9}},{"type":"Feature","geometry":{"type":"Polygon","coordinates":[[[138.67256531402742,-5.1803637076811935],[138.67256531402742,-4.708334822533896],[139.29441538270015,-4.708334822533896],[139.29441538270015,-5.1803637076811935],[138.67256531402742,-5.1803637076811935]]]},"properties":{"region_code":"x223y-11","label":"x223y-11","count":9}},{"type":"Feature","geometry":{"type":"Polygon","coordinates":[[[138.67256531402742,-5.6527360520955305],[138.67256531402742,-5.1803637076811935],[139.29441538270015,-5.1803637076811935],[139.29441538270015,-5.6527360520955305],[138.67256531402742,-5.6527360520955305]]]},"properties":{"region_code":"x223y-12","label":"x223y-12","count":9}},{"type":"Feature","geometry":{"type":"Polygon","coordinates":[[[138.67256531402742,-6.125483956889529],[138.67256531402742,-5.6527360520955305],[139.29441538270015,-5.6527360520955305],[139.29441538270015,-6.125483956889529],[138.67256531402742,-6.125483956889529]]]},"properties":{"region_code":"x223y-13","label":"x223y-13","count":9}},{"type":"Feature","geometry":{"type":"Polygon","coordinates":[[[138.67256531402742,-6.598639756294533],[138.67256531402742,-6.125483956889529],[139.29441538270015,-6.125483956889529],[139.29441538270015,-6.598639756294533],[138.67256531402742,-6.598639756294533]]]},"properties":{"region_code":"x223y-14","label":"x223y-14","count":9}},{"type":"Feature","geometry":{"type":"Polygon","coordinates":[[[138.67256531402742,-7.072236038866301],[138.67256531402742,-6.598639756294533],[139.29441538270015,-6.598639756294533],[139.29441538270015,-7.072236038866301],[138.67256531402742,-7.072236038866301]]]},"properties":{"region_code":"x223y-15","label":"x223y-15","count":9}},{"type":"Feature","geometry":{"type":"Polygon","coordinates":[[[138.67256531402742,-7.546305669135457],[138.67256531402742,-7.072236038866301],[139.29441538270015,-7.072236038866301],[139.29441538270015,-7.546305669135457],[138.67256531402742,-7.546305669135457]]]},"properties":{"region_code":"x223y-16","label":"x223y-16","count":9}},{"type":"Feature","geometry":{"type":"Polygon","coordinates":[[[138.67256531402742,-8.020881809744264],[138.67256531402742,-7.546305669135457],[139.29441538270015,-7.546305669135457],[139.29441538270015,-8.020881809744264],[138.67256531402742,-8.020881809744264]]]},"properties":{"region_code":"x223y-17","label":"x223y-17","count":9}},{"type":"Feature","geometry":{"type":"Polygon","coordinates":[[[138.67256531402742,-8.495997944112283],[138.67256531402742,-8.020881809744264],[139.29441538270015,-8.020881809744264],[139.29441538270015,-8.495997944112283],[138.67256531402742,-8.495997944112283]]]},"properties":{"region_code":"x223y-18","label":"x223y-18","count":9}},{"type":"Feature","geometry":{"type":"Polygon","coordinates":[[[138.67256531402742,-8.971687899676542],[138.67256531402742,-8.495997944112283],[139.29441538270015,-8.495997944112283],[139.29441538270015,-8.971687899676542],[138.67256531402742,-8.971687899676542]]]},"properties":{"region_code":"x223y-19","label":"x223y-19","count":9}},{"type":"Feature","geometry":{"type":"Polygon","coordinates":[[[139.29441538270015,-1.881600697775689],[139.29441538270015,-1.411092494939997],[139.91626545137294,-1.411092494939997],[139.91626545137294,-1.881600697775689],[139.29441538270015,-1.881600697775689]]]},"properties":{"region_code":"x224y-04","label":"x224y-04","count":9}},{"type":"Feature","geometry":{"type":"Polygon","coordinates":[[[139.29441538270015,-2.3522324737816986],[139.29441538270015,-1.881600697775689],[139.91626545137294,-1.881600697775689],[139.91626545137294,-2.3522324737816986],[139.29441538270015,-2.3522324737816986]]]},"properties":{"region_code":"x224y-05","label":"x224y-05","count":9}},{"type":"Feature","geometry":{"type":"Polygon","coordinates":[[[139.29441538270015,-2.8230188566609358],[139.29441538270015,-2.3522324737816986],[139.91626545137294,-2.3522324737816986],[139.91626545137294,-2.8230188566609358],[139.29441538270015,-2.8230188566609358]]]},"properties":{"region_code":"x224y-06","label":"x224y-06","count":9}},{"type":"Feature","geometry":{"type":"Polygon","coordinates":[[[139.29441538270015,-3.293990974068208],[139.29441538270015,-2.8230188566609358],[139.91626545137294,-2.8230188566609358],[139.91626545137294,-3.293990974068208],[139.29441538270015,-3.293990974068208]]]},"properties":{"region_code":"x224y-07","label":"x224y-07","count":9}},{"type":"Feature","geometry":{"type":"Polygon","coordinates":[[[139.29441538270015,-3.765180066747392],[139.29441538270015,-3.293990974068208],[139.91626545137294,-3.293990974068208],[139.91626545137294,-3.765180066747392],[139.29441538270015,-3.765180066747392]]]},"properties":{"region_code":"x224y-08","label":"x224y-08","count":9}},{"type":"Feature","geometry":{"type":"Polygon","coordinates":[[[139.29441538270015,-4.236617507859314],[139.29441538270015,-3.765180066747392],[139.91626545137294,-3.765180066747392],[139.91626545137294,-4.236617507859314],[139.29441538270015,-4.236617507859314]]]},"properties":{"region_code":"x224y-09","label":"x224y-09","count":9}},{"type":"Feature","geometry":{"type":"Polygon","coordinates":[[[139.29441538270015,-4.708334822533896],[139.29441538270015,-4.236617507859314],[139.91626545137294,-4.236617507859314],[139.91626545137294,-4.708334822533896],[139.29441538270015,-4.708334822533896]]]},"properties":{"region_code":"x224y-10","label":"x224y-10","count":9}},{"type":"Feature","geometry":{"type":"Polygon","coordinates":[[[139.29441538270015,-5.1803637076811935],[139.29441538270015,-4.708334822533896],[139.91626545137294,-4.708334822533896],[139.91626545137294,-5.1803637076811935],[139.29441538270015,-5.1803637076811935]]]},"properties":{"region_code":"x224y-11","label":"x224y-11","count":9}},{"type":"Feature","geometry":{"type":"Polygon","coordinates":[[[139.29441538270015,-5.6527360520955305],[139.29441538270015,-5.1803637076811935],[139.91626545137294,-5.1803637076811935],[139.91626545137294,-5.6527360520955305],[139.29441538270015,-5.6527360520955305]]]},"properties":{"region_code":"x224y-12","label":"x224y-12","count":9}},{"type":"Feature","geometry":{"type":"Polygon","coordinates":[[[139.29441538270015,-6.125483956889529],[139.29441538270015,-5.6527360520955305],[139.91626545137294,-5.6527360520955305],[139.91626545137294,-6.125483956889529],[139.29441538270015,-6.125483956889529]]]},"properties":{"region_code":"x224y-13","label":"x224y-13","count":9}},{"type":"Feature","geometry":{"type":"Polygon","coordinates":[[[139.29441538270015,-6.598639756294533],[139.29441538270015,-6.125483956889529],[139.91626545137294,-6.125483956889529],[139.91626545137294,-6.598639756294533],[139.29441538270015,-6.598639756294533]]]},"properties":{"region_code":"x224y-14","label":"x224y-14","count":9}},{"type":"Feature","geometry":{"type":"Polygon","coordinates":[[[139.29441538270015,-7.072236038866301],[139.29441538270015,-6.598639756294533],[139.91626545137294,-6.598639756294533],[139.91626545137294,-7.072236038866301],[139.29441538270015,-7.072236038866301]]]},"properties":{"region_code":"x224y-15","label":"x224y-15","count":9}},{"type":"Feature","geometry":{"type":"Polygon","coordinates":[[[139.29441538270015,-7.546305669135457],[139.29441538270015,-7.072236038866301],[139.91626545137294,-7.072236038866301],[139.91626545137294,-7.546305669135457],[139.29441538270015,-7.546305669135457]]]},"properties":{"region_code":"x224y-16","label":"x224y-16","count":9}},{"type":"Feature","geometry":{"type":"Polygon","coordinates":[[[139.29441538270015,-8.020881809744264],[139.29441538270015,-7.546305669135457],[139.91626545137294,-7.546305669135457],[139.91626545137294,-8.020881809744264],[139.29441538270015,-8.020881809744264]]]},"properties":{"region_code":"x224y-17","label":"x224y-17","count":9}},{"type":"Feature","geometry":{"type":"Polygon","coordinates":[[[139.29441538270015,-8.495997944112283],[139.29441538270015,-8.020881809744264],[139.91626545137294,-8.020881809744264],[139.91626545137294,-8.495997944112283],[139.29441538270015,-8.495997944112283]]]},"properties":{"region_code":"x224y-18","label":"x224y-18","count":9}},{"type":"Feature","geometry":{"type":"Polygon","coordinates":[[[139.29441538270015,-8.971687899676542],[139.29441538270015,-8.495997944112283],[139.91626545137294,-8.495997944112283],[139.91626545137294,-8.971687899676542],[139.29441538270015,-8.971687899676542]]]},"properties":{"region_code":"x224y-19","label":"x224y-19","count":9}},{"type":"Feature","geometry":{"type":"Polygon","coordinates":[[[139.91626545137294,-2.3522324737816986],[139.91626545137294,-1.881600697775689],[140.53811552004572,-1.881600697775689],[140.53811552004572,-2.3522324737816986],[139.91626545137294,-2.3522324737816986]]]},"properties":{"region_code":"x225y-05","label":"x225y-05","count":9}},{"type":"Feature","geometry":{"type":"Polygon","coordinates":[[[139.91626545137294,-2.8230188566609358],[139.91626545137294,-2.3522324737816986],[140.53811552004572,-2.3522324737816986],[140.53811552004572,-2.8230188566609358],[139.91626545137294,-2.8230188566609358]]]},"properties":{"region_code":"x225y-06","label":"x225y-06","count":9}},{"type":"Feature","geometry":{"type":"Polygon","coordinates":[[[139.91626545137294,-3.293990974068208],[139.91626545137294,-2.8230188566609358],[140.53811552004572,-2.8230188566609358],[140.53811552004572,-3.293990974068208],[139.91626545137294,-3.293990974068208]]]},"properties":{"region_code":"x225y-07","label":"x225y-07","count":9}},{"type":"Feature","geometry":{"type":"Polygon","coordinates":[[[139.91626545137294,-3.765180066747392],[139.91626545137294,-3.293990974068208],[140.53811552004572,-3.293990974068208],[140.53811552004572,-3.765180066747392],[139.91626545137294,-3.765180066747392]]]},"properties":{"region_code":"x225y-08","label":"x225y-08","count":9}},{"type":"Feature","geometry":{"type":"Polygon","coordinates":[[[139.91626545137294,-4.236617507859314],[139.91626545137294,-3.765180066747392],[140.53811552004572,-3.765180066747392],[140.53811552004572,-4.236617507859314],[139.91626545137294,-4.236617507859314]]]},"properties":{"region_code":"x225y-09","label":"x225y-09","count":9}},{"type":"Feature","geometry":{"type":"Polygon","coordinates":[[[139.91626545137294,-4.708334822533896],[139.91626545137294,-4.236617507859314],[140.53811552004572,-4.236617507859314],[140.53811552004572,-4.708334822533896],[139.91626545137294,-4.708334822533896]]]},"properties":{"region_code":"x225y-10","label":"x225y-10","count":9}},{"type":"Feature","geometry":{"type":"Polygon","coordinates":[[[139.91626545137294,-5.1803637076811935],[139.91626545137294,-4.708334822533896],[140.53811552004572,-4.708334822533896],[140.53811552004572,-5.1803637076811935],[139.91626545137294,-5.1803637076811935]]]},"properties":{"region_code":"x225y-11","label":"x225y-11","count":9}},{"type":"Feature","geometry":{"type":"Polygon","coordinates":[[[139.91626545137294,-5.6527360520955305],[139.91626545137294,-5.1803637076811935],[140.53811552004572,-5.1803637076811935],[140.53811552004572,-5.6527360520955305],[139.91626545137294,-5.6527360520955305]]]},"properties":{"region_code":"x225y-12","label":"x225y-12","count":9}},{"type":"Feature","geometry":{"type":"Polygon","coordinates":[[[139.91626545137294,-6.125483956889529],[139.91626545137294,-5.6527360520955305],[140.53811552004572,-5.6527360520955305],[140.53811552004572,-6.125483956889529],[139.91626545137294,-6.125483956889529]]]},"properties":{"region_code":"x225y-13","label":"x225y-13","count":9}},{"type":"Feature","geometry":{"type":"Polygon","coordinates":[[[139.91626545137294,-6.598639756294533],[139.91626545137294,-6.125483956889529],[140.53811552004572,-6.125483956889529],[140.53811552004572,-6.598639756294533],[139.91626545137294,-6.598639756294533]]]},"properties":{"region_code":"x225y-14","label":"x225y-14","count":9}},{"type":"Feature","geometry":{"type":"Polygon","coordinates":[[[139.91626545137294,-7.072236038866301],[139.91626545137294,-6.598639756294533],[140.53811552004572,-6.598639756294533],[140.53811552004572,-7.072236038866301],[139.91626545137294,-7.072236038866301]]]},"properties":{"region_code":"x225y-15","label":"x225y-15","count":9}},{"type":"Feature","geometry":{"type":"Polygon","coordinates":[[[139.91626545137294,-7.546305669135457],[139.91626545137294,-7.072236038866301],[140.53811552004572,-7.072236038866301],[140.53811552004572,-7.546305669135457],[139.91626545137294,-7.546305669135457]]]},"properties":{"region_code":"x225y-16","label":"x225y-16","count":9}},{"type":"Feature","geometry":{"type":"Polygon","coordinates":[[[139.91626545137294,-8.020881809744264],[139.91626545137294,-7.546305669135457],[140.53811552004572,-7.546305669135457],[140.53811552004572,-8.020881809744264],[139.91626545137294,-8.020881809744264]]]},"properties":{"region_code":"x225y-17","label":"x225y-17","count":9}},{"type":"Feature","geometry":{"type":"Polygon","coordinates":[[[139.91626545137294,-8.495997944112283],[139.91626545137294,-8.020881809744264],[140.53811552004572,-8.020881809744264],[140.53811552004572,-8.495997944112283],[139.91626545137294,-8.495997944112283]]]},"properties":{"region_code":"x225y-18","label":"x225y-18","count":9}},{"type":"Feature","geometry":{"type":"Polygon","coordinates":[[[139.91626545137294,-8.971687899676542],[139.91626545137294,-8.495997944112283],[140.53811552004572,-8.495997944112283],[140.53811552004572,-8.971687899676542],[139.91626545137294,-8.971687899676542]]]},"properties":{"region_code":"x225y-19","label":"x225y-19","count":9}},{"type":"Feature","geometry":{"type":"Polygon","coordinates":[[[139.91626545137294,-9.44798587175262],[139.91626545137294,-8.971687899676542],[140.53811552004572,-8.971687899676542],[140.53811552004572,-9.44798587175262],[139.91626545137294,-9.44798587175262]]]},"properties":{"region_code":"x225y-20","label":"x225y-20","count":9}},{"type":"Feature","geometry":{"type":"Polygon","coordinates":[[[140.53811552004572,-2.3522324737816986],[140.53811552004572,-1.881600697775689],[141.15996558871848,-1.881600697775689],[141.15996558871848,-2.3522324737816986],[140.53811552004572,-2.3522324737816986]]]},"properties":{"region_code":"x226y-05","label":"x226y-05","count":9}},{"type":"Feature","geometry":{"type":"Polygon","coordinates":[[[140.53811552004572,-2.8230188566609358],[140.53811552004572,-2.3522324737816986],[141.15996558871848,-2.3522324737816986],[141.15996558871848,-2.8230188566609358],[140.53811552004572,-2.8230188566609358]]]},"properties":{"region_code":"x226y-06","label":"x226y-06","count":9}},{"type":"Feature","geometry":{"type":"Polygon","coordinates":[[[140.53811552004572,-3.293990974068208],[140.53811552004572,-2.8230188566609358],[141.15996558871848,-2.8230188566609358],[141.15996558871848,-3.293990974068208],[140.53811552004572,-3.293990974068208]]]},"properties":{"region_code":"x226y-07","label":"x226y-07","count":9}},{"type":"Feature","geometry":{"type":"Polygon","coordinates":[[[140.53811552004572,-3.765180066747392],[140.53811552004572,-3.293990974068208],[141.15996558871848,-3.293990974068208],[141.15996558871848,-3.765180066747392],[140.53811552004572,-3.765180066747392]]]},"properties":{"region_code":"x226y-08","label":"x226y-08","count":9}},{"type":"Feature","geometry":{"type":"Polygon","coordinates":[[[140.53811552004572,-4.236617507859314],[140.53811552004572,-3.765180066747392],[141.15996558871848,-3.765180066747392],[141.15996558871848,-4.236617507859314],[140.53811552004572,-4.236617507859314]]]},"properties":{"region_code":"x226y-09","label":"x226y-09","count":9}},{"type":"Feature","geometry":{"type":"Polygon","coordinates":[[[140.53811552004572,-4.708334822533896],[140.53811552004572,-4.236617507859314],[141.15996558871848,-4.236617507859314],[141.15996558871848,-4.708334822533896],[140.53811552004572,-4.708334822533896]]]},"properties":{"region_code":"x226y-10","label":"x226y-10","count":9}},{"type":"Feature","geometry":{"type":"Polygon","coordinates":[[[140.53811552004572,-5.1803637076811935],[140.53811552004572,-4.708334822533896],[141.15996558871848,-4.708334822533896],[141.15996558871848,-5.1803637076811935],[140.53811552004572,-5.1803637076811935]]]},"properties":{"region_code":"x226y-11","label":"x226y-11","count":9}},{"type":"Feature","geometry":{"type":"Polygon","coordinates":[[[140.53811552004572,-5.6527360520955305],[140.53811552004572,-5.1803637076811935],[141.15996558871848,-5.1803637076811935],[141.15996558871848,-5.6527360520955305],[140.53811552004572,-5.6527360520955305]]]},"properties":{"region_code":"x226y-12","label":"x226y-12","count":9}},{"type":"Feature","geometry":{"type":"Polygon","coordinates":[[[140.53811552004572,-6.125483956889529],[140.53811552004572,-5.6527360520955305],[141.15996558871848,-5.6527360520955305],[141.15996558871848,-6.125483956889529],[140.53811552004572,-6.125483956889529]]]},"properties":{"region_code":"x226y-13","label":"x226y-13","count":9}},{"type":"Feature","geometry":{"type":"Polygon","coordinates":[[[140.53811552004572,-6.598639756294533],[140.53811552004572,-6.125483956889529],[141.15996558871848,-6.125483956889529],[141.15996558871848,-6.598639756294533],[140.53811552004572,-6.598639756294533]]]},"properties":{"region_code":"x226y-14","label":"x226y-14","count":9}},{"type":"Feature","geometry":{"type":"Polygon","coordinates":[[[140.53811552004572,-7.072236038866301],[140.53811552004572,-6.598639756294533],[141.15996558871848,-6.598639756294533],[141.15996558871848,-7.072236038866301],[140.53811552004572,-7.072236038866301]]]},"properties":{"region_code":"x226y-15","label":"x226y-15","count":9}},{"type":"Feature","geometry":{"type":"Polygon","coordinates":[[[140.53811552004572,-7.546305669135457],[140.53811552004572,-7.072236038866301],[141.15996558871848,-7.072236038866301],[141.15996558871848,-7.546305669135457],[140.53811552004572,-7.546305669135457]]]},"properties":{"region_code":"x226y-16","label":"x226y-16","count":9}},{"type":"Feature","geometry":{"type":"Polygon","coordinates":[[[140.53811552004572,-8.020881809744264],[140.53811552004572,-7.546305669135457],[141.15996558871848,-7.546305669135457],[141.15996558871848,-8.020881809744264],[140.53811552004572,-8.020881809744264]]]},"properties":{"region_code":"x226y-17","label":"x226y-17","count":9}},{"type":"Feature","geometry":{"type":"Polygon","coordinates":[[[140.53811552004572,-8.495997944112283],[140.53811552004572,-8.020881809744264],[141.15996558871848,-8.020881809744264],[141.15996558871848,-8.495997944112283],[140.53811552004572,-8.495997944112283]]]},"properties":{"region_code":"x226y-18","label":"x226y-18","count":9}},{"type":"Feature","geometry":{"type":"Polygon","coordinates":[[[140.53811552004572,-8.971687899676542],[140.53811552004572,-8.495997944112283],[141.15996558871848,-8.495997944112283],[141.15996558871848,-8.971687899676542],[140.53811552004572,-8.971687899676542]]]},"properties":{"region_code":"x226y-19","label":"x226y-19","count":9}},{"type":"Feature","geometry":{"type":"Polygon","coordinates":[[[140.53811552004572,-9.44798587175262],[140.53811552004572,-8.971687899676542],[141.15996558871848,-8.971687899676542],[141.15996558871848,-9.44798587175262],[140.53811552004572,-9.44798587175262]]]},"properties":{"region_code":"x226y-20","label":"x226y-20","count":9}}]}